hh,campaign_id,status,budget,spent,impressions,clicks,views,checkout,purchase,rev
00,120245201694370686,ACTIVE,100,15.51,245,4,10,2,1,51.22
00,120247136451350725,ACTIVE,2000,10.86,377,7,8,1,1,86.55
00,120248499654060043,ACTIVE,450,10.7,142,11,12,2,2,69.80000000000001
00,120258095185070586,PAUSED,100,10.02,132,5,5,0,0,0
00,120248563890830642,ACTIVE,400,9.21,83,2,2,0,0,0
00,120245087420500146,ACTIVE,1000,9.01,209,2,5,0,0,0
00,120244164741820146,ACTIVE,391,8.3,79,1,3,0,0,0
00,120248800044910751,ACTIVE,135,8.21,209,3,5,2,1,24.98
00,120246828454030629,ACTIVE,683,7.2,116,5,6,1,1,135.8
00,120252248120960722,ACTIVE,40,6.96,57,0,4,0,0,0
00,120246985309150320,ACTIVE,440,6.87,103,3,2,1,1,34.07
00,120246058017990436,ACTIVE,388,6.56,142,4,5,0,0,0
00,120247389999270241,ACTIVE,460,5.91,251,4,3,0,0,0
00,120249287169520455,ACTIVE,516,5.42,141,4,5,1,0,0
00,120248170097870629,ACTIVE,100,5.39,34,0,0,0,0,0
00,120249177863580455,ACTIVE,658,5.25,161,2,6,2,2,95.36
00,120248166981820509,ACTIVE,709,4.98,204,5,5,1,1,34.980000000000004
00,120247957196080629,ACTIVE,100,4.69,42,2,3,2,1,89.36999999999999
00,120245282912580630,ACTIVE,750,4.58,95,2,3,0,0,0
00,120249474040130389,ACTIVE,100,4.35,129,5,5,0,0,0
00,120249537081420065,ACTIVE,200,4.22,97,2,3,0,0,0
00,120247380152830677,ACTIVE,432,4.16,120,2,2,0,0,0
00,120247046282150533,ACTIVE,101,3.97,163,1,4,0,1,24.979999999999997
00,120239930892250650,ACTIVE,200,3.89,27,1,3,1,0,0
00,120244643680750544,ACTIVE,400,3.85,120,1,1,0,0,0
00,120250270342280100,ACTIVE,158,3.7,33,1,3,2,1,66.15
00,120247380153090677,ACTIVE,386,3.64,147,4,7,1,0,0
00,120248722531060455,ACTIVE,394,3.61,102,3,3,0,0,0
00,120248207800710629,ACTIVE,100,3.51,69,1,1,0,0,0
00,120249247871220425,ACTIVE,90,3.51,34,0,0,0,0,0
00,120244823852300686,ACTIVE,883,3.49,66,1,1,0,0,0
00,120253854767370211,ACTIVE,200,3.46,34,0,0,0,0,0
00,120246676754100650,ACTIVE,100,3.42,8,1,0,1,1,61.56999999999999
00,120243986668280589,ACTIVE,800,3.36,91,4,4,0,0,0
00,120248444259380455,ACTIVE,300,3.25,103,2,2,0,0,0
00,120245172037500146,ACTIVE,210,3.2,67,0,0,0,0,0
00,120245262034660146,ACTIVE,500,3.19,121,2,4,0,0,0
00,120248184540550090,ACTIVE,325,3.09,65,1,1,0,0,0
00,120246638474110175,ACTIVE,725,3.04,46,0,2,1,1,41.93
00,120250354465080603,ACTIVE,150,3.01,46,0,0,0,0,0
00,120250014496850229,ACTIVE,600,2.94,48,1,2,1,0,0
00,120248574839550695,ACTIVE,243,2.91,128,2,3,0,0,0
00,120252064052550709,ACTIVE,500,2.89,62,1,2,0,0,0
00,120251425264570709,ACTIVE,80,2.88,35,0,1,0,0,0
00,120245837898990436,ACTIVE,100,2.88,57,1,1,0,0,0
00,120248484683390090,ACTIVE,1000,2.87,46,1,1,0,0,0
00,120249172433610425,ACTIVE,475,2.77,43,3,3,0,0,0
00,120249232068930561,ACTIVE,100,2.73,93,4,3,0,0,0
00,120244034916020436,ACTIVE,301,2.69,102,4,3,0,0,0
00,120244963455410686,ACTIVE,80,2.69,19,1,1,0,0,0
00,120250449834830589,ACTIVE,158,2.66,32,0,2,0,0,0
00,120248207800680629,ACTIVE,100,2.63,66,0,0,0,0,0
00,120247066173290752,ACTIVE,300,2.6,96,2,5,1,1,26.979999999999997
00,120246957592250177,ACTIVE,100,2.58,38,1,1,1,1,89.94000000000001
00,120248502959590043,ACTIVE,200,2.51,40,2,3,0,0,0
00,120250790045220586,ACTIVE,100,2.46,72,0,1,1,1,50.31
00,120247335070640389,ACTIVE,100,2.45,59,2,4,0,0,0
00,120245179332800129,ACTIVE,200,2.42,68,1,1,0,0,0
00,120246961147480177,ACTIVE,100,2.4,33,1,1,0,0,0
00,120249020782530389,ACTIVE,300,2.4,63,2,3,1,0,0
00,120245882219820678,ACTIVE,354,2.38,45,3,4,1,0,0
00,120249474201110389,ACTIVE,100,2.36,51,2,3,0,0,0
00,120248287670430214,ACTIVE,220,2.31,42,1,1,0,0,0
00,120245972443720177,ACTIVE,226,2.28,41,1,1,0,0,0
00,120249222252410065,ACTIVE,383,2.27,51,1,1,0,0,0
00,120248320516160509,ACTIVE,301,2.24,30,0,1,1,0,0
00,120248388520260291,ACTIVE,300,2.22,50,3,2,0,0,0
00,120245837627100436,ACTIVE,100,2.21,97,0,2,0,0,0
00,120250285289280319,ACTIVE,320,2.2,81,3,3,0,0,0
00,120248568552360090,ACTIVE,80,2.15,31,1,3,0,0,0
00,120250156416670100,ACTIVE,300,2.15,61,2,2,0,0,0
00,120248893532100100,ACTIVE,300,2.14,17,1,1,0,0,0
00,120248977397730642,ACTIVE,309,2.13,52,0,2,0,0,0
00,120248539964750462,ACTIVE,60,2.1,30,1,0,0,0,0
00,120250480128780392,ACTIVE,100,2.08,41,1,2,0,0,0
00,120242694742870146,ACTIVE,210,2.08,69,1,1,0,0,0
00,120243276755660065,ACTIVE,500,2.02,49,0,0,0,0,0
00,120248012782330065,ACTIVE,214,1.96,74,0,1,0,0,0
00,120248889381040455,ACTIVE,395,1.95,71,0,0,0,0,0
00,120244302719050146,ACTIVE,100,1.95,27,0,0,0,0,0
00,120246928447770752,ACTIVE,100,1.94,50,1,4,0,0,0
00,120249304487320561,ACTIVE,284,1.92,147,3,3,1,0,0
00,120247303210460752,ACTIVE,300,1.91,48,0,1,0,0,0
00,120247547590960642,ACTIVE,229,1.89,43,0,0,0,0,0
00,120248078229420043,ACTIVE,400,1.86,17,3,3,0,0,0
00,120247325002770564,ACTIVE,400,1.85,80,2,3,0,0,0
00,120245031811820436,ACTIVE,126,1.84,83,1,1,0,0,0
00,120249712410690389,ACTIVE,75,1.81,4,0,0,0,0,0
00,120249286765290368,ACTIVE,80,1.8,51,0,0,0,0,0
00,120245334049460065,ACTIVE,680,1.78,23,1,1,0,0,0
00,120250112679260229,ACTIVE,60,1.77,4,0,0,0,0,0
00,120246843188440752,ACTIVE,100,1.74,41,1,1,0,0,0
00,120258937221380586,ACTIVE,200,1.71,61,2,1,0,0,0
00,120247085686400320,ACTIVE,131,1.71,54,2,2,0,0,0
00,120252182229950450,ACTIVE,300,1.7,35,1,1,0,0,0
00,120246511498780682,ACTIVE,200,1.69,20,1,1,0,1,161.68
00,120247139480370564,ACTIVE,500,1.69,111,1,2,0,0,0
00,120250337858370100,ACTIVE,300,1.69,40,2,1,1,1,52.56
00,120250386214960100,ACTIVE,138,1.67,56,0,0,0,0,0
00,120244809629940146,ACTIVE,167,1.67,55,1,2,0,0,0
00,120250509772640725,ACTIVE,1000,1.65,119,0,0,0,0,0
00,120248308559800509,ACTIVE,200,1.65,41,1,5,1,0,0
00,120250466943310577,ACTIVE,102,1.64,40,0,0,0,0,0
00,120252083857520368,ACTIVE,60,1.63,32,1,1,0,0,0
00,120249120674110404,ACTIVE,300,1.63,27,0,0,0,0,0
00,120249220581040455,ACTIVE,260,1.58,25,0,0,0,0,0
00,120244431777030751,ACTIVE,800,1.57,57,2,2,0,0,0
00,120245334049540065,ACTIVE,510,1.53,26,0,0,0,0,0
00,120250942814310577,IN_PROCESS,100,1.51,34,0,0,0,0,0
00,120250270945240663,ACTIVE,80,1.48,21,0,0,0,0,0
00,120247614409790674,ACTIVE,150,1.45,31,1,1,0,0,0
00,120246178929760752,ACTIVE,300,1.45,33,0,0,0,0,0
00,120244079033450320,ACTIVE,600,1.45,49,1,3,0,0,0
00,120245320116510129,ACTIVE,150,1.43,34,1,1,0,0,0
00,120248424748630214,ACTIVE,130,1.43,15,0,0,0,0,0
00,120249135138850389,ACTIVE,100,1.4,47,1,1,0,0,0
00,120249671720930152,ACTIVE,80,1.36,30,1,2,1,1,86.55
00,120246791587200455,ACTIVE,100,1.35,23,0,0,0,0,0
00,120248732700550455,ACTIVE,359,1.35,67,1,1,0,0,0
00,120250216921880100,ACTIVE,300,1.34,35,2,3,1,0,0
00,120245306349070462,ACTIVE,100,1.32,28,1,1,0,0,0
00,120252158322580651,ACTIVE,80,1.31,10,0,0,0,0,0
00,120250329792700100,ACTIVE,155,1.31,57,0,0,0,0,0
00,120249589704510152,ACTIVE,270,1.31,45,0,1,0,0,0
00,120246294871370686,ACTIVE,80,1.31,9,1,0,0,0,0
00,120249810423640431,ACTIVE,370,1.28,63,0,0,0,0,0
00,120247189109490707,ACTIVE,200,1.25,26,1,2,0,0,0
00,120249573023870116,ACTIVE,101,1.24,17,0,1,0,0,0
00,120244733135910705,ACTIVE,100,1.24,20,0,0,0,0,0
00,120246755850270533,ACTIVE,101,1.23,97,2,2,1,0,0
00,120244824816070686,ACTIVE,80,1.22,20,1,2,0,0,0
00,120246100871360533,ACTIVE,131,1.2,53,0,0,0,0,0
00,120245899907660065,ACTIVE,115,1.19,13,0,0,0,0,0
00,120248452492430509,ACTIVE,300,1.19,53,0,0,0,0,0
00,120245514271740065,ACTIVE,195,1.18,23,0,0,0,0,0
00,120249580311700695,ACTIVE,184,1.18,42,0,1,0,0,0
00,120248734905220544,ACTIVE,80,1.15,7,0,0,0,0,0
00,120244270293390320,ACTIVE,120,1.15,21,0,0,0,0,0
00,120251068782080237,ACTIVE,100,1.14,12,1,1,0,0,0
00,120240258763950179,ACTIVE,200,1.14,53,2,2,0,0,0
00,120251256015310577,ACTIVE,165,1.13,34,0,0,0,0,0
00,120245557729330686,ACTIVE,131,1.13,19,2,2,0,0,0
00,120250585672760725,ACTIVE,100,1.13,15,1,2,0,0,0
00,120247431629500707,ACTIVE,271,1.13,10,2,2,0,0,0
00,120244430700860708,ACTIVE,552,1.12,26,0,1,0,0,0
00,120250299563240725,ACTIVE,100,1.1,23,0,0,0,0,0
00,120235701428400210,ACTIVE,200,1.1,37,1,1,0,0,0
00,120249671851220152,ACTIVE,80,1.09,41,0,0,0,0,0
00,120247041421470241,ACTIVE,200,1.09,41,0,0,0,0,0
00,120248064986340303,ACTIVE,80,1.07,31,2,2,0,0,0
00,120251701953330054,ACTIVE,100,1.05,15,1,1,0,0,0
00,120246808388750320,ACTIVE,270,1.05,28,2,0,0,0,0
00,120246299672700751,ACTIVE,510,1.05,33,0,1,1,0,0
00,120245891909090125,ACTIVE,200,1.03,31,0,0,0,0,0
00,120244686931590705,ACTIVE,100,1.03,14,0,1,0,0,0
00,120242031621370065,ACTIVE,229,1.03,36,1,1,0,0,0
00,120249237052730564,ACTIVE,80,1.01,7,1,1,0,0,0
00,120250403419350725,ACTIVE,100,1.01,19,0,1,0,0,0
00,120244963676310686,ACTIVE,500,1,28,1,1,0,0,0
00,120244242496990780,ACTIVE,100,1,11,0,0,0,0,0
00,120248166981870509,ACTIVE,243,1,49,0,1,0,0,0
00,120258922417790586,ACTIVE,100,0.99,32,0,0,0,0,0
00,120248569427530090,ACTIVE,80,0.99,23,0,0,0,0,0
00,120251983007570368,ACTIVE,80,0.98,32,0,0,0,0,0
00,120246040085600751,ACTIVE,300,0.98,27,1,2,1,1,41.97
00,120246660415710177,ACTIVE,100,0.97,5,0,0,0,0,0
00,120249100983530561,ACTIVE,250,0.95,23,0,0,0,0,0
00,120251068782150237,ACTIVE,100,0.95,17,0,0,0,0,0
00,120250307526160100,ACTIVE,300,0.93,25,0,0,0,0,0
00,120248495931290509,ACTIVE,100,0.92,53,0,1,0,0,0
00,120241066464020065,ACTIVE,470,0.92,28,1,1,1,1,29.98
00,120251789041250404,ACTIVE,100,0.88,19,0,0,0,0,0
00,120249671961090152,ACTIVE,80,0.87,34,0,0,0,0,0
00,120249263984640425,ACTIVE,170,0.86,36,0,0,0,0,0
00,120251351288690577,ACTIVE,264,0.85,41,1,2,0,0,0
00,120249300729750589,ACTIVE,100,0.85,32,1,1,0,0,0
00,120248082904030663,ACTIVE,150,0.84,14,1,1,0,0,0
00,120247405391800674,ACTIVE,200,0.84,16,0,0,0,0,0
00,120247854894140559,ACTIVE,200,0.82,17,0,0,0,0,0
00,120250296395520100,ACTIVE,300,0.82,29,0,1,0,0,0
00,120248598576010303,ACTIVE,150,0.82,35,1,1,0,0,0
00,120250789469770586,ACTIVE,100,0.81,30,0,2,0,0,0
00,120242301213710065,ACTIVE,550,0.81,39,0,0,0,0,0
00,120249135138590389,ACTIVE,112,0.81,44,0,0,0,0,0
00,120259048667380586,ACTIVE,30,0.81,14,0,0,0,0,0
00,120248492410110561,ACTIVE,280,0.77,36,0,0,0,0,0
00,120246513499500780,ACTIVE,80,0.77,8,0,0,0,0,0
00,120249748358150589,ACTIVE,147,0.76,33,2,1,0,0,0
00,120244761352230455,ACTIVE,528,0.76,28,0,0,0,0,0
00,120243593315080146,ACTIVE,248,0.75,17,0,1,0,0,0
00,120252401981500709,ACTIVE,80,0.74,13,1,1,0,0,0
00,120249107649200126,ACTIVE,100,0.72,11,0,0,0,0,0
00,120250356640970100,ACTIVE,50,0.71,4,0,1,0,0,0
00,120250623729250057,ACTIVE,300,0.71,12,0,2,0,0,0
00,120249325405270389,ACTIVE,100,0.7,20,0,2,0,0,0
00,120245987269690436,ACTIVE,124,0.7,36,0,2,0,0,0
00,120246440355140780,ACTIVE,80,0.68,12,0,0,0,0,0
00,120249107449180469,ACTIVE,150,0.68,16,0,2,0,0,0
00,120249008737320561,ACTIVE,70,0.68,14,0,0,0,0,0
00,120246180858540686,ACTIVE,101,0.67,13,0,0,0,0,0
00,120248569897330090,ACTIVE,80,0.66,6,0,0,0,0,0
00,120245331619190129,ACTIVE,100,0.65,14,1,2,0,0,0
00,120247296233760320,ACTIVE,155,0.65,28,1,2,2,1,34.07
00,120244689534040708,ACTIVE,155,0.65,5,0,1,0,0,0
00,120249076026100642,ACTIVE,120,0.63,30,0,0,0,0,0
00,120250270945270663,ACTIVE,150,0.61,21,0,0,0,0,0
00,120248893450550642,ACTIVE,200,0.61,27,0,0,0,0,0
00,120248306696030509,ACTIVE,176,0.61,29,0,0,0,0,0
00,23858073029630799,ACTIVE,350,0.6,13,0,0,0,0,0
00,120244418309490436,ACTIVE,100,0.6,40,0,0,0,0,0
00,120247866597170389,ACTIVE,300,0.57,24,2,2,1,0,0
00,120245266826770146,ACTIVE,100,0.57,21,0,0,0,0,0
00,120244618043630436,ACTIVE,100,0.57,32,0,0,0,0,0
00,120246983939560320,ACTIVE,100,0.57,19,0,1,0,0,0
00,120245906725230436,ACTIVE,100,0.56,27,1,2,0,0,0
00,120247210155820474,ACTIVE,80,0.56,29,0,0,0,0,0
00,120251109241560577,ACTIVE,100,0.55,22,1,1,0,0,0
00,120244761869100436,ACTIVE,100,0.55,35,0,1,0,0,0
00,120246291786180686,ACTIVE,276,0.54,12,0,1,1,1,29.979999999999997
00,120245264320780129,ACTIVE,100,0.53,11,0,0,0,0,0
00,120246107904230686,ACTIVE,80,0.53,7,0,0,0,0,0
00,120235701428420210,ACTIVE,200,0.53,19,1,1,0,0,0
00,120244813077130146,ACTIVE,500,0.53,24,0,0,0,0,0
00,120250480129310392,ACTIVE,100,0.52,6,0,0,0,0,0
00,120251929583050651,ACTIVE,80,0.52,25,0,0,0,0,0
00,120246471244730065,ACTIVE,229,0.51,12,0,0,0,0,0
00,120248464770270509,ACTIVE,100,0.51,15,0,0,0,0,0
00,120247253400970320,ACTIVE,100,0.51,44,1,2,0,0,0
00,120251280446770722,ACTIVE,80,0.51,12,0,0,0,0,0
00,120253218017710054,ACTIVE,100,0.5,16,0,0,0,0,0
00,120250296535810100,ACTIVE,300,0.5,19,0,0,0,0,0
00,120246479174050133,ACTIVE,100,0.49,10,2,2,0,0,0
00,120246479062780133,ACTIVE,100,0.48,14,0,0,0,0,0
00,120248128901930175,ACTIVE,114,0.47,77,1,1,0,0,0
00,120245942236800686,ACTIVE,150,0.47,7,0,0,0,0,0
00,120250092640150663,ACTIVE,120,0.47,11,0,1,0,0,0
00,120245044044870686,ACTIVE,150,0.46,10,0,0,0,0,0
00,120248613615540642,ACTIVE,210,0.46,23,1,0,0,0,0
00,120248427377090214,ACTIVE,130,0.46,17,0,0,0,0,0
00,120245329017710146,ACTIVE,100,0.44,14,0,0,0,0,0
00,6973002165426,ACTIVE,50,0.44,9,0,0,0,0,0
00,120245923045620168,ACTIVE,100,0.43,13,0,0,0,0,0
00,120248151909020006,ACTIVE,80,0.43,9,0,0,0,0,0
00,120248416746740708,ACTIVE,425,0.42,18,0,0,0,0,0
00,120245689540550436,ACTIVE,115,0.42,18,0,0,0,0,0
00,120250629224620319,ACTIVE,100,0.41,15,0,0,0,0,0
00,120246808176070320,ACTIVE,120,0.41,17,0,0,0,0,0
00,120250586322820725,ACTIVE,100,0.4,14,1,1,0,0,0
00,120249020749590065,ACTIVE,50,0.4,7,0,0,0,0,0
00,120248517847670090,ACTIVE,666,0.4,11,0,0,0,0,0
00,120244486723120436,ACTIVE,100,0.4,25,0,0,0,0,0
00,120252191525360210,ACTIVE,100,0.4,15,0,0,0,0,0
00,120246956253430177,ACTIVE,100,0.39,8,0,1,0,0,0
00,120247105534220320,ACTIVE,100,0.39,23,0,1,0,0,0
00,120242883956790544,ACTIVE,150,0.39,27,0,1,0,0,0
00,120244777802480705,ACTIVE,100,0.38,6,0,1,0,0,0
00,120251788791190404,ACTIVE,150,0.38,8,0,0,0,0,0
00,120249819292400663,ACTIVE,100,0.37,6,0,0,0,0,0
00,120247983277080167,ACTIVE,80,0.37,9,0,0,0,0,0
00,120248330641110509,ACTIVE,100,0.36,11,0,1,0,0,0
00,120248496485910509,ACTIVE,100,0.36,24,0,0,0,0,0
00,120247497524000320,ACTIVE,107,0.34,2,0,0,0,0,0
00,120245694161990686,ACTIVE,100,0.34,12,0,0,0,0,0
00,120245327669090320,ACTIVE,120,0.34,17,0,0,0,0,0
00,120246294828630686,ACTIVE,80,0.33,6,0,0,0,0,0
00,120249229589770695,ACTIVE,350,0.33,20,0,0,0,0,0
00,120244794017770320,ACTIVE,120,0.33,28,0,2,0,0,0
00,120246299672740751,ACTIVE,300,0.32,14,0,0,0,0,0
00,120246024108390751,ACTIVE,300,0.32,10,0,0,0,0,0
00,120250079096940127,ACTIVE,100,0.32,7,0,0,0,0,0
00,120249276093860168,ACTIVE,99,0.32,6,0,0,0,0,0
00,120245387614550129,ACTIVE,80,0.31,8,0,0,0,0,0
00,120245380137820707,ACTIVE,200,0.31,18,0,0,0,0,0
00,120245279091880436,ACTIVE,100,0.31,17,1,1,0,0,0
00,120248177990120477,ACTIVE,100,0.31,7,0,1,0,0,0
00,120250011342400589,ACTIVE,500,0.31,19,1,1,0,0,0
00,120249325405290389,ACTIVE,100,0.3,13,0,1,0,0,0
00,120246931507190320,ACTIVE,120,0.3,16,0,0,0,0,0
00,120245346459390436,ACTIVE,100,0.3,11,1,1,0,0,0
00,120246971854000474,ACTIVE,100,0.3,11,0,0,0,0,0
00,120247514292960590,PAUSED,80,0.3,27,0,0,0,0,0
00,120252534408040404,ACTIVE,160,0.29,8,0,0,0,0,0
00,120235336090360210,ACTIVE,200,0.29,15,0,0,0,0,0
00,120245516609390788,ACTIVE,100,0.29,16,0,1,0,0,0
00,120248885568260126,ACTIVE,80,0.29,14,0,0,0,0,0
00,120252069258690722,PAUSED,80,0.28,8,0,0,0,0,0
00,120248151966110006,ACTIVE,80,0.28,6,0,0,0,0,0
00,120248227096110465,ACTIVE,11,0.27,9,0,0,0,0,0
00,120250519148850127,ACTIVE,100,0.27,11,0,1,0,0,0
00,120250186073630319,ACTIVE,100,0.26,11,0,0,0,0,0
00,120247554861630032,ACTIVE,80,0.25,4,0,0,0,0,0
00,120246023777450751,ACTIVE,300,0.25,7,0,0,0,0,0
00,120246440557020780,ACTIVE,80,0.24,7,0,0,0,0,0
00,120246299721450751,ACTIVE,195,0.24,5,0,0,0,0,0
00,120249610130740065,ACTIVE,382,0.23,9,0,0,0,0,0
00,120248424742670214,ACTIVE,130,0.23,10,0,0,0,0,0
00,120250112691700229,ACTIVE,60,0.23,11,0,0,0,0,0
00,120251214911160279,ACTIVE,80,0.23,4,0,0,0,0,0
00,120249020749560065,ACTIVE,50,0.22,7,0,0,0,0,0
00,120245266852790146,ACTIVE,100,0.22,8,0,0,0,0,0
00,120247983232350167,ACTIVE,80,0.22,9,0,0,0,0,0
00,120242746886630788,ACTIVE,20,0.22,1,0,0,0,0,0
00,120246947981930126,ACTIVE,80,0.21,7,0,3,0,0,0
00,6998743229226,ACTIVE,50,0.21,9,0,0,0,0,0
00,120246733902040065,ACTIVE,80,0.21,9,0,0,0,0,0
00,120248249348420629,ACTIVE,128,0.2,2,0,0,0,0,0
00,120246466273450630,ACTIVE,70,0.2,13,1,2,0,0,0
00,120248563890890642,ACTIVE,200,0.19,5,0,0,0,0,0
00,120249447976460374,ACTIVE,80,0.19,10,0,1,0,0,0
00,120244924434950146,ACTIVE,100,0.19,12,0,0,0,0,0
00,120246733876960065,ACTIVE,80,0.19,5,0,0,0,0,0
00,120246770835970175,ACTIVE,155,0.19,5,0,0,0,0,0
00,120248574839520695,ACTIVE,350,0.19,11,0,0,0,0,0
00,120248442764270509,ACTIVE,100,0.18,8,1,1,0,0,0
00,120246733877000065,ACTIVE,80,0.17,7,0,0,0,0,0
00,120250356712410100,ACTIVE,50,0.16,19,0,0,0,0,0
00,120246309078080032,ACTIVE,100,0.16,7,0,0,0,0,0
00,120245514271720065,ACTIVE,115,0.16,6,0,1,0,0,0
00,120248249192300509,ACTIVE,150,0.16,13,0,1,0,0,0
00,120251354404600722,ACTIVE,80,0.15,6,0,0,0,0,0
00,120253122295100210,ACTIVE,80,0.14,15,1,1,0,0,0
00,120248416747190708,ACTIVE,322,0.14,5,0,0,0,0,0
00,120247519982390097,ACTIVE,108,0.14,5,0,1,0,0,0
00,120249470287060544,ACTIVE,80,0.13,3,0,0,0,0,0
00,120246471244780065,ACTIVE,229,0.12,8,0,0,0,0,0
00,120249712410600389,ACTIVE,75,0.12,2,0,0,0,0,0
00,120247223966660470,ACTIVE,50,0.12,6,0,0,0,0,0
00,120242301213170065,ACTIVE,300,0.12,2,0,0,0,0,0
00,120247426861210031,ACTIVE,80,0.12,9,0,0,0,0,0
00,120245387614600129,ACTIVE,80,0.12,11,0,0,0,0,0
00,120248764599250589,ACTIVE,100,0.11,8,0,0,0,0,0
00,120248922585490210,ACTIVE,200,0.11,13,0,0,0,0,0
00,120250356570030100,ACTIVE,50,0.11,4,1,2,0,0,0
00,120251979136820210,ACTIVE,100,0.1,2,0,0,0,0,0
00,120246901356650172,ACTIVE,50,0.1,5,0,0,0,0,0
00,120248332283150708,ACTIVE,133,0.09,5,0,0,0,0,0
00,120246525961650682,ACTIVE,100,0.09,2,0,0,0,0,0
00,120250877852440057,ACTIVE,100,0.08,2,0,0,0,0,0
00,120246180858520686,ACTIVE,100,0.08,1,0,0,0,0,0
00,120243892590430490,ACTIVE,30,0.08,2,0,0,0,0,0
00,120248493682120090,ACTIVE,130,0.08,3,0,0,0,0,0
00,120250300134920725,ACTIVE,100,0.08,8,0,0,0,0,0
00,120250014495990229,ACTIVE,300,0.08,4,0,1,0,0,0
00,120244813179240146,ACTIVE,100,0.08,5,0,0,0,0,0
00,120250210018830100,ACTIVE,300,0.07,13,0,0,0,0,0
00,120248170232840041,ACTIVE,80,0.07,6,0,0,0,0,0
00,120248569427510090,ACTIVE,80,0.07,1,0,0,0,0,0
00,120245889270610065,ACTIVE,40,0.07,8,0,0,0,0,0
00,120245260142700146,ACTIVE,100,0.07,4,0,0,0,0,0
00,120244761091850146,ACTIVE,100,0.07,6,0,0,0,0,0
00,120248304056960090,ACTIVE,177,0.06,3,0,0,0,0,0
00,120248304803400065,ACTIVE,50,0.06,1,0,0,0,0,0
00,120247228325210474,ACTIVE,80,0.06,5,0,0,0,0,0
00,120245889270720065,ACTIVE,40,0.06,5,0,0,0,0,0
00,120249861202960589,ACTIVE,200,0.06,12,0,0,0,0,0
00,120246299672680751,ACTIVE,115,0.06,3,1,1,0,0,0
00,120245481989400065,ACTIVE,40,0.05,5,0,0,0,0,0
00,120248924408910544,ACTIVE,140,0.05,4,0,0,0,0,0
00,120248304803930065,ACTIVE,50,0.04,3,0,0,0,0,0
00,120249238610320065,ACTIVE,80,0.04,1,0,0,0,0,0
00,120245905953240436,ACTIVE,100,0.04,4,0,0,0,0,0
00,120246733901990065,ACTIVE,80,0.04,2,0,0,0,0,0
00,120248471685070084,ACTIVE,50,0.03,1,0,2,0,0,0
00,120252460811580404,ACTIVE,100,0.03,2,0,0,0,0,0
00,120246921246130533,ACTIVE,100,0.03,2,0,2,0,0,0
00,120248320638830175,ACTIVE,87,0.03,2,0,0,0,0,0
00,120246098209220686,ACTIVE,100,0.03,2,0,0,0,0,0
00,120245481989440065,ACTIVE,40,0.02,3,0,0,0,0,0
00,120247319362190032,ACTIVE,100,0.02,10,0,1,0,0,0
00,120247924205270214,ACTIVE,65,0.02,3,0,0,0,0,0
00,120251788886810404,ACTIVE,100,0.02,2,0,0,0,0,0
00,120250586076530725,ACTIVE,100,0.02,4,0,0,0,0,0
00,120246865117370320,ACTIVE,170,0.02,1,0,0,0,0,0
00,120248471685020084,ACTIVE,50,0.02,1,0,0,0,0,0
00,120251997719170404,ACTIVE,100,0.01,2,0,0,0,0,0
00,120250228075020565,ACTIVE,100,0.01,1,0,0,0,0,0
00,120250585951520725,ACTIVE,100,0.01,1,0,0,0,0,0
00,120252205832760166,ACTIVE,20,0.01,1,0,0,0,0,0
00,120259206974090586,ACTIVE,30,0,0,0,0,0,0,0
00,120259206976580586,ACTIVE,30,0,0,0,0,0,0,0
00,120259207710420586,ACTIVE,30,0,0,0,0,0,0,0
00,120259207712190586,ACTIVE,30,0,0,0,0,0,0,0
00,120250228075050565,ACTIVE,100,0,0,0,0,0,0,0
00,120247735805910097,ACTIVE,40,0,0,0,0,0,0,0
00,120247735876000097,ACTIVE,40,0,0,0,0,0,0,0
00,120249577902930487,ACTIVE,80,0,0,0,0,0,0,0
00,120259206867480586,PAUSED,30,0,0,0,0,0,0,0
00,120249577902990487,ACTIVE,80,0,0,0,0,0,0,0
00,120259207086820586,PAUSED,30,0,0,0,0,0,0,0
00,120247410623640470,ACTIVE,5,0,0,0,0,0,0,0
00,120249999663760100,ACTIVE,100,0,0,0,0,0,0,0
00,120247735987750097,ACTIVE,50,0,0,0,0,0,0,0
00,120249577930270487,ACTIVE,80,0,0,0,0,0,0,0
00,120249577930200487,ACTIVE,80,0,0,0,0,0,0,0
00,120250656662350589,PAUSED,170,0,0,0,0,0,0,0
00,120249516467230544,ACTIVE,80,0,0,0,0,0,0,0
00,120249516466840544,ACTIVE,80,0,0,0,0,0,0,0
00,120249516180250544,ACTIVE,80,0,0,0,0,0,0,0
00,120249516180210544,ACTIVE,80,0,0,0,0,0,0,0
00,120249516106810544,ACTIVE,80,0,0,0,0,0,0,0
00,120259207086880586,PAUSED,30,0,0,0,0,0,0,0
00,120246658595190780,PAUSED,80,0,1,0,0,0,0,0
00,120244777802430705,ACTIVE,100,0,0,0,0,0,0,0
00,120248800208810303,ACTIVE,40,0,1,0,0,0,0,0
00,120248800178510303,ACTIVE,40,0,0,0,0,0,0,0
00,120248800114620303,ACTIVE,40,0,0,0,0,0,0,0
00,120247735898240097,ACTIVE,40,0,0,0,0,0,0,0
00,120246827300650780,ACTIVE,80,0,0,0,0,0,0,0
00,120248471525310084,ACTIVE,50,0,0,0,0,0,0,0
00,120248471525150084,ACTIVE,50,0,0,0,0,0,0,0
00,120248471342270084,ACTIVE,50,0,0,0,1,0,0,0
00,120248471342150084,ACTIVE,50,0,0,0,0,0,0,0
00,120252589978050166,ACTIVE,20,0,1,0,0,0,0,0
00,120247410623460470,ACTIVE,5,0,0,0,0,0,0,0
00,120247410623490470,ACTIVE,5,0,0,0,0,0,0,0
00,120247410623510470,ACTIVE,5,0,0,0,0,0,0,0
00,120259206867820586,PAUSED,30,0,0,0,0,0,0,0
01,120249177863580455,ACTIVE,658,23.11,579,11,20,2,2,95.36
01,120245087420500146,ACTIVE,1000,22.35,578,11,13,0,0,0
01,120247136451350725,ACTIVE,2000,21.439999999999998,864,14,16,2,2,135.92
01,120248499654060043,ACTIVE,450,20.4,293,15,16,2,2,69.80000000000001
01,120245201694370686,ACTIVE,100,16.77,272,9,10,2,1,51.22
01,120248800044910751,ACTIVE,135,15.879999999999999,444,9,13,2,1,24.98
01,120248166981820509,ACTIVE,709,14.559999999999999,522,6,7,1,1,34.980000000000004
01,120246058017990436,ACTIVE,388,14.350000000000001,428,6,6,0,0,0
01,120244164741820146,ACTIVE,391,14.28,240,6,9,0,0,0
01,120246828454030629,ACTIVE,683,12.920000000000002,276,9,11,2,1,135.8
01,120245282912580630,ACTIVE,750,12.2,280,8,8,1,1,29.98
01,120253854767370211,ACTIVE,200,12.190000000000001,115,0,0,0,0,0
01,120250509772640725,ACTIVE,1000,11.89,477,5,7,1,0,0
01,120248722531060455,ACTIVE,394,11.16,303,7,11,1,0,0
01,120249172433610425,ACTIVE,475,11.059999999999999,218,10,10,0,0,0
01,120248563890830642,ACTIVE,400,10.830000000000002,123,5,4,0,0,0
01,120249287169520455,ACTIVE,516,10.61,302,8,9,1,0,0
01,120258937221380586,ACTIVE,200,10.6,267,10,9,1,1,49.37
01,120250449834830589,ACTIVE,158,10.559999999999999,158,1,3,0,0,0
01,120247380153090677,ACTIVE,386,10.5,366,5,10,1,0,0
01,120247389999270241,ACTIVE,460,10.21,502,8,9,0,0,0
01,120258095185070586,PAUSED,100,10.06,133,5,5,0,0,0
01,120244823852300686,ACTIVE,883,9.870000000000001,183,3,4,1,0,0
01,120252064052550709,ACTIVE,500,9.52,190,2,4,0,0,0
01,120244643680750544,ACTIVE,400,9.35,292,6,8,1,0,0
01,120249537081420065,ACTIVE,200,9.2,258,5,8,0,0,0
01,120248574839550695,ACTIVE,243,9.08,306,7,5,1,0,0
01,120246985309150320,ACTIVE,440,8.92,152,3,2,1,1,34.07
01,120248012782330065,ACTIVE,214,8.83,241,5,5,0,0,0
01,120243986668280589,ACTIVE,800,8.83,205,5,5,0,0,0
01,120248889381040455,ACTIVE,395,8.56,292,3,2,0,0,0
01,120245262034660146,ACTIVE,500,8.530000000000001,313,7,11,1,1,75.22000000000001
01,120247957196080629,ACTIVE,100,8.37,101,4,4,3,1,89.36999999999999
01,120249020782530389,ACTIVE,300,8.29,296,9,7,1,0,0
01,120252248120960722,ACTIVE,40,8.19,78,5,5,0,0,0
01,120250354465080603,ACTIVE,150,7.85,138,1,2,0,0,0
01,120252460811520404,ACTIVE,100,7.85,40,3,3,0,0,0
01,120249712410600389,ACTIVE,75,7.46,136,4,6,1,0,0
01,120248444259380455,ACTIVE,300,6.949999999999999,238,5,6,1,0,0
01,120244034916020436,ACTIVE,301,6.9399999999999995,259,6,5,2,1,129.44
01,120249222252410065,ACTIVE,383,6.9399999999999995,213,1,1,0,0,0
01,120239930892250650,ACTIVE,200,6.930000000000001,56,4,4,1,0,0
01,120247380152830677,ACTIVE,432,6.93,265,3,5,1,1,96.39999999999999
01,120248320516160509,ACTIVE,301,6.88,107,5,5,1,0,0
01,120248170097870629,ACTIVE,100,6.72,72,0,0,0,0,0
01,120248484683390090,ACTIVE,1000,6.699999999999999,161,4,3,0,0,0
01,120251465994490577,ACTIVE,88,6.67,61,4,1,0,0,0
01,120242694742870146,ACTIVE,210,6.640000000000001,225,6,9,1,1,75.21000000000001
01,120244349823030686,ACTIVE,264,6.539999999999999,113,5,6,0,0,0
01,120250014496850229,ACTIVE,600,6.4,127,1,2,1,0,0
01,120248207800710629,ACTIVE,100,6.37,171,3,2,0,0,0
01,120247335070640389,ACTIVE,100,6.359999999999999,141,4,5,0,0,0
01,120244809629940146,ACTIVE,167,6.3,148,2,2,0,0,0
01,120244079033450320,ACTIVE,600,6.13,232,5,8,0,0,0
01,120248184540550090,ACTIVE,325,6.06,157,6,6,1,0,0
01,120248249348420629,ACTIVE,128,6.04,92,2,2,0,0,0
01,120248320638870175,ACTIVE,87,5.99,60,2,3,0,0,0
01,120245837898990436,ACTIVE,100,5.91,153,4,4,0,0,0
01,120246345569010686,ACTIVE,80,5.82,64,2,1,0,0,0
01,120251983007570368,ACTIVE,80,5.82,87,1,1,0,0,0
01,120247139480370564,ACTIVE,500,5.79,306,5,8,1,0,0
01,120246638474110175,ACTIVE,725,5.75,112,2,2,1,1,41.93
01,120245882219820678,ACTIVE,354,5.75,122,4,6,1,0,0
01,120249474040130389,ACTIVE,100,5.73,209,6,7,1,1,21.19
01,120247296233760320,ACTIVE,155,5.71,138,4,5,2,1,34.07
01,120249232068930561,ACTIVE,100,5.67,189,4,3,0,0,0
01,120247405391800674,ACTIVE,200,5.66,145,4,7,0,0,0
01,120245179332800129,ACTIVE,200,5.640000000000001,196,3,2,0,0,0
01,120250466943310577,ACTIVE,102,5.609999999999999,75,2,3,0,0,0
01,120250270342280100,ACTIVE,158,5.550000000000001,88,3,5,2,1,66.15
01,120244777802480705,ACTIVE,100,5.54,58,3,2,0,0,0
01,120247046282150533,ACTIVE,101,5.51,236,2,6,0,1,24.979999999999997
01,120251068782080237,ACTIVE,100,5.49,56,1,1,0,0,0
01,120248388520260291,ACTIVE,300,5.49,120,6,5,0,0,0
01,120247066173290752,ACTIVE,300,5.47,179,5,7,1,1,26.979999999999997
01,120245334049460065,ACTIVE,680,5.37,94,3,2,0,0,0
01,120248207800680629,ACTIVE,100,5.29,123,1,1,0,0,0
01,120245172037500146,ACTIVE,210,5.27,135,0,0,0,0,0
01,120250216921880100,ACTIVE,300,5.24,169,5,7,2,1,38.17
01,120249107649200126,ACTIVE,100,5.220000000000001,82,2,2,0,0,0
01,120245972443720177,ACTIVE,226,5.22,71,2,2,0,0,0
01,120249247871220425,ACTIVE,90,5.21,71,0,0,0,0,0
01,120244963676310686,ACTIVE,500,5.2,107,4,3,0,0,0
01,120244431777030751,ACTIVE,800,5.1899999999999995,178,3,6,1,0,0
01,120247126743310650,ACTIVE,107,5.17,15,0,2,0,0,0
01,120248287670430214,ACTIVE,220,5.14,108,3,4,2,0,0
01,120248502959590043,ACTIVE,200,5.13,91,6,5,1,0,0
01,120249220581040455,ACTIVE,260,5.11,115,2,3,0,0,0
01,120250307526160100,ACTIVE,300,5.1,173,2,2,0,0,0
01,120247325002770564,ACTIVE,400,5.050000000000001,211,8,10,0,0,0
01,120245837627100436,ACTIVE,100,5,214,5,5,0,0,0
01,120248893450550642,ACTIVE,200,4.95,193,4,3,0,0,0
01,120246100871360533,ACTIVE,131,4.949999999999999,194,3,1,0,0,0
01,120244824816070686,ACTIVE,80,4.82,62,2,3,0,0,0
01,120246676754100650,ACTIVE,100,4.800000000000001,32,2,1,1,1,61.56999999999999
01,120248308559800509,ACTIVE,200,4.71,118,5,8,1,0,0
01,120250285289280319,ACTIVE,320,4.62,132,4,4,0,0,0
01,120247303210460752,ACTIVE,300,4.51,135,2,3,0,0,0
01,120249671720930152,ACTIVE,80,4.45,67,4,2,1,1,86.55
01,120246991959890177,ACTIVE,87,4.44,53,1,1,0,0,0
01,120246299672700751,ACTIVE,510,4.4,139,1,3,1,0,0
01,120244963455410686,ACTIVE,80,4.4,53,2,3,0,0,0
01,120248732700550455,ACTIVE,359,4.4,160,2,1,0,0,0
01,120245339157220686,ACTIVE,100,4.35,51,0,0,0,0,0
01,120248194846920006,ACTIVE,80,4.35,44,0,0,0,0,0
01,120248568552360090,ACTIVE,80,4.33,54,6,5,0,0,0
01,120248977397730642,ACTIVE,309,4.31,102,4,4,0,0,0
01,120245031811820436,ACTIVE,126,4.300000000000001,190,5,5,0,0,0
01,120251256015310577,ACTIVE,165,4.3,110,0,1,0,0,0
01,120250337858370100,ACTIVE,300,4.26,103,5,6,4,1,52.56
01,120249304487320561,ACTIVE,284,4.25,257,3,4,1,0,0
01,120245306349070462,ACTIVE,100,4.24,87,3,3,0,0,0
01,120245514271740065,ACTIVE,195,4.19,58,2,2,0,0,0
01,120248166981870509,ACTIVE,243,4.19,119,1,2,0,0,0
01,120249474201110389,ACTIVE,100,4.17,108,3,3,0,0,0
01,120247854894140559,ACTIVE,200,4.14,71,2,2,1,1,126.28999999999999
01,120252182229950450,ACTIVE,300,4.13,71,3,2,0,0,0
01,120242301213710065,ACTIVE,550,4.09,172,2,2,1,1,29.980000000000004
01,120246808176070320,ACTIVE,120,4.05,72,0,0,0,0,0
01,120248078229420043,ACTIVE,400,4.01,34,4,3,0,0,0
01,120246511498780682,ACTIVE,200,3.99,57,3,4,0,1,161.68
01,120246991959830177,ACTIVE,87,3.97,80,2,1,0,0,0
01,120247497523360320,ACTIVE,107,3.96,133,1,1,0,0,0
01,120250329792700100,ACTIVE,155,3.9099999999999997,128,0,0,0,0,0
01,120248613615540642,ACTIVE,210,3.86,87,3,1,0,0,0
01,120246660415710177,ACTIVE,100,3.82,67,1,2,0,0,0
01,120250480128780392,ACTIVE,100,3.8100000000000005,62,2,2,0,0,0
01,120245694161990686,ACTIVE,100,3.81,45,0,0,0,0,0
01,120243276755660065,ACTIVE,500,3.81,131,1,2,0,0,0
01,120253218017710054,ACTIVE,100,3.8,58,0,0,0,0,0
01,120250877852440057,ACTIVE,100,3.79,14,2,3,1,1,73.42
01,120249573023870116,ACTIVE,101,3.75,72,5,3,1,1,39.98
01,120250228075020565,ACTIVE,100,3.74,63,1,1,0,0,0
01,120249810423640431,ACTIVE,370,3.7300000000000004,152,1,1,0,0,0
01,120247085686400320,ACTIVE,131,3.7,101,5,4,0,0,0
01,120250790045220586,ACTIVE,100,3.63,100,3,2,1,1,50.31
01,120250623729250057,ACTIVE,300,3.63,25,2,3,0,0,0
01,120245334049540065,ACTIVE,510,3.6100000000000003,72,2,5,0,0,0
01,120245380137820707,ACTIVE,200,3.6,64,2,2,0,0,0
01,120248850201850065,ACTIVE,130,3.59,69,3,3,0,0,0
01,120250156416670100,ACTIVE,300,3.58,130,2,3,0,0,0
01,120248539964750462,ACTIVE,60,3.56,53,1,1,0,0,0
01,120247041421470241,ACTIVE,200,3.55,114,3,3,0,0,0
01,120246928447770752,ACTIVE,100,3.51,92,4,4,0,0,0
01,120248194656160006,ACTIVE,80,3.48,47,0,0,0,0,0
01,120250270945240663,ACTIVE,80,3.47,62,3,2,0,0,0
01,120235701428400210,ACTIVE,200,3.46,103,4,4,0,0,0
01,120250403419350725,ACTIVE,100,3.41,104,4,3,1,0,0
01,120258922417790586,ACTIVE,100,3.41,105,2,1,0,0,0
01,120246040085600751,ACTIVE,300,3.38,106,3,6,2,1,41.97
01,120250386214960100,ACTIVE,138,3.38,101,1,2,0,0,0
01,120246178929760752,ACTIVE,300,3.3600000000000003,85,0,3,0,0,0
01,120246827300650780,ACTIVE,80,3.34,181,4,4,1,0,0
01,120246956253430177,ACTIVE,100,3.33,48,4,4,0,0,0
01,120244302719050146,ACTIVE,100,3.3200000000000003,45,1,1,0,0,0
01,120246808388750320,ACTIVE,270,3.31,107,2,0,0,0,0
01,120249135138850389,ACTIVE,100,3.31,138,5,5,1,0,0
01,120246957592250177,ACTIVE,100,3.3000000000000003,67,1,1,1,1,89.94000000000001
01,120251425264570709,ACTIVE,80,3.29,44,1,1,0,0,0
01,120249589704510152,ACTIVE,270,3.27,123,2,3,0,0,0
01,120244761352230455,ACTIVE,528,3.27,94,1,4,1,0,0
01,120246971854000474,ACTIVE,100,3.26,74,1,1,0,0,0
01,120249903653910695,ACTIVE,80,3.19,32,0,0,0,0,0
01,120245891909090125,ACTIVE,200,3.17,94,1,2,0,0,0
01,120249286765290368,ACTIVE,80,3.14,103,2,2,0,0,0
01,120245320116510129,ACTIVE,150,3.12,123,6,4,0,0,0
01,120247547590960642,ACTIVE,229,3.12,99,0,2,0,0,0
01,120247210155820474,ACTIVE,80,3.1100000000000003,77,2,3,0,0,0
01,120246843188440752,ACTIVE,100,3.09,99,2,2,0,0,0
01,120248452492430509,ACTIVE,300,3.09,120,0,0,0,0,0
01,120248279285560477,ACTIVE,90,3.07,34,0,1,0,0,0
01,120246961147480177,ACTIVE,100,3.02,46,3,1,0,1,71.21
01,120248598576010303,ACTIVE,150,3,107,5,6,1,0,0
01,120248320638830175,ACTIVE,87,2.94,32,0,0,0,0,0
01,120251929583050651,ACTIVE,80,2.94,90,0,2,0,0,0
01,120249671851220152,ACTIVE,80,2.92,104,0,0,0,0,0
01,120249748358150589,ACTIVE,147,2.91,88,4,3,0,0,0
01,120250585672760725,ACTIVE,100,2.9,27,3,2,0,0,0
01,120250228075050565,ACTIVE,100,2.9,68,0,0,0,0,0
01,120250480129310392,ACTIVE,100,2.8899999999999997,41,2,1,0,0,0
01,120246345567150686,ACTIVE,80,2.88,36,0,1,0,0,0
01,120242031621370065,ACTIVE,229,2.87,81,2,3,0,0,0
01,120248569427530090,PAUSED,80,2.82,38,0,0,0,0,0
01,120247189109490707,ACTIVE,200,2.8,64,3,4,0,0,0
01,120249120674110404,ACTIVE,300,2.79,61,0,0,0,0,0
01,120249263984640425,ACTIVE,170,2.7800000000000002,64,0,0,1,1,63.97
01,120244794017770320,ACTIVE,120,2.78,105,4,4,1,0,0
01,120247497524000320,ACTIVE,107,2.76,66,1,0,0,0,0
01,120244733135910705,ACTIVE,100,2.71,27,1,2,1,1,29.979999999999997
01,120249008737320561,ACTIVE,70,2.69,48,0,0,0,0,0
01,120246791587200455,ACTIVE,100,2.67,56,0,0,0,0,0
01,23858073029630799,ACTIVE,350,2.65,41,2,2,0,0,0
01,120241066464020065,ACTIVE,470,2.65,104,1,1,1,1,29.98
01,120245557729330686,ACTIVE,131,2.64,46,2,3,0,0,0
01,120252083857520368,ACTIVE,60,2.62,68,1,2,0,0,0
01,120248495931290509,ACTIVE,100,2.61,138,1,1,0,0,0
01,120240258763950179,ACTIVE,200,2.59,133,4,4,0,0,0
01,120245906725230436,ACTIVE,100,2.59,90,2,2,0,0,0
01,120244813077130146,ACTIVE,500,2.58,77,3,1,1,0,0
01,120245387614600129,ACTIVE,80,2.5700000000000003,79,1,1,0,0,0
01,120250296395520100,ACTIVE,300,2.57,105,3,3,0,0,0
01,120250014495990229,ACTIVE,300,2.55,31,2,2,0,0,0
01,120244430700860708,ACTIVE,552,2.51,54,1,1,0,0,0
01,120245923045620168,ACTIVE,100,2.51,29,0,0,0,0,0
01,120248893532100100,ACTIVE,300,2.5,34,1,2,0,0,0
01,120245266826770146,ACTIVE,100,2.45,65,0,0,0,0,0
01,120249107449180469,ACTIVE,100,2.4400000000000004,37,2,2,0,0,0
01,120248330641110509,ACTIVE,100,2.44,96,0,3,0,0,0
01,120243593315080146,ACTIVE,248,2.44,75,0,1,0,0,0
01,120247431629500707,ACTIVE,271,2.4299999999999997,45,2,2,0,0,0
01,120249729041450065,ACTIVE,94,2.42,46,0,0,0,0,0
01,120249610130740065,ACTIVE,382,2.4000000000000004,65,0,0,0,0,0
01,120246931507190320,ACTIVE,120,2.39,74,0,1,0,0,0
01,120245331619190129,ACTIVE,100,2.3899999999999997,39,2,2,0,0,0
01,120245469696060686,ACTIVE,100,2.34,45,0,2,0,0,0
01,120247105534220320,ACTIVE,100,2.34,65,3,3,0,0,0
01,120249300729750589,ACTIVE,100,2.33,66,1,1,0,0,0
01,120249580311700695,ACTIVE,184,2.31,87,1,1,0,0,0
01,120249516466840544,ACTIVE,80,2.27,75,1,1,0,0,0
01,120247624307750032,ACTIVE,77,2.27,57,2,2,0,0,0
01,120250296535810100,ACTIVE,300,2.25,61,2,2,0,0,0
01,120249242219810126,ACTIVE,90,2.25,37,0,1,0,0,0
01,120244761869100436,ACTIVE,100,2.23,120,2,3,0,0,0
01,120245516609390788,ACTIVE,100,2.23,64,1,1,0,0,0
01,120250270945270663,ACTIVE,150,2.2199999999999998,51,0,0,0,0,0
01,120246180858540686,ACTIVE,101,2.1999999999999997,37,0,0,0,0,0
01,120249135138590389,ACTIVE,112,2.1799999999999997,120,0,1,0,0,0
01,120249237052730564,ACTIVE,80,2.16,27,1,1,0,0,0
01,120249712410690389,ACTIVE,75,2.15,12,0,1,0,0,0
01,120250112679260229,ACTIVE,60,2.14,8,0,0,0,0,0
01,120251280446770722,ACTIVE,80,2.14,39,0,0,0,0,0
01,120245329017710146,ACTIVE,100,2.13,42,1,2,0,0,0
01,120246755850270533,ACTIVE,101,2.13,151,4,6,1,0,0
01,120245279091880436,ACTIVE,100,2.12,117,4,5,0,0,0
01,120245905953240436,ACTIVE,100,2.11,49,0,1,0,0,0
01,120250299563240725,ACTIVE,100,2.1,63,0,0,0,0,0
01,120252158322580651,ACTIVE,80,2.09,32,0,0,0,0,0
01,120250942814310577,ACTIVE,100,2.0700000000000003,49,0,1,0,0,0
01,120247624307770032,ACTIVE,77,2.0399999999999996,64,2,3,0,0,0
01,120251701953330054,ACTIVE,100,2.0300000000000002,35,2,2,0,0,0
01,120244689534040708,ACTIVE,155,2.02,31,1,1,0,0,0
01,120246479062780133,ACTIVE,100,2.02,34,0,1,0,0,0
01,120248427377090214,ACTIVE,130,2.01,57,3,4,0,0,0
01,120242883956790544,ACTIVE,150,1.99,92,1,2,0,0,0
01,120250789469770586,ACTIVE,100,1.9899999999999998,57,0,2,0,0,0
01,120250011342400589,ACTIVE,500,1.98,56,2,2,0,0,0
01,120247150219590533,ACTIVE,90,1.95,98,0,0,0,0,0
01,120244418309490436,ACTIVE,100,1.9300000000000002,97,1,1,0,0,0
01,120247614409790674,ACTIVE,150,1.9300000000000002,48,1,1,0,0,0
01,120245383772560146,ACTIVE,100,1.92,60,0,0,0,0,0
01,120248332283150708,ACTIVE,133,1.9,39,0,0,0,0,0
01,120235701428420210,ACTIVE,200,1.9,55,2,3,0,0,0
01,120248306696030509,ACTIVE,176,1.9,68,0,1,0,0,0
01,120248471685020084,ACTIVE,50,1.8900000000000001,26,0,0,0,0,0
01,120249729041270065,ACTIVE,94,1.84,48,0,0,0,0,0
01,120247253400970320,ACTIVE,100,1.8399999999999999,110,3,6,0,0,0
01,120246471244730065,ACTIVE,229,1.82,43,1,1,0,0,0
01,120249372477220229,ACTIVE,299,1.82,41,0,0,0,0,0
01,120249100983530561,ACTIVE,250,1.81,50,0,0,0,0,0
01,120248517847670090,ACTIVE,666,1.8,62,1,3,0,0,0
01,120249819292400663,ACTIVE,100,1.7999999999999998,38,0,0,0,0,0
01,120244270293390320,ACTIVE,120,1.76,45,1,1,0,0,0
01,120248424748630214,ACTIVE,130,1.76,29,0,0,0,0,0
01,120248574839520695,ACTIVE,350,1.7599999999999998,60,0,1,0,0,0
01,120245346459390436,ACTIVE,100,1.75,72,1,3,0,0,0
01,120244686931590705,ACTIVE,100,1.7400000000000002,38,2,2,0,0,0
01,120249516106810544,ACTIVE,80,1.69,72,1,1,0,0,0
01,120244618043630436,ACTIVE,100,1.69,91,3,3,1,1,99.72
01,120246291786180686,ACTIVE,276,1.69,27,0,1,1,1,29.979999999999997
01,120251789041250404,ACTIVE,100,1.69,35,1,1,0,0,0
01,120251351288690577,ACTIVE,264,1.69,76,2,3,0,0,0
01,120247983277080167,ACTIVE,80,1.68,24,2,2,1,0,0
01,120259048667380586,ACTIVE,30,1.65,45,1,1,0,0,0
01,120251109241560577,ACTIVE,100,1.6400000000000001,67,3,3,0,0,0
01,120249242219710126,ACTIVE,90,1.63,43,0,1,0,0,0
01,120248464770270509,ACTIVE,100,1.63,63,2,1,1,1,130.87
01,120248416746740708,ACTIVE,425,1.6099999999999999,64,0,0,0,0,0
01,120249516467230544,ACTIVE,80,1.6,50,1,1,0,0,0
01,120242301213170065,ACTIVE,300,1.5999999999999999,103,1,1,0,0,0
01,120249577930200487,ACTIVE,80,1.59,9,0,0,0,0,0
01,120251788791190404,ACTIVE,150,1.5899999999999999,25,0,0,0,0,0
01,120249414021330561,ACTIVE,100,1.57,23,0,0,0,0,0
01,120249610130820065,ACTIVE,94,1.55,38,1,2,0,0,0
01,120247150219620533,ACTIVE,90,1.55,82,1,1,0,0,0
01,120246124304940436,ACTIVE,124,1.54,88,0,0,0,0,0
01,120246124304970436,ACTIVE,124,1.54,73,2,1,1,1,41.98
01,120250629224620319,ACTIVE,100,1.51,42,1,1,1,1,37
01,120245264320780129,ACTIVE,100,1.51,36,0,0,0,0,0
01,120246440355140780,ACTIVE,80,1.5,33,2,1,0,0,0
01,120245899907660065,ACTIVE,115,1.5,23,1,0,0,0,0
01,120246525961650682,ACTIVE,100,1.5,26,0,1,0,0,0
01,120246983939560320,ACTIVE,100,1.49,47,0,1,0,0,0
01,120248064986340303,ACTIVE,80,1.4700000000000002,49,2,2,0,0,0
01,120250356640970100,ACTIVE,50,1.47,16,0,3,0,0,0
01,120248471342270084,ACTIVE,50,1.47,14,1,2,0,0,0
01,120246947981930126,ACTIVE,80,1.46,31,1,3,0,0,0
01,120249020749590065,ACTIVE,50,1.4500000000000002,33,0,0,0,0,0
01,120249671961090152,ACTIVE,80,1.45,72,0,1,0,0,0
01,120245942236800686,ACTIVE,150,1.43,40,1,2,1,1,29.979999999999997
01,120250519148850127,ACTIVE,100,1.4200000000000002,36,1,2,1,0,0
01,120251068782150237,ACTIVE,100,1.42,28,0,1,0,0,0
01,120246294871370686,ACTIVE,80,1.4100000000000001,13,1,0,0,0,0
01,120244242496990780,ACTIVE,100,1.4000000000000001,29,0,0,0,0,0
01,120248492410110561,ACTIVE,280,1.4,75,0,2,0,0,0
01,120248734905220544,ACTIVE,80,1.4,23,0,0,0,0,0
01,120249577930270487,ACTIVE,80,1.37,3,0,0,0,0,0
01,120245327669090320,ACTIVE,120,1.3599999999999999,45,0,0,0,0,0
01,120244486723120436,ACTIVE,100,1.3599999999999999,75,1,3,0,0,0
01,120253122295100210,ACTIVE,80,1.3499999999999999,43,1,1,0,0,0
01,120246513499500780,ACTIVE,80,1.33,23,0,0,0,0,0
01,120251997651590404,ACTIVE,100,1.33,19,0,0,0,0,0
01,120250112691700229,ACTIVE,60,1.32,30,3,3,0,0,0
01,120250356712410100,ACTIVE,50,1.31,39,1,2,0,0,0
01,120250079096940127,ACTIVE,100,1.3,27,1,1,0,0,0
01,120249325405270389,ACTIVE,100,1.29,51,1,2,0,0,0
01,120248128901930175,ACTIVE,114,1.28,147,2,2,0,0,0
01,120250092640150663,ACTIVE,120,1.27,24,1,1,0,0,0
01,120249076026100642,ACTIVE,120,1.23,48,0,0,0,0,0
01,120247426861210031,ACTIVE,80,1.2200000000000002,26,1,1,0,0,0
01,120245383772400146,ACTIVE,100,1.21,29,2,1,1,0,0
01,120251465994660577,ACTIVE,88,1.21,37,1,2,0,0,0
01,120252401981500709,ACTIVE,80,1.19,36,3,3,0,0,0
01,120248082904030663,ACTIVE,150,1.17,25,1,1,0,0,0
01,120249516180210544,ACTIVE,80,1.17,48,0,1,0,0,0
01,120247866597170389,ACTIVE,300,1.1600000000000001,46,2,3,1,0,0
01,120250186073630319,ACTIVE,100,1.15,55,0,0,0,0,0
01,120246309078080032,ACTIVE,100,1.15,32,1,1,0,0,0
01,120245987269690436,ACTIVE,124,1.1400000000000001,61,2,3,0,0,0
01,120245899907890065,ACTIVE,115,1.1400000000000001,36,0,0,0,0,0
01,120249111980100065,ACTIVE,100,1.1400000000000001,46,1,2,0,0,0
01,120246865117370320,ACTIVE,170,1.08,39,0,0,0,0,0
01,120250586322820725,ACTIVE,100,1.08,41,2,1,0,0,0
01,120246901356650172,ACTIVE,50,1.06,28,0,0,0,0,0
01,120244777802430705,ACTIVE,100,1.06,15,2,3,0,0,0
01,120249516180250544,ACTIVE,80,0.97,43,0,0,0,0,0
01,120246471244780065,ACTIVE,229,0.96,53,0,0,0,0,0
01,120246023777450751,ACTIVE,300,0.92,29,0,0,0,0,0
01,120245218353240788,ACTIVE,30,0.9,13,0,0,0,0,0
01,120248496485910509,ACTIVE,100,0.9,53,0,0,0,0,0
01,120246294828630686,ACTIVE,80,0.8999999999999999,22,0,0,0,0,0
01,120248569897330090,ACTIVE,80,0.8700000000000001,10,0,0,0,0,0
01,120249276093860168,ACTIVE,99,0.87,23,0,0,0,0,0
01,120250300134920725,ACTIVE,100,0.85,30,1,1,0,0,0
01,120251214911160279,ACTIVE,80,0.8200000000000001,10,0,0,0,0,0
01,120246299672740751,ACTIVE,300,0.82,34,0,1,0,0,0
01,120246024108390751,ACTIVE,300,0.82,26,0,0,0,0,0
01,120251210404530057,ACTIVE,100,0.81,9,0,0,0,0,0
01,120250612473790392,ACTIVE,100,0.79,19,0,2,0,0,0
01,120247983232350167,ACTIVE,80,0.79,23,0,0,0,0,0
01,120245266852790146,ACTIVE,100,0.79,26,1,1,0,0,0
01,6973002165426,ACTIVE,50,0.78,25,0,0,0,0,0
01,120246733877000065,ACTIVE,80,0.78,24,0,1,0,0,0
01,120248471685070084,ACTIVE,50,0.78,8,1,2,0,0,0
01,120248249192300509,ACTIVE,150,0.78,35,2,2,0,0,0
01,120244924434950146,ACTIVE,100,0.78,41,0,0,0,0,0
01,120235336090360210,ACTIVE,200,0.77,31,0,0,0,0,0
01,120246921246130533,ACTIVE,100,0.77,23,1,3,1,1,25.97
01,120246466273450630,ACTIVE,70,0.76,27,2,2,0,0,0
01,120242709811040544,ACTIVE,80,0.75,25,0,0,0,0,0
01,120247735987750097,ACTIVE,50,0.74,24,0,1,0,0,0
01,120245044044870686,ACTIVE,150,0.73,17,0,0,0,0,0
01,120249730950240229,ACTIVE,60,0.73,18,0,1,0,0,0
01,120248739125830303,ACTIVE,50,0.72,27,0,1,0,0,0
01,120245387614550129,ACTIVE,80,0.72,16,1,1,0,0,0
01,120249229589770695,ACTIVE,350,0.72,38,0,1,0,0,0
01,120249447976460374,ACTIVE,80,0.71,23,1,1,0,0,0
01,120245889270610065,ACTIVE,40,0.6900000000000001,27,0,0,0,0,0
01,120252191525360210,ACTIVE,100,0.6799999999999999,27,0,0,0,0,0
01,120248151909020006,ACTIVE,80,0.6799999999999999,15,0,0,0,0,0
01,120246107904230686,ACTIVE,80,0.6799999999999999,14,0,0,0,0,0
01,120246479174050133,ACTIVE,100,0.65,17,2,2,0,0,0
01,120245514271720065,ACTIVE,115,0.6499999999999999,28,1,2,0,0,0
01,120249414020610561,ACTIVE,100,0.64,49,0,1,0,0,0
01,120248227096110465,ACTIVE,11,0.61,37,0,0,0,0,0
01,120245689540550436,ACTIVE,115,0.5900000000000001,33,0,0,0,0,0
01,120248563890890642,ACTIVE,200,0.59,22,0,0,0,0,0
01,120247319362190032,ACTIVE,100,0.5700000000000001,21,0,1,0,0,0
01,120248442764270509,ACTIVE,100,0.5700000000000001,38,1,1,0,0,0
01,120246440557020780,ACTIVE,80,0.55,17,0,0,0,0,0
01,6998743229226,ACTIVE,50,0.55,19,0,0,0,0,0
01,120246733876960065,ACTIVE,80,0.52,17,0,0,0,0,0
01,120248424742670214,ACTIVE,130,0.52,17,0,0,0,0,0
01,120249344116310065,ACTIVE,100,0.51,16,1,2,0,0,0
01,120247223966660470,ACTIVE,50,0.5,17,0,0,0,0,0
01,120246770835970175,ACTIVE,155,0.5,16,0,0,0,0,0
01,120248151966110006,ACTIVE,80,0.49,13,0,0,0,0,0
01,120250613049530392,ACTIVE,100,0.48,8,0,0,0,0,0
01,120251354404600722,ACTIVE,80,0.47,16,0,0,0,0,0
01,120246733902040065,ACTIVE,80,0.45999999999999996,16,0,0,0,0,0
01,120249020749560065,ACTIVE,50,0.44000000000000006,22,0,0,0,0,0
01,120247519982390097,ACTIVE,108,0.43000000000000005,13,0,1,0,0,0
01,120248922585490210,ACTIVE,200,0.41000000000000003,30,0,1,0,0,0
01,120248885568260126,ACTIVE,80,0.41000000000000003,23,1,1,0,0,0
01,120248471342150084,ACTIVE,50,0.41,5,1,1,0,0,0
01,120244761091850146,ACTIVE,100,0.4,24,0,0,0,0,0
01,120252534408040404,ACTIVE,160,0.39,11,0,0,0,0,0
01,120249325405290389,ACTIVE,100,0.38999999999999996,16,0,1,0,0,0
01,120246971853630474,ACTIVE,80,0.38,13,0,0,0,0,0
01,120250586047790725,ACTIVE,100,0.38,10,0,0,0,1,68.56
01,120248569897400090,ACTIVE,80,0.36,5,1,1,0,0,0
01,120249861202960589,ACTIVE,200,0.36,27,0,0,0,0,0
01,120248170232840041,ACTIVE,80,0.36,13,0,0,0,0,0
01,120250210018830100,ACTIVE,300,0.35,27,0,0,0,0,0
01,120247554861630032,ACTIVE,80,0.34,5,0,0,0,0,0
01,120250356570030100,ACTIVE,50,0.34,13,2,2,0,0,0
01,120251979136820210,ACTIVE,100,0.33999999999999997,5,0,0,0,0,0
01,120246299721450751,ACTIVE,195,0.32,14,0,0,0,0,0
01,120245889270720065,ACTIVE,40,0.32,14,0,0,0,0,0
01,120245260142700146,ACTIVE,100,0.32,14,0,0,0,0,0
01,120246961087240177,ACTIVE,100,0.32,5,0,1,0,0,0
01,120248177990120477,PAUSED,100,0.31,7,1,1,0,0,0
01,120247228325210474,ACTIVE,80,0.30000000000000004,12,0,0,0,0,0
01,120247514292960590,PAUSED,80,0.3,27,0,0,0,0,0
01,120248800208810303,ACTIVE,40,0.28,8,0,0,0,0,0
01,120244813179240146,ACTIVE,100,0.28,16,0,0,0,0,0
01,120252069258690722,PAUSED,80,0.28,8,0,0,0,0,0
01,120246733901990065,ACTIVE,80,0.28,11,0,0,0,0,0
01,120248416747190708,ACTIVE,322,0.27,12,0,0,0,0,0
01,120248304803400065,ACTIVE,50,0.26,5,0,0,0,0,0
01,120248493682120090,ACTIVE,130,0.26,8,1,1,0,0,0
01,120247245979210389,ACTIVE,100,0.23,5,0,0,0,0,0
01,120242746886630788,ACTIVE,20,0.22,1,0,0,0,0,0
01,120251997719170404,ACTIVE,100,0.21000000000000002,8,1,1,0,0,0
01,120248304803930065,ACTIVE,50,0.21000000000000002,7,0,0,0,0,0
01,120245481989400065,ACTIVE,40,0.21,12,0,0,0,0,0
01,120249470287060544,ACTIVE,80,0.21,5,0,0,0,0,0
01,120249238610320065,ACTIVE,80,0.2,11,0,0,0,0,0
01,120243892590430490,ACTIVE,30,0.19999999999999998,5,1,1,0,0,0
01,120250586076530725,ACTIVE,100,0.19,6,0,0,0,0,0
01,120246299672680751,ACTIVE,115,0.19,16,2,2,0,0,0
01,120248428303370214,ACTIVE,50,0.18000000000000002,2,0,0,0,0,0
01,120248304056960090,ACTIVE,177,0.18,9,0,0,0,0,0
01,120246243213280686,ACTIVE,154,0.15,2,0,0,0,0,0
01,120247924205270214,ACTIVE,65,0.15,10,0,0,0,0,0
01,120247735876000097,ACTIVE,40,0.15,4,0,0,0,0,0
01,120248569427510090,ACTIVE,80,0.12000000000000001,2,0,0,0,0,0
01,120251063106910166,ACTIVE,20,0.12,6,0,0,0,0,0
01,120246180858520686,ACTIVE,100,0.12,4,0,0,0,0,0
01,120248764599250589,ACTIVE,100,0.11,9,0,0,0,0,0
01,120252205063890166,ACTIVE,20,0.11,2,2,0,0,0,0
01,120248924408910544,ACTIVE,140,0.11,7,0,0,0,0,0
01,120252460811580404,ACTIVE,100,0.1,6,0,0,0,0,0
01,120249501538610065,ACTIVE,161,0.1,3,0,0,0,0,0
01,120259199912530586,ACTIVE,30,0.06,6,0,0,0,0,0
01,120245481989440065,ACTIVE,40,0.06,8,0,0,0,0,0
01,120246098209220686,ACTIVE,100,0.05,3,0,2,0,0,0
01,120250445767170166,ACTIVE,20,0.05,1,0,0,0,0,0
01,120252598297590166,ACTIVE,20,0.05,1,0,0,0,0,0
01,120250586323230725,ACTIVE,100,0.03,3,0,0,0,0,0
01,120243892555480490,ACTIVE,30,0.03,1,0,0,0,0,0
01,120251788886810404,ACTIVE,100,0.02,2,0,0,0,0,0
01,120248471525150084,ACTIVE,50,0.02,1,0,0,0,0,0
01,120249258523200469,ACTIVE,100,0.02,2,0,0,0,0,0
01,120252589978050166,ACTIVE,20,0.02,3,0,0,0,0,0
01,120252205832760166,ACTIVE,20,0.01,1,0,0,0,0,0
01,120250585951520725,ACTIVE,100,0.01,2,0,0,0,0,0
01,120247200503920320,ACTIVE,1,0.01,2,0,0,0,0,0
01,120249238610510065,ACTIVE,80,0.01,1,0,0,0,0,0
01,120249610772400374,ACTIVE,80,0.01,1,0,0,0,0,0
01,120249463170390469,ACTIVE,80,0,0,0,0,0,0,0
01,120250656662350589,PAUSED,170,0,0,0,0,0,0,0
01,120247735898240097,ACTIVE,40,0,0,0,0,0,0,0
01,120247735805910097,ACTIVE,40,0,0,0,0,0,0,0
01,120248471525310084,ACTIVE,50,0,0,0,0,0,0,0
01,120247410623640470,ACTIVE,5,0,0,0,0,0,0,0
01,120247410623510470,ACTIVE,5,0,0,0,0,0,0,0
01,120247410623490470,ACTIVE,5,0,0,0,0,0,0,0
01,120247410623460470,ACTIVE,5,0,0,0,0,0,0,0
01,120252595965290166,ACTIVE,20,0,1,0,0,0,0,0
01,120248800178510303,ACTIVE,40,0,0,0,0,0,0,0
01,120246658595190780,PAUSED,80,0,2,0,0,0,0,0
01,120255933907170197,ACTIVE,80,0,0,0,0,0,0,0
01,120255933907180197,ACTIVE,80,0,0,0,0,0,0,0
01,120249999663760100,ACTIVE,100,0,0,0,1,0,0,0
01,120258931690100586,PAUSED,100,0,0,0,0,1,1,49.370000000000005
01,120259206974090586,ACTIVE,30,0,0,0,0,0,0,0
01,120259206976580586,ACTIVE,30,0,0,0,0,0,0,0
01,120259207710420586,ACTIVE,30,0,0,0,0,0,0,0
01,120259207712190586,ACTIVE,30,0,0,0,0,0,0,0
01,120248800114620303,ACTIVE,40,0,0,0,0,0,0,0
01,120250181260290229,ACTIVE,80,0,0,0,0,0,0,0
01,120250181206510229,ACTIVE,80,0,0,0,0,0,0,0
01,120249577902930487,ACTIVE,80,0,0,0,0,0,0,0
01,120259206867480586,PAUSED,30,0,0,0,0,0,0,0
01,120249577902990487,ACTIVE,80,0,0,0,0,0,0,0
01,120259207086820586,PAUSED,30,0,0,0,0,0,0,0
01,120259207086880586,PAUSED,30,0,0,0,0,0,0,0
01,120259206867820586,PAUSED,30,0,0,0,0,0,0,0
02,120249577930270487,ACTIVE,80,62.49,1287,20,27,2,0,0
02,120245087420500146,ACTIVE,1000,50.5,1345,31,29,3,0,0
02,120249577930200487,ACTIVE,80,48.44,949,9,11,1,0,0
02,120247136451350725,ACTIVE,2000,44.21,1777,26,35,3,3,185.28999999999996
02,120249177863580455,ACTIVE,658,43.980000000000004,1099,32,37,3,3,155.76999999999998
02,120245282912580630,ACTIVE,750,35.75,776,17,27,2,2,97.44
02,120248499654060043,ACTIVE,450,33.269999999999996,536,26,28,6,4,121.75999999999999
02,120244823852300686,ACTIVE,883,27.529999999999998,488,9,12,2,0,0
02,120246058017990436,ACTIVE,388,27.22,852,12,16,2,3,152.19000000000003
02,120246828454030629,ACTIVE,683,26.450000000000003,553,14,18,2,1,135.8
02,120244164741820146,ACTIVE,391,26.310000000000002,591,10,14,2,0,0
02,120249172433610425,ACTIVE,475,26.270000000000003,551,18,16,0,0,0
02,120250509772640725,ACTIVE,1000,25.84,1102,21,22,1,0,0
02,120248166981820509,ACTIVE,709,25.689999999999998,1101,22,23,2,2,71.44999999999999
02,120249287169520455,ACTIVE,516,23.95,760,22,21,3,2,119.32
02,120243986668280589,ACTIVE,800,23.91,545,9,9,1,1,29.98
02,120248722531060455,ACTIVE,394,23.200000000000003,704,17,18,1,0,0
02,120244349823030686,ACTIVE,264,22.7,409,11,13,2,2,122.41999999999999
02,120248889381040455,ACTIVE,395,21.849999999999998,889,8,6,0,0,0
02,120249222252410065,ACTIVE,383,21.5,685,6,7,1,1,29.98
02,120252064052550709,ACTIVE,500,21.35,348,8,10,1,1,46.37
02,120244643680750544,ACTIVE,200,21.16,636,7,9,2,1,27.98
02,120249020782530389,ACTIVE,300,20.71,741,22,23,2,0,0
02,120244079033450320,ACTIVE,600,20.619999999999997,789,11,17,1,0,0
02,120249372477220229,ACTIVE,299,20.04,344,9,11,1,0,0
02,120246971853630474,ACTIVE,80,19.85,218,3,4,1,0,0
02,120249537081420065,ACTIVE,200,19.700000000000003,504,11,11,0,0,0
02,120247389999270241,ACTIVE,460,19.22,1007,19,21,0,0,0
02,120253854767370211,ACTIVE,200,19.17,208,1,1,0,0,0
02,120248800044910751,ACTIVE,135,19.05,553,13,19,3,1,24.98
02,120245334049460065,ACTIVE,680,18.97,345,4,5,0,0,0
02,120245334049540065,ACTIVE,510,18.63,331,12,14,2,1,29.98
02,120245201694370686,ACTIVE,100,18.62,306,9,12,2,1,51.22
02,120245262034660146,ACTIVE,500,18.07,752,21,22,4,3,159.18
02,120248012782330065,ACTIVE,214,17.7,534,8,10,0,0,0
02,120250354465080603,ACTIVE,150,17,302,5,9,0,0,0
02,120247380152830677,ACTIVE,432,16.28,690,8,7,1,1,96.39999999999999
02,120250307526160100,ACTIVE,300,16.09,543,13,12,2,1,22.98
02,120250014496850229,ACTIVE,600,15.9,335,4,8,1,0,0
02,120245882219820678,ACTIVE,354,15.84,331,7,9,1,0,0
02,120248320516160509,ACTIVE,301,15.400000000000002,249,9,8,2,0,0
02,120250466943310577,ACTIVE,102,15.080000000000002,251,5,5,1,0,0
02,120253323556200054,ACTIVE,115,14.950000000000001,245,2,5,0,0,0
02,120247126743310650,ACTIVE,107,14.879999999999999,111,2,3,0,0,0
02,120248574839550695,ACTIVE,243,14.790000000000001,511,8,7,1,0,0
02,120248444259380455,ACTIVE,300,14.739999999999998,519,11,10,2,0,0
02,120258937221380586,ACTIVE,200,14.58,411,11,11,1,1,49.37
02,120248484683390090,ACTIVE,1000,14.579999999999998,338,9,7,1,1,36.94
02,120247139480370564,ACTIVE,500,14.53,648,17,18,2,0,0
02,120242694742870146,ACTIVE,210,14.48,457,17,16,1,1,75.21000000000001
02,120251465994490577,ACTIVE,88,14.45,174,6,2,0,0,0
02,120250449834830589,ACTIVE,158,14.209999999999999,252,2,6,0,0,0
02,120243276755660065,ACTIVE,500,14.120000000000001,518,7,9,2,1,29.98
02,120247405391800674,ACTIVE,200,14.07,324,15,13,0,0,0
02,120244777802430705,ACTIVE,100,13.52,135,7,9,1,1,29.98
02,120246299672700751,ACTIVE,510,13.48,403,2,5,1,0,0
02,120249107649200126,ACTIVE,100,13.35,264,7,6,1,1,29.98
02,120246991959890177,ACTIVE,87,13.22,185,4,4,0,0,0
02,120249220581040455,ACTIVE,260,13.04,273,8,10,0,0,0
02,120248388520260291,ACTIVE,300,12.87,234,10,7,1,0,0
02,120243593315080146,ACTIVE,248,12.84,261,2,3,0,0,0
02,120250014495990229,ACTIVE,300,12.83,167,6,5,0,0,0
02,120247957196080629,ACTIVE,100,12.82,220,6,6,3,1,89.36999999999999
02,120247066173290752,ACTIVE,300,12.77,346,9,11,2,1,26.979999999999997
02,120248563890830642,ACTIVE,400,12.77,192,6,5,0,0,0
02,120249304487320561,ACTIVE,284,12.649999999999999,478,10,12,1,0,0
02,120248320638870175,ACTIVE,87,12.530000000000001,171,7,9,1,0,0
02,120244963676310686,ACTIVE,500,12.51,262,7,8,0,0,0
02,120247554861630032,ACTIVE,80,12.4,215,5,5,1,0,0
02,120252182229950450,ACTIVE,300,12.399999999999999,251,9,10,1,0,0
02,120248893532100100,ACTIVE,300,12.34,246,5,5,2,2,76.34
02,120245383772400146,ACTIVE,100,12.3,206,5,3,2,1,41.980000000000004
02,120249712410600389,ACTIVE,75,12.26,289,7,8,1,0,0
02,120245172037500146,ACTIVE,210,12.25,358,0,1,0,0,0
02,120251256015310577,ACTIVE,165,12.24,284,5,5,0,0,0
02,120245179332800129,ACTIVE,200,12.22,429,8,9,0,0,0
02,120244431777030751,ACTIVE,800,12.190000000000001,435,9,9,1,0,0
02,120247380153090677,ACTIVE,386,12.14,454,8,10,1,0,0
02,120246638474110175,ACTIVE,725,12,242,4,8,1,2,141.75
02,120250429072770100,ACTIVE,62,11.97,137,0,1,0,0,0
02,120247335070640389,ACTIVE,100,11.9,345,5,6,0,0,0
02,120245469696060686,ACTIVE,100,11.9,211,4,5,0,0,0
02,120246345569010686,ACTIVE,80,11.879999999999999,151,4,2,0,0,0
02,120248893450550642,ACTIVE,200,11.81,395,8,8,0,0,0
02,120244809629940146,ACTIVE,167,11.75,269,3,4,0,0,0
02,120253323555990054,ACTIVE,115,11.66,294,2,1,0,0,0
02,120245694161990686,ACTIVE,100,11.63,128,0,0,0,0,0
02,120247325002770564,ACTIVE,400,11.55,503,14,16,0,0,0
02,120248184540550090,ACTIVE,325,11.52,382,12,13,1,0,0
02,120244761352230455,ACTIVE,528,11.49,347,8,10,1,0,0
02,120244034916020436,ACTIVE,301,11.41,466,8,7,2,1,129.44
02,120247854894140559,ACTIVE,200,11.38,197,6,7,2,2,194.16
02,120248207800710629,ACTIVE,100,11.26,332,4,2,0,0,0
02,120248279285560477,ACTIVE,90,11.25,174,3,5,0,0,0
02,120249729041450065,ACTIVE,94,11.16,171,1,1,0,0,0
02,120249242219810126,ACTIVE,90,11.08,195,5,6,1,0,0
02,120248287670430214,ACTIVE,220,10.979999999999999,263,9,10,2,0,0
02,120248249348420629,ACTIVE,128,10.95,208,4,3,0,0,0
02,120244777802480705,ACTIVE,100,10.87,152,7,8,0,0,0
02,120244813077130146,ACTIVE,500,10.57,249,4,3,1,0,0
02,120249516467230544,ACTIVE,80,10.51,133,3,3,0,0,0
02,120245837898990436,ACTIVE,100,10.32,270,8,7,1,0,0
02,120248194656160006,PAUSED,80,10.239999999999998,132,1,1,0,0,0
02,120246345567150686,ACTIVE,80,10.14,140,3,3,0,0,0
02,120248320638830175,ACTIVE,87,10.1,124,4,3,0,0,0
02,120258095185070586,PAUSED,100,10.08,134,5,5,0,0,0
02,120248166981870509,ACTIVE,243,10.07,298,4,7,0,0,0
02,120246985309150320,ACTIVE,440,10.06,207,5,6,2,1,34.07
02,120248502959590043,ACTIVE,200,10.059999999999999,171,11,13,2,1,39.98
02,120249474040130389,ACTIVE,100,10.05,455,9,10,1,1,21.19
02,120248194846920006,ACTIVE,80,9.98,124,2,3,0,0,0
02,120242301213710065,ACTIVE,550,9.96,481,6,9,1,1,29.980000000000004
02,120248850201850065,ACTIVE,130,9.96,219,3,6,0,0,0
02,120249671720930152,ACTIVE,80,9.95,124,8,6,2,1,86.55
02,120245339157220686,ACTIVE,100,9.92,142,2,2,1,1,29.980000000000004
02,120251425264570709,ACTIVE,80,9.91,139,2,1,0,0,0
02,120246511498780682,ACTIVE,200,9.9,141,6,9,1,2,254.08999999999997
02,120245972443720177,ACTIVE,226,9.86,141,4,5,0,0,0
02,120249712410690389,ACTIVE,75,9.85,237,5,5,1,0,0
02,120250270342280100,ACTIVE,158,9.79,249,5,6,2,1,66.15
02,120250216921880100,ACTIVE,300,9.78,366,6,10,4,2,90.72999999999999
02,120247046282150533,ACTIVE,101,9.77,446,10,13,1,1,24.979999999999997
02,120244963455410686,ACTIVE,80,9.76,124,6,5,0,0,0
02,120248471685020084,ACTIVE,50,9.65,89,4,4,0,0,0
02,120245906725230436,ACTIVE,100,9.620000000000001,325,3,4,0,0,0
02,120235701428400210,ACTIVE,200,9.59,238,8,11,1,0,0
02,120252202866640368,ACTIVE,80,9.48,245,4,4,0,0,0
02,120249748358150589,ACTIVE,147,9.23,262,7,8,0,0,0
02,120246040085600751,ACTIVE,300,9.15,242,7,8,2,1,41.97
02,120248170097870629,ACTIVE,100,9.120000000000001,151,0,0,0,0,0
02,120245891909090125,ACTIVE,200,9.06,269,7,9,1,0,0
02,120249242219710126,ACTIVE,90,8.99,191,3,3,0,0,0
02,120248977397730642,ACTIVE,309,8.98,272,8,6,0,0,0
02,120249610772400374,ACTIVE,80,8.959999999999999,80,0,0,0,0,0
02,120250329792700100,ACTIVE,155,8.92,283,3,4,0,0,0
02,120247547590960642,ACTIVE,229,8.9,201,3,4,0,0,0
02,120248308559800509,ACTIVE,200,8.870000000000001,253,8,10,1,0,0
02,23858073029630799,ACTIVE,350,8.860000000000001,116,9,8,0,0,0
02,120251465994660577,ACTIVE,88,8.8,162,3,2,0,0,0
02,120249589704510152,ACTIVE,270,8.8,335,3,4,0,0,0
02,120245557729330686,ACTIVE,131,8.76,157,8,7,1,1,29.979999999999997
02,120249232068930561,ACTIVE,100,8.75,272,5,5,0,0,0
02,120252248120960722,ACTIVE,40,8.69,86,5,6,0,0,0
02,120250789469770586,ACTIVE,100,8.68,192,3,6,0,0,0
02,120249580311700695,ACTIVE,184,8.57,228,2,2,0,0,0
02,120250942814310577,ACTIVE,100,8.57,240,4,7,0,0,0
02,120248613615540642,ACTIVE,210,8.57,199,3,1,0,0,0
02,120246971854000474,ACTIVE,100,8.56,164,2,3,0,0,0
02,120246957592250177,ACTIVE,100,8.51,176,2,4,1,1,89.94000000000001
02,120251068782080237,ACTIVE,100,8.48,95,1,2,0,0,0
02,120248732700550455,ACTIVE,359,8.45,330,5,4,0,0,0
02,120246991959830177,ACTIVE,87,8.41,180,5,3,0,0,0
02,120248452492430509,ACTIVE,300,8.41,345,6,4,0,0,0
02,120249810423640431,ACTIVE,370,8.39,368,5,7,0,0,0
02,120248207800680629,ACTIVE,100,8.370000000000001,224,3,3,0,0,0
02,120253218017710054,ACTIVE,100,8.370000000000001,131,4,4,1,0,0
02,120250790045220586,ACTIVE,100,8.370000000000001,266,5,5,1,1,50.31
02,120245514271740065,ACTIVE,195,8.34,130,7,7,1,1,85.14999999999999
02,120249729041270065,ACTIVE,94,8.3,186,0,1,0,0,0
02,120241066464020065,ACTIVE,470,8.26,378,2,4,2,2,79.5
02,120242301213170065,ACTIVE,300,8.25,448,5,9,1,1,29.979999999999997
02,120239930892250650,ACTIVE,200,8.22,86,4,4,1,0,0
02,120250285289280319,ACTIVE,320,8.11,272,12,12,0,0,0
02,120246961147480177,ACTIVE,100,8.11,138,5,3,0,1,71.21
02,120247624307750032,ACTIVE,77,8.09,222,6,7,0,0,0
02,120250612473790392,ACTIVE,100,8.04,156,7,6,1,0,0
02,120250386214960100,ACTIVE,138,8.02,269,5,4,0,0,0
02,120247296233760320,ACTIVE,155,8.01,198,7,7,3,2,68.14
02,120250337858370100,ACTIVE,300,8,241,8,8,5,1,52.56
02,120247497523360320,ACTIVE,107,7.99,284,4,3,1,1,82.02
02,120244824816070686,ACTIVE,80,7.98,121,4,4,0,0,0
02,120247497524000320,ACTIVE,107,7.960000000000001,223,2,3,0,0,0
02,120247085686400320,ACTIVE,131,7.92,217,7,6,0,0,0
02,120250296395520100,ACTIVE,300,7.890000000000001,303,4,6,0,0,0
02,120252460811520404,ACTIVE,100,7.880000000000001,42,3,3,0,0,0
02,120246791587200455,ACTIVE,100,7.88,148,0,3,1,1,84.37
02,120250011342400589,ACTIVE,500,7.859999999999999,218,4,5,1,1,49.519999999999996
02,120245837627100436,ACTIVE,100,7.83,349,9,9,0,0,0
02,120246100871360533,ACTIVE,131,7.789999999999999,339,5,5,0,0,0
02,120249135138850389,ACTIVE,100,7.77,355,10,9,1,0,0
02,120245320116510129,ACTIVE,150,7.750000000000001,258,9,8,0,0,0
02,120251983007570368,ACTIVE,80,7.739999999999999,142,3,2,0,0,0
02,120245031811820436,ACTIVE,126,7.72,343,6,8,0,0,0
02,120245266826770146,ACTIVE,100,7.72,184,6,5,0,0,0
02,120245306349070462,ACTIVE,100,7.7,168,7,10,0,0,0
02,120248568552360090,ACTIVE,80,7.68,90,7,6,0,0,0
02,120246124304940436,ACTIVE,124,7.67,320,6,8,1,0,0
02,120246660415710177,ACTIVE,100,7.67,163,5,7,0,0,0
02,120245380137820707,ACTIVE,200,7.65,174,5,8,0,0,0
02,120244794017770320,ACTIVE,120,7.62,305,9,9,1,0,0
02,120242883956790544,ACTIVE,150,7.62,324,6,6,0,0,0
02,120251068782150237,ACTIVE,100,7.58,78,2,3,0,0,0
02,120245383772560146,ACTIVE,100,7.57,233,0,1,0,0,0
02,120249610130740065,ACTIVE,382,7.539999999999999,220,3,4,0,0,0
02,120248464770270509,ACTIVE,100,7.5,186,5,3,1,1,130.87
02,120250877852440057,ACTIVE,100,7.319999999999999,49,3,3,1,1,73.42
02,120250403419350725,ACTIVE,100,7.289999999999999,255,6,6,2,1,133.32
02,120249516106810544,ACTIVE,80,7.23,234,2,2,0,0,0
02,120249414021330561,ACTIVE,100,7.1899999999999995,593,3,2,0,0,0
02,120246124304970436,ACTIVE,124,7.17,305,5,3,1,1,41.98
02,120258922417790586,ACTIVE,100,7.16,250,7,8,0,0,0
02,120249247871220425,ACTIVE,90,7.1499999999999995,119,0,1,1,1,39.980000000000004
02,120235701428420210,ACTIVE,200,7.14,180,6,7,1,1,41.98
02,120249414020610561,ACTIVE,100,7.08,886,5,4,0,0,0
02,120250296535810100,ACTIVE,300,7.0600000000000005,218,5,4,0,0,0
02,120248598576010303,ACTIVE,150,7.010000000000001,200,7,10,1,1,92.99000000000001
02,120249135138590389,ACTIVE,112,6.9399999999999995,284,6,4,0,0,0
02,120247303210460752,ACTIVE,300,6.920000000000001,228,3,4,0,0,0
02,120249516180250544,ACTIVE,80,6.92,208,3,3,0,0,0
02,120250014656120229,ACTIVE,60,6.89,97,0,2,0,0,0
02,120250156416670100,ACTIVE,300,6.83,296,6,6,0,0,0
02,120244733135910705,ACTIVE,100,6.83,83,2,3,1,1,29.979999999999997
02,120250181260290229,ACTIVE,80,6.82,87,1,1,0,0,0
02,120249610130820065,ACTIVE,94,6.77,138,3,3,0,0,0
02,120247041421470241,ACTIVE,200,6.73,247,5,6,0,0,0
02,120249903653910695,ACTIVE,80,6.68,148,2,2,0,0,0
02,120249516466840544,ACTIVE,80,6.68,198,2,3,1,1,47.52
02,120246180858540686,ACTIVE,101,6.609999999999999,139,1,5,0,0,0
02,120247624307770032,ACTIVE,77,6.57,203,4,4,1,1,24.98
02,120249671961090152,ACTIVE,80,6.55,204,2,3,0,0,0
02,120246755850270533,ACTIVE,101,6.529999999999999,390,9,11,2,1,24.979999999999997
02,120246956253430177,ACTIVE,100,6.52,119,4,5,0,0,0
02,120242031621370065,ACTIVE,229,6.5,201,3,4,0,0,0
02,120247150219590533,ACTIVE,90,6.43,274,5,4,1,0,0
02,120246808388750320,ACTIVE,270,6.43,230,4,2,0,0,0
02,120248332283150708,ACTIVE,133,6.4,133,1,2,0,0,0
02,120244430700860708,ACTIVE,552,6.4,159,4,3,1,0,0
02,120251280446770722,ACTIVE,80,6.32,88,1,2,1,0,0
02,120249344116310065,ACTIVE,100,6.29,94,3,6,0,0,0
02,120249468033340389,ACTIVE,100,6.28,165,0,4,0,0,0
02,120247189109490707,ACTIVE,200,6.28,161,4,7,1,0,0
02,120250270945240663,ACTIVE,80,6.25,116,7,7,1,0,0
02,120249474201110389,ACTIVE,100,6.24,175,5,5,0,0,0
02,120250480128780392,ACTIVE,100,6.18,102,4,4,0,0,0
02,120252584622890404,ACTIVE,50,6.109999999999999,69,3,3,1,1,97.96
02,120250613049530392,ACTIVE,100,6.03,91,6,6,0,0,0
02,120247377722540477,ACTIVE,105,6.03,65,1,1,0,0,0
02,120245899907660065,ACTIVE,115,6.03,72,6,4,0,0,0
02,120249573023870116,ACTIVE,101,6.029999999999999,134,6,4,1,1,39.98
02,120246676754100650,ACTIVE,100,5.98,66,2,1,1,1,61.56999999999999
02,120248517847670090,ACTIVE,666,5.970000000000001,201,4,5,0,0,0
02,120246670033370677,ACTIVE,369,5.9,112,0,2,0,0,0
02,120247150219620533,ACTIVE,90,5.88,247,3,3,0,0,0
02,120247253400970320,ACTIVE,100,5.800000000000001,302,5,6,0,0,0
02,120244761869100436,ACTIVE,100,5.75,286,3,4,0,0,0
02,120250480129310392,ACTIVE,100,5.75,81,2,1,0,0,0
02,120248078229420043,ACTIVE,400,5.67,71,6,5,0,0,0
02,120247431629500707,ACTIVE,271,5.67,121,5,6,1,0,0
02,120250228075020565,ACTIVE,100,5.66,90,1,1,0,0,0
02,120245942236800686,ACTIVE,150,5.66,133,4,5,1,1,29.979999999999997
02,120246843188440752,ACTIVE,100,5.65,172,5,4,1,0,0
02,120249671851220152,ACTIVE,80,5.65,210,2,3,0,0,0
02,120246178929760752,ACTIVE,300,5.630000000000001,156,3,3,0,0,0
02,120248274792600090,ACTIVE,243,5.54,87,0,2,0,0,0
02,120250092640150663,ACTIVE,120,5.5200000000000005,71,4,4,0,0,0
02,120249516180210544,ACTIVE,80,5.48,221,1,1,0,0,0
02,120249107449180469,ACTIVE,100,5.43,115,7,7,1,0,0
02,120249008737320561,ACTIVE,70,5.31,125,1,1,0,0,0
02,120248471342150084,ACTIVE,50,5.3,63,2,2,0,0,0
02,120248539964750462,ACTIVE,60,5.24,97,6,5,0,0,0
02,120246865117370320,ACTIVE,170,5.2,143,1,2,0,0,0
02,120242709811040544,ACTIVE,80,5.17,184,1,4,0,0,0
02,120246808176070320,ACTIVE,120,5.09,144,1,1,0,0,0
02,120248306696030509,ACTIVE,176,5.09,231,2,5,0,0,0
02,120248427377090214,ACTIVE,130,5.07,122,4,5,0,0,0
02,120247872407610477,ACTIVE,100,5.05,68,1,2,0,0,0
02,120251929583050651,ACTIVE,80,5.04,185,3,3,0,0,0
02,120246291786180686,ACTIVE,276,4.96,71,2,3,1,1,29.979999999999997
02,120249286765290368,ACTIVE,80,4.94,166,3,3,0,0,0
02,120245387614600129,ACTIVE,80,4.92,142,2,2,0,0,0
02,120247319362190032,ACTIVE,100,4.88,154,2,5,0,0,0
02,120246931507190320,ACTIVE,120,4.859999999999999,176,1,2,0,0,0
02,120245279091880436,ACTIVE,100,4.84,253,5,5,0,0,0
02,120246471244730065,ACTIVE,229,4.83,127,1,1,0,0,0
02,120245899907890065,ACTIVE,115,4.83,102,3,3,2,0,0
02,120248442764270509,ACTIVE,100,4.8100000000000005,175,3,2,0,0,0
02,120248471342270084,ACTIVE,50,4.8,58,3,3,0,0,0
02,120250429106170100,ACTIVE,89,4.77,143,0,1,0,0,0
02,120245044044870686,ACTIVE,150,4.74,114,2,1,0,0,0
02,120247105534220320,ACTIVE,100,4.74,161,5,6,0,0,0
02,120246928447770752,ACTIVE,100,4.73,135,5,5,0,0,0
02,120246827300650780,ACTIVE,80,4.69,243,7,5,1,0,0
02,120248471685070084,ACTIVE,50,4.66,41,1,2,0,0,0
02,120245346459390436,ACTIVE,100,4.64,209,6,8,0,0,0
02,120252083857520368,ACTIVE,60,4.63,132,2,2,0,0,0
02,120245329017710146,ACTIVE,100,4.62,110,6,6,1,1,75.21
02,120244689534040708,ACTIVE,155,4.61,79,6,5,0,0,0
02,120250623729250057,ACTIVE,300,4.61,41,2,3,0,0,0
02,120250447195790100,ACTIVE,100,4.6,97,2,2,0,0,0
02,120250228075050565,ACTIVE,100,4.6,97,0,0,0,0,0
02,120248935062690126,ACTIVE,154,4.54,112,0,1,0,0,0
02,120249263984640425,ACTIVE,170,4.529999999999999,123,0,0,1,1,63.97
02,120250585672760725,ACTIVE,100,4.5200000000000005,48,3,2,0,0,0
02,120249300729750589,ACTIVE,100,4.49,127,4,3,0,0,0
02,120249120674110404,ACTIVE,300,4.49,116,1,2,0,0,0
02,120248416746740708,ACTIVE,200,4.49,178,0,1,0,0,0
02,120246299672740751,ACTIVE,300,4.45,110,4,5,3,2,66.95
02,120250299563240725,ACTIVE,100,4.44,137,3,3,0,0,0
02,120248330641110509,ACTIVE,100,4.43,197,2,4,0,0,0
02,120245905953240436,ACTIVE,100,4.38,168,1,3,0,0,0
02,120244486723120436,ACTIVE,100,4.38,231,4,6,0,0,0
02,120244418309490436,ACTIVE,100,4.38,183,3,4,0,0,0
02,120250270945270663,ACTIVE,150,4.32,87,0,0,0,0,0
02,120248495931290509,ACTIVE,100,4.31,215,1,2,0,0,0
02,120240258763950179,ACTIVE,200,4.22,234,9,8,0,0,0
02,120245331619190129,ACTIVE,100,4.1,87,4,5,0,0,0
02,120244618043630436,ACTIVE,100,4.08,186,6,8,3,3,241.41
02,120244302719050146,ACTIVE,100,4.05,73,1,1,0,0,0
02,120251412553340368,ACTIVE,150,4.04,141,1,1,0,0,0
02,120246479062780133,ACTIVE,100,4.04,69,1,1,0,0,0
02,120247614409790674,ACTIVE,150,4.0200000000000005,109,3,3,0,0,0
02,120250447195810100,ACTIVE,100,4.02,111,2,3,0,0,0
02,120248471525310084,ACTIVE,50,4.01,48,0,1,0,0,0
02,120248424748630214,ACTIVE,130,3.99,73,1,1,0,0,0
02,120247210155820474,ACTIVE,80,3.98,105,2,3,0,0,0
02,120248734905220544,ACTIVE,80,3.91,87,2,4,0,0,0
02,120248496485910509,ACTIVE,100,3.9,137,1,1,0,0,0
02,120259048667380586,ACTIVE,30,3.85,107,2,2,0,0,0
02,120245387614550129,ACTIVE,80,3.84,97,2,2,0,0,0
02,120244686931590705,ACTIVE,100,3.8099999999999996,87,4,4,0,0,0
02,120246525961650682,ACTIVE,100,3.79,67,3,3,0,0,0
02,120245923045620168,ACTIVE,100,3.77,62,1,1,0,0,0
02,120249819292400663,ACTIVE,100,3.76,67,1,1,0,0,0
02,120249100983530561,ACTIVE,250,3.68,91,0,0,0,0,0
02,120244270293390320,ACTIVE,120,3.67,118,4,7,0,0,0
02,120249730950240229,ACTIVE,60,3.5999999999999996,93,3,4,0,0,0
02,120248569897330090,ACTIVE,80,3.5900000000000003,60,0,1,1,1,25.98
02,120252205832760166,ACTIVE,20,3.58,55,0,0,0,0,0
02,120252158322580651,ACTIVE,80,3.56,71,1,1,0,0,0
02,120246733901990065,ACTIVE,80,3.5500000000000003,78,2,2,0,0,0
02,120244164847370788,ACTIVE,30,3.54,62,1,3,0,0,0
02,120253122295100210,ACTIVE,80,3.5300000000000002,100,1,2,0,0,0
02,120251701953330054,ACTIVE,100,3.5200000000000005,77,2,3,0,0,0
02,120247554861570032,ACTIVE,80,3.48,91,1,1,0,0,0
02,120248336280980090,ACTIVE,167,3.44,81,0,0,0,0,0
02,120249076026100642,ACTIVE,120,3.4299999999999997,94,1,0,0,0,0
02,120245516609390788,ACTIVE,20,3.42,86,1,2,0,0,0
02,120246299672680751,ACTIVE,115,3.41,89,6,7,0,0,0
02,23858399785230799,ACTIVE,100,3.4,84,2,2,1,0,0
02,120249237052730564,ACTIVE,80,3.39,78,2,3,0,0,0
02,120248574839520695,ACTIVE,350,3.37,140,3,3,0,0,0
02,120251997651590404,ACTIVE,100,3.3600000000000003,50,0,5,1,0,0
02,120248739125830303,ACTIVE,50,3.32,58,2,3,1,1,43.97
02,120249020749590065,ACTIVE,50,3.3,79,1,2,1,1,49.52
02,120246471244780065,ACTIVE,229,3.29,111,0,0,0,0,0
02,120250445767170166,ACTIVE,20,3.2800000000000002,61,0,0,0,0,0
02,120251788791190404,ACTIVE,150,3.26,64,0,2,1,0,0
02,120246513499500780,ACTIVE,80,3.26,69,1,3,0,0,0
02,120247866597170389,ACTIVE,300,3.23,100,4,4,1,0,0
02,120246983939560320,ACTIVE,100,3.19,101,2,3,0,0,0
02,120248471525150084,ACTIVE,50,3.17,48,1,1,0,0,0
02,120247983277080167,ACTIVE,80,3.16,62,7,5,1,0,0
02,120248077222780477,ACTIVE,100,3.15,49,0,2,0,0,0
02,120252205063890166,ACTIVE,20,3.1399999999999997,46,3,1,0,0,0
02,120247983232350167,ACTIVE,80,3.12,43,0,0,0,0,0
02,120251063106910166,ACTIVE,20,3.11,83,2,2,0,0,0
02,120250112679260229,ACTIVE,60,3.1,35,0,0,0,0,0
02,120252584622860404,ACTIVE,50,3.09,55,3,1,1,1,41.980000000000004
02,120245266852790146,ACTIVE,100,3.09,71,1,1,0,0,0
02,120250586322820725,ACTIVE,100,3.05,115,3,2,0,0,0
02,120251789041250404,ACTIVE,100,3.0200000000000005,54,1,1,0,0,0
02,120250079096940127,ACTIVE,100,3,61,1,3,0,0,0
02,120245327669090320,ACTIVE,120,2.97,96,1,1,0,0,0
02,120245264320780129,ACTIVE,100,2.97,77,1,2,0,0,0
02,120245987269690436,ACTIVE,124,2.95,153,4,6,1,1,41.98
02,6973002165426,ACTIVE,50,2.95,53,0,0,0,0,0
02,120245514271720065,ACTIVE,115,2.9499999999999997,68,2,2,0,0,0
02,120246733877000065,ACTIVE,80,2.94,81,2,2,0,0,0
02,120246294828630686,ACTIVE,80,2.9299999999999997,50,1,2,0,0,0
02,120259199912530586,ACTIVE,30,2.87,97,0,0,0,0,0
02,120248492410110561,ACTIVE,280,2.87,144,3,3,1,0,0
02,120252256329710450,ACTIVE,80,2.85,44,0,0,0,0,0
02,120248064986340303,ACTIVE,80,2.85,84,5,4,0,0,0
02,120251109241560577,ACTIVE,100,2.8200000000000003,119,5,7,0,0,0
02,120248569427530090,PAUSED,80,2.82,38,0,0,0,0,0
02,120245251316060477,ACTIVE,100,2.77,55,0,0,0,0,0
02,120248082904030663,ACTIVE,150,2.7600000000000002,66,3,2,0,0,0
02,120247981166240090,ACTIVE,100,2.75,26,0,1,0,0,0
02,120251351288690577,ACTIVE,264,2.75,113,3,4,0,1,122.52000000000001
02,120259199910770586,ACTIVE,30,2.74,128,0,0,0,0,0
02,120249111980100065,ACTIVE,100,2.74,90,1,3,0,0,0
02,120246023777450751,ACTIVE,300,2.71,75,1,1,0,0,0
02,120248249192300509,ACTIVE,150,2.71,114,3,2,0,0,0
02,120246440557020780,ACTIVE,80,2.66,45,2,1,0,0,0
02,120250186073630319,ACTIVE,100,2.66,116,0,1,0,0,0
02,120245980788570752,ACTIVE,100,2.65,58,0,1,1,1,42.970000000000006
02,120248569427510090,ACTIVE,80,2.6299999999999994,25,0,1,0,0,0
02,120246947981930126,ACTIVE,80,2.62,68,3,3,0,0,0
02,120245868869560788,ACTIVE,30,2.59,43,0,0,0,0,0
02,120246733876960065,ACTIVE,80,2.5100000000000002,57,0,0,0,0,0
02,120250356640970100,ACTIVE,50,2.51,33,2,4,0,0,0
02,120252401981500709,ACTIVE,80,2.5,71,4,5,0,0,0
02,120245218353240788,ACTIVE,30,2.47,60,1,0,0,0,0
02,120250629224620319,ACTIVE,100,2.4699999999999998,93,2,1,1,1,37
02,120247426861210031,ACTIVE,80,2.45,52,1,1,0,0,0
02,120250519148850127,ACTIVE,100,2.4499999999999997,64,1,2,1,0,0
02,120250356712410100,ACTIVE,50,2.42,66,4,4,1,1,26.97
02,120246024108390751,ACTIVE,300,2.4,74,0,0,0,0,0
02,120250112691700229,ACTIVE,60,2.3899999999999997,62,3,4,0,0,0
02,120250181206510229,ACTIVE,80,2.37,73,1,1,0,0,0
02,120246737185780177,ACTIVE,100,2.34,33,0,3,1,0,0
02,120246309078080032,ACTIVE,100,2.34,78,1,1,0,0,0
02,120246440355140780,ACTIVE,80,2.33,51,2,1,0,0,0
02,120249325405270389,ACTIVE,100,2.27,111,4,5,0,0,0
02,120248151966110006,ACTIVE,80,2.27,46,0,1,0,0,0
02,120249463026540469,ACTIVE,100,2.26,58,1,1,0,0,0
02,120248800114620303,ACTIVE,40,2.25,99,1,2,0,0,0
02,120249121356900642,ACTIVE,123,2.24,43,0,1,0,0,0
02,120246299721450751,ACTIVE,195,2.24,57,1,1,0,0,0
02,120247735987750097,ACTIVE,50,2.22,82,1,1,0,0,0
02,120248128901930175,ACTIVE,114,2.2,255,3,4,0,0,0
02,120244242496990780,ACTIVE,100,2.1900000000000004,49,0,0,0,0,0
02,120246901356650172,ACTIVE,50,2.16,54,1,1,0,0,0
02,120246928620620752,ACTIVE,100,2.14,50,2,2,0,0,0
02,120249005372660589,ACTIVE,100,2.11,30,0,0,0,0,0
02,120251214911160279,ACTIVE,80,2.02,30,1,2,0,0,0
02,120246733902040065,ACTIVE,80,2.01,55,2,3,0,0,0
02,120250726239420127,ACTIVE,100,1.99,31,0,3,0,0,0
02,120248569897400090,ACTIVE,80,1.9899999999999998,22,1,1,0,0,0
02,120244761091850146,ACTIVE,100,1.95,51,0,0,0,0,0
02,120249238610320065,ACTIVE,80,1.95,65,0,0,0,0,0
02,120248072969470389,ACTIVE,100,1.91,65,0,2,0,0,0
02,120249285560020695,ACTIVE,150,1.89,54,1,2,0,0,0
02,120252594940370166,ACTIVE,20,1.88,28,0,0,0,0,0
02,120246294871370686,ACTIVE,80,1.86,26,1,0,0,0,0
02,120252589978050166,ACTIVE,20,1.82,68,1,1,0,0,0
02,120247137870290032,ACTIVE,100,1.8,76,0,0,0,0,0
02,23858399785300799,ACTIVE,100,1.8,50,2,2,0,0,0
02,120245889270610065,ACTIVE,40,1.79,51,1,1,0,0,0
02,120250300134920725,ACTIVE,100,1.7599999999999998,63,1,1,0,0,0
02,120248170232840041,ACTIVE,80,1.6800000000000002,51,1,2,0,0,0
02,120248563890890642,ACTIVE,200,1.67,47,1,1,0,0,0
02,120248560991980642,ACTIVE,109,1.66,61,1,1,0,0,0
02,120252191525360210,ACTIVE,100,1.6,53,0,1,0,0,0
02,120246921246130533,ACTIVE,100,1.48,61,2,4,1,1,25.97
02,120249861202960589,ACTIVE,200,1.4600000000000002,58,1,1,1,1,67.91
02,120245260142700146,ACTIVE,100,1.45,58,2,2,0,0,0
02,120249276093860168,ACTIVE,99,1.42,36,1,1,0,0,0
02,120248227096110465,ACTIVE,11,1.42,64,0,0,0,0,0
02,120246466273450630,ACTIVE,70,1.4,43,3,3,0,0,0
02,120248415387920090,ACTIVE,246,1.39,51,0,1,0,0,0
02,120251210404530057,ACTIVE,100,1.38,16,1,1,0,0,0
02,120252589978110166,ACTIVE,20,1.36,37,0,0,0,0,0
02,120250210018830100,ACTIVE,300,1.35,54,0,0,0,0,0
02,120249020749560065,ACTIVE,50,1.33,48,2,0,0,0,0
02,120247223966660470,ACTIVE,50,1.32,34,0,0,0,0,0
02,120247519982390097,ACTIVE,108,1.3,42,0,1,0,0,0
02,120244924434950146,ACTIVE,100,1.28,71,1,1,0,0,0
02,120245689540550436,ACTIVE,115,1.28,71,0,0,0,0,0
02,120248424742670214,ACTIVE,130,1.26,42,1,2,0,0,0
02,120249229589770695,ACTIVE,350,1.2400000000000002,50,0,1,0,0,0
02,120251354404600722,ACTIVE,80,1.21,34,1,1,0,0,0
02,120248564195910090,ACTIVE,124,1.19,6,0,0,0,0,0
02,120250356570030100,ACTIVE,50,1.18,38,6,2,0,0,0
02,120250586047790725,ACTIVE,100,1.1500000000000001,19,2,1,0,1,68.56
02,120247735898240097,ACTIVE,40,1.1400000000000001,26,0,0,0,0,0
02,6998743229226,ACTIVE,50,1.1300000000000001,40,1,1,0,0,0
02,120247775015280090,ACTIVE,102,1.11,25,0,0,0,0,0
02,120246479174050133,ACTIVE,100,1.1099999999999999,32,2,2,0,0,0
02,120248924408910544,ACTIVE,140,1.07,43,0,1,1,0,0
02,120245889270720065,ACTIVE,40,1.06,43,0,0,0,0,0
02,120235336090360210,ACTIVE,200,1.06,36,0,0,0,0,0
02,120247924205270214,ACTIVE,65,1.03,20,0,0,0,0,0
02,120248416747190708,ACTIVE,156,1.01,32,0,1,0,0,0
02,120247215908320172,ACTIVE,50,1,10,0,2,0,0,0
02,120252534408040404,ACTIVE,160,0.99,18,0,2,0,0,0
02,120249447976460374,ACTIVE,80,0.98,46,1,1,0,0,0
02,120248304803930065,ACTIVE,50,0.97,28,1,2,0,0,0
02,120251979136820210,ACTIVE,100,0.94,12,0,0,0,0,0
02,120244813179240146,ACTIVE,100,0.93,48,0,0,0,0,0
02,120250586076530725,ACTIVE,100,0.9199999999999999,19,1,0,0,0,0
02,120249553547110663,ACTIVE,200,0.91,20,0,0,0,0,0
02,120248800208810303,ACTIVE,40,0.8300000000000001,24,2,2,0,0,0
02,120247735805910097,ACTIVE,40,0.8300000000000001,19,0,0,0,0,0
02,120249999663760100,ACTIVE,100,0.83,36,1,2,0,0,0
02,120246107904230686,ACTIVE,80,0.8099999999999999,23,0,0,0,0,0
02,120248493682120090,ACTIVE,130,0.8,24,2,2,1,1,43.82
02,120248151909020006,ACTIVE,80,0.7899999999999999,23,1,1,0,0,0
02,120246680736770533,ACTIVE,100,0.77,47,0,2,0,0,0
02,120245257768380146,ACTIVE,100,0.77,18,0,1,0,0,0
02,120247735876000097,ACTIVE,40,0.76,22,1,1,0,0,0
02,120243063569770146,ACTIVE,117,0.71,20,0,1,0,0,0
02,120248447974370043,ACTIVE,120,0.7,10,0,1,0,0,0
02,120246770835970175,ACTIVE,155,0.69,23,0,0,0,0,0
02,120252598297590166,ACTIVE,20,0.68,27,0,0,0,0,0
02,120249175354060126,ACTIVE,100,0.68,13,0,0,0,0,0
02,120252460811580404,ACTIVE,100,0.6699999999999999,25,1,1,0,0,0
02,120248249737920509,ACTIVE,100,0.66,20,0,0,0,0,0
02,120251997719170404,ACTIVE,100,0.64,22,1,1,0,0,0
02,120247228325210474,ACTIVE,80,0.64,20,1,1,0,0,0
02,120248885568260126,ACTIVE,80,0.62,33,2,2,0,0,0
02,120243892555480490,ACTIVE,30,0.61,10,0,0,0,0,0
02,120245481989400065,ACTIVE,40,0.6000000000000001,30,0,0,0,0,0
02,120248922585490210,ACTIVE,200,0.5800000000000001,42,1,1,0,0,0
02,120249325405290389,ACTIVE,100,0.52,23,0,1,0,0,0
02,120245266852860146,ACTIVE,100,0.51,16,0,1,0,0,0
02,120243892590430490,ACTIVE,30,0.45999999999999996,12,1,1,0,0,0
02,120244928009900146,ACTIVE,212,0.45,25,0,0,0,0,0
02,120250585924550725,ACTIVE,100,0.41,17,0,1,0,0,0
02,120246961087240177,ACTIVE,100,0.4,9,1,2,0,0,0
02,120246927688390177,ACTIVE,88,0.4,5,0,0,0,0,0
02,120247215908240172,ACTIVE,50,0.35,10,0,0,0,0,0
02,120242746886630788,ACTIVE,20,0.35,2,0,0,0,0,0
02,120248304056960090,ACTIVE,177,0.34,18,0,0,0,0,0
02,120249470287060544,ACTIVE,80,0.33999999999999997,12,0,0,0,0,0
02,120246291786110686,ACTIVE,80,0.33,5,0,0,0,0,0
02,120248228345780043,ACTIVE,150,0.32,14,0,1,0,0,0
02,120247245979210389,ACTIVE,100,0.32,8,1,1,0,0,0
02,120246180858520686,ACTIVE,100,0.32,13,0,0,0,0,0
02,120248177990120477,PAUSED,100,0.31,7,1,1,0,0,0
02,120250586323230725,ACTIVE,100,0.30000000000000004,11,0,0,0,0,0
02,120245689540450436,ACTIVE,120,0.3,20,0,1,0,0,0
02,120247514292960590,PAUSED,80,0.3,27,0,0,0,0,0
02,120252069258690722,PAUSED,80,0.28,8,0,0,0,0,0
02,120249823132410048,ACTIVE,100,0.28,12,0,3,0,1,66.02000000000001
02,120245031641660146,ACTIVE,105,0.27,3,0,0,0,0,0
02,120248304803400065,ACTIVE,50,0.26,5,0,0,0,0,0
02,120248735036530642,ACTIVE,656,0.26,9,0,0,0,0,0
02,120249660368160389,ACTIVE,76,0.25,11,0,0,0,0,0
02,120248623149560090,ACTIVE,125,0.23,3,0,1,0,0,0
02,120249501538610065,ACTIVE,161,0.22999999999999998,9,0,0,0,0,0
02,120246243213280686,ACTIVE,154,0.21000000000000002,7,0,0,0,0,0
02,120248428303370214,ACTIVE,50,0.2,4,0,0,0,0,0
02,120249258523200469,ACTIVE,100,0.19,9,0,0,0,0,0
02,120246098209220686,ACTIVE,100,0.19,8,1,2,0,0,0
02,120259130701860586,ACTIVE,30,0.18,4,1,1,0,0,0
02,120249121356880642,ACTIVE,123,0.18,9,0,0,0,0,0
02,120246058017970436,ACTIVE,124,0.17,10,0,0,0,0,0
02,120245481989440065,ACTIVE,40,0.16,19,0,0,0,0,0
02,120248800178510303,ACTIVE,40,0.15000000000000002,6,0,0,0,0,0
02,120248735036310642,ACTIVE,100,0.14,5,0,1,0,0,0
02,120247104183560533,ACTIVE,71,0.13,10,0,0,0,0,0
02,120248764599250589,ACTIVE,100,0.11,9,0,0,0,0,0
02,120250585951520725,ACTIVE,100,0.09999999999999999,5,0,0,0,0,0
02,120248564196050090,ACTIVE,124,0.08,3,0,0,0,0,0
02,120249772402680695,ACTIVE,80,0.08,2,0,0,0,0,0
02,120259130701580586,ACTIVE,30,0.07,6,0,0,0,0,0
02,120249238610510065,ACTIVE,80,0.060000000000000005,3,0,0,0,0,0
02,120252590102520166,ACTIVE,15,0.06,1,0,0,0,0,0
02,120249059132490642,ACTIVE,685,0.06,5,0,0,0,0,0
02,120249823132440048,ACTIVE,100,0.05,3,0,0,0,0,0
02,120251788886810404,ACTIVE,100,0.02,2,0,1,0,0,0
02,120252459945290450,ACTIVE,60,0.02,1,0,1,0,0,0
02,120247200503920320,ACTIVE,1,0.01,2,0,0,0,0,0
02,120255933907170197,PAUSED,80,0.01,1,0,0,0,0,0
02,120250353178530351,ACTIVE,80,0,0,0,0,0,0,0
02,120252920297380210,PAUSED,720,0,0,0,1,0,0,0
02,120247410623640470,ACTIVE,5,0,0,0,0,0,0,0
02,120247410623510470,ACTIVE,5,0,0,0,0,0,0,0
02,120247410623490470,ACTIVE,5,0,0,0,0,0,0,0
02,120247410623460470,ACTIVE,5,0,0,0,0,0,0,0
02,120255933907180197,PAUSED,80,0,1,0,0,0,0,0
02,120247762435840509,PAUSED,422,0,0,0,0,0,0,0
02,120252229214490368,ACTIVE,50,0,0,0,0,0,0,0
02,120258931690100586,PAUSED,100,0,0,0,0,1,1,49.370000000000005
02,120252229214430368,ACTIVE,50,0,0,0,0,0,0,0
02,120246273720740455,PAUSED,2760,0,0,0,1,1,1,34.95
02,120249463170390469,ACTIVE,80,0,0,0,0,0,0,0
02,120250656662350589,ACTIVE,170,0,0,0,0,0,0,0
02,120259206867480586,PAUSED,30,0,0,0,0,0,0,0
02,120259206867820586,PAUSED,30,0,0,0,0,0,0,0
02,120259206974090586,ACTIVE,30,0,0,0,0,0,0,0
02,120259206976580586,ACTIVE,30,0,0,0,0,0,0,0
02,120259207086820586,PAUSED,30,0,0,0,0,0,0,0
02,120259207086880586,PAUSED,30,0,0,0,0,0,0,0
02,120259207710420586,ACTIVE,30,0,0,0,0,0,0,0
02,120259207712190586,ACTIVE,30,0,0,0,0,0,0,0
02,120249815549060695,ACTIVE,100,0,0,0,1,0,0,0
02,120250353178250351,ACTIVE,80,0,9,0,1,0,0,0
02,120251142479090019,PAUSED,50,0,0,0,1,0,0,0
02,120249572579320354,ACTIVE,80,0,0,0,0,0,0,0
02,120248561472190043,ACTIVE,80,0,0,0,0,0,0,0
02,120249572579360354,ACTIVE,80,0,0,0,0,0,0,0
02,120249577902930487,ACTIVE,80,0,0,0,0,0,0,0
02,120246658595190780,PAUSED,80,0,2,0,0,0,0,0
02,120249577902990487,ACTIVE,80,0,0,0,0,0,0,0
02,120252595965290166,ACTIVE,20,0,1,0,0,0,0,0
03,120247136451350725,ACTIVE,2000,111.58,4774,62,73,6,4,234.65999999999997
03,120245087420500146,ACTIVE,1000,83.17,2567,53,48,4,1,43.72
03,120249177863580455,ACTIVE,658,80.53999999999999,2230,53,56,5,4,216.18
03,120244823852300686,ACTIVE,883,78.95,1324,34,40,4,1,29.979999999999997
03,120249577930270487,ACTIVE,80,74.43,1454,28,28,2,0,0
03,120245282912580630,ACTIVE,750,72.38,1647,53,47,3,2,97.44
03,120248499654060043,ACTIVE,450,58.42999999999999,1029,41,39,7,5,200.10999999999999
03,120244079033450320,ACTIVE,600,53.52,2229,35,41,3,0,0
03,120250509772640725,ACTIVE,1000,51.98,2176,35,48,3,1,49.370000000000005
03,120249287169520455,ACTIVE,516,51.56,1667,42,41,3,2,119.32
03,120248166981820509,ACTIVE,709,49.64,2253,36,39,6,4,141.41
03,120246828454030629,ACTIVE,683,49.18,1058,29,32,3,1,135.8
03,120245334049460065,ACTIVE,680,49.120000000000005,933,30,35,4,1,29.98
03,120243986668280589,ACTIVE,800,48.97,1427,18,25,3,3,129.01
03,120249577930200487,PAUSED,80,48.949999999999996,999,11,11,1,0,0
03,120249172433610425,ACTIVE,475,48.85,1023,31,25,4,1,39.98
03,120249372477220229,ACTIVE,299,48.78,974,35,37,4,2,59.96
03,120245334049540065,ACTIVE,510,47.26,835,39,45,6,2,79.5
03,120246058017990436,ACTIVE,388,46.769999999999996,1488,23,25,2,3,152.19000000000003
03,120249222252410065,ACTIVE,383,42.760000000000005,1334,21,21,2,1,29.98
03,120244164741820146,ACTIVE,391,42.65,1154,20,26,2,0,0
03,120244963676310686,ACTIVE,500,42.480000000000004,846,18,27,3,3,132.42
03,120248722531060455,ACTIVE,394,41.78,1409,24,24,2,0,0
03,120243276755660065,ACTIVE,500,41.019999999999996,1590,21,25,6,2,97.87
03,120244349823030686,ACTIVE,264,40.75,748,17,18,2,2,122.41999999999999
03,120245882219820678,ACTIVE,354,39.75,822,21,22,4,2,79.96000000000001
03,120252064052550709,ACTIVE,500,39.7,668,14,12,1,1,46.37
03,120244761352230455,ACTIVE,528,38.83,1166,24,33,3,1,34.95
03,120250014496850229,ACTIVE,600,38.74,848,16,26,1,0,0
03,120249020782530389,ACTIVE,300,37.730000000000004,1319,51,47,7,1,34.86
03,120248889381040455,ACTIVE,395,37.58,1931,24,17,0,0,0
03,120250014495990229,ACTIVE,300,35.66,511,14,14,1,1,49.97
03,120246299672700751,ACTIVE,510,35.58,1237,15,24,3,0,0
03,120247389999270241,ACTIVE,460,34.46,1876,31,33,0,0,0
03,120245262034660146,ACTIVE,500,32.980000000000004,1279,28,34,7,4,265.89
03,120242301213710065,ACTIVE,550,32.92,1501,20,20,1,1,29.980000000000004
03,120248012782330065,ACTIVE,214,32.44,951,18,20,1,0,0
03,120247325002770564,ACTIVE,400,32.25,1111,27,30,1,0,0
03,120248484683390090,ACTIVE,1000,32.04,748,18,23,2,1,36.94
03,120247380152830677,ACTIVE,432,31.33,1289,12,13,2,2,192.81
03,120244813077130146,ACTIVE,500,31.16,648,14,13,2,0,0
03,120251997651590404,ACTIVE,100,30.98,384,12,14,1,0,0
03,120248444259380455,ACTIVE,300,30.96,1148,29,30,4,2,144.78
03,120244431777030751,ACTIVE,800,30.659999999999997,990,14,25,2,0,0
03,120250307526160100,ACTIVE,300,30.589999999999996,1041,24,23,3,1,22.98
03,120247139480370564,ACTIVE,500,30.560000000000002,1301,23,27,3,1,39.980000000000004
03,120249537081420065,ACTIVE,200,30.040000000000003,817,16,16,0,0,0
03,120252182229950450,ACTIVE,300,30.03,644,18,23,3,1,51.22
03,120246638474110175,ACTIVE,725,28.66,656,15,20,2,2,141.75
03,120249304487320561,ACTIVE,284,28.299999999999997,816,23,25,2,1,57.96
03,120253854767370211,ACTIVE,200,27.980000000000004,412,4,3,0,0,0
03,120248893450550642,ACTIVE,200,27.78,806,13,11,0,0,0
03,120246971853630474,ACTIVE,80,27.62,353,7,8,2,1,25.979999999999997
03,120244643680750544,ACTIVE,100,27.580000000000002,856,8,11,2,1,27.98
03,120249810423640431,ACTIVE,370,27.450000000000003,1041,18,20,1,1,48.169999999999995
03,120244777802430705,ACTIVE,100,26.990000000000002,345,12,12,2,1,29.98
03,120250354465080603,ACTIVE,150,26.950000000000003,499,11,11,0,0,0
03,120248977397730642,ACTIVE,309,26.79,678,14,13,0,0,0
03,120245201694370686,ACTIVE,100,26.750000000000004,491,14,17,2,1,51.22
03,120247126743310650,ACTIVE,107,26.369999999999997,242,4,5,0,0,0
03,120248563890830642,ACTIVE,400,25.990000000000002,553,12,16,0,0,0
03,120250011342400589,ACTIVE,500,25.599999999999998,745,15,22,3,1,49.519999999999996
03,120249220581040455,ACTIVE,260,25.339999999999996,540,16,17,0,0,0
03,120247405391800674,ACTIVE,200,25.08,620,24,22,0,0,0
03,120253323556200054,ACTIVE,115,24.97,388,9,11,1,0,0
03,120246670033370677,ACTIVE,369,24.880000000000003,470,4,6,1,0,0
03,120244430700860708,ACTIVE,552,24.73,584,10,13,2,0,0
03,120246832758790677,ACTIVE,350,24.009999999999998,566,5,6,0,0,0
03,120248320516160509,ACTIVE,150,23.96,414,12,12,3,0,0
03,23858073029630799,ACTIVE,350,23.8,336,12,12,1,0,0
03,120243593315080146,ACTIVE,248,23.68,526,8,9,0,0,0
03,120248388520260291,ACTIVE,300,23.54,395,14,11,3,0,0
03,120246511498780682,ACTIVE,200,23.439999999999998,353,13,21,1,2,254.08999999999997
03,120247854894140559,ACTIVE,200,23.05,400,10,12,2,2,194.16
03,120248184540550090,ACTIVE,325,23.02,826,19,22,3,0,0
03,120253323555990054,ACTIVE,115,22.950000000000003,556,7,8,2,2,126.42999999999999
03,120241066464020065,ACTIVE,470,22.919999999999998,1102,9,8,3,3,109.48000000000002
03,120250296395520100,ACTIVE,300,22.64,851,14,18,2,0,0
03,120242301213170065,ACTIVE,300,22.57,904,15,23,2,1,29.979999999999997
03,120247066173290752,ACTIVE,300,22.57,704,15,19,3,1,26.979999999999997
03,120248568552360090,ACTIVE,80,22.48,306,13,12,1,0,0
03,120242694742870146,ACTIVE,210,22.470000000000002,774,19,19,1,1,75.21000000000001
03,120244777802480705,ACTIVE,100,22.36,393,17,21,1,1,29.98
03,120248416746740708,ACTIVE,200,22.35,713,8,10,0,0,0
03,120250449834830589,ACTIVE,158,22.33,478,9,14,0,0,0
03,120250296535810100,ACTIVE,300,22.11,731,21,23,1,0,0
03,120250466943310577,ACTIVE,102,21.89,394,16,14,2,0,0
03,120248893532100100,ACTIVE,300,21.799999999999997,556,12,11,3,2,76.34
03,120245514271740065,ACTIVE,195,21.669999999999998,349,16,17,5,3,183.01999999999998
03,120244034916020436,ACTIVE,301,21.33,906,15,11,2,1,129.44
03,120248800044910751,ACTIVE,135,20.91,611,18,22,3,1,24.98
03,120251465994490577,ACTIVE,88,20.89,300,12,7,1,1,28.98
03,120249107649200126,ACTIVE,100,20.59,474,9,10,1,1,29.98
03,120244809629940146,ACTIVE,167,20.45,554,5,6,0,0,0
03,120246040085600751,ACTIVE,300,20.41,507,8,11,2,1,41.97
03,23858399785230799,ACTIVE,100,20.37,371,2,6,1,0,0
03,120245179332800129,ACTIVE,200,20.279999999999998,709,19,19,0,0,0
03,120250429072770100,ACTIVE,62,20.22,235,6,5,0,0,0
03,120247380153090677,ACTIVE,386,20.189999999999998,781,12,14,2,1,41.980000000000004
03,120247335070640389,ACTIVE,100,19.97,554,16,15,3,1,34.86
03,120248574839550695,ACTIVE,243,19.950000000000003,743,10,9,1,0,0
03,120249110988580455,ACTIVE,356,19.91,750,0,23,1,1,60.41
03,120246991959890177,ACTIVE,87,19.8,316,5,9,0,0,0
03,120251256015310577,ACTIVE,165,19.73,470,8,9,0,0,0
03,120245469696060686,ACTIVE,100,19.509999999999998,385,8,9,0,0,0
03,120258937221380586,ACTIVE,200,19.5,532,20,18,1,1,49.37
03,120249748358150589,ACTIVE,147,19.5,557,14,19,1,1,29.98
03,120248279285560477,ACTIVE,90,19.43,264,7,6,0,0,0
03,120258922417790586,ACTIVE,100,19.35,519,17,12,0,0,0
03,23858399785300799,ACTIVE,100,19.28,317,4,8,1,1,47.51
03,120245172037500146,ACTIVE,210,19.27,640,4,7,0,0,0
03,120248850201850065,ACTIVE,130,19.25,420,6,7,0,0,0
03,120249712410600389,ACTIVE,75,19.25,492,10,10,1,0,0
03,120247189109490707,ACTIVE,200,19.230000000000004,463,17,19,4,1,50.96
03,120248287670430214,ACTIVE,220,19.23,455,17,17,2,0,0
03,120248308559800509,ACTIVE,200,19.11,542,12,16,1,0,0
03,120249610130740065,ACTIVE,382,18.79,538,10,12,0,0,0
03,120245557729330686,ACTIVE,131,18.77,331,13,13,3,2,153.63000000000002
03,120250270342280100,ACTIVE,158,18.67,608,11,13,3,1,66.15
03,120249242219810126,ACTIVE,90,18.65,346,8,9,1,0,0
03,120245891909090125,ACTIVE,200,18.63,505,14,15,1,0,0
03,120245339157220686,ACTIVE,100,18.59,281,4,6,1,1,29.980000000000004
03,120248274792600090,ACTIVE,243,18.53,379,7,11,0,0,0
03,120249610130820065,ACTIVE,94,18.4,402,6,7,0,0,0
03,120249729041450065,ACTIVE,94,18.28,371,2,2,0,0,0
03,120246345569010686,ACTIVE,80,18.04,264,9,7,1,1,51.22
03,120248166981870509,ACTIVE,243,17.84,579,10,14,1,1,61.97
03,120235701428400210,ACTIVE,200,17.83,447,13,14,1,0,0
03,120248452492430509,ACTIVE,300,17.79,735,13,12,0,0,0
03,120250216921880100,ACTIVE,300,17.689999999999998,679,15,20,4,2,90.72999999999999
03,120250228075050565,ACTIVE,100,17.68,217,4,6,0,0,0
03,120248732700550455,ACTIVE,359,17.67,683,12,11,1,0,0
03,120244733135910705,ACTIVE,100,17.65,292,7,12,3,2,81.19999999999999
03,120245383772400146,ACTIVE,100,17.369999999999997,322,9,6,3,2,117.2
03,120248249348420629,ACTIVE,128,17.06,309,7,6,1,0,0
03,120248320638870175,ACTIVE,87,17.03,272,11,11,1,0,0
03,120245972443720177,ACTIVE,226,16.99,302,16,17,1,0,0
03,120252202866640368,ACTIVE,80,16.85,423,7,8,1,0,0
03,120247554861630032,PAUSED,80,16.79,319,5,5,1,0,0
03,120245837898990436,ACTIVE,100,16.68,469,8,9,1,0,0
03,120242031621370065,ACTIVE,229,16.67,466,7,7,0,0,0
03,120248502959590043,ACTIVE,200,16.549999999999997,301,19,25,3,2,79.96000000000001
03,120247085686400320,ACTIVE,131,16.5,379,13,10,0,0,0
03,120253218017710054,ACTIVE,100,16.44,256,7,8,1,0,0
03,120251425264570709,ACTIVE,80,16.41,217,2,1,0,0,0
03,120246961147480177,ACTIVE,100,16.38,277,8,7,1,2,101.19
03,120247957196080629,ACTIVE,100,16.29,323,10,10,3,1,89.36999999999999
03,120246928620620752,ACTIVE,100,16.27,258,5,11,1,1,42.97
03,120248734905220544,ACTIVE,80,16.15,454,5,6,0,0,0
03,120245942236800686,ACTIVE,150,16.05,305,8,13,2,1,29.979999999999997
03,120248320638830175,ACTIVE,87,16.04,257,6,6,0,0,0
03,120249344116310065,ACTIVE,100,16.03,295,7,10,0,0,0
03,120246971854000474,ACTIVE,100,15.96,315,8,7,0,0,0
03,120249474040130389,ACTIVE,100,15.94,754,16,17,1,1,21.19
03,120246660415710177,ACTIVE,100,15.87,284,11,10,0,0,0
03,120248306696030509,ACTIVE,176,15.8,717,7,10,0,0,0
03,120248207800710629,ACTIVE,100,15.649999999999999,465,5,6,1,0,0
03,120250942814310577,ACTIVE,100,15.549999999999999,466,13,14,1,1,28.98
03,120246347471360686,ACTIVE,80,15.54,244,7,9,1,0,0
03,120249563397690389,ACTIVE,468,15.48,634,20,22,3,0,0
03,120250789469770586,ACTIVE,100,15.440000000000001,342,7,11,0,0,0
03,120247614361890674,ACTIVE,80,15.44,278,5,7,0,0,0
03,120250285289280319,ACTIVE,320,15.420000000000002,596,21,22,0,0,0
03,120247046282150533,ACTIVE,101,15.360000000000001,725,21,23,1,1,24.979999999999997
03,120246345567150686,ACTIVE,80,15.32,238,6,6,1,0,0
03,120250228075020565,ACTIVE,100,15.3,198,5,4,1,0,0
03,120246299672740751,ACTIVE,300,15.28,460,14,19,6,3,91.93
03,120248194846920006,ACTIVE,80,15.25,234,6,6,0,0,0
03,120249712410690389,ACTIVE,75,15.21,421,11,9,2,0,0
03,120249589704510152,ACTIVE,270,15.2,619,9,11,1,0,0
03,120250612473790392,ACTIVE,100,15.190000000000001,281,15,12,3,1,37.98
03,120235701428420210,ACTIVE,200,15.170000000000002,394,11,12,1,2,83.96
03,120248613615540642,ACTIVE,210,15.16,390,8,6,0,0,0
03,120242883956790544,ACTIVE,150,15.089999999999998,700,9,10,0,0,0
03,120248332283150708,ACTIVE,133,15,366,8,10,2,2,81.08
03,120250386214960100,ACTIVE,138,15,488,12,12,2,1,38.17
03,120247296233760320,ACTIVE,155,14.899999999999999,430,10,11,4,3,126.91000000000001
03,120247497523360320,ACTIVE,107,14.86,453,9,9,1,1,82.02
03,120249242219710126,ACTIVE,90,14.779999999999998,314,6,6,0,0,0
03,120245694161990686,ACTIVE,100,14.71,189,1,0,0,0,0
03,120250329792700100,ACTIVE,155,14.630000000000003,448,7,7,0,0,0
03,120249232068930561,ACTIVE,100,14.600000000000001,424,9,8,0,0,0
03,120246100871360533,ACTIVE,131,14.540000000000001,631,8,8,0,0,0
03,120249671720930152,ACTIVE,80,14.48,189,12,8,2,2,115.53
03,120246991959830177,ACTIVE,87,14.46,271,11,7,2,0,0
03,120249247871220425,ACTIVE,90,14.439999999999998,249,2,6,1,1,39.980000000000004
03,120246808388750320,ACTIVE,270,14.3,509,9,6,0,0,0
03,120250790045220586,ACTIVE,100,14.219999999999999,484,9,8,1,1,50.31
03,120245320116510129,ACTIVE,150,14.21,463,11,11,0,0,0
03,120246957592250177,ACTIVE,100,14.21,319,7,9,1,1,89.94000000000001
03,120249135138590389,ACTIVE,112,14.17,659,14,6,0,0,0
03,120246985309150320,ACTIVE,440,14.059999999999999,372,9,7,2,1,34.07
03,120251465994660577,ACTIVE,88,14.01,254,7,8,2,1,48.17
03,120247872407610477,ACTIVE,100,13.93,209,6,7,0,0,0
03,120245899907890065,ACTIVE,115,13.89,245,5,4,2,0,0
03,120247210155820474,ACTIVE,80,13.88,310,5,9,1,1,42.77
03,120250014656120229,ACTIVE,60,13.86,189,3,5,0,0,0
03,120245380137820707,ACTIVE,200,13.84,372,12,13,1,0,0
03,120246178929760752,ACTIVE,300,13.83,385,9,13,3,1,116.91000000000001
03,120249666979560695,ACTIVE,100,13.82,370,9,12,0,0,0
03,120250403419350725,ACTIVE,100,13.809999999999999,429,6,6,2,1,133.32
03,120246347471430686,ACTIVE,80,13.74,201,2,3,1,0,0
03,120249573023870116,ACTIVE,101,13.71,250,8,7,1,1,39.98
03,120248416747190708,ACTIVE,156,13.67,320,6,7,2,2,101.03999999999999
03,120245266826770146,ACTIVE,100,13.629999999999999,283,6,6,1,0,0
03,120249729041270065,ACTIVE,94,13.59,314,7,5,0,0,0
03,120249580311700695,ACTIVE,184,13.559999999999999,438,4,4,0,0,0
03,120245306349070462,ACTIVE,100,13.52,286,14,13,1,0,0
03,120244928009900146,ACTIVE,212,13.52,435,4,6,0,0,0
03,120248078229420043,ACTIVE,400,13.46,222,7,9,0,0,0
03,120250337858370100,ACTIVE,300,13.45,426,12,11,5,1,52.56
03,120245031811820436,ACTIVE,126,13.43,608,14,13,0,0,0
03,120247624307770032,ACTIVE,77,13.419999999999998,339,9,8,2,1,24.98
03,120249120674110404,ACTIVE,300,13.37,272,7,7,0,0,0
03,120247624307750032,ACTIVE,77,13.35,390,8,9,0,0,0
03,120248170097870629,ACTIVE,100,13.33,250,2,2,0,0,0
03,120247547590960642,ACTIVE,229,13.309999999999999,348,4,4,0,0,0
03,120246791587200455,ACTIVE,100,13.29,262,6,6,1,1,84.37
03,120248517847670090,ACTIVE,666,13.24,458,8,9,0,0,0
03,120249111980100065,ACTIVE,100,13.23,442,7,9,1,0,0
03,120246180858540686,ACTIVE,101,13.23,287,5,7,0,0,0
03,120246347519520686,ACTIVE,80,13.12,191,5,6,0,0,0
03,120251068782080237,ACTIVE,100,13.09,171,3,4,0,0,0
03,120245906725230436,ACTIVE,100,13.070000000000002,471,3,4,0,0,0
03,120244963455410686,ACTIVE,80,13.05,184,7,6,0,0,0
03,120249135138850389,ACTIVE,100,13.030000000000001,604,18,16,2,0,0
03,120247377722540477,ACTIVE,105,13,164,3,4,0,0,0
03,120245383344520146,ACTIVE,100,12.98,200,4,4,0,0,0
03,120245044044870686,ACTIVE,150,12.97,255,7,6,1,1,71.21
03,120248471685020084,ACTIVE,50,12.97,120,5,5,0,0,0
03,120249516180250544,ACTIVE,80,12.92,421,3,3,0,0,0
03,120250656662350589,ACTIVE,170,12.91,289,3,4,0,0,0
03,120245837627100436,ACTIVE,100,12.84,585,13,17,0,0,0
03,120248598576010303,ACTIVE,150,12.75,359,13,17,1,1,92.99000000000001
03,120249414021330561,ACTIVE,100,12.73,1353,5,4,0,0,0
03,120249516106810544,ACTIVE,80,12.64,439,4,4,0,0,0
03,120248082904030663,ACTIVE,150,12.600000000000001,170,5,3,0,0,0
03,120248935062690126,ACTIVE,154,12.6,325,4,4,0,0,0
03,120250181260290229,ACTIVE,80,12.6,178,1,1,0,0,0
03,120245383772560146,ACTIVE,100,12.579999999999998,423,3,3,1,1,41.98
03,120246347639100686,ACTIVE,80,12.45,171,6,7,0,0,0
03,120250480128780392,ACTIVE,100,12.37,175,5,6,0,0,0
03,120246347519410686,ACTIVE,80,12.29,161,6,7,1,1,29.979999999999997
03,120248207800680629,ACTIVE,100,12.27,383,7,8,1,1,63.91
03,120247431629500707,ACTIVE,271,12.190000000000001,278,10,12,1,0,0
03,120252460811520404,ACTIVE,100,12.19,85,3,3,0,0,0
03,120246124304940436,ACTIVE,124,12.16,514,13,15,1,0,0
03,120246956253430177,ACTIVE,100,12.13,245,6,8,0,0,0
03,120246865117370320,ACTIVE,170,12.11,317,5,7,0,0,0
03,120247614409790674,ACTIVE,150,12.05,274,8,7,0,0,0
03,120249414020610561,ACTIVE,100,12.02,1645,8,7,0,0,0
03,120246755850270533,ACTIVE,101,11.98,755,20,20,2,1,24.979999999999997
03,120246525961650682,ACTIVE,100,11.98,171,7,8,0,0,0
03,120249516180210544,ACTIVE,80,11.940000000000001,411,3,3,0,0,0
03,120252191525360210,ACTIVE,100,11.94,477,4,7,1,0,0
03,120245251316060477,ACTIVE,100,11.93,194,4,4,0,0,0
03,120249903653910695,ACTIVE,80,11.91,286,6,5,0,0,0
03,120244689534040708,ACTIVE,155,11.9,223,10,10,0,0,0
03,120242709811040544,ACTIVE,80,11.8,460,7,7,0,0,0
03,120246291786180686,ACTIVE,276,11.79,216,7,9,2,1,29.979999999999997
03,120244486723120436,ACTIVE,100,11.690000000000001,529,14,11,0,0,0
03,120244794017770320,ACTIVE,120,11.68,556,12,12,1,0,0
03,120248922585490210,ACTIVE,200,11.58,484,6,7,1,0,0
03,120250156416670100,ACTIVE,300,11.48,596,10,8,0,0,0
03,120248336280980090,ACTIVE,167,11.45,269,3,3,0,0,0
03,120244824816070686,ACTIVE,80,11.43,186,5,5,0,0,0
03,120249263984640425,ACTIVE,170,11.370000000000001,286,3,3,1,1,63.97
03,120247497524000320,ACTIVE,107,11.33,317,6,5,1,1,35.510000000000005
03,120249538902680544,ACTIVE,80,11.29,326,1,2,1,0,0
03,120246124304970436,ACTIVE,124,11.27,507,6,4,1,1,41.98
03,120247041421470241,ACTIVE,200,11.22,505,10,11,0,0,0
03,120248471342270084,ACTIVE,50,11.149999999999999,130,3,4,0,0,0
03,120249516466840544,ACTIVE,80,11.02,333,5,5,2,1,47.52
03,120249516467230544,PAUSED,80,11,144,3,3,0,0,0
03,120251983007570368,ACTIVE,80,10.990000000000002,229,4,4,0,0,0
03,120249474201110389,ACTIVE,100,10.989999999999998,379,6,6,1,0,0
03,120249107449180469,ACTIVE,100,10.98,260,12,12,2,0,0
03,120249671961090152,ACTIVE,80,10.940000000000001,388,5,6,0,0,0
03,120250092640150663,ACTIVE,120,10.889999999999999,170,7,7,1,1,37.98
03,120249008737320561,ACTIVE,70,10.870000000000001,258,4,7,0,0,0
03,120249730950240229,ACTIVE,60,10.86,290,10,14,0,0,0
03,120250270945270663,ACTIVE,150,10.81,214,2,2,0,0,0
03,120248415387920090,ACTIVE,246,10.79,349,10,11,1,1,62.39000000000001
03,120248194656160006,PAUSED,80,10.75,144,1,1,0,0,0
03,120239930892250650,ACTIVE,200,10.72,136,5,5,1,0,0
03,120249468033340389,ACTIVE,100,10.71,313,7,11,1,0,0
03,120245514271720065,ACTIVE,115,10.629999999999999,211,6,12,0,0,0
03,120245899907660065,ACTIVE,115,10.58,123,10,8,0,0,0
03,120248800208810303,ACTIVE,40,10.5,213,5,6,0,0,0
03,120247303210460752,ACTIVE,300,10.47,372,11,12,1,0,0
03,120250613049530392,ACTIVE,100,10.440000000000001,213,9,11,0,0,0
03,120250181206510229,ACTIVE,80,10.370000000000001,155,2,4,0,0,0
03,120252584622890404,ACTIVE,50,10.34,140,6,6,1,1,97.96
03,120250447195790100,ACTIVE,100,10.32,275,8,9,0,0,0
03,120245980788570752,ACTIVE,100,10.32,202,2,2,1,1,42.970000000000006
03,120251068782150237,ACTIVE,100,10.299999999999997,127,2,4,0,0,0
03,120244418309490436,ACTIVE,100,10.26,403,8,8,0,0,0
03,120252248120960722,ACTIVE,40,10.24,120,6,6,0,0,0
03,120247150219590533,ACTIVE,90,10.22,448,7,9,2,0,0
03,120246676754100650,ACTIVE,100,10.2,154,2,3,1,1,61.56999999999999
03,120246347555540686,ACTIVE,80,10.16,154,5,6,0,0,0
03,120246827300650780,ACTIVE,80,10.11,583,11,9,1,0,0
03,120246346972950686,ACTIVE,80,10.09,152,2,2,0,0,0
03,120250429106170100,ACTIVE,89,10.09,344,4,3,0,0,0
03,120258095185070586,PAUSED,100,10.09,135,5,6,1,1,49.37
03,120250112691700229,ACTIVE,60,9.98,325,10,10,2,1,49.97
03,120250270945240663,ACTIVE,80,9.98,163,9,10,1,0,0
03,120248471525150084,ACTIVE,50,9.940000000000001,115,4,5,1,1,40.98
03,120248442764270509,ACTIVE,100,9.940000000000001,451,6,3,0,0,0
03,120250877852440057,ACTIVE,100,9.92,85,3,3,1,1,73.42
03,120247866597170389,ACTIVE,300,9.88,274,6,9,1,0,0
03,120245387614550129,ACTIVE,80,9.879999999999999,271,7,9,0,0,0
03,120244761869100436,ACTIVE,100,9.87,457,3,5,0,0,0
03,120249121356900642,ACTIVE,123,9.809999999999999,204,5,2,0,0,0
03,120245387614600129,ACTIVE,80,9.790000000000001,251,2,2,0,0,0
03,120250480129310392,ACTIVE,100,9.76,162,6,4,0,0,0
03,120248464770270509,ACTIVE,100,9.72,292,8,6,1,1,130.87
03,120247554861570032,ACTIVE,80,9.690000000000001,212,4,4,0,0,0
03,120248569897400090,PAUSED,80,9.67,88,4,4,0,0,0
03,120249610772400374,PAUSED,80,9.65,84,0,0,0,0,0
03,120250726239420127,ACTIVE,100,9.65,131,6,7,0,0,0
03,120245279091880436,ACTIVE,100,9.649999999999999,504,11,11,2,0,0
03,120246023777450751,ACTIVE,300,9.620000000000001,302,6,6,0,0,0
03,120246921246130533,ACTIVE,100,9.55,502,10,16,3,3,92.92
03,120250447195810100,ACTIVE,100,9.530000000000001,239,6,7,1,1,52.56
03,120246471244730065,ACTIVE,229,9.530000000000001,304,4,5,0,0,0
03,120245987269690436,ACTIVE,124,9.5,419,7,7,1,1,41.98
03,120251929583050651,ACTIVE,80,9.469999999999999,328,5,6,0,0,0
03,120249100983530561,ACTIVE,250,9.41,216,4,5,0,0,0
03,120245905953240436,ACTIVE,100,9.36,432,7,7,0,0,0
03,120245346459390436,ACTIVE,100,9.32,395,7,10,0,0,0
03,120249819292400663,ACTIVE,100,9.3,138,6,6,1,1,37.98
03,120248424748630214,ACTIVE,130,9.29,155,4,3,0,0,0
03,120249563403450389,ACTIVE,284,9.25,338,8,7,2,2,56.050000000000004
03,120247253400970320,ACTIVE,100,9.22,500,7,6,1,0,0
03,120250623729250057,ACTIVE,300,9.17,85,3,4,0,0,0
03,120251280446770722,ACTIVE,80,9.17,169,3,3,1,0,0
03,120246843188440752,ACTIVE,100,9.1,323,8,6,1,0,0
03,120248077222780477,ACTIVE,100,9.09,186,3,2,0,0,0
03,120251109241560577,ACTIVE,100,9.07,287,13,13,0,0,0
03,120246479062780133,ACTIVE,100,8.969999999999999,135,4,3,0,0,0
03,120246299721450751,ACTIVE,195,8.96,213,2,3,1,1,24.98
03,120247319362190032,ACTIVE,100,8.96,265,4,6,0,0,0
03,120246024108390751,ACTIVE,300,8.94,259,3,5,0,0,0
03,120247001920940477,ACTIVE,100,8.9,175,3,4,0,0,0
03,120246931507190320,ACTIVE,120,8.9,344,4,4,0,0,0
03,120247105534220320,ACTIVE,100,8.89,317,10,9,0,0,0
03,120244686931590705,ACTIVE,100,8.86,192,7,10,2,0,0
03,120246347145110686,ACTIVE,80,8.8,169,3,3,0,0,0
03,120246733902040065,ACTIVE,80,8.790000000000001,189,5,6,0,0,0
03,120251351288690577,ACTIVE,264,8.79,329,6,9,0,1,122.52000000000001
03,120247150219620533,ACTIVE,90,8.77,402,8,8,0,0,0
03,120248427377090214,ACTIVE,130,8.77,203,6,7,0,0,0
03,120245382874590146,ACTIVE,100,8.75,188,4,4,1,1,41.98
03,120249671851220152,ACTIVE,80,8.69,396,5,5,0,0,0
03,120251412553340368,ACTIVE,150,8.67,308,4,6,1,1,38.980000000000004
03,120246808176070320,ACTIVE,120,8.65,315,3,2,0,0,0
03,120250112679260229,ACTIVE,60,8.65,272,6,6,0,0,0
03,120249815549060695,ACTIVE,100,8.620000000000001,230,2,4,0,0,0
03,120247981166240090,ACTIVE,100,8.55,174,5,5,0,0,0
03,120247775015280090,ACTIVE,102,8.54,219,3,5,0,0,0
03,120248492410110561,ACTIVE,280,8.459999999999999,318,10,11,4,0,0
03,120250518458320127,ACTIVE,100,8.36,101,2,4,0,0,0
03,120248564195910090,ACTIVE,124,8.25,143,3,2,0,0,0
03,120246347145030686,ACTIVE,80,8.24,143,3,4,0,0,0
03,120250353178250351,ACTIVE,80,8.22,245,2,1,0,0,0
03,120248561472190043,ACTIVE,80,8.19,176,7,7,1,1,43.81
03,120248213835750477,ACTIVE,184,8.17,143,2,4,1,0,0
03,120249377071420389,ACTIVE,100,8.12,229,7,6,0,0,0
03,120248574839520695,ACTIVE,350,8.08,348,6,6,1,1,37.98
03,120248539964750462,ACTIVE,60,8.05,177,12,11,0,0,0
03,120252581950800709,ACTIVE,80,8.03,106,1,2,0,0,0
03,120244618043630436,ACTIVE,100,8.03,378,11,12,3,3,241.41
03,120250079096940127,ACTIVE,100,7.970000000000001,127,6,7,0,0,0
03,120249238610320065,ACTIVE,80,7.88,218,4,4,1,1,85.13999999999999
03,120246347639030686,ACTIVE,80,7.87,117,4,5,0,0,0
03,120247735898240097,ACTIVE,40,7.869999999999999,197,1,1,0,0,0
03,120246733901990065,ACTIVE,80,7.86,191,8,9,0,0,0
03,120245382800270146,ACTIVE,100,7.85,162,1,1,0,0,0
03,120240258763950179,ACTIVE,200,7.77,454,13,12,0,0,0
03,120245266852860146,ACTIVE,100,7.76,279,3,2,0,0,0
03,120246737185780177,ACTIVE,100,7.74,114,5,6,1,1,51.22
03,120249272919060455,ACTIVE,640,7.56,190,0,4,0,0,0
03,120250200295930589,ACTIVE,100,7.55,170,3,4,0,0,0
03,120246299672680751,ACTIVE,115,7.5,221,9,10,0,0,0
03,120245383344470146,ACTIVE,100,7.48,156,3,4,0,0,0
03,120249175354060126,ACTIVE,100,7.46,173,1,2,1,0,0
03,120248496485910509,ACTIVE,100,7.45,301,5,6,0,0,0
03,120249042008190544,ACTIVE,95,7.42,239,0,1,0,0,0
03,120251701953330054,ACTIVE,100,7.41,140,3,6,0,0,0
03,120250519148850127,ACTIVE,100,7.37,185,3,4,1,0,0
03,120250299563240725,ACTIVE,100,7.36,251,6,6,0,0,0
03,120249286765290368,ACTIVE,80,7.3500000000000005,259,4,5,0,0,0
03,120244302719050146,ACTIVE,100,7.29,178,6,4,0,0,0
03,120246347555530686,ACTIVE,80,7.28,119,1,2,0,0,0
03,120249175354120126,ACTIVE,100,7.27,187,4,6,2,0,0
03,120244270293390320,ACTIVE,120,7.26,255,8,11,0,0,0
03,120248330641110509,ACTIVE,100,7.220000000000001,298,4,6,0,0,0
03,120250313247750589,ACTIVE,106,7.18,153,2,3,0,0,0
03,120253122295100210,ACTIVE,80,7.140000000000001,212,4,4,0,0,0
03,120245382874560146,ACTIVE,100,7.13,162,3,5,1,0,0
03,120248800178510303,ACTIVE,40,7.119999999999999,178,3,2,0,0,0
03,120249231443520389,ACTIVE,348,7.11,303,2,4,1,0,0
03,120245329017710146,ACTIVE,100,7.09,184,11,14,1,1,75.21
03,120246733876960065,ACTIVE,80,7.09,150,2,2,0,0,0
03,120246979308680533,ACTIVE,156,7.06,365,8,9,2,2,66.94999999999999
03,120246733877000065,ACTIVE,80,7.06,183,6,13,1,1,29.98
03,120247027817230677,ACTIVE,144,7.06,172,3,3,0,0,0
03,120244164847370788,ACTIVE,30,6.9799999999999995,129,7,6,0,0,0
03,120250270342330100,ACTIVE,109,6.97,190,3,3,2,1,66.15
03,120249005372660589,ACTIVE,100,6.91,143,2,3,1,0,0
03,120247735805910097,ACTIVE,40,6.890000000000001,131,2,3,0,0,0
03,120248924408910544,ACTIVE,140,6.8500000000000005,161,4,3,1,1,47.52
03,120245331619190129,ACTIVE,100,6.77,188,8,9,0,0,0
03,120252205832760166,ACTIVE,10,6.77,127,1,2,0,0,0
03,120248151966110006,ACTIVE,80,6.760000000000001,137,2,5,0,0,0
03,120251788791190404,ACTIVE,150,6.75,152,1,2,1,0,0
03,120252083857520368,ACTIVE,60,6.74,194,3,2,0,0,0
03,120252584622860404,ACTIVE,50,6.74,133,5,4,1,1,41.980000000000004
03,120246928447770752,ACTIVE,100,6.74,202,9,10,1,0,0
03,120246513499500780,ACTIVE,80,6.7,146,4,4,0,0,0
03,120249443467080663,ACTIVE,150,6.67,112,7,8,0,0,0
03,120243063569770146,ACTIVE,117,6.66,133,3,4,1,1,41.98
03,120246309078080032,ACTIVE,100,6.65,160,4,4,0,0,0
03,120249285560020695,ACTIVE,150,6.62,164,6,5,0,0,0
03,120246947981930126,ACTIVE,80,6.62,168,7,9,0,0,0
03,120247137870290032,ACTIVE,100,6.62,187,3,5,0,0,0
03,120248540240290509,ACTIVE,80,6.53,257,3,5,0,0,0
03,120249823132410048,ACTIVE,100,6.52,116,6,7,0,1,66.02000000000001
03,120250629224620319,ACTIVE,100,6.47,259,3,2,1,1,37
03,120248495931290509,ACTIVE,100,6.46,331,2,2,1,0,0
03,120247983277080167,ACTIVE,80,6.42,113,9,6,1,0,0
03,120249468033420389,ACTIVE,100,6.41,127,7,8,0,0,0
03,120245327669090320,ACTIVE,120,6.41,195,3,4,0,0,0
03,120245266852790146,ACTIVE,100,6.39,172,3,4,0,0,0
03,120245382800360146,ACTIVE,100,6.37,168,4,4,0,0,0
03,120249553547110663,ACTIVE,200,6.32,121,5,5,2,1,66.02000000000001
03,120247426861210031,ACTIVE,80,6.300000000000001,95,1,4,1,0,0
03,120246346895260686,ACTIVE,80,6.29,140,2,1,1,1,29.98
03,120248560991980642,ACTIVE,109,6.29,210,4,1,0,0,0
03,120248800114620303,ACTIVE,40,6.24,224,6,5,0,0,0
03,120250946852160368,ACTIVE,120,6.220000000000001,195,4,2,0,0,0
03,120249823132440048,ACTIVE,100,6.1899999999999995,126,4,4,0,0,0
03,120250585672760725,ACTIVE,100,6.16,84,4,2,0,0,0
03,120245382821930146,ACTIVE,100,6.13,208,1,4,1,1,75.22
03,120250353178530351,ACTIVE,80,6.109999999999999,169,0,0,0,0,0
03,120249286682560368,ACTIVE,100,6.109999999999999,106,4,4,0,0,0
03,120245260142700146,ACTIVE,100,6.07,200,2,7,0,0,0
03,120246440355140780,ACTIVE,80,6.0600000000000005,136,3,2,0,0,0
03,120249300729750589,ACTIVE,100,6.04,209,4,5,0,0,0
03,120247735987750097,ACTIVE,50,6.04,223,1,2,0,0,0
03,120248924408620544,ACTIVE,192,6.02,190,0,4,0,0,0
03,120249999663760100,ACTIVE,100,5.99,219,3,5,1,0,0
03,120250586322820725,ACTIVE,100,5.94,235,4,3,0,0,0
03,120250200101610100,ACTIVE,100,5.91,161,7,7,1,1,52.56
03,120244895773550129,ACTIVE,80,5.9,98,0,2,0,0,0
03,120252158322580651,ACTIVE,80,5.87,141,1,1,0,0,0
03,120249237052730564,ACTIVE,80,5.869999999999999,164,5,5,0,0,0
03,120245257768380146,ACTIVE,100,5.85,153,4,6,0,0,0
03,120246294828630686,ACTIVE,80,5.85,90,4,3,0,0,0
03,120235336090360210,ACTIVE,200,5.8100000000000005,160,2,1,2,0,0
03,120251789041250404,ACTIVE,100,5.76,107,2,1,0,0,0
03,120250445767170166,ACTIVE,10,5.74,127,4,5,1,0,0
03,120246983939560320,ACTIVE,100,5.74,170,4,6,0,0,0
03,120249076026100642,ACTIVE,120,5.72,182,2,1,0,0,0
03,120252205063890166,ACTIVE,10,5.71,123,5,3,1,0,0
03,120250186073630319,ACTIVE,100,5.68,275,2,3,1,1,37
03,120250386214920100,ACTIVE,100,5.65,177,5,7,2,1,52.559999999999995
03,120248739125830303,ACTIVE,50,5.630000000000001,118,6,6,1,1,43.97
03,120245018376450146,ACTIVE,100,5.619999999999999,180,1,1,1,1,75.21
03,120248540761010509,ACTIVE,80,5.55,211,2,4,0,0,0
03,120248855168720455,ACTIVE,206,5.49,174,0,5,0,0,0
03,120248170232840041,ACTIVE,80,5.49,193,4,4,0,0,0
03,120245689540450436,ACTIVE,120,5.43,209,3,3,0,0,0
03,120248538295380509,ACTIVE,80,5.43,186,3,4,0,0,0
03,120245264320780129,ACTIVE,100,5.42,154,4,4,0,0,0
03,120248128901930175,ACTIVE,114,5.42,657,7,6,0,0,0
03,120246395342860125,ACTIVE,100,5.41,138,2,2,2,0,0
03,120259199912530586,ACTIVE,30,5.41,170,0,0,0,0,0
03,120248471342150084,PAUSED,50,5.41,66,2,2,0,0,0
03,120241671273870455,ACTIVE,1066,5.4,202,0,7,0,0,0
03,120248540240430509,ACTIVE,80,5.39,189,3,2,0,0,0
03,120249020749590065,ACTIVE,50,5.39,152,4,4,1,1,49.52
03,120246471244780065,ACTIVE,229,5.359999999999999,218,2,1,0,0,0
03,120249543839590354,ACTIVE,80,5.35,73,2,5,0,0,0
03,120246291786110686,ACTIVE,80,5.33,81,2,5,0,0,0
03,120248072969470389,ACTIVE,100,5.31,170,7,5,0,0,0
03,120248249192300509,ACTIVE,150,5.28,242,5,5,0,0,0
03,120246440557020780,ACTIVE,80,5.24,139,5,4,0,0,0
03,120259048667380586,PAUSED,30,5.130000000000001,149,3,3,0,0,0
03,120251214911160279,ACTIVE,80,5.1,93,2,2,0,0,0
03,120259199910770586,ACTIVE,30,5.09,220,1,2,0,0,0
03,120251063106910166,ACTIVE,20,5.07,142,6,6,1,0,0
03,120247245979210389,ACTIVE,100,5.03,97,6,9,1,1,34.86
03,120246479174050133,ACTIVE,100,4.9799999999999995,78,4,6,0,0,0
03,120246346915640686,ACTIVE,80,4.97,103,1,3,1,1,71.2
03,120248258798170175,ACTIVE,88,4.92,90,5,5,0,0,0
03,120248471685070084,PAUSED,50,4.9,44,1,2,0,0,0
03,120247614361930674,ACTIVE,80,4.87,97,0,0,0,0,0
03,120248228345780043,PAUSED,150,4.86,62,1,1,0,0,0
03,120250356712410100,ACTIVE,50,4.84,113,8,9,2,1,26.97
03,6973002165426,ACTIVE,50,4.83,114,0,0,0,0,0
03,120249463026540469,ACTIVE,100,4.82,138,2,1,0,0,0
03,120252589978050166,ACTIVE,10,4.81,129,1,1,0,0,0
03,120247735876000097,ACTIVE,40,4.78,182,3,4,0,0,0
03,120245923045620168,ACTIVE,100,4.779999999999999,94,2,2,0,0,0
03,120245383094330146,ACTIVE,100,4.74,160,2,2,0,0,0
03,120248569897330090,PAUSED,80,4.73,66,0,1,1,1,25.98
03,120252594940370166,ACTIVE,10,4.71,106,2,2,0,0,0
03,120245241485180129,ACTIVE,100,4.7,58,1,1,0,0,0
03,120248304056960090,ACTIVE,177,4.65,102,0,0,0,0,0
03,120248424742670214,ACTIVE,130,4.62,121,3,5,0,0,0
03,120246680736770533,ACTIVE,100,4.57,198,8,8,1,1,41.97
03,120248064986340303,ACTIVE,80,4.57,140,8,5,0,0,0
03,120252401981500709,ACTIVE,80,4.52,132,8,9,1,0,0
03,120247614333900674,ACTIVE,80,4.48,78,0,3,1,0,0
03,120252256329710450,ACTIVE,80,4.46,70,1,4,1,0,0
03,120248564196050090,ACTIVE,124,4.45,67,0,1,0,0,0
03,120251722976530368,ACTIVE,100,4.43,82,0,0,0,0,0
03,120249325405270389,ACTIVE,100,4.38,202,7,8,1,0,0
03,120252321145680651,ACTIVE,80,4.38,87,0,0,0,0,0
03,120250200295760589,ACTIVE,100,4.36,83,6,7,1,1,29.98
03,120252589978110166,ACTIVE,10,4.35,100,3,3,0,0,0
03,120247215908240172,ACTIVE,50,4.33,78,1,1,0,0,0
03,120246997356490752,ACTIVE,209,4.28,112,0,1,0,0,0
03,120249020749560065,ACTIVE,50,4.279999999999999,123,3,2,1,0,0
03,120250356570030100,ACTIVE,50,4.27,77,7,3,0,0,0
03,120247983232350167,ACTIVE,80,4.220000000000001,79,1,1,0,0,0
03,120245408113110129,ACTIVE,80,4.2,99,1,4,0,0,0
03,120249543839560354,ACTIVE,80,4.2,66,1,1,0,0,0
03,120250210018830100,ACTIVE,300,4.17,155,3,4,0,0,0
03,120248471525310084,PAUSED,50,4.17,52,1,1,0,0,0
03,120245689540550436,ACTIVE,115,4.16,176,0,0,0,0,0
03,120248538215440509,ACTIVE,80,4.14,173,1,2,0,0,0
03,120248540760950509,ACTIVE,80,4.03,179,0,2,0,0,0
03,120251979136820210,ACTIVE,100,4.0200000000000005,91,1,1,2,0,0
03,120245092065980129,ACTIVE,100,3.99,114,0,1,0,0,0
03,120245889270610065,ACTIVE,40,3.96,106,1,1,0,0,0
03,120246376824850630,ACTIVE,270,3.94,118,0,4,0,0,0
03,120251210404530057,ACTIVE,100,3.9299999999999997,49,1,1,0,0,0
03,120249660368100389,ACTIVE,76,3.9299999999999997,85,1,0,0,0,0
03,120245218353240788,ACTIVE,10,3.8200000000000003,95,2,2,0,0,0
03,120251997719170404,ACTIVE,100,3.8099999999999996,77,3,3,0,0,0
03,120244991758560129,ACTIVE,80,3.79,112,1,3,0,0,0
03,120245383095120146,ACTIVE,100,3.74,134,1,3,0,1,106.71
03,120248563890890642,ACTIVE,200,3.7199999999999998,128,1,1,0,0,0
03,120245868869560788,ACTIVE,10,3.7,75,1,1,0,0,0
03,120245889270720065,ACTIVE,40,3.66,129,2,2,1,1,51.63
03,120245516609390788,ACTIVE,20,3.6500000000000004,105,2,4,1,0,0
03,120248447974370043,PAUSED,120,3.63,55,1,1,0,0,0
03,120246901356650172,ACTIVE,50,3.58,89,1,2,1,0,0
03,120248569427510090,PAUSED,80,3.5799999999999996,33,1,1,0,0,0
03,120249325405290389,ACTIVE,100,3.53,176,3,4,0,0,0
03,120248538240460509,ACTIVE,80,3.52,180,2,2,0,0,0
03,120249285524080455,ACTIVE,130,3.48,62,0,1,0,0,0
03,120244761091850146,ACTIVE,100,3.36,88,1,4,0,0,0
03,120244242496990780,ACTIVE,100,3.34,116,0,0,0,0,0
03,120248151909020006,ACTIVE,80,3.3299999999999996,67,1,1,0,0,0
03,120250586323230725,ACTIVE,100,3.32,81,2,3,0,0,0
03,120250356640970100,ACTIVE,50,3.25,54,3,5,0,0,0
03,120247215908320172,ACTIVE,50,3.21,62,4,6,0,0,0
03,120244924434950146,ACTIVE,100,3.1,140,1,1,0,0,0
03,120248832877240168,ACTIVE,70,3.1,36,0,1,0,0,0
03,120246180858520686,ACTIVE,100,3.0999999999999996,65,3,4,0,0,0
03,120249935914370589,ACTIVE,237,3.09,90,1,2,0,0,0
03,120249463170390469,ACTIVE,80,3.06,131,0,1,0,0,0
03,120246927688390177,ACTIVE,88,3.02,52,2,2,0,0,0
03,120248663786960462,ACTIVE,70,2.97,36,0,4,0,0,0
03,120244480112510436,ACTIVE,100,2.9699999999999998,137,2,2,0,0,0
03,120250586047790725,ACTIVE,100,2.94,39,4,3,1,2,97.54
03,120249447976460374,ACTIVE,80,2.94,137,2,2,0,0,0
03,120250300134920725,ACTIVE,100,2.9200000000000004,104,2,2,0,0,0
03,120251354404600722,ACTIVE,80,2.92,75,2,4,0,0,0
03,120249229589770695,ACTIVE,350,2.9000000000000004,119,0,1,0,0,0
03,120244813179240146,ACTIVE,100,2.89,112,1,1,0,0,0
03,120249121356880642,ACTIVE,123,2.85,80,0,1,0,0,0
03,120248304803930065,ACTIVE,50,2.8400000000000003,92,1,3,0,0,0
03,120245481989400065,ACTIVE,40,2.84,81,1,1,0,0,0
03,120248569427530090,PAUSED,80,2.82,38,0,0,0,0,0
03,120244216235640630,ACTIVE,100,2.75,97,0,6,0,0,0
03,120246466273450630,ACTIVE,70,2.75,78,4,4,0,0,0
03,120248207695370629,ACTIVE,100,2.72,38,1,1,0,0,0
03,120245031641660146,ACTIVE,105,2.7,77,0,1,0,0,0
03,120247519982390097,ACTIVE,108,2.7,105,2,3,0,0,0
03,120245266827060146,ACTIVE,100,2.6999999999999997,53,0,0,0,0,0
03,120252229214430368,ACTIVE,50,2.63,41,0,0,0,0,0
03,120246961087240177,ACTIVE,100,2.52,55,1,3,0,0,0
03,120247223966660470,ACTIVE,50,2.51,67,0,1,1,0,0
03,120244860107220146,ACTIVE,100,2.5,89,2,2,0,0,0
03,120246294871370686,ACTIVE,80,2.49,44,1,0,0,0,0
03,120249861202960589,ACTIVE,200,2.4699999999999998,124,2,4,1,1,67.91
03,120252198020010210,ACTIVE,137,2.45,61,0,1,0,0,0
03,6998743229226,ACTIVE,50,2.43,70,1,1,0,0,0
03,120248227096110465,ACTIVE,11,2.38,103,0,0,0,0,0
03,120242746886630788,ACTIVE,20,2.31,34,1,2,0,0,0
03,120248493682120090,ACTIVE,130,2.3,66,3,3,1,1,43.82
03,120248735036310642,ACTIVE,100,2.29,65,2,2,1,0,0
03,120248828412650561,ACTIVE,70,2.28,40,0,0,0,0,0
03,120247858934130544,ACTIVE,98,2.22,79,0,0,0,0,0
03,120246809754490177,ACTIVE,140,2.1999999999999997,46,2,2,0,0,0
03,120249276093860168,ACTIVE,99,2.1999999999999997,63,3,3,0,0,0
03,120246770835970175,ACTIVE,155,2.18,58,0,0,0,0,0
03,120249660368160389,ACTIVE,76,2.08,79,2,2,0,0,0
03,120248735036530642,ACTIVE,656,2,57,1,1,0,0,0
03,120249501538610065,ACTIVE,161,1.99,68,1,1,0,0,0
03,120249238610510065,ACTIVE,80,1.9500000000000002,69,0,3,0,0,0
03,120252598297590166,ACTIVE,10,1.94,82,1,1,0,0,0
03,120247131790930470,ACTIVE,50,1.9,52,1,1,0,0,0
03,120245241486300129,ACTIVE,80,1.88,61,0,3,0,0,0
03,120249572579360354,ACTIVE,80,1.88,32,0,1,0,0,0
03,120252460811580404,ACTIVE,100,1.85,64,1,1,0,0,0
03,120246243213280686,ACTIVE,154,1.8499999999999999,44,0,1,0,0,0
03,120248249737920509,ACTIVE,100,1.8399999999999999,54,1,1,0,0,0
03,120243892555480490,ACTIVE,30,1.8399999999999999,32,1,1,0,0,0
03,120248288633070389,ACTIVE,100,1.8,55,1,1,0,0,0
03,120247228325210474,ACTIVE,80,1.79,47,1,1,0,0,0
03,120249059132490642,ACTIVE,685,1.77,55,0,0,0,0,0
03,120246107904230686,ACTIVE,80,1.75,67,0,1,0,0,0
03,120243892590430490,ACTIVE,30,1.75,30,1,1,0,0,0
03,120252534408040404,ACTIVE,160,1.74,47,1,4,0,0,0
03,120245782585560678,ACTIVE,122,1.66,45,0,1,0,0,0
03,120252229214490368,ACTIVE,50,1.66,41,1,2,0,0,0
03,120247924205270214,ACTIVE,65,1.6400000000000001,52,0,1,0,0,0
03,120251408442130577,ACTIVE,88,1.6099999999999999,29,0,2,0,0,0
03,120248308537280509,ACTIVE,74,1.58,42,0,2,0,0,0
03,120250586076530725,ACTIVE,100,1.5100000000000002,42,1,0,0,0,0
03,120258694716360586,ACTIVE,100,1.5,69,0,0,0,0,0
03,120249447976520374,ACTIVE,80,1.5,45,0,0,0,0,0
03,120249722137880152,ACTIVE,100,1.47,27,0,1,0,0,0
03,120248885568260126,ACTIVE,80,1.44,54,3,3,0,0,0
03,120249310694530564,ACTIVE,80,1.38,40,0,0,0,0,0
03,120259130701580586,ACTIVE,30,1.3599999999999999,48,2,2,0,0,0
03,120246098209220686,ACTIVE,100,1.33,35,2,5,1,0,0
03,120245481989440065,ACTIVE,40,1.31,67,1,1,0,0,0
03,120251788886810404,ACTIVE,100,1.3,30,0,1,0,0,0
03,120252510041540210,ACTIVE,98,1.29,39,1,1,0,0,0
03,120248207695450629,ACTIVE,100,1.25,25,0,0,0,0,0
03,120249304487120561,ACTIVE,90,1.25,31,0,0,0,0,0
03,120249572579320354,ACTIVE,80,1.21,20,0,0,0,0,0
03,120248074108720509,ACTIVE,140,1.16,38,0,1,0,0,0
03,120250927961350577,ACTIVE,100,1.1099999999999999,38,0,0,0,0,0
03,120248598654680561,ACTIVE,91,1.08,4,0,0,0,0,0
03,120247104183560533,ACTIVE,71,1.06,64,0,0,0,0,0
03,120248623149560090,ACTIVE,125,1.04,35,1,2,0,0,0
03,120246058017970436,ACTIVE,124,1.02,51,1,0,0,0,0
03,120248304803400065,ACTIVE,50,0.97,27,1,2,0,0,0
03,120248258798110175,ACTIVE,88,0.94,12,0,0,0,0,0
03,120245687813040097,ACTIVE,97,0.93,44,0,1,0,0,0
03,120251408442190577,ACTIVE,88,0.8899999999999999,7,0,0,0,0,0
03,120245322416940146,ACTIVE,100,0.68,12,0,0,0,0,0
03,120250585924550725,ACTIVE,100,0.6799999999999999,30,0,1,0,0,0
03,120249772402680695,ACTIVE,80,0.67,32,1,2,1,1,66.02
03,120248428303370214,ACTIVE,50,0.65,18,0,0,0,0,0
03,120248192187960175,ACTIVE,88,0.65,24,1,1,0,0,0
03,120252590102520166,ACTIVE,15,0.64,45,1,1,0,0,0
03,120248721372440425,ACTIVE,100,0.62,16,1,1,0,0,0
03,120246902225450241,ACTIVE,79,0.6,17,0,0,0,0,0
03,120249287169550455,ACTIVE,130,0.59,14,0,2,0,0,0
03,120246145189280470,ACTIVE,80,0.55,71,0,1,0,0,0
03,120249694269820695,ACTIVE,50,0.5,20,0,1,0,0,0
03,120249470287060544,ACTIVE,80,0.47,21,0,0,0,0,0
03,120248764599250589,ACTIVE,100,0.47,48,0,0,0,0,0
03,120259130701860586,ACTIVE,30,0.47,10,1,1,0,0,0
03,120248170097810629,ACTIVE,100,0.41,13,0,0,0,0,0
03,120248854598290455,ACTIVE,251,0.37,24,0,3,0,0,0
03,120247762435840509,ACTIVE,150,0.33,9,0,0,0,0,0
03,120249375752300152,ACTIVE,70,0.32,19,0,0,0,0,0
03,120247131790900470,ACTIVE,50,0.32,46,0,1,0,0,0
03,120248177990120477,PAUSED,100,0.31,7,1,1,0,0,0
03,120247514292960590,PAUSED,80,0.3,27,0,1,0,0,0
03,120249523562880116,ACTIVE,43,0.3,5,0,0,0,0,0
03,120252069258690722,PAUSED,80,0.28,8,0,0,0,0,0
03,120247104183480533,ACTIVE,71,0.27999999999999997,9,0,0,0,0,0
03,120249258523200469,ACTIVE,100,0.24,12,0,0,0,0,0
03,120250191573220663,ACTIVE,35,0.23,5,0,0,0,0,0
03,120245257768630146,ACTIVE,100,0.22,10,0,0,0,0,0
03,120246878248820177,ACTIVE,87,0.21000000000000002,3,1,1,0,0,0
03,120248320516200509,ACTIVE,100,0.21,5,0,0,0,0,0
03,120252432219740450,ACTIVE,80,0.19,1,0,0,0,0,0
03,120245331583020129,ACTIVE,80,0.19,14,0,0,0,0,0
03,120250585951520725,ACTIVE,100,0.19,13,1,1,0,0,0
03,120252459945290450,ACTIVE,60,0.18,2,0,2,0,0,0
03,120247209323410032,ACTIVE,100,0.18,9,1,1,0,0,0
03,120249236967460564,ACTIVE,80,0.15,11,0,0,0,0,0
03,120247614409850674,ACTIVE,80,0.15,5,0,0,0,0,0
03,120252134458290368,ACTIVE,80,0.14,8,0,0,0,0,0
03,120249193426010564,ACTIVE,80,0.12,4,0,0,0,0,0
03,120252595965290166,ACTIVE,10,0.1,12,0,1,1,0,0
03,120250191441070663,ACTIVE,50,0.09,3,0,0,0,0,0
03,120247238049750752,ACTIVE,748,0.08,6,0,1,0,0,0
03,120249097053120561,ACTIVE,100,0.08,8,0,0,0,0,0
03,120248139130260455,ACTIVE,100,0.08,5,0,0,0,0,0
03,120251868137060166,ACTIVE,10,0.05,3,0,0,0,0,0
03,120251659288280166,ACTIVE,10,0.04,3,0,0,0,0,0
03,120249372126490561,ACTIVE,90,0.04,7,0,1,0,0,0
03,120247200503920320,ACTIVE,1,0.01,2,0,0,0,0,0
03,120255933907170197,PAUSED,80,0.01,1,0,0,0,0,0
03,120247449223630097,ACTIVE,70,0.01,2,0,0,0,0,0
03,120246658595190780,PAUSED,80,0,2,0,0,0,0,0
03,120249724530930152,ACTIVE,80,0,0,0,0,0,0,0
03,120249724530900152,ACTIVE,80,0,0,0,0,0,0,0
03,120249593822710487,ACTIVE,80,0,0,0,0,0,0,0
03,120249577902990487,PAUSED,80,0,0,0,0,0,0,0
03,120249577902930487,PAUSED,80,0,0,0,0,0,0,0
03,120247011370610177,ACTIVE,100,0,0,0,0,0,0,0
03,120247011380090177,ACTIVE,100,0,0,0,0,0,0,0
03,120252920297380210,PAUSED,720,0,0,0,1,0,0,0
03,120247410623460470,ACTIVE,5,0,0,0,0,0,0,0
03,120249348677490425,ACTIVE,100,0,0,0,0,0,0,0
03,120247410623490470,ACTIVE,5,0,0,0,0,0,0,0
03,120253547301770348,PAUSED,80,0,0,0,1,1,0,0
03,120247410623510470,ACTIVE,5,0,0,0,0,0,0,0
03,120255933907180197,PAUSED,80,0,1,0,0,0,0,0
03,120247410623640470,ACTIVE,5,0,0,0,0,0,0,0
03,120247569520290032,PAUSED,80,0,0,0,0,0,0,0
03,120258931690100586,PAUSED,100,0,0,0,0,1,1,49.370000000000005
03,120247574868300590,PAUSED,80,0,0,0,0,0,0,0
03,120247679273730674,ACTIVE,80,0,0,0,0,0,0,0
03,120247679273790674,ACTIVE,80,0,0,0,0,0,0,0
03,120259206867480586,PAUSED,30,0,0,0,0,0,0,0
03,120259206867820586,PAUSED,30,0,0,0,0,0,0,0
03,120259206974090586,ACTIVE,30,0,0,0,0,0,0,0
03,120259206976580586,ACTIVE,30,0,0,0,0,0,0,0
03,120259207086820586,PAUSED,30,0,0,0,0,0,0,0
03,120259207086880586,PAUSED,30,0,0,0,0,0,0,0
03,120259207710420586,ACTIVE,30,0,0,0,0,0,0,0
03,120259207712190586,ACTIVE,30,0,0,0,0,0,0,0
03,120248564700950043,ACTIVE,80,0,0,0,3,0,0,0
03,120248564700900043,ACTIVE,80,0,0,0,1,0,0,0
03,120248455243050455,PAUSED,200,0,0,0,1,0,0,0
03,120251485393890577,ACTIVE,100,0,0,0,0,0,0,0
03,120251431090950577,PAUSED,100,0,0,0,1,0,0,0
03,120251181205120577,PAUSED,100,0,0,0,1,0,0,0
03,120251142479090019,PAUSED,50,0,0,0,1,0,0,0
03,120245409895030129,ACTIVE,80,0,0,0,0,0,0,0
03,120245467542610436,PAUSED,100,0,0,0,0,0,0,0
03,120246273720740455,PAUSED,2760,0,0,0,1,1,1,34.95
03,120249926808710695,ACTIVE,80,0,0,0,0,0,0,0
03,120249926808690695,ACTIVE,80,0,0,0,0,0,0,0
03,120249871401270725,PAUSED,500,0,0,0,0,0,0,0
03,120246620204530630,ACTIVE,223,0,0,0,3,0,0,0
03,120249781208250065,ACTIVE,80,0,0,0,0,0,0,0
03,120249780801750065,ACTIVE,80,0,0,0,0,0,0,0
03,120249780801730065,ACTIVE,80,0,0,0,0,0,0,0
04,120247136451350725,ACTIVE,2000,191.04,8146,104,116,12,8,507.69999999999993
04,120244823852300686,ACTIVE,618,144.39,2334,63,63,7,3,89.94
04,120245087420500146,ACTIVE,1000,133.39000000000001,4711,99,86,5,3,160.92000000000002
04,120249177863580455,ACTIVE,658,126.45,4021,91,103,8,7,421.37
04,120250509772640725,ACTIVE,1000,120.95,5134,90,95,9,5,267.67999999999995
04,120245282912580630,ACTIVE,525,119.88,2706,73,73,7,3,127.42000000000002
04,120245334049460065,ACTIVE,680,109.95,2105,66,75,8,2,79.50000000000001
04,120243986668280589,ACTIVE,800,109.18,2778,56,64,9,6,238.48999999999998
04,120245334049540065,ACTIVE,510,95.51,1761,89,98,12,6,256.89000000000004
04,120246828454030629,ACTIVE,683,93.25,1949,56,56,5,1,135.8
04,120249287169520455,ACTIVE,335,92.65,3052,75,75,3,2,119.32
04,120244079033450320,ACTIVE,600,92.42999999999999,4008,73,72,4,0,0
04,120248499654060043,ACTIVE,700,92.08,1773,69,65,12,6,228.09
04,120248166981820509,ACTIVE,709,85.87,4026,60,61,7,5,176.39000000000001
04,120248484683390090,ACTIVE,1000,83.61000000000001,2121,47,51,4,2,127.24000000000001
04,120243276755660065,ACTIVE,500,81.86000000000001,3403,56,67,10,4,157.83
04,120244963676310686,ACTIVE,500,78.19999999999999,1557,35,37,4,3,132.42
04,120249577930270487,ACTIVE,80,77.8,1502,29,29,2,0,0
04,120245882219820678,ACTIVE,248,76.57,1619,38,42,7,3,137.94
04,120244761352230455,ACTIVE,528,75.66,2388,59,71,5,3,197.69
04,120249172433610425,ACTIVE,332,72.43,1573,45,38,5,1,39.98
04,120244164741820146,ACTIVE,254,72.34,2076,34,43,2,0,0
04,120246299672700751,ACTIVE,510,71.29,2522,40,53,5,1,52.97
04,120252064052550709,ACTIVE,500,71.23,1238,22,26,4,3,139.10999999999999
04,120250011342400589,ACTIVE,500,71.09,1999,45,65,6,4,158.98999999999998
04,120248722531060455,ACTIVE,394,70.66,2430,41,44,4,1,34.95
04,120244431777030751,ACTIVE,800,70.61,2250,39,52,8,2,66.95
04,120249222252410065,ACTIVE,268,68.91000000000001,2023,35,36,3,1,29.98
04,120246058017990436,ACTIVE,388,66.87,2267,47,40,2,3,152.19000000000003
04,120244813077130146,ACTIVE,500,66.69,1316,25,22,4,0,0
04,120242301213710065,ACTIVE,550,66.42,3068,41,48,4,2,59.96000000000001
04,120249372477220229,ACTIVE,128,65.99000000000001,1421,50,52,6,3,89.94
04,120246638474110175,ACTIVE,725,65.79,1662,41,46,2,2,141.75
04,120248889381040455,ACTIVE,257,65.06,3652,36,32,1,0,0
04,120244430700860708,ACTIVE,552,62.79,1379,27,29,5,3,89.82000000000001
04,120249020782530389,ACTIVE,300,61.4,2135,75,74,10,2,69.72
04,120244349823030686,ACTIVE,264,60.96999999999999,1186,29,34,5,4,203.60999999999999
04,120247139480370564,ACTIVE,500,60.92,2307,37,41,6,3,119.94
04,120252182229950450,ACTIVE,300,60.279999999999994,1356,47,42,7,3,134.71
04,120250014496850229,PAUSED,222,60.040000000000006,1255,40,39,2,1,49.97
04,120247389999270241,ACTIVE,460,59.400000000000006,3248,49,58,5,2,108.46000000000001
04,120247380152830677,ACTIVE,432,58.550000000000004,2362,24,26,6,5,402.85999999999996
04,120248563890830642,ACTIVE,400,57.24,1336,30,27,0,0,0
04,120241066464020065,ACTIVE,470,55.39,2599,20,23,4,3,109.48000000000002
04,120249810423640431,ACTIVE,370,54.519999999999996,1918,36,40,3,2,77.14999999999999
04,120250296535810100,ACTIVE,300,52.13999999999999,1810,37,34,2,0,0
04,120248444259380455,ACTIVE,300,52.11,1939,42,44,4,2,144.78
04,120247325002770564,ACTIVE,300,51.61,1912,44,51,1,0,0
04,120250307526160100,ACTIVE,300,50.68,1825,40,40,4,1,22.98
04,120250014495990229,ACTIVE,189,50.14,768,22,20,2,1,49.97
04,120249577930200487,PAUSED,80,49.709999999999994,1013,11,11,1,0,0
04,120249304487320561,ACTIVE,199,49.67,1378,52,50,2,1,57.96
04,120249220581040455,ACTIVE,260,49.66,1107,39,37,1,1,147.27
04,120248977397730642,ACTIVE,309,48.62,1288,23,20,1,0,0
04,120248184540550090,ACTIVE,325,46.050000000000004,1771,46,48,7,3,254.56000000000003
04,120248012782330065,ACTIVE,150,45.879999999999995,1363,27,27,2,0,0
04,120242301213170065,ACTIVE,300,45.36,1780,35,40,8,5,188.96999999999997
04,120245172037500146,ACTIVE,136,44.47,1326,16,23,1,1,41.98
04,120247854894140559,ACTIVE,200,43.67,791,19,21,2,2,194.16
04,120251997651590404,ACTIVE,100,42.989999999999995,564,20,19,1,0,0
04,120245262034660146,ACTIVE,500,42.7,1615,42,38,7,4,265.89
04,23858073029630799,ACTIVE,350,42.22,552,22,23,4,3,103.48
04,120248517847670090,ACTIVE,666,42.06999999999999,1344,21,27,1,1,36.94
04,120249272919060455,ACTIVE,640,41.81,1111,25,23,1,1,34.949999999999996
04,120248732700550455,ACTIVE,359,41.01,1458,21,25,2,1,34.95
04,120243593315080146,ACTIVE,161,41,933,14,17,1,0,0
04,120250296395520100,ACTIVE,300,40.75,1407,18,35,3,0,0
04,120248388520260291,ACTIVE,300,40.69,773,18,15,3,0,0
04,120248416746740708,ACTIVE,200,40.36000000000001,1271,18,21,0,0,0
04,120246832758790677,ACTIVE,350,40.31,1001,9,12,2,2,138.39000000000001
04,120245514271740065,ACTIVE,195,40.160000000000004,736,25,24,7,3,183.01999999999998
04,120248893450550642,ACTIVE,140,39.75,1286,18,22,0,0,0
04,120249177863610455,ACTIVE,775,39.6,1167,24,28,2,2,120.82
04,120242694742870146,ACTIVE,210,39.6,1444,35,37,3,1,75.21000000000001
04,120249537081420065,ACTIVE,200,39.39,1051,18,17,0,0,0
04,120246511498780682,ACTIVE,200,39.019999999999996,631,31,36,2,3,394.33
04,120245201694370686,ACTIVE,100,38.87,723,23,26,3,1,51.22
04,120246670033370677,ACTIVE,369,37.760000000000005,885,8,9,1,0,0
04,120246971853630474,ACTIVE,80,37.6,497,11,13,3,1,25.979999999999997
04,120249610130740065,ACTIVE,382,37.47,1104,16,17,0,0,0
04,120253854767370211,ACTIVE,200,37.47,602,8,7,0,0,0
04,120246040085600751,ACTIVE,300,37.3,999,16,18,3,1,41.97
04,120246299672740751,ACTIVE,300,37.25,1238,28,27,7,3,91.93
04,120247405391800674,ACTIVE,101,36.50000000000001,901,36,31,0,0,0
04,120248893532100100,ACTIVE,300,36.26,984,21,27,5,3,114.50999999999999
04,120247066173290752,ACTIVE,300,36.16,1169,25,32,4,1,26.979999999999997
04,120249110988580455,ACTIVE,356,35.72,1473,27,30,1,1,60.41
04,120241671273870455,ACTIVE,1066,35.19,1188,26,23,2,0,0
04,120244777802430705,ACTIVE,100,34.980000000000004,488,15,15,2,1,29.98
04,120248287670430214,ACTIVE,220,34.97,914,37,39,5,1,37.27
04,120250354465080603,ACTIVE,150,34.61,727,14,13,0,0,0
04,120244643680750544,ACTIVE,100,34.56,1046,14,15,4,3,83.94
04,120249748358150589,ACTIVE,147,33.78,852,22,26,2,1,29.98
04,120248078229420043,ACTIVE,400,33.58,593,23,25,1,1,39.98
04,120248452492430509,ACTIVE,300,33.53,1352,24,27,1,0,0
04,120244809629940146,ACTIVE,167,33.29,1054,8,9,1,1,75.22
04,120250449834830589,ACTIVE,111,32.94,749,24,28,0,0,0
04,23858399785300799,ACTIVE,100,32.83,952,18,19,1,1,47.51
04,120253323556200054,ACTIVE,115,32.769999999999996,535,11,12,1,0,0
04,120247189109490707,ACTIVE,200,32.74,787,24,22,5,3,96.92
04,120249563397690389,ACTIVE,468,32.54,1178,31,43,4,0,0
04,120250270342280100,ACTIVE,158,32.28,1148,26,28,4,1,66.15
04,23858399785230799,ACTIVE,100,32.19,642,8,8,1,0,0
04,120258937221380586,ACTIVE,200,32.18,912,33,28,2,2,78.35000000000001
04,120245942236800686,ACTIVE,150,32.11,533,18,21,2,2,101.19
04,120253323555990054,ACTIVE,115,31.700000000000003,728,13,12,2,2,126.42999999999999
04,120246291786180686,ACTIVE,276,31.64,532,13,14,2,1,29.979999999999997
04,120249100983530561,ACTIVE,250,31.4,664,12,18,0,0,0
04,120249107649200126,ACTIVE,100,31.310000000000002,717,17,20,1,1,29.98
04,120248308559800509,ACTIVE,200,30.59,819,17,21,1,0,0
04,120247866597170389,ACTIVE,300,30.39,837,23,28,2,0,0
04,120250216921880100,ACTIVE,300,30.39,1113,20,29,5,3,113.71000000000001
04,120247210155820474,ACTIVE,80,30.38,576,14,16,2,1,42.77
04,120248320516160509,ACTIVE,150,30.120000000000005,510,17,15,4,0,0
04,120248166981870509,ACTIVE,243,30.08,1034,19,20,2,1,61.97
04,120248613615540642,ACTIVE,210,30.01,758,15,14,0,0,0
04,120249589704510152,ACTIVE,270,29.990000000000002,1165,20,16,2,1,108.27
04,120251256015310577,ACTIVE,116,29.990000000000002,721,12,11,1,0,0
04,120242031621370065,ACTIVE,229,29.89,888,11,11,1,1,49.51
04,120244034916020436,ACTIVE,301,29.630000000000003,1268,21,17,2,1,129.44
04,120248922585490210,ACTIVE,200,29.6,1536,19,17,1,0,0
04,120245469696060686,ACTIVE,100,29.56,589,8,10,0,0,0
04,120250228075050565,ACTIVE,100,29.55,411,8,7,0,0,0
04,120249120674110404,ACTIVE,300,29.540000000000003,671,13,14,0,0,0
04,120244777802480705,ACTIVE,100,29.169999999999998,539,24,22,1,1,29.98
04,120249111980100065,ACTIVE,100,29.15,1071,18,24,4,2,79.49000000000001
04,120248850201850065,PAUSED,130,29.139999999999997,677,9,8,0,0,0
04,120246024108390751,ACTIVE,300,29.130000000000003,731,12,16,1,1,41.97
04,120250466943310577,ACTIVE,102,28.810000000000002,538,19,17,3,0,0
04,120245891909090125,ACTIVE,200,28.799999999999997,859,18,24,2,1,69.72000000000001
04,120246808388750320,ACTIVE,270,28.72,1091,16,15,0,0,0
04,120245179332800129,ACTIVE,100,28.64,1019,27,25,0,0,0
04,120245557729330686,ACTIVE,131,28.52,522,17,19,4,3,183.61
04,120250228075020565,ACTIVE,100,28.4,434,10,11,1,0,0
04,120246178929760752,ACTIVE,300,28.250000000000004,804,22,30,4,1,116.91000000000001
04,120245339157220686,ACTIVE,100,28.16,400,9,8,1,1,29.980000000000004
04,120247335070640389,ACTIVE,100,28.150000000000002,746,20,24,4,1,34.86
04,120247431629500707,ACTIVE,271,28.04,699,23,31,2,0,0
04,120248279285560477,ACTIVE,90,28.009999999999998,376,11,9,0,0,0
04,120248416747190708,ACTIVE,156,27.950000000000003,622,12,12,3,3,152.17999999999998
04,120247126743310650,PAUSED,107,27.869999999999997,264,8,7,0,0,0
04,120250285289280319,ACTIVE,320,27.340000000000003,1178,32,31,1,0,0
04,120248306696030509,ACTIVE,176,27.14,1286,16,20,0,0,0
04,120251465994490577,ACTIVE,88,26.730000000000004,428,20,13,1,1,28.98
04,120246347471360686,ACTIVE,80,26.66,420,14,13,1,0,0
04,120246347471430686,ACTIVE,80,26.61,358,4,6,2,1,89.95
04,120246345569010686,ACTIVE,80,26.36,365,11,9,1,1,51.22
04,120242883956790544,ACTIVE,150,26.32,1119,17,17,2,2,55.96
04,120246023777450751,ACTIVE,300,26.29,883,15,20,3,0,0
04,120258922417790586,PAUSED,100,26.25,758,25,19,1,0,0
04,120248800044910751,ACTIVE,135,26.19,730,23,27,5,2,66.95
04,120248502959590043,ACTIVE,200,26.150000000000002,496,40,39,3,2,79.96000000000001
04,120249242219810126,PAUSED,90,26.07,480,12,13,1,0,0
04,120249729041450065,ACTIVE,94,26.05,555,5,4,1,1,29.98
04,120248842978890462,ACTIVE,363,26.03,448,8,10,1,1,57.98
04,120245383772400146,ACTIVE,100,26,536,10,8,3,2,117.2
04,120250337858370100,ACTIVE,300,25.84,837,16,17,5,1,52.56
04,120235701428400210,ACTIVE,200,25.77,681,22,21,2,0,0
04,120244733135910705,ACTIVE,100,25.68,411,13,14,3,2,81.19999999999999
04,120250329792700100,ACTIVE,155,25.619999999999997,831,14,17,1,0,0
04,120248492410110561,ACTIVE,280,25.619999999999997,892,22,25,6,1,24.98
04,120246985309150320,ACTIVE,440,25.509999999999998,767,15,16,3,1,34.07
04,120245383344520146,ACTIVE,100,25.450000000000003,452,10,9,1,1,41.980000000000004
04,120250942814310577,ACTIVE,100,25.449999999999996,677,24,24,5,4,135.11
04,120244928009900146,ACTIVE,212,25.349999999999998,626,13,14,1,1,75.22
04,120244689534040708,ACTIVE,155,25.34,500,23,21,0,0,0
04,120248320638870175,ACTIVE,87,25.23,465,17,17,1,0,0
04,120246347519410686,ACTIVE,80,25.22,341,10,13,1,1,29.979999999999997
04,120247547590960642,ACTIVE,229,25.18,658,7,8,0,0,0
04,120245972443720177,ACTIVE,226,25.019999999999996,458,24,23,2,1,51.21
04,120251351288690577,ACTIVE,264,24.95,788,17,18,0,1,122.52000000000001
04,120248598576010303,ACTIVE,150,24.91,684,26,30,3,1,92.99000000000001
04,120246991959890177,ACTIVE,87,24.84,418,8,9,0,0,0
04,120249344116310065,ACTIVE,100,24.830000000000002,470,14,16,1,1,67.91
04,120247380153090677,ACTIVE,386,24.72,954,15,16,2,1,41.980000000000004
04,120235336090360210,ACTIVE,200,24.71,722,12,13,3,0,0
04,120250386214960100,ACTIVE,138,24.65,920,20,22,5,2,76.34
04,120250156416670100,ACTIVE,300,24.53,1243,22,23,3,2,107.36999999999999
04,120248332283150708,ACTIVE,133,24.48,620,13,15,2,2,81.08
04,120249501538610065,ACTIVE,161,24.45,584,14,17,2,0,0
04,120249580311700695,ACTIVE,184,24.36,842,9,10,0,0,0
04,120250429072770100,ACTIVE,62,24.27,311,6,7,1,0,0
04,120245380137820707,ACTIVE,200,24.23,674,23,22,1,0,0
04,120248574839520695,ACTIVE,350,23.91,1006,12,17,2,2,104
04,120249563403450389,ACTIVE,284,23.78,665,30,31,6,3,90.91
04,120245899907660065,ACTIVE,115,23.7,336,13,13,0,0,0
04,120252202866640368,ACTIVE,80,23.54,638,13,13,2,1,38.980000000000004
04,120250789469770586,ACTIVE,100,23.51,517,12,21,3,1,49.37
04,120249135138590389,ACTIVE,112,23.410000000000004,1142,23,17,1,2,69.72
04,120245694161990686,PAUSED,100,23.4,294,3,2,1,0,0
04,120250612473790392,ACTIVE,100,23.34,458,22,18,3,1,37.98
04,120249474040130389,ACTIVE,100,23.17,1077,25,23,1,1,21.19
04,120249232068930561,ACTIVE,100,23.14,662,11,13,1,0,0
04,120248568552360090,PAUSED,80,23.060000000000002,320,13,13,1,0,0
04,120248249348420629,ACTIVE,128,23.04,431,11,11,1,0,0
04,120245251316060477,ACTIVE,100,23.02,393,8,9,0,0,0
04,120246525961650682,ACTIVE,100,22.84,331,13,12,1,1,69.05
04,120246957592250177,ACTIVE,100,22.67,456,11,12,1,1,89.94000000000001
04,120248574839550695,ACTIVE,243,22.6,850,12,9,1,0,0
04,120245837898990436,ACTIVE,100,22.5,646,12,11,2,0,0
04,120247614361890674,PAUSED,80,22.490000000000002,435,9,9,0,0,0
04,120249242219710126,ACTIVE,90,22.47,481,13,13,0,0,0
04,120247041421470241,ACTIVE,200,22.309999999999995,952,17,19,3,3,150.44
04,120250518458320127,ACTIVE,100,22.299999999999997,247,7,12,0,0,0
04,120247046282150533,ACTIVE,101,22.26,1067,37,41,3,1,24.979999999999997
04,120245044044870686,ACTIVE,150,22.15,406,11,11,2,2,161.16
04,120246971854000474,ACTIVE,100,22.130000000000003,459,13,16,1,1,57.46
04,120246347519520686,ACTIVE,80,22.11,308,10,12,0,0,0
04,120245306349070462,ACTIVE,100,22.099999999999998,489,18,20,1,0,0
04,120246791587200455,ACTIVE,100,21.82,419,11,9,1,1,84.37
04,120246345567150686,ACTIVE,80,21.78,338,8,8,1,0,0
04,120245514271720065,ACTIVE,115,21.74,431,20,18,2,0,0
04,120248274792600090,ACTIVE,243,21.69,427,10,12,0,0,0
04,120249729041270065,ACTIVE,94,21.58,525,12,11,0,0,0
04,120247296233760320,ACTIVE,155,21.56,656,17,17,4,3,126.91000000000001
04,120245899907890065,ACTIVE,115,21.55,411,12,13,3,0,0
04,120245320116510129,ACTIVE,100,21.48,711,18,22,0,0,0
04,120246299721450751,ACTIVE,195,21.41,490,5,7,2,2,77.95
04,120253218017710054,ACTIVE,100,21.41,373,11,12,2,0,0
04,120247872407610477,ACTIVE,100,21.34,299,10,12,0,0,0
04,120246347555540686,ACTIVE,80,21.27,297,9,11,0,0,0
04,120250403419350725,ACTIVE,100,21.18,603,7,7,2,1,133.32
04,120247614409790674,ACTIVE,150,21.060000000000002,486,12,11,2,1,69.49000000000001
04,120250790045220586,ACTIVE,100,20.96,773,14,13,3,2,136.86
04,120250656662350589,ACTIVE,170,20.88,444,7,5,0,0,0
04,120246620204530630,ACTIVE,223,20.87,527,9,12,0,0,0
04,120249610130820065,PAUSED,94,20.83,447,6,7,0,0,0
04,120248207800710629,ACTIVE,100,20.779999999999998,655,9,12,1,0,0
04,120245266826770146,ACTIVE,100,20.759999999999998,490,15,16,2,0,0
04,120249135138850389,ACTIVE,100,20.759999999999998,984,25,20,4,1,81.94
04,120246991959830177,ACTIVE,87,20.720000000000002,391,17,14,2,0,0
04,120245382874590146,ACTIVE,100,20.689999999999998,540,9,11,1,1,41.98
04,120246961147480177,ACTIVE,100,20.63,366,10,12,1,2,101.19
04,120247957196080629,ACTIVE,100,20.61,443,15,18,3,1,89.36999999999999
04,120250181260290229,ACTIVE,80,20.590000000000003,292,1,1,0,0,0
04,120249712410600389,PAUSED,75,20.580000000000002,538,10,10,1,0,0
04,120248207800680629,ACTIVE,100,20.57,587,9,9,1,1,63.91
04,120235701428420210,ACTIVE,200,20.54,605,18,18,2,3,125.94
04,120250613049530392,ACTIVE,100,20.47,453,22,18,1,0,0
04,120249712410690389,PAUSED,75,20.38,605,17,17,4,1,34.86
04,120245031811820436,ACTIVE,126,20.37,896,18,20,2,2,83.96000000000001
04,120247643854840590,ACTIVE,80,20.37,193,1,11,0,0,0
04,120246347555530686,ACTIVE,80,20.18,268,8,7,1,1,29.98
04,120246376824850630,ACTIVE,270,20.18,516,7,8,2,1,29.980000000000004
04,120242709811040544,ACTIVE,80,20.11,830,14,15,1,1,27.98
04,120248320638830175,ACTIVE,87,20.07,363,8,8,1,1,41.93
04,120251412553340368,ACTIVE,150,20.05,549,9,10,2,1,38.980000000000004
04,120250210018830100,ACTIVE,300,19.98,630,12,17,1,0,0
04,120246100871360533,PAUSED,131,19.87,869,14,11,0,0,0
04,120246180858540686,ACTIVE,101,19.85,438,11,12,0,0,0
04,120249573023870116,ACTIVE,101,19.77,382,12,12,2,2,114.94999999999999
04,120239930892250650,ACTIVE,200,19.740000000000002,274,9,8,1,0,0
04,120249468033340389,ACTIVE,100,19.74,509,18,21,1,0,0
04,120247497523360320,ACTIVE,107,19.720000000000002,612,15,14,2,2,116.09
04,120248082904030663,ACTIVE,150,19.68,291,9,8,0,0,0
04,120245383772560146,ACTIVE,100,19.650000000000002,787,6,5,1,1,41.98
04,120246660415710177,ACTIVE,100,19.65,380,13,14,1,1,51.21
04,120251465994660577,ACTIVE,88,19.65,323,12,11,2,1,48.17
04,120251068782150237,ACTIVE,100,19.62,198,4,4,0,0,0
04,120248563890890642,ACTIVE,200,19.59,471,11,14,1,1,65.94999999999999
04,120249414020610561,ACTIVE,100,19.560000000000002,4251,9,9,0,0,0
04,120249474201110389,ACTIVE,100,19.53,719,15,14,2,0,0
04,120250092640150663,ACTIVE,120,19.44,354,9,9,1,1,37.98
04,120247624307770032,ACTIVE,77,19.42,514,15,14,2,1,24.98
04,120247085686400320,ACTIVE,131,19.41,463,16,13,0,0,0
04,120250313247750589,ACTIVE,106,19.4,394,3,7,0,0,0
04,120244963455410686,ACTIVE,80,19.39,303,8,8,0,1,51.22
04,120246347639100686,ACTIVE,80,19.3,256,8,8,0,0,0
04,120247624307750032,PAUSED,77,19.240000000000002,551,13,13,2,0,0
04,120250270945270663,ACTIVE,150,19.17,363,6,8,0,0,0
04,120248471685020084,ACTIVE,50,19.1,179,8,9,0,0,0
04,120252191525360210,ACTIVE,100,19.080000000000002,845,14,13,2,1,71.72
04,120248077222780477,ACTIVE,100,19.07,349,5,5,0,0,0
04,120246346972950686,ACTIVE,80,19.05,268,3,4,0,0,0
04,120247643854790590,ACTIVE,80,19.03,814,7,22,1,1,89.94999999999999
04,120246676754100650,ACTIVE,100,18.97,292,6,7,1,1,61.56999999999999
04,120245383344470146,ACTIVE,100,18.91,403,9,11,0,0,0
04,120250014656120229,ACTIVE,60,18.79,295,7,7,0,0,0
04,120250623729250057,ACTIVE,300,18.72,200,4,5,0,0,0
04,120246921246130533,ACTIVE,100,18.68,973,30,34,3,3,92.92
04,120250726239420127,ACTIVE,100,18.67,250,12,13,0,0,0
04,120240258763950179,ACTIVE,200,18.650000000000002,1010,21,25,1,0,0
04,120246471244730065,ACTIVE,229,18.55,643,10,13,1,1,29.98
04,120250112691700229,ACTIVE,71,18.55,520,14,12,2,1,49.97
04,120246347145030686,ACTIVE,80,18.5,285,6,5,0,0,0
04,120251485552230577,ACTIVE,100,18.49,3222,54,72,1,0,0
04,120249671720930152,ACTIVE,80,18.45,272,14,12,2,2,115.53
04,120246956253430177,ACTIVE,100,18.409999999999997,340,10,10,0,0,0
04,120249348677490425,ACTIVE,100,18.3,382,7,8,0,0,0
04,120248935062690126,ACTIVE,154,18.22,447,7,7,0,0,0
04,120248170097870629,ACTIVE,100,18.18,375,4,6,0,0,0
04,120246865117370320,ACTIVE,170,18.14,553,12,13,0,0,0
04,120245329017710146,ACTIVE,100,18.080000000000002,392,19,20,1,1,75.21
04,120250480129310392,ACTIVE,100,18.01,301,11,10,0,0,0
04,120251210404530057,ACTIVE,100,17.96,166,3,4,0,0,0
04,120249263984640425,ACTIVE,170,17.96,493,9,10,1,1,63.97
04,120247497524000320,ACTIVE,107,17.96,516,10,11,1,1,35.510000000000005
04,120246755850270533,ACTIVE,101,17.939999999999998,1092,29,28,3,2,49.96
04,120248194846920006,PAUSED,80,17.87,286,7,6,0,0,0
04,120246291786110686,ACTIVE,80,17.86,285,7,8,2,2,81.2
04,120246733901990065,ACTIVE,80,17.84,407,17,17,1,0,0
04,120246346915640686,ACTIVE,80,17.77,280,6,8,2,2,161.15
04,120250877852440057,ACTIVE,100,17.72,172,6,8,1,1,73.42
04,120249671851220152,ACTIVE,80,17.65,753,8,8,0,0,0
04,120245837627100436,ACTIVE,100,17.65,830,18,19,0,0,0
04,120246928620620752,ACTIVE,100,17.61,302,12,12,1,1,42.97
04,120249008737320561,ACTIVE,70,17.59,476,13,16,3,3,249.79
04,120245266852790146,ACTIVE,100,17.55,511,13,15,0,0,0
04,120246124304970436,ACTIVE,124,17.529999999999998,834,8,8,1,1,41.98
04,120246243213280686,ACTIVE,154,17.5,332,7,9,0,0,0
04,120244486723120436,ACTIVE,100,17.45,808,17,16,1,1,43.72
04,120247377722540477,ACTIVE,105,17.43,198,5,5,0,0,0
04,120251068782080237,ACTIVE,100,17.42,253,7,8,0,0,0
04,120246347145110686,ACTIVE,80,17.37,295,8,8,1,1,29.98
04,120249107449180469,ACTIVE,100,17.2,476,15,14,3,0,0
04,120248424748630214,ACTIVE,130,17.07,334,8,7,1,0,0
04,120248151966110006,ACTIVE,80,17.05,320,8,11,0,0,0
04,120247303210460752,ACTIVE,300,17.049999999999997,626,19,17,1,0,0
04,120245987269690436,ACTIVE,124,17.04,721,15,17,1,1,41.98
04,120249666979560695,ACTIVE,100,17.04,463,14,13,0,0,0
04,120246827300650780,ACTIVE,80,17.03,906,20,19,3,0,0
04,120247554861630032,PAUSED,80,16.99,325,5,5,1,0,0
04,120248560991980642,ACTIVE,109,16.94,425,8,6,1,0,0
04,120249247871220425,ACTIVE,90,16.919999999999998,321,6,8,1,1,39.980000000000004
04,120250429106170100,ACTIVE,89,16.81,525,11,9,0,1,52.56
04,120248734905220544,PAUSED,80,16.759999999999998,478,6,7,0,0,0
04,120246733877000065,ACTIVE,80,16.71,397,16,18,2,2,59.96
04,120244418309490436,ACTIVE,100,16.67,562,15,11,1,1,129.44
04,120249671961090152,ACTIVE,80,16.580000000000002,595,10,10,0,0,0
04,120250447195790100,ACTIVE,100,16.560000000000002,442,17,19,2,1,124.49999999999999
04,120251425264570709,PAUSED,80,16.54,219,2,1,0,0,0
04,120249468033420389,ACTIVE,100,16.52,380,16,14,1,0,0
04,120249730950240229,ACTIVE,60,16.5,391,15,15,0,0,0
04,120246733902040065,ACTIVE,80,16.48,355,12,14,0,0,0
04,120249516466840544,ACTIVE,80,16.48,474,8,8,3,1,47.52
04,120245383094330146,ACTIVE,100,16.47,483,3,5,0,0,0
04,120248564196050090,ACTIVE,124,16.44,305,3,6,0,0,0
04,120252460811520404,ACTIVE,100,16.42,183,6,5,0,0,0
04,120248424742670214,ACTIVE,130,16.41,412,12,14,0,0,0
04,120248427377090214,ACTIVE,130,16.38,376,12,14,1,1,46.720000000000006
04,120246124304940436,ACTIVE,124,16.310000000000002,702,16,18,1,0,0
04,120248471342270084,ACTIVE,50,16.3,188,5,5,0,0,0
04,120245906725230436,ACTIVE,100,16.27,625,5,6,0,0,0
04,120248213835750477,ACTIVE,184,16.24,250,5,6,1,0,0
04,120251408442130577,ACTIVE,88,16.21,218,10,13,2,0,0
04,120249903653910695,ACTIVE,80,16.21,411,8,7,0,0,0
04,120245382800360146,ACTIVE,100,16.18,423,6,5,0,0,0
04,120246979308680533,ACTIVE,156,16.11,714,18,19,2,2,66.94999999999999
04,120245382874560146,ACTIVE,100,16.1,487,6,9,1,0,0
04,120251109241560577,ACTIVE,100,16.02,515,21,18,0,0,0
04,120244824816070686,ACTIVE,80,15.95,274,10,9,0,0,0
04,120250181206510229,ACTIVE,80,15.92,375,8,8,0,0,0
04,120249819292400663,ACTIVE,100,15.899999999999999,240,11,11,2,2,75.96
04,120249377071420389,ACTIVE,100,15.899999999999999,444,9,11,1,1,34.86
04,120246997356490752,ACTIVE,209,15.889999999999999,421,11,11,1,0,0
04,120244794017770320,ACTIVE,120,15.87,780,15,15,1,0,0
04,120244686931590705,ACTIVE,100,15.869999999999997,376,13,12,2,1,31.220000000000002
04,120244761869100436,ACTIVE,100,15.84,700,9,9,0,0,0
04,120246479062780133,ACTIVE,100,15.82,222,6,5,0,0,0
04,120246299672680751,ACTIVE,115,15.82,462,17,20,1,1,52.97
04,120246347639030686,ACTIVE,80,15.700000000000001,211,5,7,0,0,0
04,120246843188440752,ACTIVE,100,15.670000000000002,454,10,8,2,1,42.970000000000006
04,120249543839590354,ACTIVE,80,15.66,199,9,9,0,0,0
04,120248302912110389,ACTIVE,100,15.65,340,11,21,2,1,47.769999999999996
04,120248471525150084,ACTIVE,50,15.51,171,11,10,1,1,40.98
04,120248170232840041,ACTIVE,80,15.44,374,4,5,0,0,0
04,120248561472190043,ACTIVE,80,15.42,296,11,10,1,1,43.81
04,120249121356900642,ACTIVE,123,15.32,329,6,4,0,0,0
04,120252581950800709,ACTIVE,80,15.25,250,3,4,0,0,0
04,120247554861570032,ACTIVE,80,15.239999999999998,349,7,9,1,0,0
04,120249414021330561,PAUSED,100,15.22,2264,7,4,0,0,0
04,120250200295930589,ACTIVE,100,15.16,318,6,10,0,0,0
04,120249238610320065,ACTIVE,80,15.16,418,10,12,2,1,85.13999999999999
04,120250447195810100,ACTIVE,100,15.149999999999999,369,8,11,1,1,52.56
04,120247150219590533,ACTIVE,90,15.12,657,13,14,3,0,0
04,120249516180250544,PAUSED,80,15.07,497,4,4,0,0,0
04,120244302719050146,ACTIVE,100,15.05,362,11,8,0,0,0
04,120248924408620544,ACTIVE,192,14.969999999999999,401,9,8,0,0,0
04,120248924408910544,ACTIVE,140,14.969999999999999,424,7,8,1,1,47.52
04,120246733876960065,ACTIVE,80,14.96,304,5,3,0,0,0
04,120249722137880152,ACTIVE,100,14.959999999999999,221,5,4,1,0,0
04,120248304056960090,ACTIVE,177,14.95,325,2,3,0,0,0
04,120249463026540469,ACTIVE,100,14.919999999999998,286,6,5,0,0,0
04,120245382800270146,ACTIVE,100,14.86,385,2,4,0,0,0
04,120249231443520389,ACTIVE,348,14.84,651,8,13,1,0,0
04,120252584622890404,ACTIVE,50,14.620000000000001,227,6,6,1,1,97.96
04,120249815549060695,ACTIVE,100,14.62,361,4,5,0,0,0
04,120248442764270509,ACTIVE,100,14.61,713,7,4,0,0,0
04,120245279091880436,ACTIVE,100,14.6,752,15,16,3,0,0
04,120244618043630436,ACTIVE,100,14.55,646,16,15,4,3,241.41
04,120248464770270509,ACTIVE,100,14.530000000000001,422,11,8,1,1,130.87
04,120246947981930126,ACTIVE,80,14.529999999999998,409,16,15,0,0,0
04,120245387614600129,ACTIVE,80,14.52,351,4,6,0,0,0
04,120245905953240436,ACTIVE,100,14.51,693,9,11,1,0,0
04,120249516106810544,PAUSED,80,14.43,495,4,4,0,0,0
04,120250480128780392,PAUSED,100,14.42,213,7,7,1,0,0
04,120251126621570237,ACTIVE,100,14.31,167,1,2,0,0,0
04,120247150219620533,ACTIVE,90,14.24,621,13,12,1,1,72.95
04,120245092065980129,ACTIVE,100,14.190000000000001,347,7,8,0,0,0
04,120248854598290455,ACTIVE,251,14.19,555,9,7,0,0,0
04,120246931507190320,ACTIVE,120,14.16,537,9,9,1,1,58.77
04,120247001920940477,ACTIVE,100,14.1,281,6,5,0,0,0
04,120248336280980090,ACTIVE,167,14.09,291,3,3,0,0,0
04,120247105534220320,ACTIVE,100,14.09,447,15,14,1,1,58.77
04,120249823132410048,ACTIVE,100,13.97,237,13,14,0,1,66.02000000000001
04,120245346459390436,ACTIVE,100,13.95,599,13,16,1,0,0
04,120248540240290509,ACTIVE,80,13.95,555,8,9,1,1,66.36999999999999
04,120248793947440462,ACTIVE,132,13.940000000000001,223,5,6,0,0,0
04,120248569142580043,PAUSED,80,13.75,300,9,9,0,0,0
04,120245387614550129,ACTIVE,80,13.690000000000001,390,16,14,0,0,0
04,120245331619190129,ACTIVE,100,13.68,353,13,14,0,0,0
04,120245260142700146,ACTIVE,100,13.68,432,10,10,1,0,0
04,120252584622860404,ACTIVE,50,13.649999999999999,212,10,7,1,1,41.980000000000004
04,120251983007570368,ACTIVE,80,13.620000000000001,330,5,4,0,0,0
04,120248800208810303,ACTIVE,40,13.59,297,9,9,0,0,0
04,120249572579360354,ACTIVE,80,13.58,170,3,3,0,0,0
04,120246513499500780,ACTIVE,80,13.56,302,7,9,1,1,24.98
04,120251929583050651,ACTIVE,80,13.530000000000001,540,8,10,0,0,0
04,120250629224620319,ACTIVE,100,13.479999999999999,456,5,5,1,1,37
04,120250112679260229,ACTIVE,60,13.46,420,10,9,0,0,0
04,120247245979210389,ACTIVE,100,13.440000000000001,332,17,16,1,1,34.86
04,120250079096940127,ACTIVE,100,13.44,227,11,13,0,0,0
04,120247614361930674,ACTIVE,80,13.43,275,1,2,0,0,0
04,120248855168720455,ACTIVE,206,13.4,447,9,11,0,0,0
04,120248540240430509,ACTIVE,80,13.4,449,6,5,1,1,36.47
04,120246346895260686,ACTIVE,80,13.33,259,4,2,1,1,29.98
04,120249516180210544,PAUSED,80,13.25,428,3,3,0,0,0
04,120252248120960722,ACTIVE,40,13.21,165,6,8,0,0,0
04,120249999663760100,ACTIVE,100,13.15,502,11,12,1,0,0
04,120249823132440048,ACTIVE,100,13.129999999999999,250,8,11,0,0,0
04,120245382821930146,ACTIVE,100,13.120000000000001,547,7,8,2,1,75.22
04,120250519148850127,ACTIVE,100,13.09,358,6,5,1,0,0
04,120248496485910509,ACTIVE,100,13.07,541,10,10,2,2,126.94
04,120247253400970320,ACTIVE,100,13.07,763,11,7,1,0,0
04,120249042008190544,ACTIVE,95,13.05,418,4,6,0,0,0
04,120252582084360709,ACTIVE,80,13.03,269,5,6,1,0,0
04,120245782585560678,ACTIVE,122,12.95,211,7,9,1,0,0
04,120244863900690146,ACTIVE,100,12.88,403,6,4,1,0,0
04,120244270293390320,ACTIVE,120,12.87,464,10,16,0,0,0
04,120250353178530351,ACTIVE,80,12.86,250,2,2,0,0,0
04,120248415387920090,ACTIVE,246,12.84,399,15,13,1,1,62.39000000000001
04,120249543839560354,ACTIVE,80,12.82,207,5,4,0,0,0
04,120246471244780065,ACTIVE,229,12.809999999999999,454,8,5,1,1,49.519999999999996
04,120247319362190032,ACTIVE,100,12.769999999999998,368,8,10,0,0,0
04,120250270945240663,ACTIVE,80,12.740000000000002,199,14,15,1,0,0
04,120248540761010509,ACTIVE,80,12.74,526,6,7,0,0,0
04,120245383095120146,ACTIVE,100,12.719999999999999,455,6,5,1,2,148.69000000000003
04,120246928447770752,ACTIVE,100,12.7,412,19,21,3,1,42.97
04,120250186073630319,ACTIVE,100,12.68,595,4,5,1,1,37
04,120248538295380509,ACTIVE,80,12.68,474,6,6,0,0,0
04,120248623149560090,ACTIVE,125,12.579999999999998,341,7,8,2,2,100.82
04,120247762435840509,ACTIVE,150,12.56,245,7,8,0,0,0
04,120246440355140780,ACTIVE,80,12.540000000000001,257,3,3,0,0,0
04,120248538240460509,ACTIVE,80,12.5,473,6,6,0,0,0
04,120247983277080167,ACTIVE,80,12.5,212,11,8,1,0,0
04,120249538902680544,PAUSED,80,12.48,381,2,2,1,0,0
04,120246309078080032,ACTIVE,100,12.450000000000001,354,10,11,0,0,0
04,120249286765290368,ACTIVE,80,12.36,436,7,8,0,0,0
04,120251788791190404,ACTIVE,150,12.33,263,4,8,2,0,0
04,120250353178250351,ACTIVE,80,12.239999999999998,302,3,2,0,0,0
04,120250299563240725,ACTIVE,100,12.239999999999998,426,9,8,0,0,0
04,120244895773550129,ACTIVE,80,12.18,213,4,5,0,0,0
04,120248128901930175,ACTIVE,114,12.13,1517,16,15,1,0,0
04,120251979136820210,ACTIVE,100,12.1,299,6,3,2,0,0
04,120244813179240146,ACTIVE,100,12.09,299,2,2,0,0,0
04,120248249192300509,ACTIVE,150,12.09,540,10,14,0,0,0
04,120245980788570752,ACTIVE,100,12.03,240,3,2,1,1,42.970000000000006
04,120251214911160279,ACTIVE,80,12.02,196,3,3,0,0,0
04,120246808176070320,ACTIVE,120,12,480,5,5,0,0,0
04,120248540760950509,ACTIVE,80,11.8,462,7,6,0,0,0
04,120246395342860125,ACTIVE,100,11.780000000000001,310,4,4,2,0,0
04,120247983232350167,ACTIVE,80,11.78,236,6,6,1,0,0
04,120247027817230677,ACTIVE,144,11.71,334,4,4,0,0,0
04,120248663786960462,ACTIVE,70,11.6,143,6,5,0,0,0
04,120249076026100642,ACTIVE,120,11.6,350,6,6,0,0,0
04,120247426861210031,ACTIVE,80,11.590000000000002,177,8,9,2,0,0
04,120251944302800368,ACTIVE,100,11.58,292,8,9,0,0,0
04,120250386214920100,ACTIVE,100,11.579999999999998,281,7,8,2,1,52.559999999999995
04,120248800178510303,ACTIVE,40,11.48,305,6,5,0,0,0
04,120249238610510065,ACTIVE,80,11.479999999999999,254,7,12,0,0,0
04,120252083857520368,ACTIVE,60,11.45,289,3,4,0,0,0
04,120245408113110129,ACTIVE,80,11.34,289,6,8,0,0,0
04,120245327669090320,ACTIVE,120,11.33,389,7,7,0,0,0
04,120248330641110509,ACTIVE,100,11.290000000000001,487,6,9,0,0,0
04,120248539964750462,ACTIVE,60,11.07,270,14,15,0,0,0
04,120246440557020780,ACTIVE,80,11.06,284,8,8,1,0,0
04,120249325405290389,ACTIVE,100,11.01,490,8,9,0,0,0
04,120249516467230544,PAUSED,80,11,144,3,3,0,0,0
04,120243063569770146,ACTIVE,117,10.98,218,3,5,1,1,41.98
04,120250270342330100,ACTIVE,109,10.969999999999999,279,3,3,2,1,66.15
04,120251280446770722,ACTIVE,80,10.860000000000001,208,3,3,1,0,0
04,120250200101610100,ACTIVE,100,10.82,282,11,10,1,1,52.56
04,120252401981500709,ACTIVE,80,10.8,263,14,14,2,0,0
04,120249572579320354,ACTIVE,80,10.77,157,0,0,0,0,0
04,120248194656160006,PAUSED,80,10.75,144,1,1,0,0,0
04,120247643819180590,ACTIVE,80,10.75,130,0,3,0,0,0
04,120253122295100210,ACTIVE,80,10.74,317,5,5,0,0,0
04,120246961087240177,ACTIVE,100,10.67,211,6,11,1,0,0
04,120249175354060126,ACTIVE,100,10.66,227,2,2,1,0,0
04,120249300729750589,ACTIVE,100,10.64,374,8,8,0,0,0
04,120248564700900043,ACTIVE,80,10.629999999999999,215,5,8,1,1,60.61
04,120245837521970436,ACTIVE,100,10.53,473,9,11,0,0,0
04,120244761091850146,ACTIVE,100,10.49,219,4,6,0,0,0
04,120249005372660589,ACTIVE,100,10.469999999999999,219,2,3,1,0,0
04,120246737185780177,ACTIVE,100,10.43,176,8,11,1,1,51.22
04,120252158322580651,ACTIVE,80,10.399999999999999,215,2,2,1,0,0
04,120251789041250404,ACTIVE,100,10.37,216,4,3,1,1,97.96
04,120245689540450436,ACTIVE,120,10.29,439,4,4,0,0,0
04,120251701953330054,ACTIVE,100,10.25,203,6,7,0,0,0
04,120246395839560125,ACTIVE,80,10.25,152,3,3,0,0,0
04,120247679273790674,ACTIVE,80,10.219999999999999,216,8,10,0,0,0
04,120246479174050133,ACTIVE,100,10.219999999999999,184,6,6,0,1,88.38999999999999
04,120250586323230725,ACTIVE,100,10.180000000000001,290,3,6,0,1,68.56
04,120253122370210054,ACTIVE,100,10.18,122,0,3,0,0,0
04,120252198020010210,ACTIVE,137,10.18,279,5,6,1,0,0
04,120249325405270389,ACTIVE,100,10.159999999999998,468,17,20,2,1,47.75
04,120249175354120126,ACTIVE,100,10.149999999999999,272,6,8,2,0,0
04,120251722976530368,ACTIVE,100,10.129999999999999,245,2,3,0,0,0
04,120258095185070586,PAUSED,100,10.11,136,5,6,1,1,49.37
04,120247735898240097,ACTIVE,40,10.080000000000002,301,2,2,0,0,0
04,120249237052730564,ACTIVE,80,10.080000000000002,313,5,6,0,0,0
04,120248495931290509,ACTIVE,100,10.079999999999998,507,2,3,1,0,0
04,120247215908240172,ACTIVE,50,10.059999999999999,154,3,6,0,0,0
04,120249780801730065,ACTIVE,80,10,195,4,4,1,0,0
04,120249935914370589,ACTIVE,237,10,284,3,5,0,0,0
04,120248564700950043,ACTIVE,80,9.99,180,9,10,0,0,0
04,120247775015280090,ACTIVE,102,9.91,248,5,6,0,0,0
04,120246294828630686,ACTIVE,80,9.91,167,5,3,0,0,0
04,120246901356650172,ACTIVE,50,9.79,197,10,9,2,0,0
04,120246983939560320,ACTIVE,100,9.780000000000001,311,5,8,0,0,0
04,120248800114620303,ACTIVE,40,9.78,430,12,10,1,1,26.98
04,120247735987750097,ACTIVE,50,9.73,327,4,5,0,0,0
04,120250946852160368,ACTIVE,120,9.719999999999999,273,5,3,0,0,0
04,120248569897400090,PAUSED,80,9.71,90,5,4,0,0,0
04,120249285524080455,ACTIVE,130,9.68,238,4,5,1,1,60.41
04,120245264320780129,ACTIVE,100,9.66,301,6,7,0,0,0
04,120249610772400374,PAUSED,80,9.65,84,0,0,0,0,0
04,120252321145680651,ACTIVE,80,9.65,206,0,2,0,0,0
04,120248538215440509,ACTIVE,80,9.629999999999999,404,5,5,0,0,0
04,120247735805910097,ACTIVE,40,9.59,205,3,5,0,1,34.98
04,120246770835970175,ACTIVE,155,9.489999999999998,207,2,2,0,0,0
04,120252534408040404,ACTIVE,160,9.48,236,7,10,0,0,0
04,120249286682560368,ACTIVE,100,9.41,169,4,4,0,0,0
04,120249443467080663,ACTIVE,150,9.39,144,9,9,0,0,0
04,120252256329710450,ACTIVE,80,9.379999999999999,131,8,7,1,0,0
04,120249020749590065,ACTIVE,50,9.34,247,5,5,1,1,49.52
04,120245262033960146,ACTIVE,100,9.34,222,0,3,0,0,0
04,120250356640970100,ACTIVE,50,9.219999999999999,165,8,9,1,0,0
04,120249926808690695,ACTIVE,80,9.15,244,3,3,1,1,66.02000000000001
04,120249463170390469,ACTIVE,80,9.129999999999999,345,2,6,0,0,0
04,120251788886810404,ACTIVE,100,9.12,182,7,7,3,1,71.72
04,120248072969470389,ACTIVE,100,9.059999999999999,258,13,10,1,1,34.86
04,120247614333900674,ACTIVE,80,9.059999999999999,183,3,4,1,0,0
04,120249287169550455,ACTIVE,130,9.04,171,5,5,1,0,0
04,120251997719170404,ACTIVE,100,9.03,190,4,9,0,0,0
04,120243287419940129,ACTIVE,100,8.95,189,3,6,0,0,0
04,120248564195910090,ACTIVE,124,8.91,156,3,2,0,0,0
04,120244216235640630,ACTIVE,100,8.89,248,5,6,0,0,0
04,120247137870290032,ACTIVE,100,8.86,245,8,8,0,0,0
04,120247981166240090,ACTIVE,100,8.83,182,5,5,0,0,0
04,120248151909020006,ACTIVE,80,8.83,200,5,5,1,0,0
04,120250585672760725,ACTIVE,100,8.8,146,5,4,0,0,0
04,120245689540550436,ACTIVE,115,8.780000000000001,350,2,4,2,2,108.38
04,120251354404600722,ACTIVE,80,8.78,162,7,8,0,0,0
04,120244164847370788,ACTIVE,30,8.78,170,7,7,0,0,0
04,120249325186790389,ACTIVE,100,8.62,443,1,1,0,0,0
04,120245018376450146,ACTIVE,100,8.579999999999998,281,1,2,1,1,75.21
04,120248739125830303,ACTIVE,50,8.54,168,7,7,2,1,43.97
04,120249020749560065,ACTIVE,50,8.5,224,6,3,1,0,0
04,120252510041540210,ACTIVE,98,8.469999999999999,154,1,1,0,0,0
04,120253218043020054,ACTIVE,100,8.45,118,1,2,0,0,0
04,120244813153430146,ACTIVE,100,8.27,218,1,1,0,0,0
04,120245266852860146,ACTIVE,100,8.25,305,4,3,0,0,0
04,120249229589770695,ACTIVE,350,8.24,268,2,2,0,0,0
04,120247643818970590,ACTIVE,80,8.21,112,1,5,0,0,0
04,120244694492240146,ACTIVE,100,8.18,245,4,3,1,1,41.98
04,120247679273730674,ACTIVE,80,8.18,240,2,5,0,0,0
04,120245923045620168,ACTIVE,100,8.17,156,2,2,0,0,0
04,120251729529810709,ACTIVE,80,8.1,170,4,6,0,0,0
04,120247228325210474,ACTIVE,80,8.06,122,2,3,0,0,0
04,120250356712410100,ACTIVE,50,8.04,199,10,11,2,1,26.97
04,120245687813040097,ACTIVE,97,8.030000000000001,272,4,4,0,0,0
04,120245889270610065,ACTIVE,40,7.94,207,3,3,0,0,0
04,120248764599250589,ACTIVE,100,7.93,367,4,3,1,0,0
04,120249861202960589,ACTIVE,200,7.760000000000001,316,3,7,1,1,67.91
04,6973002165426,ACTIVE,50,7.720000000000001,198,0,0,0,0,0
04,120246107193720686,ACTIVE,80,7.68,108,3,3,1,0,0
04,120252589978110166,ACTIVE,10,7.66,143,3,4,0,0,0
04,120247215908320172,ACTIVE,50,7.66,168,11,12,0,0,0
04,120250445767170166,ACTIVE,10,7.64,171,6,5,1,0,0
04,120250586322820725,ACTIVE,100,7.620000000000001,279,5,3,0,0,0
04,120249266711770425,ACTIVE,100,7.58,106,1,2,0,0,0
04,120247011380090177,ACTIVE,100,7.55,139,3,3,0,0,0
04,120244991758560129,ACTIVE,80,7.540000000000001,202,3,4,0,0,0
04,120248308537280509,ACTIVE,74,7.5,192,6,4,1,1,34.98
04,120246005453800291,ACTIVE,360,7.49,103,4,6,2,0,0
04,120246180858520686,ACTIVE,100,7.49,154,6,7,0,0,0
04,120259199910770586,ACTIVE,30,7.459999999999999,301,3,3,0,0,0
04,120248064986340303,ACTIVE,80,7.450000000000001,208,9,5,0,0,0
04,120249285560020695,ACTIVE,150,7.449999999999999,201,7,5,0,0,0
04,120249325186850389,ACTIVE,100,7.44,331,7,9,0,0,0
04,120252205832760166,ACTIVE,10,7.4399999999999995,153,2,2,0,0,0
04,120259199912530586,ACTIVE,30,7.42,237,1,1,0,0,0
04,120247924205270214,ACTIVE,65,7.4,199,3,5,0,0,0
04,120247735876000097,ACTIVE,40,7.370000000000001,292,6,7,1,0,0
04,120249310694530564,ACTIVE,80,7.37,170,1,3,0,0,0
04,120248781054270455,ACTIVE,100,7.36,273,8,7,0,0,0
04,120245516609390788,ACTIVE,20,7.27,153,3,6,1,0,0
04,120247614409850674,ACTIVE,80,7.09,193,8,7,0,0,0
04,120248493682120090,ACTIVE,130,7.069999999999999,195,7,13,2,1,43.82
04,120249553547110663,ACTIVE,200,7.0600000000000005,134,5,5,2,1,66.02000000000001
04,120246680736770533,ACTIVE,100,7.039999999999999,304,12,13,2,1,41.97
04,120251063106910166,ACTIVE,20,7.029999999999999,197,8,8,1,0,0
04,120249780801750065,ACTIVE,80,6.97,180,3,3,0,0,0
04,120248304803400065,ACTIVE,50,6.959999999999999,172,4,5,0,1,29.98
04,120250356570030100,ACTIVE,50,6.869999999999999,133,7,3,0,0,0
04,120251485464960577,ACTIVE,100,6.84,204,5,9,1,1,50.309999999999995
04,120249660368100389,ACTIVE,76,6.84,170,3,4,0,0,0
04,120250300183610725,ACTIVE,100,6.83,150,2,4,0,0,0
04,120250200295760589,ACTIVE,100,6.8,119,10,10,1,1,29.98
04,120250300134920725,ACTIVE,100,6.760000000000001,197,4,5,0,0,0
04,120248885568260126,ACTIVE,80,6.76,167,3,3,0,0,0
04,120248207695450629,ACTIVE,100,6.720000000000001,114,2,2,0,0,0
04,120245257768380146,ACTIVE,100,6.71,178,6,6,0,0,0
04,120248207695370629,ACTIVE,100,6.6899999999999995,129,1,3,0,0,0
04,120249447976460374,ACTIVE,80,6.66,289,3,3,0,0,0
04,120247483547220590,ACTIVE,80,6.66,364,4,4,1,0,0
04,120248304803930065,ACTIVE,50,6.64,165,2,3,0,0,0
04,120244242496990780,ACTIVE,100,6.59,216,1,2,0,0,0
04,120245031641660146,ACTIVE,105,6.59,147,2,1,1,0,0
04,120244076954630146,ACTIVE,100,6.55,73,0,0,0,0,0
04,120249541714820544,ACTIVE,80,6.52,195,0,1,1,1,47.51
04,120245481989440065,ACTIVE,40,6.51,202,4,5,0,0,0
04,120245467542610436,ACTIVE,100,6.47,218,4,4,0,0,0
04,120245889270720065,ACTIVE,40,6.449999999999999,237,4,4,1,1,51.63
04,120248258798170175,ACTIVE,88,6.359999999999999,237,5,6,0,0,0
04,120248139130260455,ACTIVE,100,6.35,205,0,2,0,0,0
04,120249304487120561,ACTIVE,90,6.32,189,5,5,0,0,0
04,120252589978050166,ACTIVE,10,6.290000000000001,166,1,2,0,0,0
04,120251485393890577,ACTIVE,100,6.21,222,2,1,0,0,0
04,120252205063890166,ACTIVE,10,6.1899999999999995,146,5,3,1,0,0
04,120246107904230686,ACTIVE,80,6.07,185,2,2,0,0,0
04,120245838343090436,ACTIVE,100,5.93,209,3,7,1,0,0
04,120244924434950146,ACTIVE,100,5.88,313,2,2,0,0,0
04,120247858934130544,ACTIVE,98,5.81,191,1,2,0,0,0
04,120251066821130237,ACTIVE,100,5.8,71,0,1,0,0,0
04,120244883028360686,ACTIVE,80,5.8,112,1,2,0,0,0
04,120251485515210577,ACTIVE,100,5.79,196,1,2,0,0,0
04,120245941415570686,ACTIVE,80,5.78,71,0,4,0,0,0
04,120245468761950436,ACTIVE,100,5.77,184,1,1,0,0,0
04,120252594940370166,ACTIVE,10,5.71,150,3,3,0,0,0
04,120247011370610177,ACTIVE,100,5.67,131,5,6,1,0,0
04,120248832877240168,ACTIVE,70,5.640000000000001,108,1,2,0,0,0
04,120252229214430368,ACTIVE,50,5.609999999999999,151,4,3,0,0,0
04,120247998931350564,ACTIVE,380,5.57,176,1,3,0,0,0
04,120251827078290368,ACTIVE,100,5.5200000000000005,150,5,5,1,1,69.57
04,120249093218690425,ACTIVE,230,5.52,134,0,3,1,1,36.980000000000004
04,120245481989400065,ACTIVE,40,5.5,153,1,1,0,0,0
04,120249724530900152,ACTIVE,80,5.49,117,1,2,0,0,0
04,120252229214490368,ACTIVE,50,5.4399999999999995,122,2,3,0,0,0
04,120248471342150084,PAUSED,50,5.42,67,2,2,0,0,0
04,120247223966660470,ACTIVE,50,5.39,117,6,5,3,0,0
04,120246294871370686,ACTIVE,80,5.36,88,2,1,0,0,0
04,120252460811580404,ACTIVE,100,5.359999999999999,175,1,3,0,0,0
04,120245241485180129,ACTIVE,100,5.3100000000000005,93,2,1,0,0,0
04,120248598654680561,ACTIVE,91,5.29,85,1,2,0,0,0
04,120259048667380586,PAUSED,30,5.279999999999999,154,3,3,0,0,0
04,120245409895030129,ACTIVE,80,5.25,195,4,6,0,0,0
04,120248735036530642,ACTIVE,656,5.239999999999999,107,3,4,0,0,0
04,120248089703400629,ACTIVE,190,5.21,144,2,4,1,0,0
04,120243753190540054,ACTIVE,101,5.16,166,4,5,0,0,0
04,120246098209220686,ACTIVE,100,5.16,113,5,6,1,0,0
04,120253252012870054,ACTIVE,100,5.15,61,0,2,0,0,0
04,120245322416940146,ACTIVE,100,5.14,81,1,1,0,0,0
04,120248074108720509,ACTIVE,140,5.119999999999999,157,3,3,0,0,0
04,6998743229226,ACTIVE,50,5.02,131,2,3,0,0,0
04,120247490366690707,ACTIVE,80,5.02,119,6,5,0,0,0
04,120246466273450630,ACTIVE,70,4.970000000000001,139,6,6,2,1,52.2
04,120248471685070084,PAUSED,50,4.9,44,1,2,0,0,0
04,120250229074540365,ACTIVE,80,4.88,90,2,3,0,0,0
04,120249724530930152,ACTIVE,80,4.88,119,1,3,0,0,0
04,120248228345780043,PAUSED,150,4.87,63,1,1,0,0,0
04,120249349824530425,ACTIVE,100,4.85,109,1,1,0,0,0
04,120246927688390177,ACTIVE,88,4.83,78,3,4,0,0,0
04,120242746886630788,ACTIVE,20,4.82,92,2,3,0,0,0
04,120248130116260214,ACTIVE,80,4.8,106,4,6,0,0,0
04,120243458344350129,ACTIVE,80,4.75,192,3,2,0,0,0
04,120248569897330090,PAUSED,80,4.73,66,0,1,1,1,25.98
04,120248287670480214,ACTIVE,80,4.7,128,3,4,0,0,0
04,120245400790120686,ACTIVE,80,4.68,105,0,1,0,0,0
04,120248828412650561,ACTIVE,70,4.51,160,1,1,0,0,0
04,120248442735500509,ACTIVE,80,4.44,195,2,5,1,1,90.46
04,120251408442190577,ACTIVE,88,4.4399999999999995,75,3,3,0,0,0
04,120244860107220146,ACTIVE,100,4.32,122,2,2,0,0,0
04,120246295022080630,ACTIVE,70,4.300000000000001,88,0,0,0,0,0
04,120246188701000686,ACTIVE,80,4.3,126,1,2,1,1,51.22
04,120247444013020320,ACTIVE,100,4.28,138,2,4,0,0,0
04,120249276093860168,ACTIVE,99,4.25,119,3,4,0,0,0
04,120248249737920509,ACTIVE,100,4.24,112,3,2,0,0,0
04,120245241486300129,ACTIVE,80,4.220000000000001,134,4,5,0,0,0
04,120253252012900054,ACTIVE,100,4.22,144,0,3,1,1,31.980000000000004
04,120250586047790725,ACTIVE,100,4.21,76,5,4,1,2,97.54
04,120248471525310084,PAUSED,50,4.17,52,1,1,0,0,0
04,120248232372850509,ACTIVE,80,4.17,150,0,2,0,0,0
04,120247238049750752,ACTIVE,748,4.16,146,5,7,0,0,0
04,120246809754490177,ACTIVE,140,4.15,69,3,3,0,0,0
04,120245868869560788,ACTIVE,10,4.13,92,1,1,0,0,0
04,120249121356880642,ACTIVE,123,4.12,119,1,1,0,0,0
04,120247444012950320,ACTIVE,100,4.04,126,0,3,0,0,0
04,120248428303370214,ACTIVE,50,4.02,107,1,4,0,0,0
04,120251126648490237,ACTIVE,100,3.96,64,1,1,1,1,42.98
04,120248533771940126,ACTIVE,80,3.85,75,1,1,1,1,29.98
04,120245218353240788,ACTIVE,10,3.8200000000000003,95,3,2,0,0,0
04,120244480112510436,ACTIVE,100,3.8099999999999996,187,4,4,0,0,0
04,120247519982390097,ACTIVE,108,3.77,140,2,4,0,0,0
04,120253192898390210,ACTIVE,80,3.75,78,0,0,0,0,0
04,120251126648560237,ACTIVE,100,3.72,94,0,1,0,0,0
04,120243892555480490,ACTIVE,30,3.7199999999999998,68,1,1,0,0,0
04,120249375752300152,ACTIVE,70,3.7,105,2,1,0,0,0
04,120248735036310642,ACTIVE,100,3.6399999999999997,97,2,2,1,0,0
04,120249781208250065,ACTIVE,80,3.63,68,0,0,0,0,0
04,120248447974370043,PAUSED,120,3.63,55,1,1,0,0,0
04,120248288633070389,ACTIVE,100,3.6,98,2,2,0,0,0
04,120248569427510090,PAUSED,80,3.5799999999999996,33,1,1,0,0,0
04,120249447976520374,ACTIVE,80,3.55,125,2,1,0,0,0
04,120245266827060146,ACTIVE,100,3.55,76,1,1,0,0,0
04,120248479510860214,ACTIVE,80,3.51,79,2,1,0,0,0
04,120247802943620389,ACTIVE,100,3.49,205,5,4,0,0,0
04,120246902225450241,ACTIVE,79,3.44,154,0,1,0,0,0
04,120244156901670146,ACTIVE,100,3.41,108,1,1,0,0,0
04,120247383567000320,ACTIVE,126,3.35,123,0,3,0,0,0
04,120245329624380146,ACTIVE,100,3.33,96,2,4,0,0,0
04,120249660368160389,ACTIVE,76,3.29,120,2,2,0,0,0
04,120246330272670320,ACTIVE,115,3.29,143,1,4,0,0,0
04,120247797697910629,ACTIVE,126,3.28,91,0,1,1,0,0
04,120244486414960436,ACTIVE,100,3.23,148,1,5,1,0,0
04,120248227096110465,ACTIVE,11,3.22,140,0,0,0,0,0
04,120248881081710126,ACTIVE,80,3.18,62,1,1,0,0,0
04,120245329624180146,ACTIVE,100,3.17,44,0,1,0,0,0
04,120245279293750436,ACTIVE,100,3.16,183,0,0,0,0,0
04,120243892590430490,ACTIVE,30,3.16,53,2,2,0,0,0
04,120248170097810629,ACTIVE,100,3.15,74,0,0,0,0,0
04,120249097053120561,ACTIVE,100,3.1399999999999997,148,0,1,0,0,0
04,120247209323410032,ACTIVE,100,3.1200000000000006,80,1,2,0,0,0
04,120251126621500237,ACTIVE,100,3.09,64,0,0,0,0,0
04,120249372126490561,ACTIVE,90,2.98,125,2,2,1,0,0
04,120250004049340365,ACTIVE,80,2.9000000000000004,34,0,2,1,0,0
04,120248258798110175,ACTIVE,88,2.9,69,0,0,0,0,0
04,120249985386920725,ACTIVE,100,2.87,79,3,5,1,1,68.56
04,120248569427530090,PAUSED,80,2.82,38,0,0,0,0,0
04,120252598297590166,ACTIVE,10,2.82,116,1,1,0,0,0
04,120245941475210686,ACTIVE,80,2.77,64,1,4,0,0,0
04,120251067068290237,ACTIVE,100,2.77,65,0,0,0,0,0
04,120250300134890725,ACTIVE,100,2.65,63,0,0,0,0,0
04,120248910905560425,ACTIVE,100,2.65,88,0,2,0,0,0
04,120245400596270686,ACTIVE,80,2.64,46,0,4,1,1,29.98
04,120247431629840707,ACTIVE,576,2.6399999999999997,102,2,2,0,0,0
04,120247131790930470,ACTIVE,50,2.63,89,2,2,0,0,0
04,120249470287060544,ACTIVE,80,2.5599999999999996,79,1,2,0,0,0
04,120250586076530725,ACTIVE,100,2.5500000000000003,83,1,0,0,0,0
04,120249059132490642,ACTIVE,685,2.52,86,0,0,0,0,0
04,120246145189280470,ACTIVE,80,2.51,246,2,2,0,0,0
04,120249776872540116,ACTIVE,100,2.44,61,1,2,0,0,0
04,120246210137720125,ACTIVE,100,2.43,55,2,2,0,0,0
04,120252590102520166,ACTIVE,15,2.41,100,1,1,0,0,0
04,120245205078130630,ACTIVE,72,2.39,91,1,1,0,0,0
04,120250191441070663,ACTIVE,50,2.29,50,2,2,0,0,0
04,120245905867350436,ACTIVE,100,2.26,75,1,1,0,0,0
04,120248158101820629,ACTIVE,150,2.09,39,0,1,0,0,0
04,120248320516200509,ACTIVE,100,2.02,32,0,1,0,0,0
04,120248541516690291,ACTIVE,80,1.98,42,0,2,0,0,0
04,120249474040160389,ACTIVE,100,1.97,56,2,2,0,0,0
04,120258694716360586,ACTIVE,100,1.9100000000000001,88,0,0,0,0,0
04,120251659288280166,ACTIVE,10,1.8800000000000001,31,0,0,0,0,0
04,120246927688350177,ACTIVE,88,1.81,15,0,0,0,0,0
04,120252134458290368,ACTIVE,80,1.81,49,0,0,0,0,0
04,120245329703050146,ACTIVE,100,1.8,86,0,1,0,0,0
04,120245284052330686,ACTIVE,80,1.8,35,0,0,0,0,0
04,120249694269820695,ACTIVE,50,1.79,55,1,1,0,0,0
04,120245329703090146,ACTIVE,100,1.77,52,1,3,0,0,0
04,120252802852340054,ACTIVE,100,1.72,18,0,0,0,0,0
04,120249523562880116,ACTIVE,43,1.71,52,4,2,0,0,0
04,120247296233710320,ACTIVE,150,1.68,25,0,5,1,0,0
04,120249021714300389,ACTIVE,100,1.66,51,2,3,0,0,0
04,120247410623460470,ACTIVE,5,1.6500000000000001,20,1,1,0,0,0
04,120250509772850725,ACTIVE,100,1.64,56,0,0,0,0,0
04,120248616085540126,ACTIVE,80,1.59,40,0,0,0,0,0
04,120250403343510725,ACTIVE,100,1.57,46,0,3,0,0,0
04,120246884110080177,ACTIVE,100,1.51,20,0,1,1,0,0
04,120247104183560533,ACTIVE,71,1.51,86,1,1,0,0,0
04,120250110334530116,ACTIVE,100,1.49,37,0,2,0,0,0
04,120250927961350577,ACTIVE,100,1.45,51,1,1,0,0,0
04,120246919904290533,ACTIVE,100,1.41,68,3,2,0,0,0
04,120259130701580586,ACTIVE,30,1.3900000000000001,50,2,2,0,0,0
04,120250585924550725,ACTIVE,100,1.38,57,1,1,0,0,0
04,120246037977820686,ACTIVE,80,1.36,22,0,0,0,0,0
04,120249020624040389,ACTIVE,100,1.35,43,4,4,0,0,0
04,120246402943010533,ACTIVE,100,1.32,67,3,3,0,0,0
04,120251430489280577,ACTIVE,100,1.3,42,1,2,0,0,0
04,120245779935620436,ACTIVE,100,1.3,36,1,3,0,0,0
04,120251066821030237,ACTIVE,100,1.28,31,0,0,0,0,0
04,120246209510180125,ACTIVE,100,1.28,37,1,1,0,0,0
04,120246058017970436,ACTIVE,124,1.26,60,1,0,0,0,0
04,120247131790900470,ACTIVE,50,1.25,97,1,2,0,0,0
04,120247574868300590,ACTIVE,80,1.25,85,0,1,0,0,0
04,120245092427050146,ACTIVE,100,1.23,30,0,1,0,0,0
04,120249141869160564,ACTIVE,80,1.19,40,0,2,0,0,0
04,120249325626060389,ACTIVE,100,1.13,40,1,1,0,0,0
04,120249772402680695,ACTIVE,80,1.1199999999999999,53,1,2,1,1,66.02
04,120249141691480564,ACTIVE,200,1.07,23,1,1,0,0,0
04,120248502959570043,ACTIVE,80,1.06,22,0,1,0,0,0
04,120249473727060389,ACTIVE,100,1.06,11,0,3,0,0,0
04,120245331583020129,ACTIVE,80,1.05,40,2,2,1,1,41.98
04,120248911416770577,ACTIVE,103,1.05,14,0,0,0,0,0
04,120250629473070725,ACTIVE,100,1.02,4,0,0,0,0,0
04,120252595965290166,ACTIVE,30,1.02,46,1,2,1,1,80.74000000000001
04,120250191573220663,ACTIVE,35,1.01,21,0,0,0,0,0
04,120245539332330436,ACTIVE,100,0.95,63,2,2,1,1,99.71
04,120246754801740509,ACTIVE,100,0.9400000000000001,28,2,2,0,0,0
04,120248652563840090,ACTIVE,60,0.94,27,0,2,0,0,0
04,120246135738040630,ACTIVE,525,0.94,33,1,2,1,0,0
04,120244581910350686,ACTIVE,80,0.93,8,0,1,0,0,0
04,120250585951520725,ACTIVE,100,0.8999999999999999,37,1,1,0,0,0
04,120251181205120577,ACTIVE,100,0.84,23,1,3,1,0,0
04,120246392026370179,ACTIVE,80,0.8,32,0,0,0,0,0
04,120245263261150146,ACTIVE,100,0.74,27,1,0,0,0,0
04,120249372126460561,ACTIVE,90,0.72,35,0,0,0,0,0
04,120248192187960175,ACTIVE,88,0.71,28,1,1,0,0,0
04,120247410623640470,ACTIVE,5,0.68,22,1,2,2,0,0
04,120247392681010097,ACTIVE,98,0.67,51,1,2,0,0,0
04,120248652484130090,ACTIVE,60,0.67,15,0,4,0,0,0
04,120250401823370725,ACTIVE,100,0.64,28,0,0,0,0,0
04,120248721372440425,ACTIVE,100,0.64,18,1,1,0,0,0
04,120247449223630097,ACTIVE,70,0.57,39,0,0,0,0,0
04,120247410623510470,ACTIVE,5,0.55,12,0,0,0,0,0
04,120249236967460564,ACTIVE,80,0.55,28,1,1,0,0,0
04,120251067068190237,ACTIVE,100,0.54,9,0,1,0,0,0
04,120247439933960241,ACTIVE,195,0.54,31,0,1,0,0,0
04,120252432219740450,ACTIVE,80,0.49,2,0,0,0,0,0
04,120259130701860586,ACTIVE,30,0.49,12,1,1,0,0,0
04,120244264704370436,ACTIVE,100,0.48,18,0,0,0,0,0
04,120247410623490470,ACTIVE,5,0.46,11,0,2,0,0,0
04,120250229153320365,ACTIVE,80,0.46,7,0,1,0,0,0
04,120247104183480533,ACTIVE,71,0.42,12,0,0,0,0,0
04,120245257768630146,ACTIVE,100,0.35,17,0,0,0,0,0
04,120247634863390564,ACTIVE,150,0.34,7,0,0,0,0,0
04,120251254946790722,ACTIVE,50,0.33,8,0,1,1,1,38.269999999999996
04,120248177990120477,PAUSED,100,0.31,7,1,1,0,0,0
04,120247514292960590,PAUSED,80,0.3,27,0,1,0,0,0
04,120249193426010564,ACTIVE,80,0.29,13,0,0,0,0,0
04,120248204610010425,ACTIVE,100,0.28,9,0,0,0,0,0
04,120252069258690722,PAUSED,80,0.28,8,0,0,0,0,0
04,120250036356910725,ACTIVE,100,0.27,7,0,0,0,0,0
04,120245906396800436,ACTIVE,100,0.27,15,0,0,0,0,0
04,120249258523200469,ACTIVE,100,0.25,14,0,0,0,0,0
04,120251868137060166,ACTIVE,10,0.24,13,0,0,0,0,0
04,120246297341700177,ACTIVE,101,0.22,12,0,0,0,0,0
04,120246878248820177,ACTIVE,87,0.21000000000000002,3,1,1,0,0,0
04,120251181923790577,ACTIVE,100,0.21,17,0,1,0,0,0
04,120245905914310436,ACTIVE,100,0.19,9,0,0,0,0,0
04,120252459945290450,ACTIVE,60,0.18,2,1,2,0,0,0
04,120244234919350146,ACTIVE,100,0.17,5,0,0,0,0,0
04,120252102856020404,ACTIVE,56,0.15000000000000002,7,0,0,0,0,0
04,120249932722130725,ACTIVE,100,0.1,6,0,0,0,0,0
04,120249142089470564,ACTIVE,80,0.04,3,0,0,0,0,0
04,120246736062480320,ACTIVE,150,0.04,4,0,0,0,0,0
04,120255933907170197,PAUSED,80,0.01,1,0,0,0,0,0
04,120247200503920320,ACTIVE,1,0.01,2,0,0,0,0,0
04,120258931690100586,PAUSED,100,0,0,0,0,1,1,49.370000000000005
04,120248019993640629,ACTIVE,100,0,0,0,1,0,0,0
04,120247973391630043,PAUSED,80,0,0,0,0,0,0,0
04,120249871750440100,PAUSED,200,0,0,0,0,0,0,0
04,120259206867480586,PAUSED,30,0,0,0,0,0,0,0
04,120259206867820586,PAUSED,30,0,0,0,0,0,0,0
04,120259206974090586,ACTIVE,30,0,0,0,8,0,0,0
04,120259206976580586,ACTIVE,30,0,0,0,1,0,0,0
04,120259207086820586,PAUSED,30,0,0,0,0,0,0,0
04,120259207086880586,PAUSED,30,0,0,0,0,0,0,0
04,120259207710420586,ACTIVE,30,0,0,0,1,0,0,0
04,120259207712190586,ACTIVE,30,0,0,0,0,0,0,0
04,120249926808710695,ACTIVE,80,0,0,0,0,0,0,0
04,120251128334100237,ACTIVE,100,0,0,0,0,0,0,0
04,120246294918850686,PAUSED,80,0,0,0,0,0,0,0
04,120246294810100686,PAUSED,80,0,0,0,0,0,0,0
04,120246294771100686,PAUSED,80,0,0,0,0,0,0,0
04,120246273720740455,PAUSED,2760,0,0,0,2,1,1,34.95
04,120246244988860686,PAUSED,80,0,0,0,0,0,0,0
04,120246243213310686,PAUSED,80,0,0,0,0,0,0,0
04,120248541686540291,ACTIVE,80,0,0,0,0,0,0,0
04,120248541686200291,ACTIVE,80,0,0,0,2,0,0,0
04,120251660169230722,PAUSED,50,0,0,0,0,0,0,0
04,120248541516770291,ACTIVE,80,0,0,0,5,0,0,0
04,120248496166940509,PAUSED,100,0,0,0,1,0,0,0
04,120245824562960686,PAUSED,80,0,0,0,0,0,0,0
04,120251431090950577,PAUSED,100,0,0,0,2,0,0,0
04,120248455243050455,PAUSED,200,0,0,0,1,0,0,0
04,120245468846710436,ACTIVE,100,0,1,0,0,0,0,0
04,120250329792710100,PAUSED,100,0,0,0,0,0,0,0
04,120252920297380210,PAUSED,720,0,0,0,1,0,0,0
04,120247569520290032,PAUSED,80,0,0,0,0,0,0,0
04,120251142479090019,PAUSED,50,0,0,0,1,0,0,0
04,120249577902930487,PAUSED,80,0,0,0,0,0,0,0
04,120249577902990487,PAUSED,80,0,0,0,0,0,0,0
04,120249580312530695,PAUSED,100,0,0,0,1,0,0,0
04,120249593822710487,ACTIVE,80,0,0,0,0,0,0,0
04,120246658595190780,PAUSED,80,0,2,0,0,0,0,0
04,120253547301770348,PAUSED,80,0,0,0,1,1,0,0
04,120255933907180197,PAUSED,80,0,1,0,0,0,0,0
04,120250224179000100,PAUSED,500,0,0,0,0,0,0,0
04,120251128333860237,ACTIVE,100,0,0,0,0,0,0,0
04,120249871401270725,PAUSED,500,0,0,0,0,0,0,0
