hh,campaign_id,status,budget,spent,impressions,clicks,views,checkout,purchase,rev
00,120247115989130291,ACTIVE,600,11.94,139,5,9,2,1,64.17
00,120245045512490686,ACTIVE,80,10.19,119,3,3,0,0,0
00,120248455243050455,ACTIVE,425,9.49,255,3,8,0,0,0
00,120240679404390629,ACTIVE,400,8.7,196,4,5,1,0,0
00,120246005453800291,ACTIVE,600,8.34,140,5,6,1,0,0
00,120247136451350725,ACTIVE,1000,8.16,215,4,5,0,0,0
00,120247813840340065,ACTIVE,186,6.43,46,1,1,0,0,0
00,120244883028360686,ACTIVE,1000,5.52,111,2,7,1,1,29.98
00,120244017128390686,ACTIVE,100,5.51,103,5,6,2,0,0
00,120247583319740586,ACTIVE,500,5.01,176,7,7,0,0,0
00,120244761352230455,ACTIVE,225,4.92,141,2,3,0,0,0
00,120249286765290368,ACTIVE,200,4.91,92,1,1,0,0,0
00,120248337451970425,ACTIVE,200,4.53,94,3,3,0,0,0
00,120248911416770577,ACTIVE,1001,4.31,101,0,0,1,1,28.98
00,120243772061640146,ACTIVE,500,4.07,132,6,6,2,2,117.20000000000002
00,120248510641030431,ACTIVE,370,3.98,61,2,3,2,1,48.17
00,120245010772960663,ACTIVE,301,3.74,47,2,1,0,0,0
00,120248207465980561,ACTIVE,360,3.65,63,1,1,0,0,0
00,120244618043630436,ACTIVE,493,3.57,115,0,2,0,0,0
00,120244793522550320,ACTIVE,120,3.5,116,4,3,0,0,0
00,120244749327030686,ACTIVE,1000,3.49,65,1,2,0,0,0
00,120248960171180100,ACTIVE,500,3.48,23,0,0,0,0,0
00,23857454054570799,ACTIVE,350,3.45,53,0,0,0,0,0
00,120243986668280589,ACTIVE,1200,3.44,75,1,2,0,0,0
00,120239930892250650,ACTIVE,300,3.41,64,1,3,0,0,0
00,120246221877410629,ACTIVE,335,3.33,75,3,3,0,0,0
00,120240258763950179,ACTIVE,310,3.18,142,2,4,0,0,0
00,120247280578260065,ACTIVE,200,3.12,60,2,2,0,0,0
00,120244895884170678,ACTIVE,104,3.12,21,0,0,0,0,0
00,120250789469770586,ACTIVE,500,3.07,75,1,3,0,0,0
00,120246754801740509,ACTIVE,500,2.96,63,1,1,0,0,0
00,120244963455410686,ACTIVE,300,2.95,54,0,0,0,0,0
00,120244802271840788,ACTIVE,200,2.89,34,0,0,0,0,0
00,120249564842700589,ACTIVE,98,2.83,39,1,1,0,0,0
00,120244761350620455,ACTIVE,225,2.79,46,0,0,0,0,0
00,120244349822900686,ACTIVE,100,2.77,57,0,0,0,0,0
00,120243843991710129,ACTIVE,300,2.76,131,3,5,0,0,0
00,120246697447920610,ACTIVE,80,2.72,14,1,1,1,0,0
00,120244302651980146,ACTIVE,100,2.7,60,4,4,0,0,0
00,120246828454030629,ACTIVE,390,2.65,66,2,1,0,0,0
00,120245823079650320,ACTIVE,100,2.62,27,0,0,0,0,0
00,120245706333540025,ACTIVE,130,2.58,13,0,0,0,0,0
00,120244418309490436,ACTIVE,100,2.56,95,2,3,0,0,0
00,120244880653330686,ACTIVE,100,2.52,46,0,1,0,0,0
00,120247073165120090,ACTIVE,255,2.5,25,0,0,0,0,0
00,120243276755660065,ACTIVE,500,2.5,52,1,1,0,0,0
00,120247547642310642,ACTIVE,750,2.46,36,0,0,0,0,0
00,120243458344350129,ACTIVE,120,2.38,104,2,2,1,0,0
00,120244963676310686,ACTIVE,200,2.36,26,0,0,0,0,0
00,120247653059200586,ACTIVE,500,2.36,68,0,3,0,0,0
00,120245833631150707,ACTIVE,450,2.33,35,3,2,0,0,0
00,120250501589950722,ACTIVE,80,2.32,34,2,2,0,0,0
00,120243227249480177,ACTIVE,100,2.19,17,0,0,0,0,0
00,120245201694370686,ACTIVE,100,2.19,40,0,0,0,0,0
00,120246493383140032,ACTIVE,75,2.17,20,0,0,0,0,0
00,120249449512030725,ACTIVE,100,2.17,48,0,1,0,0,0
00,120246178929760752,ACTIVE,300,2.16,64,0,5,0,0,0
00,120248573692120695,ACTIVE,120,2.16,35,0,1,0,0,0
00,120244480112510436,ACTIVE,100,2.11,46,0,1,0,0,0
00,120248641712650319,ACTIVE,440,2.1,58,0,2,0,0,0
00,120244745582820125,ACTIVE,800,2.09,58,1,1,1,0,0
00,120246599961620214,ACTIVE,160,2.03,47,2,2,0,0,0
00,120249431214270100,ACTIVE,500,1.99,30,2,1,0,0,0
00,120246330272120320,ACTIVE,100,1.96,42,2,4,0,0,0
00,120246643265130674,ACTIVE,200,1.95,61,1,2,0,0,0
00,120241671273870455,ACTIVE,100,1.9,20,0,0,0,0,0
00,120245832907210630,ACTIVE,80,1.87,32,2,2,1,1,24.98
00,120244164741800146,ACTIVE,149,1.87,68,1,3,0,0,0
00,120247175023780065,ACTIVE,172,1.86,61,1,2,0,0,0
00,120246579308100453,ACTIVE,100,1.86,28,0,0,0,0,0
00,120245847712420650,ACTIVE,100,1.82,24,0,0,0,0,0
00,120247058049910303,ACTIVE,120,1.8,35,1,0,0,0,0
00,120245937398200177,ACTIVE,500,1.8,22,1,1,1,0,0
00,120248359442970589,ACTIVE,200,1.8,29,1,0,0,0,0
00,120249433591380100,ACTIVE,500,1.78,35,1,2,0,0,0
00,120248681019100152,ACTIVE,166,1.78,88,1,1,0,0,0
00,120245923045620168,ACTIVE,100,1.76,31,1,2,1,1,37.980000000000004
00,120251168871300404,ACTIVE,90,1.76,24,0,0,0,0,0
00,120243772698800146,ACTIVE,210,1.72,60,0,1,0,0,0
00,120243844678990129,ACTIVE,200,1.72,57,4,4,0,0,0
00,120247534964830642,ACTIVE,100,1.71,29,0,0,0,0,0
00,120252072716270054,ACTIVE,115,1.71,25,0,0,0,0,0
00,120248416194170455,ACTIVE,133,1.7,11,0,0,0,0,0
00,120249115231040100,ACTIVE,227,1.65,32,0,0,0,0,0
00,120246462278440707,ACTIVE,83,1.65,33,3,3,0,0,0
00,120245097017710677,ACTIVE,100,1.64,34,1,2,0,0,0
00,120248248634970455,ACTIVE,100,1.62,8,0,0,0,0,0
00,120247479945600065,ACTIVE,300,1.62,48,1,1,0,0,0
00,120246770835970175,ACTIVE,253,1.61,28,0,0,0,0,0
00,120248012782330065,ACTIVE,93,1.6,43,1,1,0,0,0
00,120251769553160054,ACTIVE,73,1.6,25,0,0,0,0,0
00,120245980788570752,ACTIVE,300,1.53,57,1,2,0,0,0
00,120246870229730642,ACTIVE,100,1.53,28,1,0,0,0,0
00,120247392329370509,ACTIVE,200,1.5,54,0,1,0,0,0
00,120245990795590533,ACTIVE,100,1.5,57,1,1,0,0,0
00,120249347498540100,ACTIVE,136,1.5,28,0,1,0,0,0
00,120246338028120241,ACTIVE,630,1.5,71,0,0,0,0,0
00,120246330272670320,ACTIVE,109,1.5,29,0,0,0,0,0
00,120249975165650653,ACTIVE,80,1.49,39,1,1,0,0,0
00,120248490741000152,ACTIVE,200,1.48,47,1,0,0,0,0
00,120246710213420090,ACTIVE,225,1.43,28,2,0,0,0,0
00,120246104095060650,ACTIVE,126,1.43,9,1,1,0,0,0
00,120248508683620431,ACTIVE,370,1.43,42,4,5,0,0,0
00,120248615909580019,ACTIVE,450,1.4,18,0,1,1,0,0
00,120246410881630707,ACTIVE,82,1.39,33,1,1,0,0,0
00,120257359768220586,ACTIVE,100,1.38,34,0,2,0,0,0
00,120246023777450751,ACTIVE,1300,1.38,45,1,2,1,1,38.27
00,120244070206100125,ACTIVE,150,1.37,49,0,0,0,0,0
00,120247059710630214,ACTIVE,120,1.37,18,1,1,0,0,0
00,120250558406210368,ACTIVE,86,1.37,51,0,1,0,0,0
00,120240849899190788,ACTIVE,10,1.36,7,0,0,0,0,0
00,120245241360310455,ACTIVE,100,1.36,51,0,0,0,0,0
00,120248455821250455,ACTIVE,135,1.36,43,1,1,0,0,0
00,120250558361040368,ACTIVE,50,1.36,19,0,1,0,0,0
00,120247389356380455,ACTIVE,100,1.34,11,1,0,0,0,0
00,120245487786040032,ACTIVE,127,1.33,29,1,1,0,0,0
00,120245283264760677,ACTIVE,115,1.33,73,3,2,1,1,70.02
00,120248089909210065,ACTIVE,92,1.32,15,1,1,0,0,0
00,120244783755130320,ACTIVE,450,1.32,57,1,1,0,0,0
00,120248823290310722,ACTIVE,80,1.31,10,1,1,0,0,0
00,120245404387150125,ACTIVE,80,1.31,17,1,2,0,0,0
00,120246702062450674,ACTIVE,150,1.3,29,0,0,0,0,0
00,120249005372660589,ACTIVE,178,1.29,16,0,0,0,0,0
00,120246946458510629,ACTIVE,170,1.28,22,1,2,0,0,0
00,120242884733810358,ACTIVE,100,1.27,21,2,2,0,0,0
00,6973002165426,ACTIVE,50,1.27,12,0,0,0,0,0
00,120247868045210695,ACTIVE,300,1.25,32,1,2,0,0,0
00,120248536187780100,ACTIVE,500,1.25,34,3,3,1,1,38.17
00,120244171016080129,ACTIVE,120,1.24,49,1,2,0,0,0
00,120248893532100100,ACTIVE,500,1.24,29,1,2,0,0,0
00,120241066464020065,ACTIVE,289,1.24,47,2,2,0,0,0
00,120248645284270152,ACTIVE,200,1.22,55,1,1,1,0,0
00,120249283732990100,ACTIVE,140,1.19,25,0,0,0,0,0
00,120247059696240214,ACTIVE,120,1.18,34,2,4,0,0,0
00,120248536188000100,ACTIVE,500,1.18,18,0,0,0,0,0
00,120247391144430509,ACTIVE,200,1.17,45,1,1,0,0,0
00,120244486414960436,ACTIVE,100,1.16,41,1,1,0,1,129.45999999999998
00,120246615285510642,ACTIVE,450,1.16,35,1,1,0,0,0
00,120245823919130320,ACTIVE,360,1.15,66,0,0,0,0,0
00,120248371396300544,ACTIVE,80,1.15,19,0,0,0,0,0
00,120249525957160319,ACTIVE,360,1.11,39,1,1,0,0,0
00,120248455212740455,ACTIVE,123,1.11,8,0,0,0,0,0
00,120247956340000389,ACTIVE,255,1.11,52,1,2,0,0,0
00,120246862640090069,ACTIVE,140,1.11,29,0,0,0,0,0
00,120245706333590025,ACTIVE,140,1.09,16,0,3,0,0,0
00,120247311646990509,ACTIVE,100,1.08,28,1,1,0,0,0
00,120248137514550561,ACTIVE,100,1.08,28,1,2,0,0,0
00,120248726537670152,ACTIVE,99,1.08,33,0,0,0,0,0
00,120249433591590100,ACTIVE,300,1.07,20,0,0,0,0,0
00,120248326394610455,ACTIVE,199,1.06,27,1,1,0,0,0
00,120243753190540054,ACTIVE,811,1.05,37,0,0,0,0,0
00,120248091199340642,ACTIVE,100,1.05,10,0,0,0,0,0
00,120246191098540320,ACTIVE,480,1.04,46,0,0,0,0,0
00,120248863886910695,ACTIVE,132,1.04,14,0,0,0,0,0
00,120243063569770146,ACTIVE,210,1.03,55,2,2,0,0,0
00,120241972248380630,ACTIVE,118,1.02,26,1,1,0,0,0
00,120247040711430629,ACTIVE,100,1,26,1,4,0,0,0
00,120248466107650695,ACTIVE,112,1,31,0,0,0,0,0
00,120247971255740065,ACTIVE,200,0.98,33,1,1,1,0,0
00,120248384078440455,ACTIVE,134,0.96,23,0,0,0,0,0
00,120248321721850561,ACTIVE,150,0.95,26,0,0,0,0,0
00,120247952380210544,ACTIVE,90,0.94,20,0,0,0,0,0
00,120245124561510686,ACTIVE,80,0.94,21,0,0,0,0,0
00,120244164741820146,ACTIVE,100,0.93,19,2,5,0,0,0
00,120251150600140210,ACTIVE,82,0.92,13,0,0,0,0,0
00,120250895500810586,ACTIVE,300,0.92,51,0,1,0,0,0
00,120249151139280057,ACTIVE,100,0.92,9,0,1,0,0,0
00,120250086384210057,ACTIVE,100,0.91,10,1,1,0,0,0
00,120247849750130663,ACTIVE,401,0.9,22,0,0,0,0,0
00,120246583047400674,ACTIVE,200,0.9,28,0,0,0,0,0
00,120245840085840780,ACTIVE,80,0.88,7,0,0,0,0,0
00,120242301213710065,ACTIVE,370,0.88,36,1,1,0,0,0
00,120247453929680065,ACTIVE,154,0.88,27,0,0,0,0,0
00,120244967217480436,ACTIVE,100,0.87,40,1,2,0,0,0
00,120248089909250065,ACTIVE,92,0.86,11,1,1,0,0,0
00,120248459419470469,ACTIVE,100,0.86,14,0,0,0,0,0
00,120243951377020125,ACTIVE,150,0.85,14,0,0,0,0,0
00,120247195869560175,ACTIVE,125,0.85,8,0,0,0,0,0
00,120244015116230146,ACTIVE,500,0.83,16,0,0,0,0,0
00,120250333835580577,ACTIVE,200,0.83,21,0,1,0,0,0
00,120248253157450544,ACTIVE,150,0.82,9,0,0,0,0,0
00,120248703982740229,ACTIVE,108,0.82,12,0,0,0,0,0
00,120247199911460090,ACTIVE,100,0.81,21,0,0,0,0,0
00,120249613746370589,ACTIVE,98,0.8,15,0,1,0,0,0
00,120244761582650436,ACTIVE,100,0.8,37,2,3,1,0,0
00,120248557488550695,ACTIVE,150,0.79,36,0,0,0,0,0
00,120245602350460032,ACTIVE,100,0.79,26,1,2,0,0,0
00,120244761515050455,ACTIVE,135,0.78,15,0,0,0,0,0
00,120250554304290404,ACTIVE,200,0.78,13,1,2,0,0,0
00,120245832907270630,ACTIVE,97,0.78,7,0,0,0,0,0
00,120248415697400455,ACTIVE,125,0.78,19,0,0,0,0,0
00,120245045578670686,ACTIVE,80,0.76,12,0,0,0,0,0
00,120247645229990642,ACTIVE,100,0.76,26,0,0,0,0,0
00,120248783564770229,ACTIVE,152,0.76,4,0,0,0,0,0
00,120246270264070320,ACTIVE,200,0.75,26,0,0,0,0,0
00,120244674407170788,ACTIVE,200,0.75,22,0,0,0,0,0
00,120247767157610303,ACTIVE,68,0.74,14,1,2,0,0,0
00,120245201694450686,ACTIVE,100,0.73,14,0,0,0,0,0
00,120247193573040509,ACTIVE,200,0.73,33,0,0,0,0,0
00,120248288633070389,ACTIVE,140,0.72,15,0,1,0,0,0
00,120248204610010425,ACTIVE,190,0.72,29,3,2,0,0,0
00,120247512395240090,ACTIVE,112,0.72,12,0,0,0,0,0
00,120249412510530100,ACTIVE,135,0.71,24,1,1,0,0,0
00,120249251074290319,ACTIVE,120,0.71,35,0,1,0,0,0
00,120248288633270389,ACTIVE,100,0.71,26,1,2,0,0,0
00,120245250322490642,ACTIVE,650,0.71,23,0,0,0,0,0
00,120245848127430707,ACTIVE,300,0.7,13,0,0,0,0,0
00,120249360920670725,ACTIVE,200,0.7,4,0,0,0,1,28.98
00,120245119189080630,ACTIVE,165,0.7,26,2,1,0,0,0
00,120245800978960674,ACTIVE,300,0.69,20,1,3,1,1,29.98
00,120249286682560368,ACTIVE,300,0.68,22,0,0,0,0,0
00,120244895884300678,ACTIVE,104,0.68,19,1,1,0,0,0
00,120245738102920780,ACTIVE,80,0.68,18,1,1,0,0,0
00,120247954410960425,ACTIVE,100,0.67,13,0,0,0,0,0
00,120246819645500629,ACTIVE,100,0.66,15,1,0,0,0,0
00,120240901145360175,ACTIVE,325,0.66,32,0,0,0,0,0
00,120248275852660561,ACTIVE,360,0.66,28,1,1,0,0,0
00,120244164847370788,ACTIVE,85,0.65,5,0,0,0,0,0
00,120249013372050100,ACTIVE,100,0.65,21,2,2,0,0,0
00,120248025748300126,ACTIVE,100,0.64,18,0,0,0,0,0
00,120248229485400425,ACTIVE,600,0.64,35,0,0,0,0,0
00,120244034916020436,ACTIVE,155,0.63,29,1,2,1,1,41.98
00,120247322669120509,ACTIVE,200,0.62,25,0,0,0,0,0
00,120248540698960725,ACTIVE,100,0.62,7,0,0,0,0,0
00,120245380137820707,ACTIVE,320,0.61,15,1,0,0,0,0
00,120248808316220695,ACTIVE,100,0.61,10,1,2,0,0,0
00,120245011207100320,ACTIVE,750,0.61,29,0,0,0,0,0
00,120250447831790013,ACTIVE,80,0.6,10,0,0,0,0,0
00,120245848127390707,ACTIVE,500,0.6,20,2,2,0,0,0
00,120247501239270509,ACTIVE,500,0.59,19,1,1,0,0,0
00,120243144633320146,ACTIVE,100,0.59,28,1,1,0,0,0
00,120246465900910677,ACTIVE,100,0.59,21,0,0,0,0,0
00,120247568032920509,ACTIVE,100,0.57,18,0,0,0,0,0
00,120249711938840319,ACTIVE,100,0.57,12,0,0,0,0,0
00,120251360834810166,ACTIVE,100,0.56,9,1,1,0,0,0
00,120248783564790229,ACTIVE,64,0.55,5,0,0,0,0,0
00,120248737641910722,ACTIVE,68,0.54,18,0,0,0,0,0
00,120243772698880146,ACTIVE,100,0.53,15,0,1,0,0,0
00,120246309078080032,ACTIVE,200,0.53,12,0,0,0,0,0
00,120244486325980436,ACTIVE,100,0.53,19,0,1,0,0,0
00,120247568068640509,ACTIVE,100,0.53,33,1,0,0,0,0
00,120245435760750780,ACTIVE,200,0.53,15,0,0,0,0,0
00,120248321751560561,ACTIVE,150,0.51,23,1,1,0,0,0
00,120244349823030686,ACTIVE,100,0.51,9,0,0,0,0,0
00,120249120674110404,ACTIVE,300,0.51,16,2,2,0,0,0
00,120244242496990780,ACTIVE,100,0.51,13,0,0,0,0,0
00,120247438960760043,ACTIVE,320,0.51,11,2,2,0,0,0
00,120235701428420210,ACTIVE,200,0.5,11,1,0,0,0,0
00,120245284137880686,ACTIVE,500,0.5,9,0,0,0,0,0
00,120250445767170166,ACTIVE,30,0.49,6,0,0,0,0,0
00,120248622152780695,ACTIVE,188,0.48,36,1,2,0,0,0
00,120245334049460065,ACTIVE,400,0.47,20,0,0,0,0,0
00,120246471244780065,ACTIVE,135,0.46,11,0,0,0,0,0
00,120247508005810509,ACTIVE,100,0.46,20,0,0,0,0,0
00,120252136292710054,ACTIVE,200,0.46,15,0,0,0,0,0
00,120244302719110146,ACTIVE,100,0.46,11,0,0,0,0,0
00,120244824816070686,ACTIVE,500,0.45,13,0,0,0,0,0
00,120248862702290229,ACTIVE,80,0.45,13,0,0,0,0,0
00,120247220172900175,ACTIVE,87,0.45,14,0,1,0,0,0
00,120249088233310651,ACTIVE,150,0.44,13,0,0,0,0,0
00,120245284052330686,ACTIVE,80,0.44,16,1,2,0,0,0
00,120247114547280509,ACTIVE,85,0.43,16,0,1,0,0,0
00,120245840085750780,ACTIVE,80,0.43,8,0,0,0,0,0
00,120248574839550695,ACTIVE,250,0.42,20,1,1,0,0,0
00,120249449604610725,ACTIVE,100,0.42,8,0,0,0,0,0
00,120250747283060166,ACTIVE,30,0.42,10,2,2,0,0,0
00,120245063703470133,ACTIVE,180,0.42,16,0,0,0,0,0
00,120248384078410455,ACTIVE,134,0.42,19,0,1,0,0,0
00,120247245979210389,ACTIVE,100,0.41,13,1,1,0,0,0
00,120245608347680133,ACTIVE,260,0.41,14,0,1,1,0,0
00,120247974813980642,ACTIVE,100,0.41,11,0,0,0,0,0
00,120246191098590320,ACTIVE,400,0.41,27,1,1,0,0,0
00,120248151239370425,ACTIVE,200,0.41,8,0,1,0,0,0
00,120244824582450436,ACTIVE,100,0.41,22,1,1,0,0,0
00,120248072969230389,ACTIVE,136,0.4,26,1,1,0,0,0
00,120245736523970177,ACTIVE,200,0.39,12,0,0,0,0,0
00,120247866311490389,ACTIVE,100,0.38,14,0,0,0,0,0
00,120246468260540320,ACTIVE,109,0.38,15,1,1,0,0,0
00,120245685799910707,ACTIVE,100,0.38,9,2,1,1,0,0
00,120246624479910241,ACTIVE,129,0.36,7,0,0,0,0,0
00,120242031621370065,ACTIVE,229,0.35,29,0,0,0,0,0
00,120243929504820146,ACTIVE,100,0.35,7,1,1,0,0,0
00,120248383861080100,ACTIVE,100,0.35,12,0,1,1,0,0
00,120245049415260032,ACTIVE,200,0.35,15,1,1,0,0,0
00,120246145506950470,ACTIVE,50,0.34,13,0,0,0,0,0
00,120245490989600133,ACTIVE,100,0.34,4,0,0,0,0,0
00,120245750558170707,ACTIVE,100,0.34,11,2,2,0,0,0
00,120248207466280561,ACTIVE,60,0.34,7,0,1,0,0,0
00,120247568013690509,ACTIVE,100,0.34,13,0,1,0,0,0
00,120250790045220586,ACTIVE,150,0.33,15,1,1,0,0,0
00,120244153272430146,ACTIVE,100,0.33,9,0,0,0,0,0
00,120250287165040577,ACTIVE,100,0.33,6,0,0,0,0,0
00,120244447104190303,ACTIVE,40,0.33,11,0,0,0,0,0
00,120248386305620455,ACTIVE,100,0.33,14,0,0,0,0,0
00,120248469524600389,ACTIVE,81,0.33,18,0,0,0,0,0
00,120249449512110725,ACTIVE,100,0.33,17,0,0,0,0,0
00,120249975165620653,ACTIVE,80,0.32,10,0,0,0,0,0
00,120247114934220455,ACTIVE,120,0.32,11,0,0,0,0,0
00,120247512395290090,ACTIVE,225,0.32,6,0,0,0,0,0
00,120246508713670320,ACTIVE,109,0.32,12,0,1,1,1,58.769999999999996
00,120249672773520589,ACTIVE,97,0.32,7,0,0,0,0,0
00,120244761869100436,ACTIVE,100,0.31,21,0,0,0,0,0
00,120248056801340561,ACTIVE,60,0.31,7,0,0,0,0,0
00,23857604274280799,ACTIVE,80,0.29,1,0,0,0,0,0
00,120244965177310686,ACTIVE,100,0.29,14,0,1,0,0,0
00,23857604274220799,ACTIVE,80,0.29,2,0,0,0,0,0
00,120242700474080358,ACTIVE,100,0.29,4,0,0,0,0,0
00,120249316661270663,ACTIVE,100,0.29,4,0,0,0,0,0
00,120250023023480279,ACTIVE,80,0.28,8,0,0,0,0,0
00,120249105110140210,ACTIVE,132,0.28,12,0,0,0,0,0
00,120244156901670146,ACTIVE,100,0.28,17,0,1,1,0,0
00,120251769553070054,ACTIVE,110,0.28,7,0,0,0,0,0
00,120245334049540065,ACTIVE,370,0.28,6,0,1,0,0,0
00,120245972443720177,ACTIVE,90,0.27,6,0,0,0,0,0
00,120245899907660065,ACTIVE,115,0.27,10,1,2,0,0,0
00,120245038475150436,ACTIVE,100,0.27,12,0,0,0,0,0
00,120248162819270126,ACTIVE,89,0.26,6,0,0,0,0,0
00,120247312197200090,ACTIVE,100,0.26,6,0,0,0,0,0
00,120247547590960642,ACTIVE,320,0.26,12,0,0,0,0,0
00,120246962698770090,ACTIVE,425,0.26,3,0,0,0,0,0
00,120246257869250707,ACTIVE,126,0.24,8,0,0,0,0,0
00,120251271772250166,ACTIVE,30,0.24,13,0,1,0,0,0
00,120244428953860686,ACTIVE,100,0.24,15,0,1,0,0,0
00,120245880144290630,ACTIVE,80,0.24,13,0,0,0,0,0
00,120257843668650586,ACTIVE,100,0.24,7,0,0,0,0,0
00,120247195869530175,ACTIVE,225,0.23,8,0,0,0,0,0
00,120246381767620032,ACTIVE,200,0.23,9,1,1,0,0,0
00,120246024108390751,ACTIVE,500,0.23,7,0,0,0,0,0
00,120248050137610065,ACTIVE,100,0.23,9,0,1,0,0,0
00,120244837091010678,ACTIVE,104,0.23,10,0,0,0,0,0
00,120257843668740586,ACTIVE,100,0.23,13,0,1,0,0,0
00,120243593808880146,ACTIVE,300,0.23,9,0,1,1,1,106.71000000000001
00,120241067387190788,ACTIVE,85,0.23,3,0,0,0,0,0
00,120250447771000013,ACTIVE,80,0.22,3,0,1,0,0,0
00,120247438813810043,ACTIVE,200,0.22,4,0,0,0,0,0
00,120246415849650214,ACTIVE,120,0.22,7,0,0,0,0,0
00,120245899907890065,ACTIVE,115,0.22,8,1,1,0,0,0
00,120254529951780197,ACTIVE,80,0.22,7,0,0,0,0,0
00,120249672773570589,ACTIVE,97,0.22,9,0,0,0,0,0
00,120252195344970054,ACTIVE,112,0.21,5,0,0,0,0,0
00,120246508713630320,ACTIVE,109,0.21,10,0,0,0,0,0
00,120244302719050146,ACTIVE,100,0.2,4,0,0,0,0,0
00,120245861174350177,ACTIVE,200,0.2,5,0,0,0,0,0
00,120244431777030751,ACTIVE,1000,0.19,6,0,1,0,0,0
00,120243142609020146,ACTIVE,500,0.19,7,0,0,0,0,0
00,120248082904020663,ACTIVE,250,0.19,6,0,1,0,0,0
00,120246369904900032,ACTIVE,200,0.18,9,0,0,0,0,0
00,120248737641880722,ACTIVE,80,0.18,8,0,0,0,0,0
00,120250558406540368,ACTIVE,86,0.18,8,0,0,0,0,0
00,120251182287020427,ACTIVE,129,0.18,10,1,1,0,0,0
00,120243818426660705,ACTIVE,80,0.17,5,0,0,0,0,0
00,120245972443760177,ACTIVE,90,0.17,6,0,0,0,0,0
00,120245031811820436,ACTIVE,116,0.17,13,0,0,0,0,0
00,120249073253070116,ACTIVE,100,0.17,7,0,2,1,1,41.72
00,120246709429840674,ACTIVE,121,0.17,3,0,1,0,0,0
00,120248082904030663,ACTIVE,150,0.17,17,0,0,0,0,0
00,120244235259940678,ACTIVE,30,0.17,3,0,0,0,0,0
00,120248889583930116,ACTIVE,101,0.16,10,0,0,0,0,0
00,120244234919350146,ACTIVE,500,0.16,9,0,0,0,0,0
00,120242746886630788,ACTIVE,200,0.16,10,0,0,0,0,0
00,120249666267500247,ACTIVE,100,0.16,6,0,0,0,0,0
00,120242301213170065,ACTIVE,300,0.16,11,1,1,1,0,0
00,120248318269050152,ACTIVE,120,0.16,8,0,1,0,0,0
00,120245343345740686,ACTIVE,80,0.15,4,1,1,0,0,0
00,120248337634670425,ACTIVE,150,0.15,5,0,0,0,0,0
00,120245251316060477,ACTIVE,100,0.15,6,0,0,0,0,0
00,120251063106910166,ACTIVE,50,0.15,7,0,0,0,0,0
00,120248091199310642,ACTIVE,100,0.14,10,0,1,0,0,0
00,120247292031280175,ACTIVE,86,0.14,9,0,0,0,0,0
00,120248385353200168,ACTIVE,100,0.13,8,1,1,0,0,0
00,120246040085600751,ACTIVE,600,0.13,5,0,1,0,0,0
00,120245612998430455,ACTIVE,100,0.13,6,0,0,0,0,0
00,120248546074540389,ACTIVE,80,0.13,8,0,0,0,0,0
00,120257843052780586,ACTIVE,30,0.13,6,0,0,0,0,0
00,120247059696170214,ACTIVE,120,0.12,6,0,0,0,0,0
00,120257763329830586,ACTIVE,30,0.12,6,0,0,0,0,0
00,120247293641570642,ACTIVE,120,0.11,3,0,0,0,0,0
00,120249448508060725,ACTIVE,100,0.11,4,0,0,0,0,0
00,120246145189280470,ACTIVE,50,0.11,5,0,1,0,0,0
00,120245004525000780,ACTIVE,100,0.11,3,0,0,0,0,0
00,120247944389060751,ACTIVE,100,0.11,2,1,1,0,0,0
00,120247582683440509,ACTIVE,50,0.1,3,1,1,0,0,0
00,120244794017770320,ACTIVE,360,0.1,13,0,0,1,0,0
00,120235701428400210,ACTIVE,200,0.1,6,0,1,0,0,0
00,120245481989440065,ACTIVE,40,0.09,1,1,1,1,1,29.98
00,120245792848160780,ACTIVE,80,0.09,2,0,0,0,0,0
00,120249497563510589,ACTIVE,200,0.09,7,0,1,0,0,0
00,120249550517720100,ACTIVE,92,0.09,3,0,0,0,0,0
00,120244076954630146,ACTIVE,100,0.09,5,0,0,0,0,0
00,120245380678000025,ACTIVE,100,0.08,1,0,0,0,0,0
00,120247504003780425,ACTIVE,133,0.08,6,0,0,0,0,0
00,120249711938850319,ACTIVE,100,0.07,4,0,0,0,0,0
00,120246583142090674,ACTIVE,60,0.06,2,0,0,0,0,0
00,120245687813040097,ACTIVE,81,0.06,2,0,2,0,0,0
00,120248040060750126,ACTIVE,80,0.06,6,0,0,0,0,0
00,120246818759970303,ACTIVE,40,0.06,5,0,0,0,0,0
00,120247582615180509,ACTIVE,100,0.05,3,0,0,0,0,0
00,120248455212780455,ACTIVE,123,0.05,4,0,1,0,0,0
00,120245466475590630,ACTIVE,40,0.05,3,0,0,0,0,0
00,120252152736310054,ACTIVE,100,0.05,2,0,0,0,0,0
00,120246299672740751,ACTIVE,195,0.05,1,0,0,0,0,0
00,120249115230940100,ACTIVE,100,0.05,3,0,0,0,0,0
00,120247378425210561,ACTIVE,180,0.05,7,0,0,0,0,0
00,120245832936950630,ACTIVE,79,0.04,2,0,0,0,0,0
00,120246286484520097,ACTIVE,80,0.04,1,0,0,0,0,0
00,120244374958140146,ACTIVE,100,0.04,3,0,0,0,0,0
00,120246711859060674,ACTIVE,50,0.04,4,0,0,0,0,0
00,120247865520180544,ACTIVE,250,0.04,4,0,0,0,0,0
00,120246733877000065,ACTIVE,80,0.04,2,0,0,0,0,0
00,120244270293390320,ACTIVE,120,0.04,4,0,0,0,0,0
00,120246733901990065,ACTIVE,80,0.04,2,0,0,0,0,0
00,120247504171550090,ACTIVE,60,0.04,3,0,0,0,0,0
00,120244374958390146,ACTIVE,100,0.04,1,0,0,0,0,0
00,120235336090360210,ACTIVE,200,0.03,2,0,0,0,0,0
00,120246377047690097,ACTIVE,80,0.03,3,0,0,0,0,0
00,120245343500810686,ACTIVE,80,0.03,2,0,0,0,0,0
00,120245481989400065,ACTIVE,40,0.03,2,0,0,0,0,0
00,120251905954910210,ACTIVE,115,0.03,4,0,0,0,0,0
00,120246586669350241,ACTIVE,200,0.03,7,0,0,0,0,0
00,120249568875230589,ACTIVE,100,0.02,2,0,0,0,0,0
00,120247040934570629,ACTIVE,100,0.02,1,0,0,0,0,0
00,120246024108440751,ACTIVE,195,0.02,2,0,0,0,0,0
00,120245514271740065,ACTIVE,115,0.01,1,0,0,0,0,0
00,120246299721480751,ACTIVE,325,0.01,1,0,0,0,0,0
00,120247872778180425,ACTIVE,100,0.01,3,0,0,0,0,0
00,120245880736570172,ACTIVE,40,0.01,1,0,0,0,0,0
00,120246299672700751,ACTIVE,300,0.01,2,0,0,0,0,0
00,120248248056550462,ACTIVE,92,0.01,1,0,1,0,0,0
00,120247617708360090,ACTIVE,80,0,0,0,0,0,0,0
00,120249666797540247,PAUSED,100,0,0,0,1,0,0,0
00,120248204881060455,ACTIVE,522,0,1,0,0,0,0,0
00,120246501603820241,PAUSED,92,0,0,0,1,0,0,0
00,120251147479060709,ACTIVE,100,0,0,0,0,0,0,0
00,120251147479130709,ACTIVE,100,0,0,0,0,0,0,0
00,120248337634700425,ACTIVE,150,0,2,0,0,0,0,0
00,120248383528420544,ACTIVE,80,0,0,0,0,0,0,0
00,120246273720740455,ACTIVE,1320,0,1,0,0,0,0,0
00,120248881726590283,PAUSED,250,0,0,0,0,0,0,0
00,120248383686370544,ACTIVE,80,0,0,0,0,0,0,0
00,120248383778200544,ACTIVE,80,0,0,0,0,0,0,0
00,120248383778820544,ACTIVE,80,0,0,0,0,0,0,0
00,120248383854990544,ACTIVE,80,0,0,0,0,0,0,0
00,120245547753370179,ACTIVE,80,0,0,0,0,0,0,0
00,120245547600370179,ACTIVE,80,0,0,0,0,0,0,0
00,120254804851540197,ACTIVE,80,0,0,0,0,0,0,0
00,120248383855380544,ACTIVE,80,0,0,0,0,0,0,0
00,120249447732060577,PAUSED,68,0,0,0,1,0,0,0
00,120248383960600544,ACTIVE,80,0,0,0,0,0,0,0
00,120248383960820544,ACTIVE,80,0,0,0,0,0,0,0
00,120248504815070469,ACTIVE,80,0,0,0,0,0,0,0
00,120248504941260469,ACTIVE,80,0,0,0,0,0,0,0
00,120243862977850705,ACTIVE,80,0,0,0,0,0,0,0
00,120243862949130705,PAUSED,80,0,0,0,0,0,0,0
00,6991696262226,ACTIVE,50,0,0,0,0,0,0,0
00,120247597780010751,ACTIVE,40,0,0,0,1,0,0,0
00,6991696263026,ACTIVE,50,0,0,0,0,0,0,0
00,120247617292450090,ACTIVE,60,0,0,0,0,0,0,0
00,120247617392160090,ACTIVE,60,0,0,0,0,0,0,0
00,120246791358470097,ACTIVE,80,0,0,0,0,0,0,0
00,120246791316280097,ACTIVE,80,0,0,0,0,0,0,0
00,120246791316180097,ACTIVE,80,0,0,0,0,0,0,0
00,120247617708310090,ACTIVE,80,0,0,0,0,0,0,0
01,120248455243050455,ACTIVE,425,26.57,761,14,23,0,0,0
01,120244883028360686,ACTIVE,1000,25.78,459,11,18,5,3,111.17
01,120243986668280589,ACTIVE,1200,24.71,572,9,13,1,1,29.980000000000004
01,120247136451350725,ACTIVE,1000,24.3,697,11,15,3,1,68.56
01,120240679404390629,ACTIVE,400,24.240000000000002,683,9,13,1,0,0
01,120247115989130291,ACTIVE,600,20.48,326,15,12,2,1,64.17
01,23857454054570799,ACTIVE,350,19.41,192,4,4,0,0,0
01,120245045512490686,ACTIVE,80,17.62,243,7,6,1,0,0
01,120247583319740586,ACTIVE,500,15.66,562,16,14,2,1,28.98
01,120246005453800291,ACTIVE,600,13.63,281,8,10,1,0,0
01,120243772061640146,ACTIVE,500,13.629999999999999,385,9,9,2,2,117.20000000000002
01,120248911416770577,ACTIVE,1001,11.8,295,5,5,3,1,28.98
01,120246493383140032,ACTIVE,75,11.309999999999999,57,0,0,0,0,0
01,120244749327030686,ACTIVE,1000,11.280000000000001,177,3,7,1,1,29.98
01,120247653059200586,ACTIVE,500,10.440000000000001,343,5,13,2,1,28.98
01,120245010772960663,ACTIVE,301,10.309999999999999,137,3,7,0,0,0
01,120252195344970054,ACTIVE,112,10.270000000000001,106,0,1,0,0,0
01,120247813840340065,ACTIVE,186,9.92,119,1,3,0,0,0
01,120243276755660065,ACTIVE,500,9.719999999999999,215,3,7,1,1,29.98
01,120243843991710129,ACTIVE,150,9.53,378,8,10,0,0,0
01,120244963455410686,ACTIVE,300,9.04,157,3,4,0,0,0
01,120248337451970425,ACTIVE,200,8.899999999999999,203,4,5,0,0,0
01,120249286765290368,ACTIVE,200,8.870000000000001,255,3,4,0,0,0
01,120247280578260065,ACTIVE,200,8.600000000000001,187,2,3,0,0,0
01,120244618043630436,ACTIVE,493,8.47,372,4,12,1,1,99.71
01,120244761352230455,ACTIVE,225,8.44,244,4,4,0,0,0
01,120248510641030431,ACTIVE,370,8.35,135,6,6,2,1,48.17
01,120248508683620431,ACTIVE,370,8.16,176,9,13,1,1,67.93
01,120250789469770586,ACTIVE,500,7.58,194,2,7,0,0,0
01,120248455821250455,ACTIVE,135,7.54,160,1,2,0,0,0
01,120248536187780100,ACTIVE,500,7.450000000000001,200,10,9,2,2,104.32
01,120248641712650319,ACTIVE,440,7.43,182,2,4,0,0,0
01,120246828454030629,ACTIVE,390,7.41,183,6,5,0,0,0
01,120249525957160319,ACTIVE,360,7.27,153,1,1,0,0,0
01,120246191098540320,ACTIVE,480,7.24,257,0,3,0,0,0
01,120244880653330686,ACTIVE,100,7.16,122,1,6,0,0,0
01,120248207465980561,ACTIVE,360,6.96,154,3,4,1,1,72.95
01,120247453929680065,ACTIVE,154,6.93,166,0,0,0,0,0
01,120240258763950179,ACTIVE,310,6.85,377,7,9,1,0,0
01,120244017128390686,ACTIVE,100,6.800000000000001,123,6,7,2,0,0
01,120246178929760752,ACTIVE,300,6.800000000000001,165,4,6,0,0,0
01,120247617708310090,PAUSED,80,6.76,40,0,0,0,0,0
01,120246754801740509,ACTIVE,500,6.38,183,5,5,0,0,0
01,120239930892250650,ACTIVE,300,6.359999999999999,121,5,6,0,0,0
01,120246221877410629,ACTIVE,335,6.319999999999999,169,6,8,0,0,0
01,120245972443720177,ACTIVE,90,6.21,143,1,3,0,0,0
01,120248960171180100,ACTIVE,500,6.16,129,1,1,0,0,0
01,120245201694370686,ACTIVE,100,6.11,105,1,1,0,0,0
01,120246643265130674,ACTIVE,200,6.109999999999999,196,3,3,0,0,0
01,120245334049540065,ACTIVE,370,6.1000000000000005,65,1,1,0,0,0
01,120248863886910695,ACTIVE,132,6.06,65,0,0,0,0,0
01,120244963676310686,ACTIVE,200,5.8,86,1,1,1,1,51.22
01,120243063569770146,ACTIVE,210,5.77,269,5,6,1,0,0
01,120243458344350129,ACTIVE,120,5.77,230,7,6,2,1,68.38
01,120249433591380100,ACTIVE,500,5.75,136,2,4,2,0,0
01,120248622152780695,ACTIVE,188,5.73,141,2,3,1,0,0
01,120248012782330065,ACTIVE,93,5.67,142,3,3,0,0,0
01,120248466107650695,ACTIVE,112,5.66,115,1,1,0,0,0
01,120248089909250065,ACTIVE,92,5.58,90,2,2,0,0,0
01,120250895500810586,ACTIVE,300,5.55,206,2,4,0,0,0
01,120247058049910303,ACTIVE,120,5.49,69,1,0,0,0,0
01,120248681019100152,ACTIVE,166,5.47,213,4,4,0,0,0
01,120244070206100125,ACTIVE,150,5.42,135,1,2,0,0,0
01,120244761350620455,ACTIVE,225,5.369999999999999,140,4,4,1,0,0
01,120247175023780065,ACTIVE,172,5.3,134,3,4,1,1,29.98
01,120245403173560686,ACTIVE,80,5.25,47,1,2,0,0,0
01,120248615909580019,ACTIVE,450,5.18,107,1,2,1,0,0
01,120244164741800146,ACTIVE,149,5.16,183,7,6,2,1,75.21
01,120243844678990129,ACTIVE,120,5.16,160,5,5,0,0,0
01,120243772698800146,ACTIVE,210,5.15,197,2,2,0,0,0
01,120246462278440707,ACTIVE,83,5.109999999999999,95,5,3,0,0,0
01,120247392329370509,ACTIVE,200,5.05,165,1,1,0,0,0
01,120244349822900686,ACTIVE,100,5.029999999999999,108,2,6,2,1,29.979999999999997
01,120244965177310686,ACTIVE,100,5.029999999999999,90,2,2,0,0,0
01,120245972443760177,ACTIVE,90,5,78,2,3,0,0,0
01,120246583047400674,ACTIVE,200,4.99,78,1,0,0,0,0
01,120243227249480177,ACTIVE,100,4.97,90,0,0,0,0,0
01,120248253157450544,ACTIVE,150,4.94,87,1,2,0,0,0
01,120245706333540025,ACTIVE,130,4.92,49,1,1,0,0,0
01,120245487786040032,ACTIVE,127,4.85,88,1,1,0,0,0
01,120244171016080129,ACTIVE,120,4.8100000000000005,170,4,7,0,0,0
01,120245840085750780,ACTIVE,80,4.79,67,0,0,0,0,0
01,120249115231040100,ACTIVE,227,4.78,118,0,2,0,0,0
01,120246338028120241,ACTIVE,630,4.74,231,3,4,0,0,0
01,120247073165120090,ACTIVE,255,4.7,76,0,0,0,0,0
01,120249975165650653,ACTIVE,80,4.640000000000001,82,3,3,0,0,0
01,120246023777450751,ACTIVE,1300,4.63,142,6,10,4,3,99.52
01,120245847712420650,ACTIVE,100,4.609999999999999,70,2,2,0,0,0
01,120247617392160090,ACTIVE,60,4.6,29,1,0,0,0,0
01,120248089909210065,ACTIVE,92,4.58,119,6,4,0,0,0
01,120244793522550320,ACTIVE,120,4.54,175,6,4,0,0,0
01,120245283264760677,ACTIVE,115,4.52,228,4,3,1,1,70.02
01,120245823079650320,ACTIVE,100,4.49,71,0,0,0,0,0
01,120249564842700589,ACTIVE,98,4.49,73,1,1,0,0,0
01,120248326394610455,ACTIVE,199,4.4799999999999995,130,5,5,0,1,60.410000000000004
01,120246697447920610,ACTIVE,80,4.47,32,2,2,1,0,0
01,120245980788570752,ACTIVE,300,4.38,170,5,7,0,0,0
01,120244486414960436,ACTIVE,100,4.36,142,5,7,0,1,129.45999999999998
01,120245823919130320,ACTIVE,360,4.359999999999999,181,3,7,0,0,0
01,120249449512030725,ACTIVE,100,4.32,144,2,4,1,1,49.37
01,120245937398200177,ACTIVE,100,4.3100000000000005,90,2,2,1,0,0
01,120245011207100320,ACTIVE,750,4.3,131,2,6,0,1,58.77
01,120245848127390707,ACTIVE,500,4.27,96,3,4,0,0,0
01,120250501589950722,ACTIVE,80,4.24,85,3,4,0,0,0
01,120244349823030686,ACTIVE,100,4.15,74,1,1,0,0,0
01,120244895884300678,ACTIVE,104,4.140000000000001,30,2,2,0,0,0
01,120244745582820125,ACTIVE,800,4.140000000000001,135,2,3,3,0,0
01,120247059710630214,ACTIVE,120,4.14,50,1,1,0,0,0
01,120246579308100453,ACTIVE,100,4.09,52,0,0,0,0,0
01,120248384078440455,ACTIVE,134,4.0600000000000005,116,1,3,0,0,0
01,120246862640090069,ACTIVE,140,4.050000000000001,85,2,2,0,0,0
01,120246508713670320,ACTIVE,109,4.03,100,3,4,1,1,58.769999999999996
01,120244895884170678,ACTIVE,104,4.03,28,0,0,0,0,0
01,120244802271840788,ACTIVE,200,3.98,60,2,2,0,0,0
01,120247534964830642,ACTIVE,100,3.92,51,0,0,0,0,0
01,120247391144430509,ACTIVE,200,3.92,146,4,4,0,0,0
01,120249672773520589,ACTIVE,97,3.91,95,2,3,0,0,0
01,120249497563510589,ACTIVE,200,3.8699999999999997,87,0,3,0,0,0
01,120247865520180544,ACTIVE,150,3.86,88,2,1,0,0,0
01,120257359768220586,ACTIVE,100,3.84,89,2,2,0,0,0
01,120252072716270054,ACTIVE,115,3.83,72,0,1,0,0,0
01,120244418309490436,ACTIVE,100,3.81,156,2,4,0,0,0
01,120245990795590533,ACTIVE,100,3.8,140,3,2,0,0,0
01,120249151139280057,ACTIVE,100,3.76,22,0,1,0,0,0
01,120246330272670320,ACTIVE,109,3.76,80,0,0,0,0,0
01,120246702062450674,ACTIVE,150,3.73,100,1,2,0,0,0
01,120246599961620214,ACTIVE,160,3.7299999999999995,104,2,3,0,0,0
01,120248490880410455,ACTIVE,134,3.71,57,0,0,0,0,0
01,120251168871300404,ACTIVE,90,3.71,70,1,1,0,0,0
01,120247479945600065,ACTIVE,300,3.7,125,2,3,0,0,0
01,120245840085840780,ACTIVE,80,3.7,57,1,1,0,0,0
01,120246770835970175,ACTIVE,253,3.69,108,3,3,0,0,0
01,120257559013710586,ACTIVE,100,3.66,82,0,0,0,0,0
01,120249672773570589,ACTIVE,97,3.65,48,1,4,1,0,0
01,120247322669120509,ACTIVE,200,3.6399999999999997,132,3,2,0,0,0
01,120247547642310642,ACTIVE,750,3.5700000000000003,73,0,1,0,0,0
01,120247956340000389,ACTIVE,255,3.56,174,2,4,1,0,0
01,120245334049460065,ACTIVE,400,3.54,70,2,3,0,0,0
01,120245833631150707,ACTIVE,450,3.51,86,3,3,0,0,0
01,120248889583930116,ACTIVE,101,3.5,49,2,2,0,0,0
01,120249412510510100,ACTIVE,100,3.49,69,4,4,1,0,0
01,120249005372660589,ACTIVE,178,3.46,50,1,1,1,1,29.979999999999997
01,120249347498540100,ACTIVE,136,3.46,73,2,4,0,0,0
01,120247954410960425,ACTIVE,100,3.4,48,0,0,0,0,0
01,120244374958140146,ACTIVE,100,3.39,66,0,2,0,0,0
01,120249431214270100,ACTIVE,500,3.3899999999999997,67,2,2,0,0,0
01,120246870229730642,ACTIVE,100,3.38,62,1,0,0,0,0
01,120244428953840686,ACTIVE,100,3.38,54,3,3,0,0,0
01,120244783755130320,ACTIVE,450,3.37,175,3,4,0,0,0
01,120241671273870455,ACTIVE,100,3.3600000000000003,40,0,0,0,0,0
01,120249412510530100,ACTIVE,135,3.36,106,3,4,1,0,0
01,120242884733810358,ACTIVE,100,3.34,53,3,4,1,0,0
01,120249283732990100,ACTIVE,140,3.34,83,0,1,0,0,0
01,120249974735390653,ACTIVE,80,3.34,52,3,3,0,0,0
01,120248359442970589,ACTIVE,200,3.33,67,1,1,1,0,0
01,120248371396300544,ACTIVE,80,3.33,69,1,1,1,1,47.52
01,120249105110140210,ACTIVE,132,3.3200000000000003,47,1,1,0,0,0
01,120246615285510642,ACTIVE,450,3.32,112,1,1,0,0,0
01,120248893532100100,ACTIVE,500,3.31,80,2,5,0,0,0
01,120246710213420090,ACTIVE,225,3.29,75,2,1,0,0,0
01,120248726537670152,ACTIVE,99,3.29,92,1,1,0,0,0
01,120248490880340455,ACTIVE,134,3.29,87,0,1,0,0,0
01,120245403173590686,ACTIVE,80,3.2800000000000002,80,2,2,0,0,0
01,120252195345190054,ACTIVE,112,3.25,81,0,1,0,0,0
01,120244823852370686,ACTIVE,100,3.25,39,0,0,0,0,0
01,120247645229990642,ACTIVE,100,3.23,59,1,0,0,0,0
01,120247849750130663,ACTIVE,401,3.22,71,3,4,0,0,0
01,120248490741000152,ACTIVE,200,3.1899999999999995,109,1,0,0,0,0
01,120246701172120677,ACTIVE,124,3.18,38,1,2,1,1,70.02
01,120249251074290319,ACTIVE,120,3.17,119,1,4,0,0,0
01,120246946458510629,ACTIVE,170,3.14,56,2,4,0,0,0
01,120248645284270152,ACTIVE,200,3.13,127,2,2,1,0,0
01,120251239771420586,ACTIVE,138,3.1,73,2,2,0,0,0
01,120244761233710455,ACTIVE,1315,3.1,109,0,1,0,0,0
01,120241066464020065,ACTIVE,289,3.0999999999999996,151,4,4,0,0,0
01,120243144633320146,ACTIVE,100,3.04,80,3,4,0,0,0
01,120246701172200677,ACTIVE,124,3.04,64,0,0,0,0,0
01,120246787004190097,ACTIVE,90,3.04,79,0,0,0,0,0
01,120250447770590013,ACTIVE,80,3.04,26,4,4,1,1,67.67
01,120246850329040065,ACTIVE,100,3.02,34,2,2,0,0,0
01,120244302651980146,ACTIVE,100,3.0199999999999996,71,5,4,0,0,0
01,120243753190540054,ACTIVE,811,2.99,133,1,3,0,0,0
01,120246437959560241,ACTIVE,180,2.99,144,1,1,0,0,0
01,120246153345400650,ACTIVE,125,2.96,28,0,2,0,0,0
01,120247040711430629,ACTIVE,100,2.96,69,4,6,0,0,0
01,120245602350460032,ACTIVE,100,2.94,89,4,5,0,0,0
01,120244967217480436,ACTIVE,100,2.93,98,3,2,0,0,0
01,120248321751560561,ACTIVE,150,2.9,66,1,2,0,0,0
01,120247942948440065,ACTIVE,93,2.87,103,4,5,0,0,0
01,120248321721850561,ACTIVE,150,2.8600000000000003,90,1,1,0,0,0
01,120244034916020436,ACTIVE,155,2.8600000000000003,103,3,3,1,1,41.98
01,120246153345490650,ACTIVE,125,2.86,23,0,2,0,0,0
01,120246273720740455,ACTIVE,1320,2.85,99,0,4,0,0,0
01,120245241360310455,ACTIVE,100,2.84,117,2,3,0,0,0
01,120245119189080630,ACTIVE,165,2.84,93,2,3,1,0,0
01,120250558406210368,ACTIVE,86,2.84,102,1,1,0,0,0
01,120247059696240214,ACTIVE,120,2.81,85,4,5,1,1,24.97
01,120248536188000100,ACTIVE,500,2.7800000000000002,60,0,0,0,0,0
01,120243142609020146,ACTIVE,500,2.77,35,1,1,0,0,0
01,120244480112510436,ACTIVE,100,2.7699999999999996,80,1,1,0,0,0
01,120247389356380455,ACTIVE,100,2.76,45,2,0,0,0,0
01,120245923045620168,ACTIVE,100,2.75,59,2,2,1,1,37.980000000000004
01,120246104095060650,ACTIVE,126,2.75,27,2,2,0,0,0
01,120250413795110709,ACTIVE,100,2.73,48,0,2,0,0,0
01,120248248634970455,ACTIVE,100,2.73,36,1,1,0,0,0
01,120248573692120695,ACTIVE,120,2.72,58,1,1,0,0,0
01,120248737641910722,ACTIVE,68,2.7199999999999998,49,0,0,0,0,0
01,120247868045210695,ACTIVE,300,2.7199999999999998,81,2,5,1,1,37.98
01,120242301213710065,ACTIVE,370,2.7199999999999998,93,3,3,0,0,0
01,120246399807540674,ACTIVE,80,2.6999999999999997,73,0,1,0,0,0
01,120251769553160054,ACTIVE,73,2.69,52,0,0,0,0,0
01,120246330272120320,ACTIVE,100,2.69,71,3,4,0,0,0
01,120243466971930678,ACTIVE,100,2.66,17,0,0,0,0,0
01,120241972248380630,ACTIVE,118,2.65,85,2,3,0,0,0
01,120246508713630320,ACTIVE,109,2.64,102,2,1,0,0,0
01,120248275852660561,ACTIVE,360,2.6399999999999997,116,3,6,0,0,0
01,120248416194170455,ACTIVE,133,2.63,46,0,0,0,0,0
01,120248459419470469,ACTIVE,100,2.55,64,0,0,0,0,0
01,120248557488550695,ACTIVE,150,2.54,90,1,1,0,0,0
01,120249115230940100,ACTIVE,100,2.52,59,4,3,0,0,0
01,120244486325980436,ACTIVE,100,2.5100000000000002,76,2,4,0,0,0
01,120248072969230389,ACTIVE,136,2.51,90,1,2,0,0,0
01,120247623540580509,ACTIVE,104,2.51,91,1,3,1,0,0
01,120248384078410455,ACTIVE,134,2.49,62,2,3,0,0,0
01,120245435760750780,ACTIVE,200,2.48,57,0,0,0,0,0
01,120246270264070320,ACTIVE,200,2.46,63,0,1,0,0,0
01,120235701428400210,ACTIVE,200,2.45,39,1,3,0,0,0
01,120248540698960725,ACTIVE,100,2.45,27,0,0,0,0,0
01,120247508005810509,ACTIVE,100,2.45,66,0,0,0,0,0
01,120245832907210630,ACTIVE,80,2.45,52,4,3,1,1,24.98
01,120249433591590100,ACTIVE,300,2.44,62,1,1,0,0,0
01,120245097017710677,ACTIVE,100,2.44,66,1,2,0,0,0
01,120248415697400455,ACTIVE,125,2.4299999999999997,74,1,0,0,0,0
01,120246410881630707,ACTIVE,82,2.4000000000000004,61,2,1,0,0,0
01,120251147479060709,ACTIVE,100,2.4,72,3,2,0,0,0
01,120248137514550561,ACTIVE,100,2.37,73,4,4,1,1,57.96
01,120248288633070389,ACTIVE,140,2.3600000000000003,63,1,2,0,0,0
01,120248574839550695,ACTIVE,250,2.3600000000000003,65,2,4,0,0,0
01,120251147479130709,ACTIVE,100,2.36,78,2,2,0,0,0
01,120249711938840319,ACTIVE,100,2.35,31,0,0,0,0,0
01,120246191098590320,ACTIVE,400,2.33,72,4,5,0,0,0
01,120244015116230146,ACTIVE,500,2.31,72,1,1,1,1,75.21
01,120244164741820146,ACTIVE,100,2.29,55,4,5,0,0,0
01,120250333835580577,ACTIVE,100,2.29,62,2,2,0,0,0
01,120245800978960674,ACTIVE,300,2.2800000000000002,70,4,6,1,1,29.98
01,120255653285300586,ACTIVE,100,2.2800000000000002,30,2,1,0,0,0
01,120246792247710097,ACTIVE,80,2.25,119,0,4,0,0,0
01,120247199911460090,ACTIVE,100,2.25,63,0,0,0,0,0
01,120252136292710054,ACTIVE,100,2.24,47,0,1,0,0,0
01,120247974813980642,ACTIVE,100,2.24,73,0,0,0,0,0
01,120245706333590025,ACTIVE,140,2.24,36,2,3,0,0,0
01,120248082904020663,ACTIVE,250,2.23,27,1,1,0,0,0
01,120250558361040368,ACTIVE,50,2.23,50,2,2,0,0,0
01,120245608347680133,ACTIVE,260,2.2,37,1,4,1,0,0
01,120245685799910707,ACTIVE,100,2.2,50,3,3,1,0,0
01,120247312197200090,ACTIVE,100,2.2,53,0,1,0,0,0
01,120245343438250686,ACTIVE,80,2.19,28,3,2,1,0,0
01,120243772698880146,ACTIVE,100,2.17,95,1,4,0,0,0
01,120245201694450686,ACTIVE,100,2.15,44,1,1,0,0,0
01,120247066337480477,ACTIVE,90,2.15,27,0,0,0,0,0
01,120245044044890686,ACTIVE,100,2.12,48,0,0,0,0,0
01,120248592991440389,ACTIVE,80,2.1100000000000003,74,1,3,0,0,0
01,120247952380210544,ACTIVE,90,2.1,49,0,0,0,0,0
01,120248204610010425,ACTIVE,190,2.0700000000000003,85,4,3,1,0,0
01,120247971255740065,ACTIVE,200,2.07,71,1,1,1,0,0
01,120246526262050752,ACTIVE,73,2.07,55,2,2,0,0,0
01,120244153272430146,ACTIVE,100,2.05,26,0,0,0,0,0
01,120245404387150125,ACTIVE,80,2.04,41,5,5,0,0,0
01,120246465900910677,ACTIVE,100,2.03,33,1,1,0,0,0
01,120246299721480751,ACTIVE,325,2.01,12,0,0,0,0,0
01,120244761869100436,ACTIVE,100,2,96,1,0,0,0,0
01,120247114547280509,ACTIVE,85,1.99,70,2,3,0,0,0
01,120249073253070116,ACTIVE,100,1.96,35,3,2,1,1,41.72
01,120244164847370788,ACTIVE,85,1.95,41,0,1,0,0,0
01,120245045578670686,ACTIVE,80,1.9499999999999997,46,1,1,1,0,0
01,120248783564790229,ACTIVE,64,1.94,37,0,0,0,0,0
01,6973002165426,ACTIVE,50,1.94,34,0,0,0,0,0
01,120257647437950586,ACTIVE,100,1.94,28,1,1,0,0,0
01,120251977585510210,ACTIVE,111,1.9300000000000002,40,0,1,0,0,0
01,120244242496990780,ACTIVE,100,1.93,49,1,0,0,0,0
01,120244824582450436,ACTIVE,100,1.92,91,2,1,0,0,0
01,120247193573040509,ACTIVE,200,1.92,93,1,1,0,0,0
01,120248386305620455,ACTIVE,100,1.9100000000000001,45,0,0,0,0,0
01,120247438960760043,ACTIVE,320,1.9100000000000001,42,4,4,1,1,25.98
01,120251150600140210,ACTIVE,82,1.91,28,0,0,0,0,0
01,120241067387190788,ACTIVE,85,1.9,30,0,0,0,0,0
01,120242031621370065,ACTIVE,229,1.9,75,0,1,0,0,0
01,120246257869250707,ACTIVE,126,1.89,38,1,2,0,0,0
01,120245738102920780,ACTIVE,80,1.89,48,2,3,1,1,42.97
01,120248955262440283,ACTIVE,100,1.8800000000000001,42,0,1,0,0,0
01,120246526261990752,ACTIVE,73,1.8399999999999999,62,2,1,0,0,0
01,120250086384210057,ACTIVE,100,1.81,22,5,3,0,0,0
01,120248050137610065,ACTIVE,100,1.81,49,2,2,1,0,0
01,120254529951780197,ACTIVE,80,1.8099999999999998,42,1,2,0,0,0
01,120245880144290630,ACTIVE,80,1.7799999999999998,60,1,1,0,0,0
01,120247547590960642,ACTIVE,320,1.76,53,3,3,0,0,0
01,120246471244780065,ACTIVE,135,1.76,33,1,1,0,0,0
01,120247467570380455,ACTIVE,191,1.75,44,0,0,0,0,0
01,120249360920670725,ACTIVE,200,1.73,22,1,1,0,1,28.98
01,120246468260540320,ACTIVE,109,1.72,63,4,3,0,0,0
01,120245250322490642,ACTIVE,650,1.72,54,0,0,0,0,0
01,120245063703470133,ACTIVE,180,1.71,49,1,1,0,0,0
01,120245343640550686,ACTIVE,80,1.7,8,1,2,1,1,123.67000000000002
01,120235701428420210,ACTIVE,200,1.6800000000000002,50,1,1,0,0,0
01,120243951377020125,ACTIVE,150,1.68,36,0,1,0,0,0
01,120245832936950630,ACTIVE,79,1.68,21,0,1,1,1,29.979999999999997
01,120246819645500629,ACTIVE,100,1.67,49,2,1,0,0,0
01,120245031811820436,ACTIVE,116,1.67,51,1,2,0,0,0
01,23857604274220799,ACTIVE,80,1.67,9,0,0,0,0,0
01,120249013372050100,ACTIVE,100,1.67,49,2,2,0,0,0
01,120240901145360175,ACTIVE,325,1.6600000000000001,80,0,0,0,0,0
01,120248808316220695,ACTIVE,100,1.6400000000000001,41,3,3,0,0,0
01,120248288633270389,ACTIVE,100,1.63,63,2,3,0,0,0
01,120247311646990509,ACTIVE,100,1.62,50,2,1,0,0,0
01,120247568068640509,ACTIVE,100,1.6099999999999999,74,1,1,0,0,0
01,120244428953860686,ACTIVE,100,1.6,49,1,1,0,0,0
01,120247568032920509,ACTIVE,100,1.6,47,0,1,0,0,0
01,120248229485400425,ACTIVE,600,1.5699999999999998,80,1,1,0,0,0
01,120244761515050455,ACTIVE,135,1.56,45,1,2,0,0,0
01,120247501239270509,ACTIVE,500,1.56,55,2,2,0,0,0
01,120250447831790013,ACTIVE,80,1.55,20,0,0,0,0,0
01,120245124561510686,ACTIVE,80,1.54,37,0,0,0,0,0
01,120248337634670425,ACTIVE,150,1.54,34,1,2,1,0,0
01,120247568013690509,ACTIVE,100,1.52,55,2,3,0,0,0
01,120244824816070686,ACTIVE,500,1.52,31,0,0,0,0,0
01,120250554304290404,ACTIVE,200,1.51,22,2,2,0,0,0
01,120242847129030686,ACTIVE,100,1.5,29,0,1,0,0,0
01,120246579308140453,ACTIVE,100,1.5,14,1,1,0,0,0
01,120245286173130686,ACTIVE,80,1.49,20,0,0,0,0,0
01,120245832907270630,ACTIVE,97,1.49,22,0,0,0,0,0
01,120244794017770320,ACTIVE,360,1.46,33,0,2,1,0,0
01,120247624135200509,ACTIVE,102,1.46,64,0,0,0,0,0
01,120247220172900175,ACTIVE,87,1.46,42,0,1,0,0,0
01,120247767157610303,ACTIVE,68,1.4500000000000002,31,4,3,0,0,0
01,120249088233310651,ACTIVE,150,1.4500000000000002,48,1,2,0,0,0
01,120249613746370589,ACTIVE,98,1.44,43,1,2,0,0,0
01,120245848127430707,ACTIVE,300,1.4300000000000002,47,1,1,0,0,0
01,120244374958390146,ACTIVE,100,1.4300000000000002,54,0,0,0,0,0
01,120245736523970177,ACTIVE,100,1.42,45,0,2,1,1,29.979999999999997
01,120256546977430586,ACTIVE,100,1.41,60,0,1,0,0,0
01,120249120674110404,ACTIVE,300,1.4000000000000001,38,3,3,0,0,0
01,120248218451590126,ACTIVE,89,1.3800000000000001,36,0,3,0,0,0
01,120249974735370653,ACTIVE,80,1.38,26,1,1,0,0,0
01,120244156901670146,ACTIVE,100,1.38,72,3,4,1,0,0
01,120247114934220455,ACTIVE,120,1.36,34,0,0,0,0,0
01,120240849899190788,ACTIVE,10,1.36,7,0,0,0,0,0
01,120249283733020100,ACTIVE,100,1.36,31,1,1,0,0,0
01,120246381767620032,ACTIVE,200,1.3599999999999999,23,2,2,1,1,22.979999999999997
01,120243593808880146,ACTIVE,300,1.3399999999999999,37,4,2,1,1,106.71000000000001
01,120245490989600133,ACTIVE,100,1.33,16,0,0,0,0,0
01,120248443467340561,ACTIVE,87,1.32,27,1,1,0,0,0
01,120250445767170166,ACTIVE,30,1.32,32,1,1,0,0,0
01,120247624149520509,ACTIVE,102,1.31,29,0,0,0,0,0
01,120248823290310722,ACTIVE,80,1.31,10,1,1,0,0,0
01,120248703982740229,ACTIVE,108,1.31,28,0,0,0,0,0
01,120251271772250166,ACTIVE,30,1.3,44,2,2,0,0,0
01,120245284137880686,ACTIVE,500,1.3,28,0,0,0,0,0
01,120248151239370425,ACTIVE,200,1.29,39,1,1,0,0,0
01,120248455212740455,ACTIVE,123,1.29,16,1,0,0,0,0
01,120248091199340642,ACTIVE,100,1.28,24,1,0,0,0,0
01,120245284052330686,ACTIVE,80,1.27,42,1,2,0,0,0
01,120257843052780586,ACTIVE,30,1.2600000000000002,35,0,1,0,0,0
01,120248383861080100,ACTIVE,100,1.25,39,2,2,1,0,0
01,120246145506950470,ACTIVE,50,1.24,42,1,1,0,0,0
01,120250790045220586,ACTIVE,150,1.24,48,2,2,1,1,28.98
01,120248783564770229,ACTIVE,152,1.24,21,1,1,0,0,0
01,120245380137820707,ACTIVE,320,1.23,38,1,0,0,0,0
01,120244906297410788,ACTIVE,50,1.22,20,0,0,0,0,0
01,120246624479580241,ACTIVE,129,1.22,53,0,1,0,0,0
01,120245286173120686,ACTIVE,80,1.21,29,0,0,0,0,0
01,120249286682560368,ACTIVE,300,1.2000000000000002,42,0,0,0,0,0
01,120249975165620653,ACTIVE,80,1.2000000000000002,29,0,0,0,0,0
01,120249711938850319,ACTIVE,100,1.1900000000000002,42,0,1,0,0,0
01,120242746886630788,ACTIVE,200,1.19,32,2,3,1,1,65.95
01,120247617708360090,ACTIVE,80,1.19,21,0,1,1,0,0
01,120248502435950168,ACTIVE,90,1.18,10,0,1,0,0,0
01,120244270293390320,ACTIVE,120,1.17,42,2,2,0,0,0
01,120245899907660065,ACTIVE,115,1.17,26,2,2,0,0,0
01,120251182287020427,ACTIVE,129,1.16,35,1,1,0,0,0
01,120254678507630197,ACTIVE,80,1.16,23,0,0,0,0,0
01,120248862702290229,ACTIVE,80,1.15,24,0,0,0,0,0
01,120248469524600389,ACTIVE,81,1.12,42,1,2,0,0,0
01,120247195869560175,ACTIVE,125,1.12,20,1,1,0,0,0
01,120247512395240090,ACTIVE,112,1.11,24,0,0,0,0,0
01,120246309078080032,ACTIVE,200,1.1099999999999999,37,1,2,0,0,0
01,120244076954630146,ACTIVE,100,1.1,38,0,0,0,0,0
01,120251360834810166,ACTIVE,100,1.08,23,1,1,0,0,0
01,23857604274280799,ACTIVE,80,1.05,11,0,0,0,0,0
01,120248025748300126,ACTIVE,100,1.04,45,0,1,0,0,0
01,120249449512110725,ACTIVE,100,1.04,46,2,2,0,0,0
01,120247438813810043,ACTIVE,200,1.03,12,2,2,0,0,0
01,120248385353200168,ACTIVE,100,1.02,28,3,3,0,0,0
01,120246024108390751,ACTIVE,500,1.02,25,0,0,0,0,0
01,120249666267500247,ACTIVE,100,1.01,24,3,3,0,0,0
01,120257759476400586,ACTIVE,30,1,17,0,0,0,0,0
01,120244761582650436,ACTIVE,100,0.99,46,3,4,1,0,0
01,120244837091010678,ACTIVE,104,0.98,34,0,0,0,0,0
01,120243929504820146,ACTIVE,100,0.98,41,2,2,0,0,0
01,120245750558170707,ACTIVE,100,0.98,35,2,2,0,0,0
01,120246624479910241,ACTIVE,129,0.97,44,0,1,1,0,0
01,120247292031280175,ACTIVE,86,0.96,37,0,0,0,0,0
01,120257843668740586,ACTIVE,100,0.92,35,1,1,0,0,0
01,120244674407170788,ACTIVE,200,0.9199999999999999,25,0,0,0,0,0
01,120244447104190303,ACTIVE,40,0.9199999999999999,29,0,0,0,0,0
01,120245010386240709,ACTIVE,100,0.91,24,0,0,0,0,0
01,120252090439270054,ACTIVE,100,0.9,29,0,1,0,0,0
01,120245514271720065,ACTIVE,115,0.9,21,0,0,0,0,0
01,120245339156780686,ACTIVE,80,0.9,8,0,0,0,0,0
01,120246415849650214,ACTIVE,120,0.8900000000000001,19,0,0,0,0,0
01,120247324556450065,ACTIVE,100,0.89,11,0,0,0,0,0
01,120249449604610725,ACTIVE,100,0.89,30,0,0,0,0,0
01,120248443467260561,ACTIVE,87,0.88,13,0,0,0,0,0
01,120244302719110146,ACTIVE,100,0.8799999999999999,41,0,0,0,0,0
01,120247944389060751,ACTIVE,100,0.8600000000000001,20,1,1,0,0,0
01,120246369904900032,ACTIVE,200,0.85,33,1,1,0,0,0
01,120248162819270126,ACTIVE,89,0.85,25,0,0,0,0,0
01,120242301213170065,ACTIVE,300,0.8400000000000001,42,1,2,2,0,0
01,120249568875230589,ACTIVE,100,0.8300000000000001,10,0,0,0,0,0
01,120245038475150436,ACTIVE,100,0.83,35,1,1,0,0,0
01,120251769553070054,ACTIVE,110,0.81,29,0,0,0,0,0
01,120244906297460788,ACTIVE,50,0.8,22,0,0,0,0,0
01,120245861174350177,ACTIVE,100,0.8,21,0,1,0,0,0
01,120247866311490389,ACTIVE,100,0.77,30,1,0,0,0,0
01,120247245979210389,ACTIVE,100,0.77,32,3,2,0,0,0
01,120244302719050146,ACTIVE,100,0.77,14,0,0,0,0,0
01,120251063106910166,ACTIVE,50,0.77,27,0,0,0,0,0
01,120245049415260032,ACTIVE,200,0.71,30,1,2,0,0,0
01,120242700474080358,ACTIVE,100,0.71,17,0,0,0,0,0
01,120250691304310722,ACTIVE,50,0.6900000000000001,11,1,1,0,0,0
01,120247582615180509,ACTIVE,100,0.6900000000000001,14,0,0,0,0,0
01,120248502435680168,ACTIVE,90,0.69,17,1,1,0,0,0
01,120248207466280561,ACTIVE,60,0.6699999999999999,20,1,1,0,0,0
01,120244234919350146,ACTIVE,500,0.66,39,1,1,0,0,0
01,120246299672700751,ACTIVE,300,0.66,14,0,0,0,0,0
01,120245044044870686,ACTIVE,100,0.65,9,0,0,0,0,0
01,120248378850380425,ACTIVE,136,0.61,12,0,0,0,0,0
01,120250747283060166,ACTIVE,30,0.6,20,2,2,0,0,0
01,120247040934570629,ACTIVE,100,0.6,15,0,0,0,0,0
01,120250023023480279,ACTIVE,80,0.6,15,0,0,0,0,0
01,120250838901590404,ACTIVE,50,0.6,4,0,0,0,0,0
01,120245612998430455,ACTIVE,100,0.59,18,1,1,0,0,0
01,120248082904030663,ACTIVE,150,0.5800000000000001,29,0,0,0,0,0
01,120248091199310642,ACTIVE,100,0.5700000000000001,28,1,2,0,0,0
01,120249448508060725,ACTIVE,100,0.5700000000000001,19,0,0,0,0,0
01,120249316661270663,ACTIVE,100,0.5700000000000001,17,0,0,0,0,0
01,120248040060750126,ACTIVE,80,0.5700000000000001,26,1,2,0,0,0
01,120243818426660705,ACTIVE,80,0.56,11,0,0,0,0,0
01,120246818759970303,ACTIVE,40,0.56,20,0,0,0,0,0
01,120251271772310166,ACTIVE,30,0.55,23,0,0,0,0,0
01,120246733901990065,ACTIVE,80,0.55,7,0,0,0,0,0
01,120250447771000013,ACTIVE,80,0.54,15,1,1,0,0,0
01,120257919054460586,ACTIVE,30,0.54,19,0,1,0,0,0
01,120245004525000780,ACTIVE,100,0.53,12,0,0,0,0,0
01,120248737641880722,ACTIVE,80,0.53,12,0,1,0,0,0
01,120249550517720100,ACTIVE,92,0.52,13,0,0,0,0,0
01,120248772494200152,ACTIVE,95,0.5,36,0,0,0,0,0
01,120245514271740065,ACTIVE,115,0.5,13,0,0,0,0,0
01,120247504003780425,ACTIVE,133,0.49,14,0,0,0,0,0
01,120250287165040577,ACTIVE,100,0.48000000000000004,11,0,0,0,0,0
01,120252152736310054,ACTIVE,100,0.47,11,0,0,0,0,0
01,120245899907890065,ACTIVE,115,0.46,12,1,1,0,0,0
01,120247582683440509,ACTIVE,50,0.43000000000000005,13,1,1,0,0,0
01,120246643142900065,ACTIVE,100,0.42000000000000004,15,0,0,0,0,0
01,120245880736570172,ACTIVE,40,0.42,9,0,0,0,0,0
01,120245481989440065,ACTIVE,40,0.41000000000000003,6,1,2,2,1,29.98
01,120246145189280470,ACTIVE,50,0.4,22,1,1,0,0,0
01,120246040085600751,ACTIVE,600,0.39,17,0,2,0,0,0
01,120245251316060477,ACTIVE,100,0.39,16,0,0,0,0,0
01,120246697447950610,ACTIVE,80,0.38,13,0,0,0,0,0
01,120247512395290090,ACTIVE,225,0.38,10,0,0,0,0,0
01,120246733902040065,ACTIVE,80,0.37,4,0,0,0,0,0
01,120246733877000065,ACTIVE,80,0.36,13,1,1,0,0,0
01,120244431777030751,ACTIVE,1000,0.36,17,0,1,0,0,0
01,120246962698770090,ACTIVE,425,0.36,9,0,0,0,0,0
01,120246583142090674,ACTIVE,60,0.35,9,0,0,0,0,0
01,120248204881060455,ACTIVE,522,0.35,15,0,0,0,0,0
01,120248922585490210,ACTIVE,200,0.34,19,0,0,0,0,0
01,120248318269050152,ACTIVE,120,0.33999999999999997,15,0,1,0,0,0
01,120247378425210561,ACTIVE,180,0.32,25,1,2,0,0,0
01,120246709429840674,ACTIVE,121,0.32,11,0,1,0,0,0
01,120248056801340561,ACTIVE,60,0.31,8,0,0,0,0,0
01,120257843668650586,ACTIVE,100,0.31,12,0,0,0,0,0
01,120248546074540389,ACTIVE,80,0.31,24,0,0,0,0,0
01,120248880534940100,ACTIVE,100,0.31,10,0,0,0,0,0
01,120247195869530175,ACTIVE,225,0.31,15,0,0,0,0,0
01,120257763329830586,ACTIVE,30,0.29000000000000004,15,0,0,0,0,0
01,120247293641570642,ACTIVE,120,0.28,9,0,0,0,0,0
01,120247504171550090,ACTIVE,60,0.27,7,1,1,0,0,0
01,120246733876960065,ACTIVE,80,0.27,8,0,0,0,0,0
01,120250558406540368,ACTIVE,86,0.27,16,0,0,0,0,0
01,120247942948360065,ACTIVE,93,0.27,13,0,0,0,0,0
01,120246286484520097,ACTIVE,80,0.27,5,0,0,0,0,0
01,120245380678000025,ACTIVE,100,0.27,6,0,0,0,0,0
01,120249985748090577,ACTIVE,101,0.27,10,0,1,0,0,0
01,120251905954910210,ACTIVE,115,0.26,14,0,0,0,0,0
01,120246299721450751,ACTIVE,195,0.25,4,1,1,0,0,0
01,120245832936880630,ACTIVE,66,0.24000000000000002,8,0,0,0,0,0
01,120247872778180425,ACTIVE,100,0.24,9,0,0,0,0,0
01,120251014701570404,ACTIVE,50,0.24,1,0,0,0,0,0
01,120248862675940229,ACTIVE,72,0.24,10,0,0,0,0,0
01,120245343345740686,ACTIVE,80,0.24,10,1,1,0,0,0
01,120246145364940470,ACTIVE,50,0.24,11,0,0,0,0,0
01,120245691728160470,ACTIVE,5,0.23,1,0,0,0,0,0
01,120245286882710686,ACTIVE,100,0.22,8,0,0,0,0,0
01,120244235259940678,ACTIVE,30,0.21000000000000002,6,0,0,0,0,0
01,120246586669350241,ACTIVE,200,0.21,28,1,2,0,0,0
01,120245687813040097,ACTIVE,81,0.2,7,1,2,0,0,0
01,120247059696170214,ACTIVE,120,0.19,12,0,0,0,0,0
01,120246471244730065,ACTIVE,135,0.19,26,1,0,0,0,0
01,120244302440310146,ACTIVE,100,0.19,8,0,0,0,0,0
01,120245339157220686,ACTIVE,80,0.17,5,0,0,0,0,0
01,120248248056550462,ACTIVE,92,0.17,3,1,1,0,0,0
01,120245792848160780,ACTIVE,80,0.17,4,0,0,0,0,0
01,120245889270610065,ACTIVE,40,0.16,12,0,0,0,0,0
01,120251979298110210,ACTIVE,50,0.16,9,0,0,0,0,0
01,120245466475590630,ACTIVE,40,0.14,7,0,0,0,0,0
01,120247375816630090,ACTIVE,80,0.14,5,0,0,0,0,0
01,120257919054520586,ACTIVE,30,0.13,12,0,0,0,0,0
01,120246631635420097,ACTIVE,80,0.13,5,0,0,0,0,0
01,120249498623060100,ACTIVE,91,0.13,8,0,0,0,0,0
01,120245343500810686,ACTIVE,80,0.13,4,0,0,0,0,0
01,120246377047690097,ACTIVE,80,0.12,7,0,0,0,0,0
01,120245286882760686,ACTIVE,100,0.11,3,0,0,0,0,0
01,120248337634700425,ACTIVE,150,0.11,8,0,0,0,0,0
01,120247944389010751,ACTIVE,100,0.1,4,0,0,0,0,0
01,120248955262410283,ACTIVE,100,0.09,7,0,0,0,0,0
01,120235336090360210,ACTIVE,200,0.09,7,0,0,0,0,0
01,120248378850330425,ACTIVE,136,0.07,4,0,0,0,0,0
01,120246731736950097,ACTIVE,80,0.07,7,0,0,0,0,0
01,120247558121560065,ACTIVE,100,0.07,5,0,0,0,0,0
01,120250447799910013,ACTIVE,80,0.07,2,0,0,0,0,0
01,120246299672740751,ACTIVE,195,0.07,5,0,2,1,1,22.98
01,120244302638970146,ACTIVE,100,0.07,2,0,0,0,0,0
01,120248455212780455,ACTIVE,123,0.07,6,0,1,0,0,0
01,120245833042190630,ACTIVE,58,0.07,3,0,0,0,0,0
01,120251423402290404,ACTIVE,50,0.07,3,0,0,0,0,0
01,120245481989400065,ACTIVE,40,0.06,4,0,0,0,0,0
01,120251467533360166,ACTIVE,30,0.06,3,0,0,0,0,0
01,120246711859060674,ACTIVE,50,0.06,6,0,0,0,0,0
01,120248252688100544,ACTIVE,100,0.05,2,0,0,0,0,0
01,120246024108440751,ACTIVE,195,0.05,5,0,0,0,0,0
01,120244823852300686,ACTIVE,100,0.05,5,0,0,0,0,0
01,120245343583750686,ACTIVE,80,0.04,1,0,0,0,0,0
01,120251979360490210,ACTIVE,50,0.04,3,0,0,0,0,0
01,120246338247960241,ACTIVE,100,0.04,2,0,0,0,0,0
01,120251014701600404,ACTIVE,50,0.03,2,0,0,0,0,0
01,120247597780010751,ACTIVE,40,0.03,1,0,1,0,0,0
01,120245099365240470,ACTIVE,5,0.02,1,0,0,0,0,0
01,120246299672680751,ACTIVE,115,0.02,4,0,0,0,0,0
01,120245136181480470,ACTIVE,5,0.01,1,0,0,0,0,0
01,120249498623270100,ACTIVE,91,0.01,1,0,0,0,0,0
01,120257843052670586,ACTIVE,30,0.01,1,0,0,0,0,0
01,120251292838090427,ACTIVE,100,0,0,0,0,0,0,0
01,120251292838130427,ACTIVE,100,0,0,0,0,0,0,0
01,120248383960600544,ACTIVE,80,0,0,0,0,0,0,0
01,120248383960820544,ACTIVE,80,0,0,0,0,0,0,0
01,120246792894740097,ACTIVE,80,0,0,0,0,0,0,0
01,120251467533420166,ACTIVE,30,0,2,0,1,0,0,0
01,120248504815070469,ACTIVE,80,0,0,0,0,0,0,0
01,120248504941260469,ACTIVE,80,0,0,0,0,0,0,0
01,120243862977850705,ACTIVE,80,0,0,0,0,0,0,0
01,120248507721970469,ACTIVE,80,0,0,0,0,0,0,0
01,120248507722020469,ACTIVE,80,0,0,0,0,0,0,0
01,120243862949130705,PAUSED,80,0,0,0,0,0,0,0
01,120245547753370179,ACTIVE,80,0,0,0,0,0,0,0
01,120246312788110126,PAUSED,200,0,0,0,1,0,0,0
01,120245547600370179,ACTIVE,80,0,0,0,0,0,0,0
01,6991696263026,ACTIVE,50,0,0,0,0,0,0,0
01,120248012782270065,ACTIVE,93,0,1,0,0,0,0,0
01,120245343766870686,ACTIVE,80,0,1,0,0,0,0,0
01,120247944597940065,PAUSED,100,0,0,0,1,0,0,0
01,120254804851540197,ACTIVE,80,0,0,0,0,0,0,0
01,120250413795050709,ACTIVE,700,0,0,0,1,0,0,0
01,120246501603820241,PAUSED,92,0,0,0,1,0,0,0
01,120248881726590283,PAUSED,250,0,0,0,0,0,0,0
01,120247617292450090,ACTIVE,60,0,0,0,0,0,0,0
01,120249666797540247,PAUSED,100,0,0,0,1,0,0,0
01,120248959176740725,PAUSED,1000,0,0,0,1,0,0,0
01,120246710213410090,ACTIVE,132,0,1,0,0,0,0,0
01,120246791316180097,PAUSED,80,0,0,0,0,0,0,0
01,120257843861530586,PAUSED,20,0,0,0,1,0,0,0
01,120246791316280097,PAUSED,80,0,0,0,0,0,0,0
01,120249447732060577,PAUSED,68,0,0,0,1,0,0,0
01,120246791358470097,ACTIVE,80,0,0,0,0,0,0,0
01,120246792894660097,ACTIVE,80,0,0,0,0,0,0,0
01,23857731004200794,ACTIVE,100,0,0,0,0,0,0,0
01,23857731004250794,ACTIVE,100,0,0,0,0,0,0,0
01,120247312196970090,PAUSED,100,0,0,0,1,1,1,86.35
01,6991696262226,ACTIVE,50,0,0,0,0,0,0,0
01,120248383686370544,ACTIVE,80,0,0,0,0,0,0,0
01,120248383778200544,ACTIVE,80,0,0,0,0,0,0,0
01,120248383528420544,ACTIVE,80,0,0,0,0,0,0,0
01,120248383778820544,ACTIVE,80,0,0,0,0,0,0,0
01,120248383854990544,ACTIVE,80,0,0,0,0,0,0,0
01,120248383855380544,ACTIVE,80,0,0,0,0,0,0,0
02,120244883028360686,ACTIVE,1000,65.54,1248,48,46,11,6,278.54999999999995
02,120243986668280589,ACTIVE,1200,64.51,1712,31,33,4,3,109.48
02,120244761233710455,ACTIVE,1315,57.45,1896,36,52,1,1,60.410000000000004
02,120246273720740455,ACTIVE,1320,52.150000000000006,1382,31,44,4,3,205.19
02,120247136451350725,ACTIVE,1000,48.650000000000006,1471,27,34,5,3,167.3
02,120248455243050455,ACTIVE,425,43.42,1288,35,34,4,2,144.78
02,120240679404390629,ACTIVE,400,39.349999999999994,1163,18,20,2,0,0
02,120244749327030686,ACTIVE,1000,38.769999999999996,749,16,17,2,1,29.98
02,120247583319740586,ACTIVE,500,37.57,1502,35,34,4,2,57.96
02,120247115989130291,ACTIVE,600,33.57,611,20,17,2,1,64.17
02,23857454054570799,ACTIVE,350,32.81,359,5,4,0,0,0
02,120248911416770577,ACTIVE,1001,27.590000000000003,710,17,18,4,1,28.98
02,120243276755660065,ACTIVE,500,27.369999999999997,631,10,12,1,1,29.98
02,120247653059200586,ACTIVE,500,26.67,893,19,23,3,2,93.94000000000001
02,120243772061640146,ACTIVE,500,26.37,737,15,18,2,2,117.20000000000002
02,120248508683620431,ACTIVE,370,25.25,504,11,14,1,1,67.93
02,120246005453800291,ACTIVE,600,23.69,483,16,17,3,2,101.15
02,120244618043630436,ACTIVE,493,22.82,982,21,29,2,2,141.69
02,120246754801740509,ACTIVE,500,22.25,603,14,14,0,0,0
02,120244963455410686,ACTIVE,300,21.47,465,5,8,0,0,0
02,120248510641030431,ACTIVE,370,20.25,366,11,9,2,1,48.17
02,120245010772960663,ACTIVE,301,20.2,289,11,13,1,1,37.98
02,120250789469770586,ACTIVE,500,19.56,605,16,22,2,2,78.35
02,120247813840340065,ACTIVE,186,19.21,297,9,8,0,0,0
02,120246191098540320,ACTIVE,480,19.15,702,14,20,2,1,58.77
02,120252195344970054,ACTIVE,112,19.08,234,0,3,0,0,0
02,120248536187780100,ACTIVE,500,18.75,467,14,12,2,2,104.32
02,120245334049540065,ACTIVE,370,18.48,259,9,10,2,1,49.51
02,120249525957160319,ACTIVE,360,18.05,434,7,7,0,0,0
02,120245045512490686,ACTIVE,80,18.020000000000003,258,7,6,1,0,0
02,120248204881060455,ACTIVE,522,17.11,607,6,11,0,0,0
02,120248960171180100,ACTIVE,500,16.69,401,7,9,0,0,0
02,120246828454030629,ACTIVE,390,16.57,409,12,13,1,0,0
02,120248615909580019,ACTIVE,450,16.21,280,3,10,4,0,0
02,120246338028120241,ACTIVE,630,16.169999999999998,787,9,11,1,1,43.980000000000004
02,120246770835970175,ACTIVE,253,16.13,411,10,12,1,0,0
02,120246153345490650,ACTIVE,125,15.99,145,4,5,0,0,0
02,120247280578260065,ACTIVE,200,15.89,336,9,8,1,0,0
02,120249433591380100,ACTIVE,300,15.57,320,13,13,3,1,38.17
02,120245334049460065,ACTIVE,400,15.54,256,8,12,2,2,79.5
02,120241066464020065,ACTIVE,289,15.53,713,12,16,1,0,0
02,120249497563510589,ACTIVE,200,15.280000000000001,294,8,11,1,0,0
02,120240258763950179,ACTIVE,310,15.16,814,17,14,1,0,0
02,120246153345400650,ACTIVE,125,15.15,216,10,9,1,0,0
02,120245972443720177,ACTIVE,90,15.07,334,3,5,0,0,0
02,120246493383140032,ACTIVE,75,15.059999999999999,130,4,2,0,0,0
02,120247175023780065,ACTIVE,172,15.04,407,11,11,2,1,29.98
02,120246023777450751,ACTIVE,1300,14.99,366,13,18,4,3,99.52
02,120247612701680090,ACTIVE,124,14.950000000000001,233,8,7,0,0,0
02,120248641712650319,ACTIVE,440,14.85,382,4,4,0,0,0
02,120245848127390707,ACTIVE,500,14.85,352,7,14,1,1,37.37
02,120244761352230455,ACTIVE,225,14.440000000000001,427,8,10,0,0,0
02,120248326394610455,ACTIVE,199,14.200000000000001,344,10,10,0,1,60.410000000000004
02,120248893532100100,ACTIVE,500,14.14,293,10,15,1,1,52.56
02,120246643265130674,ACTIVE,200,14.14,447,9,7,2,1,29.979999999999997
02,120239930892250650,ACTIVE,300,14.1,247,9,8,1,0,0
02,120248089909250065,ACTIVE,92,14,237,2,2,0,0,0
02,120249286765290368,ACTIVE,200,13.989999999999998,460,8,9,1,1,69.57
02,120247479945600065,ACTIVE,300,13.940000000000001,418,7,7,0,0,0
02,120248863886910695,ACTIVE,132,13.77,271,6,7,1,0,0
02,120246221877410629,ACTIVE,335,13.57,363,11,13,0,0,0
02,120247066337480477,ACTIVE,90,13.56,143,3,3,0,0,0
02,120250895500810586,ACTIVE,300,13.46,485,7,11,2,1,49.370000000000005
02,120248207465980561,ACTIVE,360,13.36,371,9,8,2,2,97.93
02,120248012782330065,ACTIVE,93,13.23,344,8,10,1,0,0
02,120243843991710129,ACTIVE,150,13.06,543,13,12,0,0,0
02,120243063569770146,ACTIVE,210,12.78,557,9,14,1,0,0
02,120245840085750780,ACTIVE,80,12.77,158,2,4,0,0,0
02,120248253157450544,ACTIVE,80,12.73,267,8,8,0,0,0
02,120249431214270100,ACTIVE,500,12.7,310,9,7,0,0,0
02,120244880653330686,ACTIVE,100,12.7,206,5,7,0,0,0
02,120247453929680065,ACTIVE,154,12.520000000000001,319,2,1,0,0,0
02,120248378850330425,ACTIVE,136,12.36,141,0,2,0,0,0
02,120245011207100320,ACTIVE,750,12.29,334,7,9,1,1,58.77
02,120249151139280057,ACTIVE,100,12.280000000000001,95,1,3,0,0,0
02,120245403173560686,ACTIVE,80,12.23,136,6,6,1,0,0
02,120252195345190054,ACTIVE,112,12.21,260,4,4,0,0,0
02,120248490880410455,ACTIVE,134,11.870000000000001,208,1,1,0,0,0
02,120243772698800146,ACTIVE,210,11.77,445,5,6,0,0,0
02,120244963676310686,ACTIVE,200,11.719999999999999,254,2,3,1,1,51.22
02,120245201694370686,ACTIVE,100,11.620000000000001,207,1,1,0,0,0
02,120247956340000389,ACTIVE,255,11.49,539,10,12,1,0,0
02,120248218451590126,ACTIVE,89,11.469999999999999,207,9,10,1,1,29.98
02,120245487786040032,ACTIVE,127,11.379999999999999,222,2,4,1,0,0
02,120247865520180544,ACTIVE,80,11.37,265,3,3,1,0,0
02,120250413795110709,ACTIVE,100,11.350000000000001,192,6,6,0,0,0
02,120248248056550462,ACTIVE,92,11.3,109,2,2,0,0,0
02,120244349822900686,ACTIVE,100,11.25,212,7,9,2,1,29.979999999999997
02,120248378850380425,ACTIVE,136,11.23,173,1,1,0,0,0
02,120246701172120677,ACTIVE,124,11.19,197,5,6,2,1,70.02
02,120249974735390653,ACTIVE,80,11.14,142,4,5,0,0,0
02,120248455821250455,ACTIVE,135,11.09,257,6,8,1,0,0
02,120245937398200177,ACTIVE,100,11.09,216,3,4,1,0,0
02,120248337451970425,ACTIVE,200,11.09,292,6,7,0,0,0
02,120245972443760177,ACTIVE,90,11.040000000000001,193,4,6,0,0,0
02,120245980788570752,ACTIVE,300,10.9,434,11,20,4,2,95.93
02,120249115231040100,ACTIVE,227,10.899999999999999,266,4,5,0,0,0
02,120248502435950168,ACTIVE,90,10.83,146,1,1,0,0,0
02,120249005372660589,ACTIVE,178,10.780000000000001,209,5,5,1,1,29.979999999999997
02,120244761350620455,ACTIVE,225,10.76,296,7,7,2,0,0
02,120244745582820125,ACTIVE,800,10.739999999999998,326,5,7,3,0,0
02,120244070206100125,ACTIVE,150,10.73,287,7,7,1,1,97.71
02,120244965177310686,ACTIVE,100,10.68,194,3,5,1,1,31.22
02,120245010386240709,ACTIVE,100,10.620000000000001,200,5,4,1,0,0
02,120242031621370065,ACTIVE,229,10.51,301,4,4,0,0,0
02,120249672773570589,ACTIVE,97,10.49,183,5,6,2,1,29.98
02,120247612701760090,ACTIVE,124,10.280000000000001,201,1,2,0,0,0
02,120243227249480177,ACTIVE,100,10.2,185,1,5,0,0,0
02,120246615285510642,ACTIVE,450,10.06,295,3,4,0,0,0
02,120246178929760752,ACTIVE,300,10.05,291,7,8,0,0,0
02,120245435760750780,ACTIVE,200,10.04,190,1,2,0,0,0
02,120246583047400674,ACTIVE,200,10,159,1,0,0,0,0
02,120249251074290319,ACTIVE,120,9.92,316,4,5,0,0,0
02,120246462278440707,ACTIVE,83,9.809999999999999,169,8,6,0,0,0
02,120247547642310642,ACTIVE,750,9.760000000000002,172,4,4,0,0,0
02,120248089909210065,ACTIVE,92,9.73,245,10,8,0,0,0
02,120246701172200677,ACTIVE,124,9.719999999999999,220,2,3,0,0,0
02,120245044044890686,ACTIVE,100,9.66,129,0,2,0,0,0
02,120245097017710677,ACTIVE,100,9.62,211,2,4,0,0,0
02,120245840085840780,ACTIVE,80,9.56,192,2,2,0,0,0
02,120246702062450674,ACTIVE,100,9.559999999999999,231,4,5,0,0,0
02,120246508713670320,ACTIVE,109,9.46,273,11,13,3,2,140.79
02,120248540698960725,ACTIVE,100,9.46,83,3,2,1,0,0
02,120249449512030725,ACTIVE,100,9.45,299,9,10,1,1,49.37
02,120245403173590686,ACTIVE,80,9.39,174,3,3,0,0,0
02,120252072716270054,ACTIVE,115,9.36,200,5,4,1,0,0
02,120244783755130320,ACTIVE,450,9.309999999999999,503,9,12,0,0,0
02,120245706333540025,ACTIVE,130,9.29,120,3,5,1,1,60.47
02,120244015116230146,ACTIVE,500,9.21,272,4,5,1,1,75.21
02,120250501589950722,ACTIVE,80,9.2,154,6,7,0,0,0
02,120249672773520589,ACTIVE,97,8.990000000000002,223,4,5,0,0,0
02,120244171016080129,ACTIVE,120,8.93,325,10,11,1,0,0
02,120248371396300544,ACTIVE,80,8.92,208,3,4,1,1,47.52
02,120244164741800146,ACTIVE,149,8.89,299,13,12,2,1,75.21
02,120243458344350129,ACTIVE,120,8.84,355,11,9,2,2,164.59
02,120246787004190097,ACTIVE,90,8.79,280,5,7,1,0,0
02,120244349823030686,ACTIVE,100,8.780000000000001,164,2,5,0,0,0
02,120247392329370509,ACTIVE,200,8.75,312,5,4,0,0,0
02,120245800978960674,ACTIVE,300,8.74,223,7,11,1,1,29.98
02,120248384078440455,ACTIVE,134,8.73,285,5,4,0,0,0
02,120248681019100152,ACTIVE,166,8.729999999999999,390,6,6,0,0,0
02,120246526261990752,ACTIVE,73,8.71,240,5,4,1,0,0
02,120245823919130320,ACTIVE,360,8.670000000000002,383,14,14,1,1,34.07
02,120247849750130663,ACTIVE,401,8.66,149,7,10,0,0,0
02,120247040711430629,ACTIVE,100,8.61,144,5,6,0,0,0
02,120243753190540054,ACTIVE,811,8.61,338,10,9,2,1,31.980000000000004
02,120248622152780695,ACTIVE,188,8.55,248,2,3,1,0,0
02,120252136292710054,ACTIVE,100,8.53,186,3,3,0,0,0
02,120244017128390686,ACTIVE,100,8.53,174,6,8,2,0,0
02,120248490880340455,ACTIVE,134,8.52,229,2,2,1,0,0
02,120246526262050752,ACTIVE,73,8.5,231,6,6,1,0,0
02,120249498266450589,ACTIVE,100,8.48,146,4,5,1,1,29.98
02,120244034916020436,ACTIVE,155,8.469999999999999,252,4,5,1,1,41.98
02,120248490741000152,ACTIVE,200,8.45,285,6,4,0,0,0
02,120244428953840686,ACTIVE,100,8.44,187,4,5,0,0,0
02,120247467570380455,ACTIVE,191,8.41,227,6,9,2,0,0
02,120248275852660561,ACTIVE,360,8.41,357,12,12,0,0,0
02,120242301213710065,ACTIVE,370,8.389999999999999,306,6,7,1,0,0
02,120247391144430509,ACTIVE,200,8.379999999999999,349,9,11,0,0,0
02,120249283732990100,ACTIVE,140,8.370000000000001,220,2,6,0,0,0
02,120246946458510629,ACTIVE,170,8.370000000000001,179,5,6,0,0,0
02,120248592991440389,ACTIVE,80,8.31,298,9,11,0,0,0
02,120246624479910241,ACTIVE,129,8.3,414,5,6,1,0,0
02,120245201694450686,ACTIVE,100,8.24,162,4,5,1,0,0
02,120247058049910303,PAUSED,120,8.24,97,2,1,0,0,0
02,120251979298110210,ACTIVE,50,8.17,99,4,4,1,0,0
02,120244823852370686,ACTIVE,100,8.14,115,2,2,0,0,0
02,120252090439270054,ACTIVE,100,8.129999999999999,149,5,6,1,0,0
02,120246624479580241,ACTIVE,129,8.11,433,7,9,1,0,0
02,120247193573040509,ACTIVE,200,8.030000000000001,279,2,3,0,0,0
02,120247322669120509,ACTIVE,200,8.01,293,8,7,0,0,0
02,120249974735370653,ACTIVE,80,7.970000000000001,123,3,3,1,0,0
02,120242746886630788,ACTIVE,200,7.96,139,5,6,1,1,65.95
02,120248248634970455,ACTIVE,100,7.93,93,4,6,0,0,0
02,120251430724110404,ACTIVE,90,7.9,109,1,0,0,0,0
02,120250333835580577,ACTIVE,100,7.880000000000001,179,5,5,1,0,0
02,120245284137880686,ACTIVE,500,7.87,142,2,4,1,0,0
02,120248204610010425,ACTIVE,190,7.800000000000001,249,4,4,2,0,0
02,120247624149520509,ACTIVE,102,7.74,254,3,4,0,0,0
02,120248466107650695,ACTIVE,112,7.680000000000001,175,1,1,0,0,0
02,120251977585510210,ACTIVE,111,7.66,164,2,4,0,0,0
02,120244486414960436,ACTIVE,100,7.659999999999999,268,11,11,0,1,129.45999999999998
02,120246862640090069,ACTIVE,140,7.55,161,3,3,0,0,0
02,120248443467340561,ACTIVE,87,7.529999999999999,163,7,6,2,2,49.959999999999994
02,120245736523970177,ACTIVE,100,7.460000000000001,152,2,2,1,1,29.979999999999997
02,120248645284270152,ACTIVE,200,7.44,375,5,5,1,0,0
02,120245990795590533,ACTIVE,100,7.4399999999999995,283,4,2,0,0,0
02,120244906297410788,ACTIVE,50,7.359999999999999,66,3,2,1,1,65.95
02,120246330272670320,ACTIVE,109,7.34,179,3,2,0,0,0
02,120249564842700589,ACTIVE,98,7.34,130,1,1,0,0,0
02,120247073165120090,ACTIVE,255,7.34,153,2,4,1,0,0
02,120243844678990129,ACTIVE,120,7.3100000000000005,281,8,11,0,0,0
02,120245847712420650,ACTIVE,100,7.3100000000000005,123,6,5,0,0,0
02,120248459419470469,ACTIVE,100,7.3100000000000005,201,5,5,0,0,0
02,120247389356380455,ACTIVE,100,7.3,135,6,5,0,0,0
02,120248823290310722,ACTIVE,80,7.280000000000001,119,6,8,0,0,0
02,120248288633070389,ACTIVE,140,7.250000000000001,197,4,7,0,0,0
02,120246508713630320,ACTIVE,109,7.1899999999999995,286,2,3,0,0,0
02,120247438960760043,ACTIVE,320,7.15,104,7,6,1,1,25.98
02,120249433591590100,ACTIVE,300,7.14,206,3,6,0,0,0
02,120249412510530100,ACTIVE,135,7.13,243,9,9,2,0,0
02,120249975165650653,ACTIVE,80,7.119999999999999,141,3,3,0,0,0
02,120243466971930678,ACTIVE,100,7.109999999999999,86,3,3,1,1,39.98
02,120246579308100453,ACTIVE,100,7.010000000000001,85,2,3,0,0,0
02,120246399807540674,ACTIVE,80,6.98,220,3,3,0,0,0
02,120245738102920780,ACTIVE,80,6.9399999999999995,152,3,4,1,1,42.97
02,120245283264760677,ACTIVE,115,6.92,333,7,7,3,2,140.04
02,120249347498540100,ACTIVE,136,6.909999999999999,206,4,4,0,0,0
02,120247617708310090,PAUSED,80,6.87,41,0,0,0,0,0
02,120246697447920610,ACTIVE,80,6.86,78,5,4,2,0,0
02,120248415697400455,ACTIVE,125,6.859999999999999,191,4,4,0,0,0
02,120244374958140146,ACTIVE,100,6.84,183,5,5,1,0,0
02,120247645229990642,ACTIVE,100,6.82,109,4,2,1,0,0
02,120247534964830642,ACTIVE,100,6.819999999999999,110,1,2,0,0,0
02,120247312197200090,ACTIVE,100,6.75,140,7,5,0,0,0
02,120244967217480436,ACTIVE,100,6.67,223,5,4,0,0,0
02,120245044044870686,ACTIVE,100,6.63,117,2,3,2,0,0
02,120251147479130709,ACTIVE,100,6.59,183,3,4,0,0,0
02,120245833631150707,ACTIVE,450,6.58,177,4,5,0,0,0
02,120248536188000100,ACTIVE,500,6.550000000000001,169,3,5,0,0,0
02,120245823079650320,ACTIVE,100,6.55,140,0,0,0,0,0
02,120246599961620214,ACTIVE,160,6.529999999999999,198,5,6,0,0,0
02,120248737641910722,ACTIVE,68,6.51,109,2,2,1,1,22.979999999999997
02,120249316661270663,ACTIVE,100,6.46,108,2,2,0,0,0
02,120248386305620455,ACTIVE,100,6.45,124,1,1,0,0,0
02,120248889583930116,ACTIVE,101,6.449999999999999,114,3,4,0,0,0
02,120246465900910677,ACTIVE,100,6.430000000000001,121,5,6,0,0,0
02,120248025748300126,ACTIVE,100,6.4,217,1,1,0,0,0
02,120246178825710752,ACTIVE,100,6.35,92,2,2,0,0,0
02,120242847129030686,ACTIVE,100,6.33,136,2,3,0,0,0
02,120244802271840788,ACTIVE,200,6.32,131,2,3,0,0,0
02,120247059710630214,ACTIVE,120,6.3100000000000005,89,1,2,0,0,0
02,120247623540580509,ACTIVE,104,6.3100000000000005,187,4,6,1,0,0
02,120245119189080630,ACTIVE,165,6.3,196,5,4,1,0,0
02,120246570408620477,ACTIVE,100,6.29,72,4,3,1,0,0
02,120248072969230389,ACTIVE,136,6.289999999999999,234,3,4,0,0,0
02,120247624135200509,ACTIVE,102,6.27,217,1,2,0,0,0
02,120245880144290630,ACTIVE,80,6.27,188,8,6,1,1,29.979999999999997
02,120246710213420090,ACTIVE,225,6.26,150,3,2,0,0,0
02,120247617292450090,ACTIVE,60,6.26,66,1,3,0,0,0
02,120250413795050709,ACTIVE,700,6.24,145,3,5,0,0,0
02,120244428953860686,ACTIVE,100,6.23,124,1,1,0,0,0
02,120247547590960642,ACTIVE,320,6.21,147,6,5,0,0,0
02,120250558406210368,ACTIVE,86,6.2,242,1,2,0,0,0
02,120246410881630707,ACTIVE,82,6.199999999999999,137,2,1,0,0,0
02,120244824816070686,ACTIVE,500,6.12,101,2,2,0,0,0
02,120241972248380630,ACTIVE,118,6.08,196,4,7,0,0,0
02,120244418309490436,ACTIVE,100,6.07,279,5,6,0,0,0
02,120249105110140210,ACTIVE,132,6.03,123,3,4,0,0,0
02,120248384078410455,ACTIVE,134,6,159,4,4,0,0,0
02,120245685799910707,ACTIVE,100,5.99,110,8,7,3,0,0
02,120247942948440065,ACTIVE,93,5.98,148,4,6,0,0,0
02,120246104095060650,ACTIVE,126,5.98,69,4,4,0,0,0
02,120248416194170455,ACTIVE,133,5.98,137,1,1,0,0,0
02,120246631635420097,ACTIVE,80,5.97,154,3,5,0,0,0
02,23857731004200794,ACTIVE,100,5.95,62,0,0,0,0,0
02,120244374958390146,ACTIVE,100,5.94,198,2,2,0,0,0
02,120251979136820210,ACTIVE,50,5.93,74,0,0,0,0,0
02,120245861174350177,ACTIVE,100,5.92,124,5,5,0,0,0
02,120247954410960425,ACTIVE,100,5.92,96,2,2,0,0,0
02,120248772494200152,ACTIVE,95,5.9,199,3,3,0,0,0
02,120243772698880146,ACTIVE,100,5.9,217,8,10,1,0,0
02,120244164847370788,ACTIVE,85,5.81,120,4,4,0,0,0
02,120251147479060709,ACTIVE,100,5.75,146,4,3,0,0,0
02,120242884733810358,ACTIVE,100,5.71,91,5,5,1,0,0
02,23857731004250794,ACTIVE,100,5.67,73,1,1,0,0,0
02,120254529951780197,ACTIVE,80,5.66,126,2,3,1,1,66.22
02,120247971255740065,ACTIVE,200,5.65,155,2,2,1,1,63.91
02,120248443467260561,ACTIVE,87,5.550000000000001,150,3,3,0,0,0
02,120247059696240214,ACTIVE,120,5.51,165,5,6,1,1,24.97
02,120247508005810509,ACTIVE,100,5.5,136,1,1,0,0,0
02,120244486325980436,ACTIVE,100,5.49,236,7,10,0,0,0
02,120245899907660065,ACTIVE,115,5.470000000000001,94,4,6,0,0,0
02,120248321721850561,ACTIVE,150,5.460000000000001,181,3,4,0,0,0
02,120243144633320146,ACTIVE,100,5.46,138,7,7,1,0,0
02,120244824582450436,ACTIVE,100,5.45,185,4,4,0,0,0
02,120247617708360090,ACTIVE,80,5.45,86,2,3,1,0,0
02,120248359442970589,ACTIVE,200,5.43,126,4,3,1,0,0
02,120246870229730642,ACTIVE,100,5.41,130,1,0,0,0,0
02,120247617392160090,PAUSED,60,5.39,42,1,0,0,0,0
02,120246468260540320,ACTIVE,109,5.369999999999999,177,7,7,0,0,0
02,120248502435680168,ACTIVE,90,5.36,149,2,2,0,0,0
02,120245490989600133,ACTIVE,100,5.34,63,2,3,0,0,0
02,120245514271720065,ACTIVE,115,5.319999999999999,110,1,3,0,0,0
02,120245380137820707,ACTIVE,320,5.31,133,4,3,0,0,0
02,120249985748090577,ACTIVE,101,5.29,130,4,7,0,0,0
02,120246586669350241,ACTIVE,200,5.29,241,1,3,0,0,0
02,120245339156780686,ACTIVE,80,5.289999999999999,67,1,1,1,0,0
02,120251168871300404,ACTIVE,90,5.17,110,1,1,0,0,0
02,120245241360310455,ACTIVE,100,5.15,228,5,6,0,0,0
02,120247199911460090,ACTIVE,100,5.15,135,1,0,0,0,0
02,120245706333590025,ACTIVE,140,5.140000000000001,94,2,3,0,0,0
02,120243142609020146,ACTIVE,500,5.12,91,4,3,0,0,0
02,120247868045210695,ACTIVE,300,5.08,189,5,5,1,1,37.98
02,120248137514550561,ACTIVE,100,5.0600000000000005,201,5,5,1,1,57.96
02,120244793522550320,ACTIVE,120,5.06,204,6,4,0,0,0
02,120244164741820146,ACTIVE,100,5.02,119,7,7,0,0,0
02,120245602350460032,ACTIVE,100,4.99,152,5,5,0,0,0
02,120240901145360175,ACTIVE,325,4.96,197,3,4,0,0,0
02,120248288633270389,ACTIVE,100,4.930000000000001,187,3,7,0,0,0
02,120245832907210630,ACTIVE,80,4.93,114,6,6,2,1,24.98
02,120248573692120695,ACTIVE,120,4.93,114,1,1,0,0,0
02,120246731736950097,ACTIVE,80,4.93,133,3,3,1,0,0
02,120246191098590320,ACTIVE,400,4.9,173,5,10,0,0,0
02,120241067387190788,ACTIVE,85,4.880000000000001,91,1,1,0,0,0
02,120245045578670686,ACTIVE,80,4.880000000000001,151,2,2,1,0,0
02,120249286682560368,ACTIVE,300,4.88,114,1,2,0,0,0
02,120246257869250707,ACTIVE,126,4.88,108,5,5,0,0,0
02,120235701428420210,ACTIVE,200,4.88,129,4,7,2,0,0
02,120249088233310651,ACTIVE,150,4.88,137,4,5,0,0,0
02,120248557488550695,ACTIVE,150,4.859999999999999,186,3,4,0,0,0
02,120245514271740065,ACTIVE,115,4.859999999999999,92,3,4,1,1,29.98
02,120257919054520586,ACTIVE,30,4.85,86,2,2,0,0,0
02,120249824676430057,ACTIVE,100,4.85,21,0,1,0,0,0
02,120251769553160054,ACTIVE,73,4.83,83,0,1,0,0,0
02,120249013372050100,ACTIVE,100,4.82,122,7,7,0,0,0
02,120244906297460788,ACTIVE,50,4.8100000000000005,76,1,2,0,0,0
02,120246791358470097,ACTIVE,80,4.78,138,1,2,0,0,0
02,120249711938850319,ACTIVE,100,4.7700000000000005,147,1,3,0,0,0
02,120244761582650436,ACTIVE,100,4.76,162,3,4,1,0,0
02,120247974813980642,ACTIVE,100,4.76,168,1,2,0,0,0
02,120248574839550695,ACTIVE,250,4.75,145,6,6,0,0,0
02,120257559013710586,ACTIVE,100,4.74,123,0,0,0,0,0
02,120247324556450065,ACTIVE,100,4.6899999999999995,70,1,1,0,0,0
02,120246792247710097,ACTIVE,80,4.6899999999999995,199,4,4,0,0,0
02,120245250322490642,ACTIVE,650,4.61,114,0,1,0,0,0
02,120248082904020663,ACTIVE,250,4.6000000000000005,71,1,2,0,0,0
02,120243458344240129,ACTIVE,100,4.59,165,2,3,1,0,0
02,120235701428400210,ACTIVE,200,4.55,112,3,4,0,0,0
02,120244895884300678,ACTIVE,104,4.54,35,2,2,0,0,0
02,120246242129020477,ACTIVE,100,4.48,65,1,2,0,0,0
02,120246299672700751,ACTIVE,300,4.45,148,1,1,0,0,0
02,120243951377020125,ACTIVE,150,4.4399999999999995,89,3,3,0,0,0
02,120248737641880722,ACTIVE,80,4.4,67,2,2,0,0,0
02,120242700474080358,ACTIVE,100,4.359999999999999,63,2,2,0,0,0
02,120245063703470133,ACTIVE,180,4.26,102,4,2,0,0,0
02,120248726537670152,ACTIVE,99,4.2299999999999995,149,3,4,1,0,0
02,120241671273870455,ACTIVE,100,4.220000000000001,69,0,0,0,0,0
02,120248229485400425,ACTIVE,600,4.21,188,1,1,0,0,0
02,120246270264070320,ACTIVE,200,4.15,131,2,3,0,0,0
02,120251423291230404,ACTIVE,50,4.14,66,3,3,0,0,0
02,120242301213170065,ACTIVE,300,4.1000000000000005,144,2,5,2,0,0
02,120243593808880146,ACTIVE,300,4.08,79,4,2,1,1,106.71000000000001
02,120246819645500629,ACTIVE,100,4.08,131,5,5,0,0,0
02,120244761515050455,ACTIVE,135,4.06,98,2,3,0,0,0
02,120245031811820436,ACTIVE,116,4.050000000000001,149,5,5,0,0,0
02,120244895884170678,ACTIVE,104,4.05,29,0,0,0,0,0
02,120248040060750126,ACTIVE,80,4,155,5,5,0,0,0
02,120249975165620653,ACTIVE,80,3.99,83,1,2,0,0,0
02,120247114934220455,ACTIVE,120,3.99,65,1,0,0,0,0
02,120257359768220586,ACTIVE,100,3.9699999999999998,92,2,2,0,0,0
02,120244480112510436,ACTIVE,100,3.94,125,1,1,0,0,0
02,120248151239370425,ACTIVE,200,3.9099999999999997,91,1,2,0,0,0
02,120246643142900065,ACTIVE,100,3.9,96,2,2,1,0,0
02,120246792894660097,ACTIVE,80,3.8600000000000003,113,4,3,0,0,0
02,120249568875230589,ACTIVE,100,3.86,30,1,0,0,0,0
02,120257647437950586,ACTIVE,100,3.8599999999999994,77,1,2,0,0,0
02,120246381767620032,ACTIVE,200,3.84,83,5,6,2,1,22.979999999999997
02,120249711938840319,ACTIVE,100,3.8200000000000003,81,0,0,0,0,0
02,120247114547280509,ACTIVE,85,3.81,127,9,6,1,0,0
02,120246369904900032,ACTIVE,200,3.8000000000000003,99,5,7,0,0,0
02,120245899907890065,ACTIVE,115,3.8,70,3,1,0,0,0
02,120257843052780586,ACTIVE,30,3.7800000000000002,96,1,2,0,0,0
02,120247026467610090,ACTIVE,100,3.78,70,0,4,0,0,0
02,120249300729750589,ACTIVE,100,3.76,62,2,2,1,1,101.24000000000001
02,120249412510510100,ACTIVE,100,3.74,76,4,4,1,0,0
02,120248337634670425,ACTIVE,150,3.7199999999999998,74,6,4,2,1,69.67
02,120243929504820146,ACTIVE,100,3.7199999999999998,123,2,4,0,0,0
02,120246382556450462,ACTIVE,100,3.7,66,2,2,1,1,94.97
02,120247220172900175,ACTIVE,87,3.6399999999999997,104,0,1,0,0,0
02,120246299721480751,ACTIVE,325,3.6300000000000003,38,1,2,0,0,0
02,120251423402290404,ACTIVE,50,3.63,55,0,0,0,0,0
02,120250558361040368,ACTIVE,50,3.62,102,3,3,0,0,0
02,120257843668740586,ACTIVE,100,3.56,115,2,1,0,0,0
02,120249120674110404,ACTIVE,300,3.56,106,5,6,0,0,0
02,120245923045620168,ACTIVE,100,3.54,88,2,2,1,1,37.980000000000004
02,120248050137610065,ACTIVE,100,3.53,93,2,2,1,0,0
02,120247568013690509,ACTIVE,100,3.51,135,5,5,0,0,0
02,120244761869100436,ACTIVE,100,3.5,166,1,1,0,0,0
02,120245124561510686,ACTIVE,80,3.5,64,1,1,0,0,0
02,23857648861310794,PAUSED,100,3.4699999999999998,32,2,2,0,0,0
02,120247501239270509,ACTIVE,500,3.4699999999999998,165,4,4,0,0,0
02,120249360920670725,ACTIVE,200,3.46,49,1,1,0,1,28.98
02,120248321751560561,PAUSED,150,3.42,78,2,2,0,0,0
02,120244302651980146,ACTIVE,100,3.42,75,5,4,0,0,0
02,120244837091010678,ACTIVE,104,3.38,84,3,3,0,0,0
02,120247505683040509,ACTIVE,80,3.38,50,0,1,0,0,0
02,120246415849650214,ACTIVE,120,3.38,54,1,1,0,0,0
02,120244076954630146,ACTIVE,100,3.38,83,2,3,1,1,75.22
02,120248783564790229,ACTIVE,64,3.37,66,0,0,0,0,0
02,23857648813880794,PAUSED,100,3.3600000000000003,27,1,1,0,0,0
02,23857649007390794,PAUSED,100,3.3499999999999996,16,0,0,0,0,0
02,120251063106910166,ACTIVE,50,3.32,110,1,2,0,0,0
02,120245286173130686,ACTIVE,80,3.3099999999999996,48,0,0,0,0,0
02,23857604274220799,ACTIVE,80,3.3,30,0,0,0,0,0
02,120250086384210057,ACTIVE,100,3.2600000000000002,41,8,7,0,0,0
02,120245284052330686,ACTIVE,80,3.25,92,2,4,0,0,0
02,120251423291250404,ACTIVE,50,3.25,68,1,1,0,0,0
02,120251239771420586,ACTIVE,138,3.2399999999999998,79,2,2,0,0,0
02,120245404387150125,ACTIVE,80,3.23,70,5,5,0,0,0
02,120246024108390751,ACTIVE,500,3.21,99,1,2,0,0,0
02,120248085583660127,ACTIVE,100,3.2,33,0,0,0,0,0
02,120244270293390320,ACTIVE,120,3.18,106,4,5,0,0,0
02,120246437959560241,ACTIVE,180,3.16,159,1,1,0,0,0
02,120246850329040065,ACTIVE,100,3.1500000000000004,35,2,2,0,0,0
02,120251979360490210,ACTIVE,50,3.1399999999999997,87,2,2,0,0,0
02,120247952380210544,ACTIVE,90,3.13,78,0,0,0,0,0
02,120249073253070116,ACTIVE,100,3.12,72,4,3,1,1,41.72
02,120244153272430146,ACTIVE,100,3.12,47,0,0,0,0,0
02,120246583070910674,ACTIVE,100,3.11,87,0,2,0,0,0
02,120250447770590013,ACTIVE,80,3.1,27,4,4,1,1,67.67
02,120244008702660129,ACTIVE,100,3.08,99,2,2,0,0,0
02,120244234919350146,ACTIVE,500,3.08,123,2,3,0,0,0
02,120248455212740455,ACTIVE,123,3.08,63,2,1,0,0,0
02,120245608347680133,ACTIVE,260,3.08,70,2,4,1,0,0
02,23857604274280799,ACTIVE,80,3.0700000000000003,29,1,1,0,0,0
02,120247558121560065,ACTIVE,100,3.0599999999999996,47,0,2,1,0,0
02,120246471244780065,ACTIVE,135,3.05,84,2,3,1,1,67.9
02,120248091199310642,ACTIVE,100,3.02,76,1,2,0,0,0
02,120245750558170707,ACTIVE,100,3.01,80,4,4,0,0,0
02,120251150600140210,ACTIVE,82,3.01,48,1,1,0,0,0
02,120246697447950610,ACTIVE,80,3,44,2,4,0,0,0
02,120249550517720100,ACTIVE,92,3,45,0,0,0,0,0
02,120247767157610303,ACTIVE,68,2.97,60,6,7,0,0,0
02,120255653285300586,ACTIVE,100,2.96,37,5,2,1,0,0
02,120246309078080032,ACTIVE,200,2.96,97,2,3,0,0,0
02,120257759476400586,ACTIVE,30,2.96,69,0,0,0,0,0
02,120243844958690129,ACTIVE,100,2.95,69,2,2,0,0,0
02,120247000863930069,ACTIVE,100,2.95,50,0,1,0,0,0
02,120251423402300404,ACTIVE,50,2.9400000000000004,49,1,1,0,0,0
02,6973002165426,ACTIVE,50,2.92,59,0,0,0,0,0
02,120251182287020427,ACTIVE,129,2.9,81,2,2,0,0,0
02,120247568068640509,ACTIVE,100,2.8600000000000003,140,2,1,0,0,0
02,120250790045220586,ACTIVE,150,2.83,109,2,2,1,1,28.98
02,120247506187690509,ACTIVE,103,2.82,123,0,2,0,0,0
02,120257919054460586,ACTIVE,30,2.81,86,2,2,0,0,0
02,120246330272120320,ACTIVE,100,2.8000000000000003,85,4,5,0,0,0
02,120249115230940100,ACTIVE,100,2.7600000000000002,63,4,3,0,0,0
02,120248783564770229,ACTIVE,152,2.76,62,1,5,0,0,0
02,120246040085600751,ACTIVE,600,2.75,84,3,7,1,0,0
02,120244242496990780,ACTIVE,100,2.73,69,2,1,0,0,0
02,120244156901670146,ACTIVE,100,2.7199999999999998,127,7,9,2,0,0
02,120251292838090427,ACTIVE,100,2.67,95,1,2,0,0,0
02,120248955262440283,ACTIVE,100,2.65,57,1,1,0,0,0
02,120248764599250589,ACTIVE,100,2.65,49,1,1,1,0,0
02,120244008701890129,ACTIVE,100,2.64,63,0,0,0,0,0
02,120245848127430707,ACTIVE,300,2.59,79,2,2,0,0,0
02,120245049415260032,ACTIVE,200,2.57,91,5,4,0,0,0
02,120248808316220695,ACTIVE,100,2.56,73,3,4,0,0,0
02,120249834678870247,ACTIVE,100,2.56,91,2,1,0,0,0
02,120247311646990509,ACTIVE,100,2.56,110,3,3,1,0,0
02,120244431777030751,ACTIVE,1000,2.54,111,0,3,1,0,0
02,120250447831790013,ACTIVE,80,2.5300000000000002,44,0,0,0,0,0
02,120251467533420166,ACTIVE,30,2.44,49,1,1,0,0,0
02,120246299721450751,ACTIVE,195,2.42,42,1,1,0,0,0
02,120245038475150436,ACTIVE,100,2.42,92,2,2,0,0,0
02,120246733877000065,ACTIVE,80,2.4000000000000004,54,1,2,0,0,0
02,120249283733020100,ACTIVE,100,2.39,43,1,1,0,0,0
02,120251360834810166,ACTIVE,100,2.37,63,4,4,1,1,24.98
02,120249449604610725,ACTIVE,100,2.37,74,1,1,0,0,0
02,120247944389060751,ACTIVE,100,2.36,37,2,3,0,0,0
02,120249613746370589,ACTIVE,98,2.36,76,2,3,0,0,0
02,120246733901990065,ACTIVE,80,2.35,49,1,1,1,1,67.91
02,120246471244730065,ACTIVE,135,2.33,65,2,1,0,0,0
02,120245343438250686,ACTIVE,80,2.27,31,3,2,1,0,0
02,120247378425210561,ACTIVE,180,2.2600000000000002,76,3,5,0,0,0
02,120247438813810043,ACTIVE,200,2.24,30,2,4,1,0,0
02,120246579308140453,ACTIVE,100,2.2199999999999998,18,1,1,0,0,0
02,120246670033370677,ACTIVE,300,2.2,81,0,1,0,0,0
02,120248385353200168,ACTIVE,100,2.16,58,4,3,0,0,0
02,120246145506950470,ACTIVE,50,2.1399999999999997,85,1,1,0,0,0
02,120246581316290126,ACTIVE,100,2.13,52,1,0,0,0,0
02,120245832907270630,ACTIVE,97,2.12,42,1,1,0,0,0
02,120244006723720129,ACTIVE,120,2.1,55,2,2,0,0,0
02,120243734466660129,ACTIVE,120,2.1,105,3,4,3,1,66.47999999999999
02,120244447104190303,ACTIVE,40,2.06,55,0,0,0,0,0
02,120247568032920509,ACTIVE,100,2.04,81,2,2,0,0,0
02,120249352629920127,ACTIVE,100,2.0399999999999996,27,1,2,0,0,0
02,120249448508060725,ACTIVE,100,2.03,62,0,0,0,0,0
02,120248469524600389,ACTIVE,81,2.0100000000000002,74,2,2,0,0,0
02,120245286173120686,ACTIVE,80,1.97,34,0,0,0,0,0
02,120246375737140674,ACTIVE,100,1.93,38,0,1,0,0,0
02,120247292031280175,ACTIVE,86,1.93,87,1,1,0,0,0
02,120250554304290404,ACTIVE,200,1.91,30,2,2,0,0,0
02,120251292838130427,ACTIVE,100,1.9,71,1,2,0,0,0
02,120247245979210389,ACTIVE,100,1.9,81,6,7,0,0,0
02,120247373463200090,ACTIVE,124,1.88,70,0,6,0,0,0
02,120243818426660705,ACTIVE,80,1.85,40,1,2,0,0,0
02,120244794017770320,ACTIVE,360,1.8499999999999999,63,1,2,1,0,0
02,120247195869560175,ACTIVE,125,1.83,53,1,1,0,0,0
02,120248383861080100,ACTIVE,100,1.8199999999999998,61,3,4,1,0,0
02,120249449512110725,ACTIVE,100,1.8000000000000003,82,2,3,0,0,0
02,120249666267500247,ACTIVE,100,1.79,46,5,3,0,0,0
02,120247504171550090,ACTIVE,60,1.78,18,1,1,0,0,0
02,120246377047690097,ACTIVE,80,1.76,50,0,1,0,0,0
02,120245343345740686,ACTIVE,80,1.73,22,1,1,0,0,0
02,120251769553070054,ACTIVE,110,1.71,55,1,0,0,0,0
02,120254678507630197,ACTIVE,80,1.7,33,0,0,0,0,0
02,120245343640550686,ACTIVE,80,1.7,8,1,2,1,1,123.67000000000002
02,120245832936950630,ACTIVE,79,1.68,21,2,1,1,1,29.979999999999997
02,120247000863970069,ACTIVE,100,1.68,38,1,1,0,0,0
02,120245251316060477,ACTIVE,100,1.6799999999999997,41,0,1,1,1,51.22
02,120248091199340642,ACTIVE,100,1.6600000000000001,38,1,0,0,0,0
02,120251014701600404,ACTIVE,50,1.66,17,0,0,0,0,0
02,120248207466280561,ACTIVE,60,1.6500000000000001,45,2,4,1,1,41.97
02,120245612998430455,ACTIVE,100,1.62,46,2,3,0,0,0
02,120248923191120589,ACTIVE,100,1.61,36,0,0,0,0,0
02,120246733876960065,ACTIVE,80,1.5899999999999999,32,0,0,0,0,0
02,120246733902040065,ACTIVE,80,1.57,35,0,1,0,0,0
02,120250691304310722,ACTIVE,50,1.56,38,1,3,2,1,38.269999999999996
02,120246145189280470,ACTIVE,50,1.56,58,1,1,0,0,0
02,120244302719110146,ACTIVE,100,1.53,70,0,0,0,0,0
02,120245889270610065,ACTIVE,40,1.52,64,0,0,0,0,0
02,120247312196970090,ACTIVE,100,1.52,25,0,3,1,1,86.35
02,120240849899190788,ACTIVE,10,1.52,13,0,0,0,0,0
02,120246818759970303,ACTIVE,40,1.51,40,2,4,1,0,0
02,120245880736570172,ACTIVE,40,1.49,19,0,0,0,0,0
02,120251905954910210,ACTIVE,115,1.48,45,0,0,0,0,0
02,120250558406540368,ACTIVE,86,1.47,56,0,0,0,0,0
02,120247866311490389,ACTIVE,100,1.47,66,3,2,0,0,0
02,120246024108440751,ACTIVE,195,1.47,34,0,1,0,0,0
02,120256546977430586,ACTIVE,100,1.46,68,1,1,0,0,0
02,120250023023480279,ACTIVE,80,1.4300000000000002,38,0,0,0,0,0
02,120248862702290229,ACTIVE,80,1.42,31,0,0,0,0,0
02,120257763329830586,ACTIVE,30,1.4100000000000001,40,1,2,0,0,0
02,120250445767170166,ACTIVE,30,1.3900000000000001,33,1,1,0,0,0
02,120249534302910127,ACTIVE,100,1.39,27,3,3,0,0,0
02,120248703982740229,ACTIVE,108,1.3800000000000001,33,0,0,0,0,0
02,120245306349070462,ACTIVE,100,1.38,19,1,1,0,0,0
02,120247026467550090,ACTIVE,100,1.37,48,0,1,0,0,0
02,120246962698770090,ACTIVE,425,1.3699999999999999,38,0,0,0,0,0
02,120244006723850129,ACTIVE,100,1.35,51,1,1,1,1,96.21000000000001
02,120245481989440065,ACTIVE,40,1.3399999999999999,42,3,3,2,1,29.98
02,120248162819270126,ACTIVE,89,1.31,42,1,1,0,0,0
02,120251271772250166,ACTIVE,30,1.3,44,2,2,0,0,0
02,120248922585490210,ACTIVE,200,1.3,73,0,0,0,0,0
02,120244823852300686,ACTIVE,100,1.2999999999999998,20,0,1,0,0,0
02,120251467533360166,ACTIVE,30,1.2899999999999998,66,1,2,0,0,0
02,120247040934570629,ACTIVE,100,1.26,43,0,1,0,0,0
02,120247442428390509,ACTIVE,50,1.23,30,0,1,0,0,0
02,120245286882710686,ACTIVE,100,1.22,25,2,2,0,0,0
02,120248455212780455,ACTIVE,123,1.21,40,0,1,0,0,0
02,120247582683440509,ACTIVE,50,1.19,31,1,1,0,0,0
02,120246709429840674,ACTIVE,100,1.16,40,0,2,0,0,0
02,120248082904030663,ACTIVE,150,1.1500000000000001,37,1,1,1,1,37.980000000000004
02,120248318269050152,ACTIVE,120,1.15,63,1,2,0,0,0
02,120246583142090674,ACTIVE,60,1.13,32,0,0,0,0,0
02,120247512395240090,ACTIVE,112,1.11,24,0,0,0,0,0
02,120244235259940678,ACTIVE,30,1.0899999999999999,18,0,0,0,0,0
02,120244302719050146,ACTIVE,100,1.05,26,0,0,0,0,0
02,120246693068060097,ACTIVE,80,1.05,55,1,3,1,0,0
02,120247412626780168,ACTIVE,100,1.04,20,0,0,0,0,0
02,120244674407170788,ACTIVE,200,1.04,43,0,0,0,0,0
02,120246145364940470,ACTIVE,50,1.04,34,0,1,0,0,0
02,120245651364090303,ACTIVE,80,1,32,1,0,0,0,0
02,120247597780010751,ACTIVE,40,0.99,17,0,1,0,0,0
02,120247582615180509,ACTIVE,100,0.98,27,0,0,0,0,0
02,120248546074540389,ACTIVE,80,0.97,52,1,1,0,0,0
02,23857732301990794,ACTIVE,100,0.96,17,0,1,0,0,0
02,120247512395290090,ACTIVE,225,0.9500000000000001,26,0,1,0,0,0
02,120252152736310054,ACTIVE,100,0.95,32,0,0,0,0,0
02,120246299672680751,ACTIVE,115,0.9400000000000001,51,0,0,0,0,0
02,120250287165040577,ACTIVE,100,0.9299999999999999,29,0,0,0,0,0
02,120247059696170214,ACTIVE,120,0.9299999999999999,40,2,3,0,0,0
02,120247504003780425,ACTIVE,133,0.8999999999999999,33,0,0,0,0,0
02,120246902635090175,ACTIVE,100,0.89,21,0,1,0,0,0
02,120248337634700425,ACTIVE,150,0.89,24,0,0,0,0,0
02,120245004525000780,ACTIVE,100,0.8500000000000001,22,1,1,0,0,0
02,120250838901590404,ACTIVE,50,0.85,15,0,0,0,0,0
02,120246299672740751,ACTIVE,195,0.8400000000000001,51,1,3,1,1,22.98
02,120248862675940229,ACTIVE,72,0.8,23,0,0,0,0,0
02,120246551175210674,ACTIVE,50,0.79,26,0,0,0,0,0
02,120246551175300674,ACTIVE,50,0.75,31,0,0,0,0,0
02,120245343847670686,ACTIVE,80,0.75,10,0,0,0,0,0
02,120245687813040097,ACTIVE,81,0.73,21,2,3,0,0,0
02,6991696262226,ACTIVE,50,0.72,27,0,0,0,0,0
02,23857648813850794,PAUSED,100,0.7,11,1,1,1,1,69.72
02,120247375816630090,ACTIVE,80,0.6699999999999999,17,0,0,0,0,0
02,120246299721620751,ACTIVE,68,0.66,9,0,0,0,0,0
02,120250086421190057,ACTIVE,100,0.66,6,0,0,0,0,0
02,120245481989400065,ACTIVE,40,0.6499999999999999,17,0,0,0,0,0
02,120247283622780629,ACTIVE,100,0.64,5,0,0,0,0,0
02,6991696263026,ACTIVE,50,0.63,12,1,1,1,0,0
02,120250747283060166,ACTIVE,30,0.62,21,2,2,0,0,0
02,120257843668650586,ACTIVE,100,0.62,25,0,0,0,0,0
02,120246753252260674,ACTIVE,80,0.6,30,0,1,0,0,0
02,120249550517750100,ACTIVE,92,0.6,5,0,0,0,0,0
02,120244302440310146,ACTIVE,100,0.6,15,0,1,1,1,41.980000000000004
02,120246447361050303,ACTIVE,80,0.6,14,1,1,0,0,0
02,120244618043570436,ACTIVE,100,0.6,27,0,0,0,0,0
02,23857646023530799,ACTIVE,60,0.6,12,0,1,0,0,0
02,120248880534940100,ACTIVE,100,0.5900000000000001,18,0,0,0,0,0
02,120245343500810686,ACTIVE,80,0.5900000000000001,8,0,0,0,0,0
02,120250447771000013,ACTIVE,80,0.59,17,1,1,0,0,0
02,120245380678000025,ACTIVE,100,0.55,12,0,0,0,0,0
02,120251271772310166,ACTIVE,30,0.55,23,0,0,0,0,0
02,120247872778180425,ACTIVE,100,0.55,29,0,0,0,0,0
02,120246818759010303,ACTIVE,40,0.53,8,2,2,0,0,0
02,120250447799910013,ACTIVE,80,0.53,7,0,0,0,0,0
02,120247942948360065,ACTIVE,93,0.51,22,0,0,0,0,0
02,120248367667310389,ACTIVE,100,0.49,13,0,0,0,0,0
02,120246643280780674,ACTIVE,80,0.48,11,0,0,0,0,0
02,120245343766870686,ACTIVE,80,0.48,9,0,0,0,0,0
02,120247505683080509,ACTIVE,80,0.46,11,0,0,0,0,0
02,120248056801340561,PAUSED,60,0.45999999999999996,14,0,0,0,0,0
02,120247195869530175,ACTIVE,225,0.44,26,1,0,0,0,0
02,120246867532700629,ACTIVE,100,0.42,10,0,1,0,0,0
02,120246773871680629,ACTIVE,100,0.42,10,0,0,0,0,0
02,120247944389010751,ACTIVE,100,0.38,9,1,0,0,0,0
02,120247293641570642,ACTIVE,120,0.37,14,0,0,0,0,0
02,120242907734560129,ACTIVE,100,0.36,11,1,1,0,0,0
02,120247221451440175,ACTIVE,100,0.36,17,0,0,0,0,0
02,120246354397170032,ACTIVE,75,0.35,13,0,1,0,0,0
02,120246674923260175,ACTIVE,100,0.34,7,0,0,0,0,0
02,120247506187610509,ACTIVE,103,0.33,20,0,0,0,0,0
02,120245792848160780,ACTIVE,80,0.32,9,0,0,0,0,0
02,120246286484520097,ACTIVE,80,0.32,6,0,0,0,0,0
02,120246867532780629,ACTIVE,100,0.31,4,0,0,0,0,0
02,120243205951310642,ACTIVE,100,0.3,9,0,0,0,0,0
02,120245889270720065,ACTIVE,40,0.29000000000000004,15,0,0,0,0,0
02,120248923191070589,ACTIVE,100,0.27,6,0,0,0,0,0
02,120245466475590630,ACTIVE,40,0.25,16,0,0,0,0,0
02,120246396470350674,ACTIVE,100,0.25,13,1,1,0,0,0
02,120245832936880630,ACTIVE,66,0.24000000000000002,8,0,0,0,0,0
02,120248470325620561,ACTIVE,100,0.24,8,0,0,0,0,0
02,120246711859060674,ACTIVE,50,0.24,10,0,0,0,0,0
02,120251014701570404,ACTIVE,50,0.24,1,0,0,0,0,0
02,120250596505340709,ACTIVE,200,0.24,8,0,0,0,0,0
02,120246773871740629,ACTIVE,100,0.23,15,0,0,0,0,0
02,120249498623060100,ACTIVE,91,0.23,11,0,0,0,0,0
02,120245691728160470,ACTIVE,5,0.23,2,0,0,0,0,0
02,23857648861360794,PAUSED,100,0.23,6,1,1,0,0,0
02,120245339157220686,ACTIVE,80,0.19,6,0,0,0,0,0
02,120245286882760686,ACTIVE,100,0.16999999999999998,5,0,0,0,0,0
02,120248955262410283,ACTIVE,100,0.16000000000000003,10,0,0,0,0,0
02,23857649007370794,PAUSED,100,0.16,4,0,0,0,0,0
02,120246917444370477,ACTIVE,88,0.14,6,0,1,0,0,0
02,120248252688100544,ACTIVE,100,0.12000000000000001,3,0,0,0,0,0
02,120246070715810752,ACTIVE,100,0.12,3,0,0,0,0,0
02,120235336090360210,ACTIVE,200,0.11,9,0,0,0,0,0
02,120247442428440509,ACTIVE,50,0.1,4,0,0,0,0,0
02,120245136181790470,ACTIVE,5,0.09999999999999999,4,0,0,0,0,0
02,120246670056560677,ACTIVE,100,0.08,4,0,0,0,0,0
02,120245833042190630,ACTIVE,58,0.07,3,0,0,0,0,0
02,120246753297910674,ACTIVE,60,0.07,3,0,1,0,0,0
02,120244302638970146,ACTIVE,100,0.07,4,0,0,0,0,0
02,120246338247960241,ACTIVE,100,0.06,4,0,0,0,0,0
02,120244171016070129,ACTIVE,100,0.05,4,0,0,0,0,0
02,120243727386670470,ACTIVE,5,0.05,2,0,0,0,0,0
02,120247292031220175,ACTIVE,86,0.05,4,0,0,0,0,0
02,120245099365240470,ACTIVE,5,0.05,3,0,0,0,0,0
02,120245343583750686,ACTIVE,80,0.05,2,0,0,0,0,0
02,120247221451470175,ACTIVE,100,0.05,3,0,0,0,0,0
02,120244302652000146,ACTIVE,100,0.04,3,0,0,0,0,0
02,120243771828200436,ACTIVE,100,0.03,3,0,0,0,0,0
02,120245136181480470,ACTIVE,5,0.03,2,0,0,0,0,0
02,120244918988320303,ACTIVE,40,0.02,1,0,0,0,0,0
02,120246423354770032,ACTIVE,74,0.02,1,0,0,0,0,0
02,120248012782270065,ACTIVE,93,0.02,3,0,0,0,0,0
02,120248469524370389,ACTIVE,81,0.02,1,0,0,0,0,0
02,120249498623270100,ACTIVE,91,0.01,1,0,0,0,0,0
02,120246710213410090,ACTIVE,132,0.01,2,0,0,0,0,0
02,120257843052670586,ACTIVE,30,0.01,1,0,0,0,0,0
02,120246753297880674,ACTIVE,60,0,0,0,0,0,0,0
02,120246753297840674,ACTIVE,60,0,0,0,1,0,0,0
02,120246753252310674,ACTIVE,80,0,0,0,0,0,0,0
02,120246791316280097,PAUSED,80,0,0,0,0,0,0,0
02,120246792894740097,ACTIVE,80,0,0,0,0,0,0,0
02,120245995414780177,ACTIVE,100,0,0,0,0,0,0,0
02,120246752958690674,ACTIVE,50,0,0,0,0,0,0,0
02,120246907642230291,PAUSED,900,0,0,0,1,0,0,0
02,120250414826920577,ACTIVE,100,0,0,0,0,0,0,0
02,120247176514010629,PAUSED,100,0,0,0,1,0,0,0
02,120243830466380146,PAUSED,100,0,0,0,0,0,0,0
02,120249666797540247,PAUSED,100,0,0,0,1,0,0,0
02,120248383528420544,ACTIVE,80,0,0,0,0,0,0,0
02,120249616112010064,PAUSED,100,0,0,0,1,0,0,0
02,120243862949130705,PAUSED,80,0,0,0,0,0,0,0
02,120243862977850705,ACTIVE,80,0,0,0,0,0,0,0
02,120249447732060577,PAUSED,68,0,0,0,2,1,0,0
02,120247500326650043,ACTIVE,80,0,0,0,0,0,0,0
02,120252218143240054,ACTIVE,100,0,0,0,0,0,0,0
02,120247500391620043,ACTIVE,80,0,0,0,0,0,0,0
02,120247500490160043,ACTIVE,80,0,0,0,0,0,0,0
02,120254804851540197,ACTIVE,80,0,0,0,0,0,0,0
02,120247500490240043,ACTIVE,80,0,0,0,0,0,0,0
02,120248959176740725,PAUSED,1000,0,0,0,1,0,0,0
02,120245547753370179,ACTIVE,80,0,0,0,0,0,0,0
02,120248881726590283,PAUSED,250,0,0,0,0,0,0,0
02,120247567962540509,PAUSED,100,0,0,0,1,0,0,0
02,120245547600370179,ACTIVE,80,0,0,0,0,0,0,0
02,120247591966310642,PAUSED,100,0,0,0,1,0,0,0
02,120248252434110561,PAUSED,91,0,0,0,1,0,0,0
02,120247641474120509,ACTIVE,80,0,0,0,1,0,0,0
02,120244477400200678,PAUSED,300,0,0,0,1,0,0,0
02,120247641474220509,ACTIVE,80,0,0,0,8,0,0,0
02,120257843861530586,PAUSED,20,0,0,0,1,0,0,0
02,120248507722020469,ACTIVE,80,0,0,0,0,0,0,0
02,120248507721970469,ACTIVE,80,0,0,0,0,0,0,0
02,120248504941260469,ACTIVE,80,0,0,0,0,0,0,0
02,120246501603820241,PAUSED,92,0,0,0,1,0,0,0
02,120246312788110126,PAUSED,200,0,0,0,1,0,0,0
02,120248504815070469,ACTIVE,80,0,0,0,0,0,0,0
02,23857646023590799,ACTIVE,60,0,0,0,0,0,0,0
02,120247944597940065,PAUSED,100,0,0,0,1,0,0,0
02,120248470325670561,ACTIVE,100,0,0,0,0,0,0,0
02,120248075661210642,ACTIVE,125,0,2,0,0,0,0,0
02,120248383960820544,ACTIVE,80,0,0,0,0,0,0,0
02,120248383960600544,ACTIVE,80,0,0,0,0,0,0,0
02,120248383855380544,ACTIVE,80,0,0,0,0,0,0,0
02,120248383854990544,ACTIVE,80,0,0,0,0,0,0,0
02,120248383778820544,ACTIVE,80,0,0,0,0,0,0,0
02,120248383778200544,ACTIVE,80,0,0,0,0,0,0,0
02,23857732302070794,ACTIVE,100,0,0,0,2,0,0,0
02,120248383686370544,ACTIVE,80,0,0,0,0,0,0,0
02,120246753298070674,ACTIVE,60,0,0,0,0,0,0,0
02,120246791316180097,PAUSED,80,0,0,0,0,0,0,0
03,120244761233710455,ACTIVE,1315,147.45,4998,106,122,8,4,166.75
03,120243986668280589,ACTIVE,1200,141.1,3948,74,87,10,6,237.34
03,120246273720740455,ACTIVE,1320,135.66,3767,99,118,8,3,205.19
03,120244883028360686,ACTIVE,1000,116.25,2216,76,77,15,8,380.98
03,120244749327030686,ACTIVE,1000,84.68,1711,35,41,8,5,212.37
03,120247136451350725,ACTIVE,1000,81.69,2434,48,50,5,3,167.3
03,120247583319740586,ACTIVE,500,73.68,3215,66,73,7,5,185.67000000000002
03,120247115989130291,ACTIVE,600,68.58999999999999,1272,34,36,4,3,165.32000000000002
03,120248911416770577,ACTIVE,1001,65.07,1650,45,47,5,1,28.98
03,120246005453800291,ACTIVE,600,60.65,1293,32,36,4,3,138.13
03,120243276755660065,ACTIVE,500,60.230000000000004,1482,24,28,2,2,59.96
03,120248455243050455,ACTIVE,425,57.919999999999995,2001,41,41,5,3,179.73
03,120245400596270686,ACTIVE,80,57.77,2595,70,66,13,9,434.73
03,120245400700680686,ACTIVE,80,57.58,2409,55,60,10,6,347.29
03,120246023777450751,ACTIVE,1300,56.129999999999995,1567,46,58,11,6,217.84000000000003
03,120246754801740509,ACTIVE,500,53.89,1493,32,34,3,0,0
03,120240679404390629,ACTIVE,400,50.84,1673,28,32,4,1,63.91
03,120247653059200586,ACTIVE,500,50.14,1854,33,42,5,3,122.92
03,120243772061640146,ACTIVE,500,48.89,1389,30,30,3,2,117.20000000000002
03,120250789469770586,ACTIVE,500,46.71999999999999,1512,31,40,5,4,156.7
03,120248204881060455,ACTIVE,522,45.459999999999994,1718,25,35,0,0,0
03,120248510641030431,ACTIVE,370,45.39,983,18,27,4,3,106.13
03,120244618043630436,ACTIVE,493,45.269999999999996,1961,46,57,3,3,183.67
03,120245848127390707,ACTIVE,500,44.01,1085,35,43,4,3,139.27
03,120245334049460065,ACTIVE,400,43.349999999999994,741,33,34,6,4,160.14
03,120246191098540320,ACTIVE,480,42.019999999999996,1595,30,35,2,1,58.77
03,120248508683620431,ACTIVE,220,41.7,894,16,31,2,2,96.91
03,120245334049540065,ACTIVE,370,41.449999999999996,677,19,26,4,2,79.49000000000001
03,120246338028120241,ACTIVE,630,40.47,2080,28,29,1,1,43.980000000000004
03,23857454054570799,ACTIVE,350,40.19,479,10,10,1,1,65.91
03,120248615909580019,ACTIVE,450,38.8,733,18,23,7,0,0
03,120245400911130686,ACTIVE,80,38.49,2223,62,62,5,3,152.4
03,120249525957160319,ACTIVE,360,38.15,828,17,17,0,0,0
03,120242301213710065,ACTIVE,370,38.099999999999994,1346,17,21,2,0,0
03,120245010772960663,ACTIVE,301,37.79,523,21,20,1,1,37.98
03,120248960171180100,ACTIVE,500,36.39,895,32,31,4,1,22.98
03,120241066464020065,ACTIVE,289,35.71,1492,26,28,2,0,0
03,120248641712650319,ACTIVE,440,35.28,1009,12,19,0,0,0
03,120248893532100100,ACTIVE,500,33.45,778,21,24,1,1,52.56
03,120244015116230146,ACTIVE,500,32.86,951,13,14,2,1,75.21
03,120246828454030629,ACTIVE,390,32.629999999999995,811,21,24,3,1,36.95
03,120244963455410686,ACTIVE,300,32.559999999999995,718,11,15,1,0,0
03,120245800978960674,ACTIVE,300,32.4,694,15,21,2,1,29.98
03,120248536187780100,ACTIVE,500,31.830000000000002,874,23,24,4,2,104.32
03,120246770835970175,ACTIVE,253,31.39,825,25,26,2,0,0
03,120247813840340065,ACTIVE,186,30.5,511,15,22,1,0,0
03,120249431214270100,ACTIVE,500,30.449999999999996,983,28,26,3,1,135.69
03,120251147479060709,ACTIVE,100,29.84,650,5,11,2,2,74.35000000000001
03,120249433591380100,ACTIVE,300,29.75,763,21,24,3,1,38.17
03,120244761352230455,ACTIVE,225,29.590000000000003,892,18,24,3,1,60.41
03,120252195344970054,ACTIVE,112,29.07,372,4,5,0,0,0
03,120243753190540054,ACTIVE,811,28.599999999999998,1128,18,23,3,1,31.980000000000004
03,120245011207100320,ACTIVE,750,28.56,826,14,21,1,1,58.77
03,120239930892250650,ACTIVE,300,28.39,517,15,17,2,0,0
03,120246221877410629,ACTIVE,335,27.8,681,22,27,2,1,63.910000000000004
03,120249497563510589,ACTIVE,200,27.71,570,20,22,2,1,85.14999999999999
03,120244895884300678,ACTIVE,104,27.65,341,7,7,1,1,57.98
03,120249433591590100,ACTIVE,300,26.660000000000004,655,14,15,3,1,38.17
03,120248326394610455,ACTIVE,199,26.57,696,19,17,0,1,60.410000000000004
03,120246643265130674,ACTIVE,200,26.520000000000003,804,16,15,3,1,29.979999999999997
03,120246153345490650,ACTIVE,125,26.369999999999997,299,11,12,0,0,0
03,120246615285510642,ACTIVE,450,26.18,754,15,17,0,0,0
03,120247956340000389,ACTIVE,255,25.53,1145,24,25,2,0,0
03,120243063569770146,ACTIVE,210,25.440000000000005,1041,21,22,2,0,0
03,120248207465980561,ACTIVE,360,25.29,773,17,18,2,2,97.93
03,120245823919130320,ACTIVE,360,25.18,1190,22,26,2,1,34.07
03,120247479945600065,ACTIVE,300,25.1,912,17,22,0,0,0
03,120248275852660561,ACTIVE,360,24.740000000000002,945,19,26,0,0,0
03,120245972443720177,ACTIVE,90,24.35,492,11,13,0,0,0
03,120250895500810586,ACTIVE,300,24.35,965,16,18,3,2,152.71
03,120244745582820125,ACTIVE,800,24.340000000000003,709,14,13,3,0,0
03,120247612701680090,ACTIVE,124,24.28,501,12,14,0,0,0
03,120245833631150707,ACTIVE,450,24.279999999999998,627,11,13,0,0,0
03,120247175023780065,ACTIVE,172,24.21,640,17,17,2,1,29.98
03,120249005372660589,ACTIVE,178,24.189999999999998,514,9,9,1,1,29.979999999999997
03,120249151139280057,ACTIVE,100,23.970000000000002,185,5,7,0,0,0
03,120244761350620455,ACTIVE,225,23.869999999999997,702,20,16,2,1,60.410000000000004
03,120256546977430586,ACTIVE,50,23.799999999999997,1277,14,22,1,0,0
03,120244895884170678,ACTIVE,104,23.78,311,12,9,1,0,0
03,120240258763950179,ACTIVE,310,23.72,1219,22,24,2,1,28.98
03,120247547642310642,ACTIVE,750,23.54,494,11,11,0,0,0
03,120244783755130320,ACTIVE,450,23.28,1097,20,29,1,0,0
03,120245284137880686,ACTIVE,500,23.12,424,8,11,2,1,29.98
03,120247280578260065,ACTIVE,200,23,527,10,10,1,1,36.95
03,120247453929680065,ACTIVE,154,22.87,666,5,4,0,0,0
03,120244963676310686,ACTIVE,200,22.78,472,6,6,1,1,51.22
03,120246153345400650,ACTIVE,125,22.69,329,16,13,1,0,0
03,120249286765290368,ACTIVE,200,22.65,710,11,14,1,1,69.57
03,120246583047400674,ACTIVE,200,22.050000000000004,447,6,3,0,0,0
03,120249115231040100,ACTIVE,227,21.95,677,8,11,1,0,0
03,120243772698800146,ACTIVE,210,21.57,824,9,11,0,0,0
03,120248863886910695,ACTIVE,132,21.3,474,9,8,1,0,0
03,120243142609020146,ACTIVE,500,21.25,443,9,10,0,0,0
03,120246191098590320,ACTIVE,400,21.23,853,20,24,2,2,117.54
03,120250413795110709,ACTIVE,100,21.21,502,12,14,0,0,0
03,120242301213170065,ACTIVE,300,21.189999999999998,722,6,10,2,0,0
03,120247849750130663,ACTIVE,401,20.87,389,15,21,1,0,0
03,120247641474220509,ACTIVE,80,20.84,458,15,11,1,1,29.98
03,120248490880410455,ACTIVE,134,20.77,524,4,7,1,0,0
03,120242031621370065,ACTIVE,229,20.650000000000002,564,9,8,2,0,0
03,120248089909250065,ACTIVE,92,20.64,385,4,5,0,0,0
03,120252195345190054,ACTIVE,112,20.53,457,8,9,0,0,0
03,120246701172120677,ACTIVE,124,20.53,435,9,11,4,3,208.41
03,120245010386240709,ACTIVE,100,20.45,438,8,8,1,0,0
03,120247705045190564,ACTIVE,300,20.39,486,8,8,1,1,69.72000000000001
03,120247066337480477,ACTIVE,90,20.310000000000002,251,6,6,1,1,29.979999999999997
03,120247612701760090,ACTIVE,124,20.27,474,10,13,1,0,0
03,120245980788570752,ACTIVE,300,20.25,850,27,32,5,3,122.91
03,120248248056550462,ACTIVE,92,19.950000000000003,233,8,8,1,0,0
03,120243227249480177,ACTIVE,100,19.849999999999998,347,5,10,2,1,29.979999999999997
03,120245972443760177,ACTIVE,90,19.599999999999998,386,8,7,0,0,0
03,120247467570380455,ACTIVE,191,19.56,606,16,16,2,0,0
03,120248253157450544,ACTIVE,80,19.490000000000002,401,11,10,0,0,0
03,120245045512490686,ACTIVE,80,19.36,279,8,7,1,0,0
03,120245706333540025,ACTIVE,130,19.31,280,11,12,3,2,120.93999999999998
03,120244880653330686,ACTIVE,50,19.25,355,12,16,2,2,81.2
03,120248218451590126,ACTIVE,89,19.11,430,13,16,1,1,29.98
03,120245403173560686,ACTIVE,80,18.93,248,8,10,2,1,89.95
03,120249974735390653,ACTIVE,80,18.830000000000002,288,7,8,0,0,0
03,120249512408860725,ACTIVE,100,18.8,958,9,16,1,1,68.56
03,120248012782330065,ACTIVE,93,18.71,503,13,12,1,0,0
03,120243843991710129,ACTIVE,150,18.64,720,19,17,0,0,0
03,120246493383140032,PAUSED,75,18.62,225,9,7,1,0,0
03,120255653285300586,ACTIVE,100,18.58,351,6,3,1,0,0
03,120244234919350146,ACTIVE,500,18.5,658,11,14,1,0,0
03,120249974735370653,ACTIVE,80,18.479999999999997,219,6,6,1,0,0
03,120245435760750780,ACTIVE,200,18.419999999999998,362,5,6,0,0,0
03,120247942948440065,ACTIVE,93,18.34,394,7,7,1,0,0
03,120245044044890686,ACTIVE,100,18.33,259,6,4,0,0,0
03,120245937398200177,ACTIVE,100,18.189999999999998,373,6,9,1,0,0
03,120248502435950168,ACTIVE,90,18.16,261,2,7,0,0,0
03,120248288633070389,ACTIVE,140,18.16,461,12,18,0,0,0
03,120248922585490210,ACTIVE,200,18.15,572,14,15,1,0,0
03,120248622152780695,ACTIVE,188,17.96,570,5,6,1,0,0
03,120245201694370686,ACTIVE,100,17.86,344,5,5,0,0,0
03,120244017128390686,ACTIVE,100,17.83,411,10,11,2,0,0
03,120249512321840725,ACTIVE,100,17.82,1617,29,31,2,0,0
03,120244428953840686,ACTIVE,100,17.58,370,10,10,0,0,0
03,120248378850330425,ACTIVE,136,17.490000000000002,233,4,6,0,0,0
03,120248536188000100,ACTIVE,500,17.48,486,14,19,2,1,52.56
03,120248378850380425,ACTIVE,136,17.400000000000002,289,2,3,0,0,0
03,120247624149520509,ACTIVE,102,17.4,510,14,11,3,3,214.4
03,120248384078410455,ACTIVE,134,17.310000000000002,425,10,12,1,0,0
03,120246697447950610,ACTIVE,80,17.240000000000002,207,7,6,0,0,0
03,120245286882710686,ACTIVE,100,17.240000000000002,178,5,5,1,0,0
03,120252136292710054,ACTIVE,100,17.08,391,6,7,1,1,53.220000000000006
03,120244824816070686,ACTIVE,500,17.04,331,4,7,0,0,0
03,120245097017710677,ACTIVE,100,16.99,403,5,7,0,0,0
03,120250333835580577,ACTIVE,100,16.97,333,6,8,1,0,0
03,120245840085750780,ACTIVE,80,16.950000000000003,252,5,6,0,1,72.95
03,120244164741800146,ACTIVE,149,16.93,515,14,13,3,1,75.21
03,120247865520180544,ACTIVE,80,16.93,385,8,10,1,0,0
03,120244070206100125,ACTIVE,150,16.92,487,13,12,2,1,97.71
03,120248204610010425,ACTIVE,190,16.92,489,6,9,3,0,0
03,120248384078440455,ACTIVE,134,16.73,525,8,10,1,1,34.95
03,120246701172200677,ACTIVE,124,16.69,416,3,3,0,0,0
03,120248645284270152,ACTIVE,200,16.68,852,13,16,2,0,0
03,120248416194170455,ACTIVE,133,16.63,411,3,2,0,0,0
03,120250447799910013,ACTIVE,80,16.62,181,8,6,0,0,0
03,120248955262440283,ACTIVE,100,16.580000000000002,420,8,8,0,0,0
03,120247391144430509,ACTIVE,200,16.54,650,17,17,0,0,0
03,120252072716270054,ACTIVE,115,16.54,367,10,9,1,0,0
03,120249251074290319,ACTIVE,120,16.41,492,8,9,0,0,0
03,120245400884170686,ACTIVE,80,16.38,250,6,6,1,0,0
03,120244349822900686,ACTIVE,100,16.37,314,11,13,2,1,29.979999999999997
03,120244802271840788,ACTIVE,200,16.34,417,9,10,0,0,0
03,120244965177310686,ACTIVE,100,16.27,302,6,10,1,1,31.22
03,120245400790120686,ACTIVE,80,16.14,215,0,0,0,0,0
03,120248490741000152,ACTIVE,200,16.08,606,12,11,0,0,0
03,120246702062450674,ACTIVE,100,16.07,406,7,7,0,0,0
03,120245487786040032,ACTIVE,127,16.02,354,5,7,2,1,62.86
03,120247322669120509,ACTIVE,200,15.989999999999998,501,12,10,0,0,0
03,120245380137820707,ACTIVE,320,15.920000000000002,404,11,9,0,0,0
03,120245706333590025,ACTIVE,140,15.85,215,4,8,0,0,0
03,120246040085600751,ACTIVE,600,15.760000000000002,413,8,14,2,0,0
03,120248681019100152,ACTIVE,166,15.749999999999998,773,12,15,0,0,0
03,120246862640090069,ACTIVE,140,15.72,302,5,5,0,0,0
03,120248455821250455,ACTIVE,135,15.649999999999999,414,7,10,1,0,0
03,120252090439270054,ACTIVE,100,15.530000000000001,297,9,7,1,0,0
03,120248229485400425,ACTIVE,600,15.5,488,6,10,0,0,0
03,120243458344350129,ACTIVE,120,15.49,624,18,16,2,2,164.59
03,120248072969230389,ACTIVE,136,15.43,660,10,11,1,0,0
03,120248415697400455,ACTIVE,125,15.41,384,10,11,1,0,0
03,120245044044870686,ACTIVE,100,15.39,247,5,5,2,0,0
03,120251430724110404,ACTIVE,90,15.379999999999999,233,5,4,0,0,0
03,120247193573040509,ACTIVE,200,15.35,512,4,7,0,0,0
03,120249985748090577,ACTIVE,101,15.34,339,16,15,0,0,0
03,120242746886630788,ACTIVE,200,15.33,284,9,7,2,1,65.95
03,120247438960760043,ACTIVE,320,15.290000000000001,238,8,8,1,1,25.98
03,120249672773520589,ACTIVE,97,15.28,402,5,5,0,0,0
03,120244171016080129,ACTIVE,120,15.2,556,16,15,3,1,96.22
03,120248823290310722,ACTIVE,80,15.13,245,11,14,1,1,22.979999999999997
03,120245119189080630,ACTIVE,165,15.129999999999999,531,9,12,1,0,0
03,120246178929760752,ACTIVE,300,15.080000000000002,484,15,14,1,1,26.98
03,120248490880340455,ACTIVE,134,15.07,429,7,5,2,1,106.83
03,120245403173590686,ACTIVE,80,15.07,267,3,5,1,0,0
03,120245514271740065,ACTIVE,115,15.000000000000002,272,7,10,1,1,29.98
03,120248089909210065,ACTIVE,92,14.81,387,11,9,1,1,49.52
03,120245899907890065,ACTIVE,115,14.79,244,11,11,1,0,0
03,120249115230940100,ACTIVE,100,14.779999999999998,389,14,15,2,0,0
03,120248337451970425,ACTIVE,200,14.76,437,10,9,1,0,0
03,120246299672700751,ACTIVE,300,14.75,476,10,15,1,1,47.67
03,120245401719830686,ACTIVE,100,14.75,206,4,4,0,0,0
03,120249283732990100,ACTIVE,140,14.73,411,5,8,0,0,0
03,120247324556450065,ACTIVE,100,14.71,229,6,6,0,0,0
03,120248025748300126,ACTIVE,100,14.629999999999999,474,5,8,0,0,0
03,120240901145360175,ACTIVE,325,14.629999999999999,510,10,9,0,0,0
03,120247073165120090,ACTIVE,255,14.620000000000001,344,11,13,3,1,62.39
03,120257359768220586,ACTIVE,100,14.600000000000001,406,6,6,0,0,0
03,120248371396300544,ACTIVE,80,14.6,286,7,7,1,1,47.52
03,120246586669350241,ACTIVE,200,14.599999999999998,639,2,7,0,0,0
03,120247506187690509,ACTIVE,103,14.579999999999998,597,13,12,1,0,0
03,120246946458510629,ACTIVE,170,14.559999999999999,285,8,9,0,0,0
03,120251239771420586,ACTIVE,138,14.480000000000002,426,11,14,1,0,0
03,120242847129030686,ACTIVE,100,14.47,303,4,7,2,1,51.220000000000006
03,120245401719840686,ACTIVE,100,14.35,196,11,12,1,1,51.22
03,120244431777030751,ACTIVE,1000,14.33,564,11,21,7,2,85.94
03,120244374958140146,ACTIVE,100,14.33,423,9,8,2,0,0
03,120250501589950722,ACTIVE,80,14.25,252,8,8,0,0,0
03,120244034916020436,ACTIVE,155,14.14,482,7,7,1,1,41.98
03,120246570408620477,ACTIVE,100,14.14,196,5,8,1,0,0
03,120244349823030686,ACTIVE,100,14.04,240,6,6,0,0,0
03,120246465900910677,ACTIVE,100,13.950000000000001,274,8,6,0,0,0
03,120246508713670320,ACTIVE,109,13.860000000000001,441,19,17,3,2,140.79
03,120249672773570589,ACTIVE,97,13.84,275,7,8,2,1,29.98
03,120247558121560065,ACTIVE,100,13.809999999999999,315,10,8,1,0,0
03,120248540698960725,ACTIVE,100,13.760000000000002,170,4,2,1,0,0
03,120246599961620214,ACTIVE,160,13.75,411,8,9,0,0,0
03,120245990795590533,ACTIVE,100,13.71,524,8,13,2,0,0
03,120247392329370509,ACTIVE,200,13.62,541,10,10,0,0,0
03,120251977585510210,ACTIVE,111,13.600000000000001,291,6,7,1,0,0
03,120249283733020100,ACTIVE,100,13.600000000000001,349,9,10,1,0,0
03,120251147479130709,ACTIVE,100,13.59,376,9,11,0,0,0
03,120246624479910241,ACTIVE,129,13.55,795,11,14,1,0,0
03,120244823852370686,ACTIVE,100,13.53,211,4,5,1,1,71.21
03,120245840085840780,ACTIVE,80,13.51,296,9,6,2,0,0
03,120245514271720065,ACTIVE,115,13.51,268,11,14,0,0,0
03,120247624135200509,ACTIVE,102,13.509999999999998,419,8,9,0,0,0
03,120246462278440707,ACTIVE,83,13.45,243,10,8,0,0,0
03,120249412510510100,ACTIVE,100,13.4,332,9,10,1,0,0
03,120246785226280564,ACTIVE,200,13.309999999999999,384,3,6,1,0,0
03,120246787004190097,ACTIVE,90,13.26,439,11,10,2,1,63.470000000000006
03,120246526261990752,ACTIVE,73,13.09,394,9,9,3,0,0
03,120249316661270663,ACTIVE,100,13.08,215,5,7,0,0,0
03,120249286682560368,ACTIVE,300,13.06,401,11,10,2,1,38.98
03,120247040711430629,ACTIVE,100,13.030000000000001,269,7,8,0,0,0
03,120247617708360090,ACTIVE,80,13.02,179,7,8,1,0,0
03,120248288633270389,ACTIVE,100,13.010000000000002,445,10,12,1,1,46.41
03,120247634863390564,ACTIVE,170,13.010000000000002,340,8,10,2,1,69.71000000000001
03,120257647437950586,ACTIVE,100,12.99,327,6,6,1,0,0
03,120248502435680168,ACTIVE,90,12.989999999999998,300,5,7,0,0,0
03,120249120674110404,ACTIVE,300,12.959999999999999,333,15,18,0,0,0
03,120246631635420097,ACTIVE,80,12.95,386,7,8,0,0,0
03,120244374958390146,ACTIVE,100,12.9,457,3,6,0,0,0
03,120248466107650695,ACTIVE,112,12.899999999999999,356,8,11,1,0,0
03,120248337634670425,ACTIVE,150,12.879999999999999,177,8,5,2,1,69.67
03,120246508713630320,ACTIVE,109,12.850000000000001,491,7,6,0,0,0
03,120249449512030725,ACTIVE,100,12.85,395,13,12,1,1,49.37
03,120252218143240054,ACTIVE,100,12.830000000000002,277,8,8,1,0,0
03,120245339156780686,ACTIVE,80,12.8,187,1,3,1,0,0
03,120248386305620455,ACTIVE,100,12.74,301,3,2,0,0,0
03,120247617292450090,PAUSED,60,12.73,150,4,5,0,0,0
03,120245736523970177,ACTIVE,100,12.700000000000001,275,5,6,3,3,112.42000000000002
03,120244428953860686,ACTIVE,100,12.69,283,1,5,0,0,0
03,120247199911460090,ACTIVE,100,12.620000000000001,324,5,10,1,1,62.39
03,120248248634970455,ACTIVE,100,12.620000000000001,159,6,12,0,0,0
03,120247868045210695,ACTIVE,300,12.610000000000001,416,9,10,1,1,37.98
03,120243466971930678,ACTIVE,100,12.610000000000001,184,4,5,1,1,39.98
03,120246024108390751,ACTIVE,500,12.589999999999998,360,10,14,1,0,0
03,120247026467610090,ACTIVE,100,12.55,234,12,14,1,0,0
03,120247534964830642,ACTIVE,100,12.46,178,5,6,1,0,0
03,120246526262050752,ACTIVE,73,12.45,392,9,7,1,0,0
03,120249088233310651,ACTIVE,150,12.39,251,8,9,0,0,0
03,120248592991440389,ACTIVE,80,12.39,477,18,19,0,0,0
03,120248459419470469,ACTIVE,100,12.389999999999999,336,6,7,1,0,0
03,120246624479580241,ACTIVE,129,12.37,770,12,15,1,0,0
03,120248772494200152,ACTIVE,95,12.37,392,4,5,0,0,0
03,120243844678990129,ACTIVE,120,12.35,523,18,18,1,1,68.38
03,120248889583930116,ACTIVE,101,12.24,238,4,6,0,0,0
03,120247500490160043,ACTIVE,80,12.2,161,5,5,0,0,0
03,120249347498540100,ACTIVE,136,12.14,427,6,5,0,0,0
03,120248470325670561,ACTIVE,100,12.1,220,7,9,0,0,0
03,120241972248380630,ACTIVE,118,12.09,379,9,11,0,0,0
03,120249498266450589,ACTIVE,100,12.049999999999999,254,6,7,1,1,29.98
03,120245286173130686,ACTIVE,80,12.04,173,3,8,1,0,0
03,120245286173120686,ACTIVE,80,11.96,203,4,7,1,0,0
03,120246399807540674,ACTIVE,80,11.940000000000001,315,5,7,0,0,0
03,120246178825710752,ACTIVE,100,11.879999999999999,254,6,6,0,0,0
03,120254529951780197,ACTIVE,80,11.85,260,6,8,1,1,66.22
03,120249412510530100,ACTIVE,135,11.79,422,11,13,2,0,0
03,120244164847370788,ACTIVE,85,11.77,191,9,6,1,1,92.3
03,120246643142900065,ACTIVE,100,11.71,302,7,7,1,0,0
03,120245880144290630,ACTIVE,80,11.68,321,13,12,1,1,29.979999999999997
03,120245899907660065,ACTIVE,115,11.68,219,6,9,0,0,0
03,120245847712420650,ACTIVE,100,11.68,212,7,7,0,0,0
03,120250558406210368,ACTIVE,86,11.650000000000002,422,3,3,0,0,0
03,120248443467340561,ACTIVE,87,11.649999999999999,273,10,10,2,2,49.959999999999994
03,120244486414960436,ACTIVE,100,11.64,442,12,12,0,1,129.45999999999998
03,120251979298110210,ACTIVE,50,11.64,164,5,4,1,0,0
03,120248321721850561,ACTIVE,150,11.629999999999999,376,11,10,0,0,0
03,120245400830030686,ACTIVE,80,11.56,191,1,1,1,0,0
03,120248137514550561,ACTIVE,100,11.459999999999999,426,8,9,2,1,57.96
03,120248151239370425,ACTIVE,200,11.450000000000001,193,3,4,0,0,0
03,120248082904020663,ACTIVE,250,11.419999999999998,194,5,6,0,0,0
03,120245861174350177,ACTIVE,100,11.39,272,9,6,0,0,0
03,120249013372050100,ACTIVE,100,11.37,265,9,11,0,0,0
03,120247114934220455,ACTIVE,120,11.31,183,7,8,0,0,0
03,120244367965900146,ACTIVE,100,11.29,210,6,6,1,1,41.98
03,120246330272670320,ACTIVE,109,11.27,268,6,4,0,0,0
03,120246753252310674,ACTIVE,80,11.219999999999999,148,2,2,0,0,0
03,120249975165650653,ACTIVE,80,11.21,216,5,5,1,0,0
03,120247971255740065,ACTIVE,200,11.15,373,7,7,2,1,63.91
03,120244367774220146,ACTIVE,100,11.14,245,6,7,3,1,41.980000000000004
03,120246785028940564,ACTIVE,170,11.13,292,4,5,0,0,0
03,120247954410960425,ACTIVE,100,11.08,181,4,4,0,0,0
03,120246242129020477,ACTIVE,100,11.07,219,6,7,0,0,0
03,120247547590960642,ACTIVE,320,11.05,268,9,6,0,0,0
03,120248737641880722,ACTIVE,80,11.04,242,6,10,1,0,0
03,120245685799910707,ACTIVE,100,11.02,221,11,9,4,0,0
03,120249564842700589,ACTIVE,98,11.01,249,3,4,1,0,0
03,120248880534940100,ACTIVE,100,10.950000000000001,295,6,9,0,0,0
03,120249711938850319,ACTIVE,100,10.940000000000001,358,6,8,1,0,0
03,120247500391620043,ACTIVE,80,10.93,164,6,7,0,0,0
03,120248085583660127,ACTIVE,100,10.92,107,2,3,0,0,0
03,120247000863930069,ACTIVE,100,10.92,146,3,3,0,0,0
03,120244367578550146,ACTIVE,100,10.92,172,6,7,0,0,0
03,120246369904900032,ACTIVE,200,10.84,340,13,18,1,0,0
03,120243593808880146,ACTIVE,300,10.740000000000002,348,6,7,1,1,106.71000000000001
03,120247139480370564,ACTIVE,170,10.72,183,3,3,0,0,0
03,120246710213420090,ACTIVE,225,10.71,299,6,7,0,0,0
03,120247974813980642,ACTIVE,100,10.68,310,9,8,0,0,0
03,120246410881630707,ACTIVE,82,10.669999999999998,247,2,1,0,0,0
03,120246870229730642,ACTIVE,100,10.580000000000002,289,2,1,0,0,0
03,120244906297410788,ACTIVE,50,10.51,126,4,3,2,2,103.9
03,120247378425210561,ACTIVE,180,10.5,362,14,18,2,0,0
03,120246257869250707,ACTIVE,126,10.45,229,10,10,1,1,37.37
03,120245283264760677,ACTIVE,115,10.440000000000001,544,9,11,3,2,140.04
03,120249834678870247,ACTIVE,100,10.39,240,6,5,0,0,0
03,120247059696240214,ACTIVE,120,10.389999999999999,333,9,12,1,1,24.97
03,120249105110140210,ACTIVE,132,10.38,275,8,10,0,0,0
03,120245241360310455,ACTIVE,100,10.349999999999998,439,10,11,0,0,0
03,120248923191120589,ACTIVE,100,10.24,156,3,4,0,0,0
03,120251769553160054,ACTIVE,73,10.17,175,3,2,0,0,0
03,120254678507630197,ACTIVE,80,10.16,194,3,3,0,0,0
03,120244824582450436,ACTIVE,100,10.129999999999999,364,11,10,0,0,0
03,120247059710630214,ACTIVE,120,10.11,179,2,3,0,0,0
03,120246375737140674,ACTIVE,100,10.059999999999999,163,5,5,0,0,0
03,120245738102920780,ACTIVE,80,10.04,224,5,6,1,1,42.97
03,120244418309490436,ACTIVE,100,9.98,419,6,9,0,0,0
03,120249352629920127,ACTIVE,100,9.89,110,7,7,0,0,0
03,120245823079650320,ACTIVE,100,9.89,265,3,4,0,0,0
03,120243772698880146,ACTIVE,100,9.89,384,9,14,1,0,0
03,120243929504820146,ACTIVE,100,9.840000000000002,305,7,7,1,1,41.980000000000004
03,120246733902040065,ACTIVE,80,9.83,195,1,4,0,0,0
03,120244967217480436,ACTIVE,100,9.81,351,8,5,0,0,0
03,120247508005810509,ACTIVE,100,9.81,260,1,1,0,0,0
03,120250086384210057,ACTIVE,100,9.77,126,14,15,0,1,103.01
03,120245490989600133,ACTIVE,100,9.719999999999999,140,5,6,0,0,0
03,120246437959560241,ACTIVE,180,9.629999999999999,509,2,7,0,0,0
03,120248443467260561,ACTIVE,87,9.58,251,6,6,0,0,0
03,120246697447920610,ACTIVE,80,9.58,132,6,4,2,0,0
03,120247622109160509,ACTIVE,100,9.55,297,4,4,0,1,34.98
03,120246791358470097,PAUSED,80,9.55,281,2,2,0,0,0
03,120244480112510436,ACTIVE,100,9.52,394,5,8,1,1,71.62
03,120247623540580509,ACTIVE,104,9.49,285,8,8,1,0,0
03,120248573692120695,ACTIVE,120,9.44,229,2,2,0,0,0
03,120246104095060650,ACTIVE,126,9.43,125,4,5,0,0,0
03,120246792247710097,ACTIVE,80,9.41,429,7,7,0,0,0
03,120246381767620032,ACTIVE,200,9.4,215,11,13,2,1,22.979999999999997
03,120245045578670686,ACTIVE,80,9.4,264,6,6,1,0,0
03,120245201694450686,PAUSED,100,9.39,181,4,5,1,0,0
03,120243951377020125,ACTIVE,150,9.32,237,6,8,1,0,0
03,120249512345290725,ACTIVE,100,9.31,141,3,7,3,2,171.9
03,120244164741820146,ACTIVE,100,9.309999999999999,261,8,8,1,0,0
03,120244761582650436,ACTIVE,100,9.290000000000001,339,7,8,2,1,68.22
03,120246309078080032,ACTIVE,200,9.23,331,6,9,1,0,0
03,120246579308100453,ACTIVE,100,9.21,120,4,4,0,0,0
03,120244367774160146,ACTIVE,100,9.2,194,3,4,0,0,0
03,120245031811820436,ACTIVE,116,9.19,308,8,8,0,0,0
03,120248455212780455,ACTIVE,123,9.16,355,1,5,0,0,0
03,23857731004250794,ACTIVE,100,9.14,139,6,5,0,0,0
03,120245995414780177,ACTIVE,100,9.11,161,7,9,0,0,0
03,120245063703470133,ACTIVE,180,9.07,215,10,8,0,0,0
03,120248574839550695,ACTIVE,250,9.05,285,12,14,0,0,0
03,120246468260540320,ACTIVE,109,9.04,354,12,14,0,0,0
03,120242884733810358,ACTIVE,100,9.030000000000001,195,6,11,1,0,0
03,120245832907210630,ACTIVE,80,9.02,216,9,8,2,1,24.98
03,120248737641910722,ACTIVE,68,9,177,2,2,1,1,22.979999999999997
03,120246338247960241,ACTIVE,100,8.88,247,5,8,2,1,72.12
03,120244486325980436,ACTIVE,100,8.879999999999999,362,12,10,0,0,0
03,120244153272430146,ACTIVE,100,8.870000000000001,190,4,5,1,0,0
03,120246819645500629,ACTIVE,100,8.870000000000001,272,10,8,0,0,0
03,120251979136820210,ACTIVE,50,8.870000000000001,172,2,2,0,0,0
03,120246733877000065,ACTIVE,80,8.8,207,7,7,0,0,0
03,120241067387190788,ACTIVE,30,8.760000000000002,174,3,4,0,0,0
03,120248040060750126,ACTIVE,80,8.76,285,9,6,0,0,0
03,120245832936950630,ACTIVE,79,8.75,216,8,14,3,1,29.979999999999997
03,120247292031280175,ACTIVE,86,8.74,247,7,5,0,0,0
03,120247220172900175,ACTIVE,87,8.719999999999999,225,2,4,1,0,0
03,120249711938840319,ACTIVE,100,8.71,223,0,2,1,0,0
03,120248455212740455,ACTIVE,123,8.7,299,4,8,1,0,0
03,120249568875230589,ACTIVE,100,8.67,140,2,2,0,0,0
03,120247373463200090,PAUSED,124,8.65,242,7,7,0,0,0
03,120257759476400586,ACTIVE,30,8.629999999999999,183,2,3,0,0,0
03,120244366908710146,ACTIVE,100,8.6,194,0,7,1,0,0
03,120246731736950097,ACTIVE,80,8.58,307,7,8,1,0,0
03,120247645229990642,ACTIVE,100,8.52,162,4,3,1,0,0
03,120249513426150725,ACTIVE,100,8.52,240,4,4,1,0,0
03,120248359442970589,ACTIVE,200,8.52,270,4,3,1,0,0
03,120249534302910127,ACTIVE,100,8.459999999999999,124,7,9,0,0,0
03,120243144633320146,ACTIVE,100,8.450000000000001,222,9,9,1,0,0
03,120244761515050455,ACTIVE,135,8.45,246,8,10,0,0,0
03,120244906297460788,ACTIVE,50,8.45,126,5,5,0,0,0
03,120246377047690097,ACTIVE,80,8.36,349,4,7,0,0,0
03,120247500326650043,ACTIVE,80,8.34,143,1,1,1,1,27.979999999999997
03,120247389356380455,PAUSED,100,8.34,165,7,5,0,0,0
03,120247026467550090,ACTIVE,100,8.33,171,8,6,0,0,0
03,120245608347680133,ACTIVE,260,8.29,151,5,7,2,1,37.980000000000004
03,120247058049910303,PAUSED,120,8.28,99,2,1,0,0,0
03,120246733901990065,ACTIVE,80,8.25,137,5,6,1,1,67.91
03,120242700474080358,ACTIVE,100,8.21,125,3,4,0,0,0
03,120244076954630146,ACTIVE,100,8.180000000000001,232,6,8,1,1,75.22
03,120235701428400210,ACTIVE,200,8.09,221,4,7,0,0,0
03,120245602350460032,ACTIVE,100,8.07,256,6,6,0,0,0
03,23857646023590799,ACTIVE,60,8.07,93,1,2,0,0,0
03,120243205951310642,ACTIVE,100,8.05,164,2,2,0,0,0
03,120246581316290126,ACTIVE,100,8.04,150,6,4,1,1,51.21
03,120246792894660097,ACTIVE,80,8.02,261,5,4,0,0,0
03,120248862675940229,ACTIVE,72,7.88,185,3,5,1,1,29.98
03,120243458344240129,ACTIVE,100,7.870000000000001,300,4,4,1,0,0
03,120245049415260032,ACTIVE,200,7.85,260,6,6,0,0,0
03,120251423402300404,ACTIVE,50,7.82,97,5,5,0,0,0
03,120250558406540368,ACTIVE,86,7.82,184,2,3,0,0,0
03,120249975165620653,ACTIVE,80,7.8100000000000005,205,5,6,1,1,67.06
03,120251292838090427,ACTIVE,100,7.8100000000000005,179,4,3,0,0,0
03,120245250322490642,ACTIVE,650,7.75,155,4,4,2,1,37.95
03,120249550517720100,ACTIVE,92,7.75,137,3,4,0,0,0
03,120250413795050709,ACTIVE,700,7.73,182,5,7,1,1,62.440000000000005
03,120246330272120320,ACTIVE,100,7.710000000000001,268,5,8,0,0,0
03,120251423291250404,ACTIVE,50,7.67,150,4,5,0,0,0
03,120235701428420210,ACTIVE,200,7.65,203,6,8,2,0,0
03,120257559013710586,PAUSED,100,7.65,205,0,0,0,0,0
03,120246270264070320,ACTIVE,200,7.640000000000001,251,5,5,0,0,0
03,120248557488550695,ACTIVE,150,7.57,343,3,4,0,0,0
03,120247312196970090,ACTIVE,100,7.57,166,9,11,3,2,172.70000000000002
03,120245833042190630,ACTIVE,58,7.5600000000000005,204,3,2,0,0,0
03,120247622109170509,ACTIVE,100,7.54,206,6,7,0,0,0
03,120246583070910674,ACTIVE,100,7.52,152,3,3,0,0,0
03,120247767157610303,ACTIVE,68,7.499999999999999,137,8,7,0,0,0
03,120246733876960065,ACTIVE,80,7.49,126,2,3,0,0,0
03,120247312197200090,PAUSED,100,7.49,172,7,5,0,0,0
03,120250414826920577,ACTIVE,100,7.47,194,5,8,0,0,0
03,120246674923260175,ACTIVE,100,7.44,174,1,4,1,1,24.96
03,120247952380210544,ACTIVE,90,7.4399999999999995,163,2,2,0,0,0
03,120257843668740586,ACTIVE,100,7.4399999999999995,248,3,3,0,0,0
03,120257919054520586,ACTIVE,30,7.43,161,4,3,0,0,0
03,120246299721480751,ACTIVE,325,7.38,143,4,4,0,0,0
03,120248726537670152,ACTIVE,99,7.360000000000001,272,6,7,1,0,0
03,120244367965850146,ACTIVE,100,7.35,198,2,4,0,0,0
03,120247438813810043,ACTIVE,200,7.35,104,5,5,1,0,0
03,120244367850510146,ACTIVE,100,7.3,165,2,2,1,1,41.980000000000004
03,120251423291230404,ACTIVE,50,7.2700000000000005,150,5,8,0,0,0
03,120247620997050509,ACTIVE,100,7.22,257,2,2,0,0,0
03,120245124561510686,ACTIVE,80,7.180000000000001,93,2,3,0,0,0
03,120245339157220686,ACTIVE,80,7.180000000000001,96,2,1,0,0,0
03,120247815782080642,ACTIVE,100,7.18,102,2,3,0,0,0
03,120251423402290404,ACTIVE,50,7.09,141,3,3,1,0,0
03,120249360920670725,ACTIVE,200,7.07,112,3,3,0,1,28.98
03,120244823852300686,ACTIVE,100,7.0600000000000005,133,5,6,0,0,0
03,120244369557230146,ACTIVE,100,7.05,99,3,3,1,0,0
03,120244368121240146,ACTIVE,100,7.05,211,1,3,0,0,0
03,120244761869100436,ACTIVE,100,6.97,328,3,4,0,0,0
03,120244366218760146,ACTIVE,100,6.95,143,5,3,0,0,0
03,120244367493360146,ACTIVE,100,6.91,126,4,5,0,0,0
03,120247641474120509,ACTIVE,80,6.91,151,1,1,0,0,0
03,120248050137610065,ACTIVE,100,6.880000000000001,174,6,7,1,0,0
03,120247617708310090,PAUSED,80,6.87,41,0,0,0,0,0
03,120244368121860146,ACTIVE,100,6.85,174,5,5,0,0,0
03,120248923191070589,ACTIVE,100,6.84,137,3,3,0,0,0
03,120248470325620561,ACTIVE,100,6.84,175,5,4,0,0,0
03,23857731004200794,ACTIVE,100,6.800000000000001,83,0,0,0,0,0
03,120246753252260674,ACTIVE,80,6.79,200,6,7,1,0,0
03,120249512448270725,ACTIVE,100,6.78,142,2,2,0,0,0
03,120249073253070116,ACTIVE,100,6.77,158,8,7,2,2,111.44
03,120247501239270509,ACTIVE,500,6.73,336,5,5,0,0,0
03,120251014701600404,ACTIVE,50,6.720000000000001,59,3,4,0,0,0
03,120245750558170707,ACTIVE,100,6.680000000000001,192,8,8,0,0,0
03,120242694742870146,ACTIVE,224,6.67,208,5,5,1,1,106.71
03,120246579308140453,ACTIVE,100,6.62,99,1,3,1,0,0
03,120251168871300404,PAUSED,90,6.5,138,1,1,0,0,0
03,120248764599250589,ACTIVE,100,6.49,118,1,1,1,0,0
03,120250790045220586,ACTIVE,150,6.48,242,5,4,1,1,28.98
03,120250447770590013,ACTIVE,80,6.4399999999999995,93,5,6,1,1,67.67
03,120245284052330686,ACTIVE,80,6.42,160,7,7,0,0,0
03,120241671273870455,ACTIVE,100,6.4,163,1,0,0,0,0
03,120247505683080509,ACTIVE,80,6.37,111,3,4,1,0,0
03,120251979360490210,ACTIVE,50,6.3500000000000005,166,3,4,0,0,0
03,120247620975680509,ACTIVE,100,6.35,327,5,4,2,1,34.980000000000004
03,120257843052780586,ACTIVE,30,6.32,168,3,2,0,0,0
03,120247500490240043,ACTIVE,80,6.3,107,3,4,1,0,0
03,120245286882760686,ACTIVE,100,6.250000000000001,68,1,1,0,0,0
03,120243844958690129,ACTIVE,100,6.24,213,4,7,1,1,42.980000000000004
03,120249613746340589,ACTIVE,98,6.23,168,3,4,0,0,0
03,120244367125760146,ACTIVE,100,6.2,94,0,2,0,0,0
03,120246709429840674,ACTIVE,100,6.150000000000001,159,4,5,0,0,0
03,120250558361040368,ACTIVE,50,6.15,170,4,4,0,0,0
03,120245198116820177,ACTIVE,100,6.130000000000001,141,1,2,0,0,0
03,120246753298070674,ACTIVE,60,6.119999999999999,74,1,1,0,0,0
03,120246024108440751,ACTIVE,195,6.1,109,3,7,0,0,0
03,120248783564770229,ACTIVE,152,6.1,146,11,11,0,0,0
03,120247568068640509,ACTIVE,100,6.1,281,3,4,0,0,0
03,23857604274280799,ACTIVE,80,6.09,52,1,1,0,0,0
03,120249613746370589,ACTIVE,98,6.08,194,3,5,0,0,0
03,120248507721970469,ACTIVE,80,6.08,139,0,1,0,0,0
03,120250838901590404,ACTIVE,50,6.050000000000001,74,1,1,0,0,0
03,120251292838130427,ACTIVE,100,6,218,3,3,0,0,0
03,120249448508060725,ACTIVE,100,5.960000000000001,138,0,3,0,0,0
03,120244794017770320,ACTIVE,360,5.96,205,7,4,1,0,0
03,120246902635090175,ACTIVE,100,5.9399999999999995,193,1,1,0,0,0
03,120245038475150436,ACTIVE,100,5.93,291,4,5,1,0,0
03,120244006723720129,ACTIVE,120,5.92,170,3,4,0,0,0
03,120252072716310054,ACTIVE,76,5.92,217,0,0,1,0,0
03,120251360834810166,ACTIVE,100,5.9,144,7,6,1,1,24.98
03,120246415849650214,ACTIVE,120,5.89,102,1,1,0,0,0
03,120247505683040509,ACTIVE,80,5.88,95,2,2,0,0,0
03,120247311646990509,ACTIVE,100,5.85,278,4,8,1,0,0
03,120247568013690509,ACTIVE,100,5.84,268,5,7,1,0,0
03,120246773871680629,ACTIVE,100,5.76,110,0,4,1,0,0
03,120246299721450751,ACTIVE,195,5.75,143,1,3,0,0,0
03,120247114547280509,ACTIVE,85,5.73,203,14,9,1,0,0
03,120248072969470389,ACTIVE,100,5.73,184,6,8,3,0,0
03,120247245979210389,ACTIVE,100,5.7,209,9,13,1,1,46.410000000000004
03,120246773871740629,ACTIVE,100,5.68,124,1,2,0,0,0
03,120251063106910166,ACTIVE,50,5.67,184,4,4,0,0,0
03,120249550517750100,ACTIVE,92,5.659999999999999,106,0,2,1,1,22.98
03,120246471244780065,ACTIVE,135,5.55,166,3,4,1,1,67.9
03,120250447831790013,ACTIVE,80,5.539999999999999,100,2,3,2,0,0
03,120244793522550320,ACTIVE,120,5.53,240,8,4,0,0,0
03,120245460221520177,ACTIVE,100,5.53,71,0,4,0,0,0
03,120245404387150125,ACTIVE,80,5.51,138,9,8,0,0,0
03,120246471244730065,ACTIVE,135,5.49,181,5,4,0,0,0
03,120247620944900509,ACTIVE,100,5.44,251,3,2,1,1,34.98
03,120247617392160090,PAUSED,60,5.44,43,1,0,0,0,0
03,120247442428390509,ACTIVE,50,5.4399999999999995,109,1,1,0,0,0
03,120248469524600389,ACTIVE,81,5.4399999999999995,163,2,2,0,0,0
03,23857646023530799,ACTIVE,60,5.43,83,3,3,0,0,0
03,120242907734560129,ACTIVE,100,5.42,165,3,10,1,0,0
03,120247221451440175,ACTIVE,100,5.4,199,2,2,0,0,0
03,120245251316060477,ACTIVE,100,5.4,97,6,5,1,1,51.22
03,120245923045620168,ACTIVE,100,5.390000000000001,148,3,2,1,1,37.980000000000004
03,120248318269050152,ACTIVE,120,5.35,161,3,4,0,0,0
03,120249824676430057,ACTIVE,100,5.35,26,1,2,0,0,0
03,120248783564790229,ACTIVE,64,5.34,103,0,1,0,0,0
03,120246382556450462,ACTIVE,100,5.34,115,3,3,1,1,94.97
03,120246483406720564,ACTIVE,300,5.33,203,1,6,1,0,0
03,120244367850560146,ACTIVE,100,5.32,196,2,4,0,0,0
03,120250691304310722,ACTIVE,50,5.300000000000001,106,4,6,2,1,38.269999999999996
03,120244156901670146,ACTIVE,100,5.27,304,12,12,2,1,41.980000000000004
03,120245466475870630,ACTIVE,91,5.21,111,1,4,0,0,0
03,120247620959470509,ACTIVE,100,5.19,163,2,3,1,1,63.47
03,120248075661290642,ACTIVE,125,5.180000000000001,88,1,1,0,0,0
03,120247000863970069,ACTIVE,100,5.18,114,3,3,0,0,0
03,120245889270610065,ACTIVE,40,5.17,181,0,1,0,0,0
03,120244270293390320,ACTIVE,120,5.16,172,5,6,0,0,0
03,120251182287020427,ACTIVE,129,5.16,142,5,4,0,0,0
03,120247620997000509,ACTIVE,100,5.15,196,5,6,0,0,0
03,120247375816630090,ACTIVE,80,5.1000000000000005,50,1,2,0,0,0
03,120248082904030663,ACTIVE,150,5.09,101,4,5,1,1,37.980000000000004
03,120244083558220146,ACTIVE,100,5.08,145,6,6,0,0,0
03,120250447831800013,ACTIVE,80,5.07,79,3,3,1,1,67.67
03,6973002165426,ACTIVE,50,5.07,113,1,1,0,0,0
03,120246867532700629,PAUSED,100,5.06,52,2,2,0,0,0
03,120248703982740229,ACTIVE,108,5.040000000000001,120,3,4,1,0,0
03,120246699106190629,ACTIVE,100,5,143,3,4,0,0,0
03,120250447771000013,ACTIVE,80,4.99,69,1,1,0,0,0
03,120248504815070469,ACTIVE,80,4.99,65,0,1,0,0,0
03,120245832936880630,ACTIVE,66,4.989999999999999,86,1,3,0,0,0
03,120242776941930146,ACTIVE,100,4.970000000000001,101,3,4,0,0,0
03,120248091199310642,ACTIVE,100,4.960000000000001,141,3,5,0,0,0
03,120245848127430707,ACTIVE,300,4.96,147,4,8,1,1,50.96
03,120247620975770509,ACTIVE,100,4.95,285,4,4,1,0,0
03,120257919054460586,ACTIVE,30,4.94,136,2,2,0,0,0
03,120244837091010678,PAUSED,104,4.93,117,3,3,0,0,0
03,120247504171550090,ACTIVE,60,4.91,73,2,3,1,1,60.61
03,120245832907270630,ACTIVE,97,4.869999999999999,109,4,4,0,0,0
03,120247220172930175,ACTIVE,87,4.86,91,5,4,1,0,0
03,120247195869560175,ACTIVE,125,4.75,143,2,5,0,0,0
03,120251150600140210,ACTIVE,82,4.68,85,1,3,0,0,0
03,120245481989440065,ACTIVE,40,4.68,99,3,4,2,1,29.98
03,120243734466660129,ACTIVE,120,4.67,200,5,7,4,1,66.47999999999999
03,120251769553070054,ACTIVE,110,4.66,153,1,0,0,0,0
03,120251467533420166,ACTIVE,30,4.640000000000001,99,2,5,0,0,0
03,120248252688100544,ACTIVE,100,4.64,128,1,1,0,0,0
03,120246670033370677,ACTIVE,300,4.57,154,1,1,0,0,0
03,120244447104190303,ACTIVE,40,4.55,99,3,3,1,0,0
03,120246753297910674,ACTIVE,60,4.44,109,2,1,0,0,0
03,120246562589300629,ACTIVE,100,4.4399999999999995,112,2,3,0,0,0
03,120249511921620725,ACTIVE,100,4.42,129,1,4,0,0,0
03,120244366457540146,ACTIVE,100,4.41,82,0,3,0,0,0
03,120244389916660436,ACTIVE,100,4.41,163,7,8,1,0,0
03,120246145506950470,ACTIVE,50,4.4,157,2,3,1,1,68.02
03,120244242496990780,ACTIVE,100,4.390000000000001,118,2,2,0,0,0
03,120244302719110146,ACTIVE,100,4.39,144,1,1,0,0,0
03,120235336090360210,ACTIVE,200,4.36,123,1,5,0,0,0
03,120249512447950725,ACTIVE,100,4.36,149,1,1,0,0,0
03,120246818759970303,ACTIVE,40,4.359999999999999,85,4,5,1,0,0
03,120246753297840674,ACTIVE,60,4.35,124,1,1,0,0,0
03,120252152736310054,ACTIVE,100,4.31,90,0,1,0,0,0
03,120247246948670509,ACTIVE,100,4.29,178,2,2,0,0,0
03,120249449604610725,ACTIVE,100,4.24,135,1,1,0,0,0
03,120247059696170214,ACTIVE,120,4.22,146,3,5,1,0,0
03,120243508760940146,ACTIVE,100,4.21,109,2,2,1,1,41.980000000000004
03,120248808316220695,ACTIVE,100,4.199999999999999,118,4,4,0,0,0
03,23857604274220799,ACTIVE,80,4.180000000000001,49,0,1,0,0,0
03,120249300729750589,ACTIVE,100,4.18,81,2,3,1,1,101.24000000000001
03,120245004525000780,ACTIVE,100,4.17,103,3,2,0,0,0
03,120246867532780629,ACTIVE,100,4.17,106,2,2,0,0,0
03,120251335420250651,ACTIVE,80,4.15,62,1,4,0,0,0
03,120249512381410725,ACTIVE,100,4.13,118,3,8,0,0,0
03,120244618043570436,ACTIVE,100,4.13,156,3,3,1,1,68.22999999999999
03,120244895488610436,ACTIVE,100,4.09,169,1,1,0,0,0
03,120249449512110725,ACTIVE,100,4.08,154,5,5,0,0,0
03,120249666267500247,ACTIVE,100,4.05,77,5,3,0,0,0
03,120247040934570629,ACTIVE,100,4.04,142,2,4,1,0,0
03,120247373463120090,PAUSED,124,3.9899999999999998,67,3,3,0,0,0
03,120247866311490389,ACTIVE,100,3.9800000000000004,156,5,4,0,0,0
03,120246286465380752,ACTIVE,100,3.98,102,1,1,0,0,0
03,120244367444840146,ACTIVE,100,3.92,85,1,6,1,1,41.980000000000004
03,120244369558950146,ACTIVE,100,3.9,92,0,3,0,0,0
03,120245889270720065,ACTIVE,40,3.89,120,1,2,0,0,0
03,120246354397170032,PAUSED,75,3.8600000000000003,107,2,2,1,0,0
03,120246299672740751,ACTIVE,195,3.83,190,5,7,1,1,22.98
03,120243673094650146,ACTIVE,100,3.79,74,3,3,0,0,0
03,120248091199340642,ACTIVE,100,3.76,99,2,1,0,0,0
03,120247311647030509,ACTIVE,100,3.75,121,4,4,0,0,0
03,120250445767170166,ACTIVE,30,3.74,93,3,3,0,0,0
03,120246962698770090,ACTIVE,425,3.71,93,0,1,0,0,0
03,120250554304290404,ACTIVE,200,3.71,73,2,2,0,0,0
03,120251335420440651,ACTIVE,80,3.69,73,1,1,1,0,0
03,120247944389060751,PAUSED,100,3.65,68,6,4,0,0,0
03,120243771828200436,ACTIVE,100,3.65,103,0,0,0,0,0
03,120246299672680751,ACTIVE,115,3.6399999999999997,153,2,2,1,1,22.98
03,120246583142090674,ACTIVE,60,3.6000000000000005,82,1,1,0,0,0
03,120250287165040577,ACTIVE,100,3.5799999999999996,84,4,4,0,0,0
03,120246417765860752,ACTIVE,77,3.56,71,0,6,2,1,26.98
03,120247568032920509,ACTIVE,100,3.5599999999999996,147,4,5,0,0,0
03,120247325002770564,ACTIVE,100,3.55,99,0,1,0,0,0
03,6991696263026,ACTIVE,50,3.53,44,1,1,1,0,0
03,120248321751560561,PAUSED,150,3.5,80,2,3,0,0,0
03,120244302651980146,ACTIVE,100,3.4899999999999998,79,5,4,0,0,0
03,23857648861310794,PAUSED,100,3.4699999999999998,32,2,2,0,0,0
03,120249513426060725,ACTIVE,100,3.44,100,1,2,1,1,118.93
03,120246753297880674,ACTIVE,60,3.42,81,1,0,0,0,0
03,120243818426660705,ACTIVE,80,3.39,75,2,4,0,0,0
03,120245343345740686,ACTIVE,80,3.37,43,2,2,0,1,29.98
03,120251905954910210,ACTIVE,115,3.37,91,0,0,0,0,0
03,23857648813880794,PAUSED,100,3.3600000000000003,27,1,1,0,0,0
03,120247199911470090,PAUSED,100,3.35,73,0,1,0,0,0
03,23857649007390794,PAUSED,100,3.3499999999999996,16,0,0,0,0,0
03,120245612998430455,ACTIVE,100,3.3499999999999996,117,6,7,0,0,0
03,120249511964750725,ACTIVE,100,3.34,117,2,4,0,0,0
03,120248385353200168,ACTIVE,100,3.33,88,5,4,0,0,0
03,120247872778180425,ACTIVE,100,3.32,107,0,1,0,0,0
03,120243593315080146,ACTIVE,100,3.32,62,0,0,0,0,0
03,120248383861080100,ACTIVE,100,3.31,123,5,4,1,0,0
03,120249512381350725,ACTIVE,100,3.31,122,1,1,0,0,0
03,120248504941260469,ACTIVE,80,3.29,127,0,0,0,0,0
03,120251014701570404,ACTIVE,50,3.29,51,2,2,0,0,0
03,120244008702660129,ACTIVE,100,3.27,104,2,2,0,0,0
03,120246551175300674,ACTIVE,50,3.25,72,1,1,0,0,0
03,120247506187610509,PAUSED,103,3.24,139,2,2,0,0,0
03,120246850329040065,ACTIVE,100,3.2300000000000004,41,2,2,0,0,0
03,120245343438250686,ACTIVE,80,3.09,51,3,2,1,0,0
03,120248337634700425,ACTIVE,150,3.01,48,0,1,0,0,0
03,120247860181220455,ACTIVE,223,3,99,0,1,0,0,0
03,120247283622690629,ACTIVE,100,3,54,2,2,0,0,0
03,120244008701890129,ACTIVE,100,2.9499999999999997,72,0,0,0,0,0
03,120257843668650586,ACTIVE,100,2.9499999999999997,99,2,5,1,0,0
03,120244235259940678,ACTIVE,30,2.94,78,0,1,0,0,0
03,120247582615180509,ACTIVE,100,2.94,66,1,2,0,0,0
03,120247442428440509,ACTIVE,50,2.9299999999999997,88,0,0,0,0,0
03,120248207466280561,ACTIVE,60,2.91,82,3,4,1,1,41.97
03,120251467533360166,ACTIVE,30,2.88,128,2,3,0,0,0
03,23857732302070794,PAUSED,100,2.88,47,5,4,0,0,0
03,23857651647810799,ACTIVE,100,2.88,63,0,1,0,0,0
03,120251336041460651,ACTIVE,80,2.83,70,1,1,0,0,0
03,120257763329830586,ACTIVE,30,2.83,93,3,5,0,0,0
03,120244163991370436,ACTIVE,100,2.8,107,2,2,0,0,0
03,120248075661210642,PAUSED,125,2.79,74,1,1,0,0,0
03,120247412626780168,ACTIVE,100,2.76,67,0,0,0,0,0
03,120246145364940470,ACTIVE,50,2.67,94,5,5,1,0,0
03,120246693068060097,ACTIVE,80,2.66,147,4,4,1,0,0
03,120246501603820241,ACTIVE,92,2.64,133,0,5,0,0,0
03,120247292031220175,ACTIVE,86,2.6399999999999997,75,4,4,0,0,0
03,120247504003780425,ACTIVE,133,2.63,98,1,1,0,0,0
03,120244302440310146,ACTIVE,100,2.63,51,1,2,1,1,41.980000000000004
03,120248367667310389,PAUSED,100,2.6100000000000003,84,3,3,0,0,0
03,120246145189280470,ACTIVE,50,2.61,115,1,3,0,0,0
03,120251271772250166,ACTIVE,30,2.59,87,2,2,0,0,0
03,120246551175210674,ACTIVE,50,2.54,72,0,0,0,0,0
03,120250023023480279,ACTIVE,80,2.52,69,0,1,0,0,0
03,120248144588440462,ACTIVE,72,2.49,48,0,0,0,0,0
03,120248162819270126,ACTIVE,89,2.46,78,1,1,0,0,0
03,120245380678000025,ACTIVE,100,2.39,40,0,1,0,0,0
03,120248507722020469,ACTIVE,80,2.38,100,5,4,0,0,0
03,120248546074540389,ACTIVE,80,2.31,130,4,5,1,1,37.059999999999995
03,120247283622780629,ACTIVE,100,2.2800000000000002,53,1,1,0,0,0
03,23857732301990794,PAUSED,100,2.2399999999999998,36,1,1,0,0,0
03,120247512395290090,ACTIVE,225,2.23,62,1,2,1,0,0
03,120245481989400065,ACTIVE,40,2.22,68,1,1,0,0,0
03,120244367493300146,ACTIVE,100,2.17,70,3,4,0,0,0
03,120245880736570172,ACTIVE,40,2.16,39,0,0,0,0,0
03,120244302719050146,ACTIVE,100,2.15,47,0,0,0,0,0
03,120246417765340752,ACTIVE,73,2.14,58,1,3,0,0,0
03,120248862702290229,ACTIVE,80,2.12,48,0,1,0,0,0
03,120247582683440509,ACTIVE,50,2.08,54,1,1,0,0,0
03,120246917444370477,PAUSED,88,2.04,41,2,2,0,0,0
03,120246752958690674,ACTIVE,50,2.02,69,2,2,0,0,0
03,120247221451470175,ACTIVE,100,1.82,99,1,2,0,0,0
03,120248131780370065,ACTIVE,100,1.8,84,0,0,0,0,0
03,120240849899190788,ACTIVE,10,1.76,22,1,0,0,0,0
03,23857651647840799,ACTIVE,100,1.74,51,0,3,0,0,0
03,120244674407170788,ACTIVE,200,1.7000000000000002,71,1,1,0,0,0
03,120245343640550686,ACTIVE,80,1.7,8,1,2,1,1,123.67000000000002
03,120246286484520097,ACTIVE,80,1.6800000000000002,48,0,0,0,0,0
03,120248546074850389,ACTIVE,80,1.62,64,0,0,0,0,0
03,120246396470350674,ACTIVE,100,1.57,45,1,1,0,0,0
03,120246299721620751,ACTIVE,68,1.5499999999999998,33,0,0,0,0,0
03,120245651364090303,ACTIVE,80,1.53,48,1,0,0,0,0
03,120250812820290709,ACTIVE,170,1.4700000000000002,33,2,2,0,0,0
03,120250086421190057,ACTIVE,100,1.42,12,0,0,0,0,0
03,120249186775450116,ACTIVE,100,1.42,23,0,2,0,0,0
03,120245306349070462,ACTIVE,100,1.41,22,1,1,0,0,0
03,120251841527180210,ACTIVE,83,1.39,17,0,0,0,0,0
03,120250747283060166,ACTIVE,30,1.38,49,4,5,0,0,0
03,120257843052670586,ACTIVE,30,1.36,46,0,1,0,0,0
03,120244006723850129,ACTIVE,100,1.35,52,1,1,1,1,96.21000000000001
03,120247597780010751,ACTIVE,40,1.3,35,0,1,0,0,0
03,6991696262226,ACTIVE,50,1.2999999999999998,35,0,0,0,0,0
03,120247505807140509,ACTIVE,94,1.27,45,0,0,0,0,0
03,120246711859060674,ACTIVE,50,1.26,25,1,1,0,0,0
03,120247508005720509,ACTIVE,70,1.22,28,0,1,0,0,0
03,120245343847670686,ACTIVE,80,1.2,24,0,0,0,0,0
03,120245687813040097,ACTIVE,81,1.19,38,2,3,0,0,0
03,120245343500810686,ACTIVE,80,1.19,17,0,0,0,0,0
03,120247512395240090,ACTIVE,112,1.1800000000000002,28,0,0,0,0,0
03,120245343766870686,ACTIVE,80,1.1099999999999999,18,0,1,0,0,0
03,120248399069350561,ACTIVE,86,1.09,11,0,0,0,0,0
03,120251726188120210,ACTIVE,88,1.08,41,0,0,0,0,0
03,120251271772310166,ACTIVE,30,1.08,39,0,0,0,0,0
03,120245466475590630,ACTIVE,40,1.04,46,0,0,0,0,0
03,120247829146440561,ACTIVE,80,1.04,25,0,4,0,0,0
03,120249498623060100,ACTIVE,91,1.01,53,0,0,0,0,0
03,120247293641570642,ACTIVE,120,0.9700000000000001,27,0,0,0,0,0
03,120247195869530175,ACTIVE,225,0.9500000000000001,60,2,2,0,0,0
03,120246643280780674,ACTIVE,80,0.9400000000000001,36,0,0,0,0,0
03,120244404574840678,ACTIVE,93,0.94,18,0,0,0,0,0
03,120247567951430509,ACTIVE,103,0.8799999999999999,45,0,0,0,0,0
03,120244251116090146,PAUSED,100,0.86,16,0,0,0,0,0
03,120248955262410283,ACTIVE,100,0.8400000000000001,24,0,0,0,0,0
03,120245792848160780,ACTIVE,80,0.8400000000000001,20,1,2,0,0,0
03,120250596505340709,ACTIVE,200,0.84,30,0,0,0,0,0
03,120246818759010303,ACTIVE,40,0.81,12,2,2,0,0,0
03,120246283838280097,ACTIVE,81,0.8,45,0,0,0,0,0
03,23857648813850794,PAUSED,100,0.76,12,1,1,1,1,69.72
03,120246447361050303,ACTIVE,80,0.73,18,1,1,0,0,0
03,120246690377220097,ACTIVE,90,0.66,28,0,0,0,0,0
03,120247942948360065,PAUSED,93,0.65,31,0,0,0,0,0
03,120248386305710455,ACTIVE,100,0.64,19,0,0,0,0,0
03,120246710213410090,ACTIVE,132,0.63,17,0,0,0,0,0
03,120247279674750629,PAUSED,127,0.62,20,0,0,0,0,0
03,120247995051750695,ACTIVE,83,0.62,16,0,0,0,0,0
03,120244302638970146,ACTIVE,100,0.5900000000000001,36,0,0,0,0,0
03,120247599986700509,ACTIVE,50,0.59,16,1,1,0,0,0
03,120248012782270065,PAUSED,93,0.57,14,0,0,0,0,0
03,120246470015620752,ACTIVE,74,0.55,18,0,0,0,0,0
03,120248056801340561,PAUSED,60,0.51,16,0,0,0,0,0
03,120248704584940695,ACTIVE,92,0.5,20,0,1,0,0,0
03,120247944389010751,PAUSED,100,0.47,15,1,0,0,0,0
03,120245343583750686,ACTIVE,80,0.45999999999999996,7,0,0,0,0,0
03,120252003268490054,ACTIVE,100,0.45,12,0,0,0,0,0
03,120246423354770032,ACTIVE,74,0.42000000000000004,9,0,0,0,0,0
03,120246070715810752,ACTIVE,100,0.39,11,0,1,0,0,0
03,120245031811850436,ACTIVE,116,0.38,17,1,1,0,0,0
03,120247505807030509,ACTIVE,90,0.32,27,0,0,0,0,0
03,120244302652000146,ACTIVE,100,0.31,14,0,0,0,0,0
03,120245136181480470,ACTIVE,5,0.30000000000000004,11,0,0,0,0,0
03,120245617791190630,ACTIVE,87,0.3,16,0,0,0,0,0
03,120246573314590241,ACTIVE,196,0.3,9,0,1,0,0,0
03,120251701953330054,ACTIVE,100,0.28,9,0,0,0,0,0
03,120244216235640630,ACTIVE,78,0.28,19,0,0,0,0,0
03,120244252131640146,ACTIVE,100,0.27,8,0,0,0,0,0
03,120251370378880404,ACTIVE,50,0.26,4,0,0,0,0,0
03,120245691728160470,ACTIVE,5,0.25,4,0,0,0,0,0
03,23857648861360794,PAUSED,100,0.23,6,1,1,0,0,0
03,120246491099340090,ACTIVE,102,0.21,1,0,0,0,0,0
03,120244251116110146,ACTIVE,100,0.19,4,0,0,0,0,0
03,120250447799950013,ACTIVE,80,0.18,4,0,0,0,0,0
03,120245136181790470,ACTIVE,5,0.18,9,1,1,0,0,0
03,120248469524370389,ACTIVE,81,0.16,14,0,0,0,0,0
03,120246423354820032,PAUSED,74,0.16,2,1,1,0,0,0
03,23857649007370794,PAUSED,100,0.16,4,0,0,0,0,0
03,120244561628480678,ACTIVE,78,0.13,3,0,0,0,0,0
03,120247567951490509,ACTIVE,103,0.13,16,1,1,0,0,0
03,120246583142050674,ACTIVE,60,0.12,8,0,0,0,0,0
03,120246670056560677,ACTIVE,100,0.09000000000000001,6,0,0,0,0,0
03,120245099365240470,ACTIVE,5,0.08,6,0,0,0,0,0
03,120247001920940477,ACTIVE,90,0.07,1,0,0,0,0,0
03,120249564842660589,PAUSED,98,0.07,4,0,1,0,0,0
03,120244303184660146,PAUSED,100,0.07,4,0,0,0,0,0
03,120244303184580146,ACTIVE,100,0.06,1,0,0,0,0,0
03,120244171016070129,ACTIVE,100,0.06,5,0,0,0,0,0
03,120245205078130630,ACTIVE,56,0.06,3,0,0,0,0,0
03,120243727386670470,ACTIVE,5,0.05,2,0,0,0,0,0
03,120244252131680146,ACTIVE,100,0.05,4,0,0,0,0,0
03,120245241702630470,ACTIVE,5,0.04,2,0,0,0,0,0
03,120257763329900586,ACTIVE,30,0.04,2,0,0,0,0,0
03,120244918988320303,ACTIVE,40,0.02,2,0,0,0,0,0
03,120246259925420674,ACTIVE,100,0.01,1,0,0,0,0,0
03,120249498623270100,PAUSED,91,0.01,1,0,0,0,0,0
03,120246560566740477,ACTIVE,100,0.01,1,1,0,0,0,0
03,120245547753370179,ACTIVE,80,0,0,0,0,0,0,0
03,120247616942850561,PAUSED,100,0,0,0,0,0,0,0
03,120244477400200678,PAUSED,300,0,0,0,1,0,0,0
03,120246755816190674,PAUSED,60,0,0,0,0,0,0,0
03,120252129217680054,ACTIVE,109,0,0,0,1,0,0,0
03,120246312788110126,PAUSED,200,0,0,0,1,0,0,0
03,120247374517900175,ACTIVE,100,0,0,0,0,0,0,0
03,120247374518050175,ACTIVE,100,0,0,0,0,0,0,0
03,120248131780350065,ACTIVE,100,0,0,0,0,0,0,0
03,120252221102630054,ACTIVE,100,0,0,0,0,0,0,0
03,120252221122470054,ACTIVE,100,0,0,0,0,0,0,0
03,120245825448150533,PAUSED,100,0,0,0,0,0,0,0
03,120248131828430065,ACTIVE,100,0,0,0,0,0,0,0
03,120254804851540197,ACTIVE,80,0,0,0,0,0,0,0
03,120247591966310642,PAUSED,100,0,0,0,1,0,0,0
03,120247567962540509,PAUSED,100,0,0,0,1,0,0,0
03,120246791316180097,PAUSED,80,0,0,0,0,0,0,0
03,120248131828460065,ACTIVE,100,0,0,0,0,0,0,0
03,120246189058350533,ACTIVE,100,0,0,0,0,0,0,0
03,120246189070700533,ACTIVE,100,0,0,0,0,0,0,0
03,120246791316280097,PAUSED,80,0,0,0,0,0,0,0
03,120248252434110561,PAUSED,91,0,0,0,2,1,0,0
03,120248302912110389,PAUSED,100,0,0,0,1,0,0,0
03,120257843861530586,PAUSED,20,0,0,0,3,1,1,49.370000000000005
03,120248383528420544,ACTIVE,80,0,0,0,0,0,0,0
03,120248383686370544,ACTIVE,80,0,0,0,0,0,0,0
03,120246792894740097,ACTIVE,80,0,0,0,0,0,0,0
03,120243862977850705,ACTIVE,80,0,0,0,0,0,0,0
03,120243862949130705,PAUSED,80,0,0,0,0,0,0,0
03,120243830466380146,PAUSED,100,0,0,0,0,0,0,0
03,120248383778200544,ACTIVE,80,0,0,0,0,0,0,0
03,120246907642230291,PAUSED,900,0,0,0,1,0,0,0
03,120248383778820544,ACTIVE,80,0,0,0,0,0,0,0
03,120248383854990544,ACTIVE,80,0,0,0,0,0,0,0
03,120249186741940116,ACTIVE,100,0,0,0,1,0,0,0
03,120248383855380544,ACTIVE,80,0,0,0,0,0,0,0
03,120248383960600544,ACTIVE,80,0,0,0,0,0,0,0
03,120248383960820544,ACTIVE,80,0,0,0,0,0,0,0
03,120250418030620577,ACTIVE,100,0,0,0,1,0,0,0
03,120248396283420425,ACTIVE,100,0,0,0,0,0,0,0
03,23857734699080794,ACTIVE,100,0,0,0,0,0,0,0
03,23857734699160794,ACTIVE,100,0,0,0,0,0,0,0
03,23857734870680794,ACTIVE,100,0,0,0,0,0,0,0
03,23857734870740794,ACTIVE,100,0,0,0,3,0,0,0
03,120248396283550425,ACTIVE,100,0,0,0,0,0,0,0
03,120247648178450509,ACTIVE,100,0,0,0,0,0,0,0
03,120248395245150425,ACTIVE,100,0,0,0,0,0,0,0
03,120249616112010064,PAUSED,100,0,0,0,1,0,0,0
03,120248881726590283,PAUSED,250,0,0,0,0,0,0,0
03,120249666797540247,PAUSED,100,0,0,0,2,0,0,0
03,120249447732060577,PAUSED,68,0,0,0,3,1,0,0
03,120247648178380509,ACTIVE,100,0,0,0,0,0,0,0
03,120248959176740725,PAUSED,1000,0,0,0,1,0,0,0
03,120247176514010629,PAUSED,100,0,0,0,1,0,0,0
03,120247944597940065,PAUSED,100,0,0,0,1,0,0,0
03,120244691045450320,PAUSED,400,0,0,0,1,0,0,0
03,120245547600370179,ACTIVE,80,0,0,0,0,0,0,0
04,120246273720740455,ACTIVE,1320,247.55999999999997,6857,189,210,18,9,635.05
04,120244761233710455,ACTIVE,1315,244.36,8443,190,218,16,7,370.57000000000005
04,120243986668280589,ACTIVE,1200,241.99,6836,150,156,19,10,376.79999999999995
04,120244883028360686,ACTIVE,1000,179.01,3488,114,114,21,12,586.9000000000001
04,120247136451350725,ACTIVE,1000,167.94,4808,83,103,7,5,322.41
04,120244749327030686,ACTIVE,1000,156.91000000000003,3165,73,88,17,12,569.6199999999999
04,120248911416770577,ACTIVE,1001,133.56,3442,105,102,9,3,106.13
04,120246023777450751,ACTIVE,1300,128.42000000000002,3922,117,141,21,10,340.34
04,120247115989130291,ACTIVE,600,123.85000000000001,2372,75,79,5,3,165.32000000000002
04,120247583319740586,ACTIVE,500,112.47,5086,102,102,10,6,235.04
04,120246005453800291,ACTIVE,900,109.17999999999999,2489,71,80,8,5,284.06000000000006
04,120243276755660065,ACTIVE,500,102.25,2629,48,51,6,2,59.96
04,120246754801740509,ACTIVE,500,98.67,2796,57,59,8,0,0
04,120248455243050455,ACTIVE,425,92.85,3626,64,68,9,4,240.14
04,120248204881060455,ACTIVE,522,82.16999999999999,3366,50,64,1,0,0
04,120250789469770586,ACTIVE,500,80.42,2829,66,72,6,4,156.7
04,120245334049540065,ACTIVE,370,79.11,1361,64,60,12,4,178.51
04,120247653059200586,ACTIVE,500,79.01,3076,64,72,8,4,151.9
04,120246338028120241,ACTIVE,630,76.50999999999999,3991,55,52,1,1,43.980000000000004
04,120243772061640146,ACTIVE,500,75.81,2020,48,51,5,4,201.16000000000003
04,120246191098540320,ACTIVE,480,74.71000000000001,2985,65,74,7,3,176.31000000000003
04,120245334049460065,ACTIVE,400,74.6,1286,56,61,7,4,160.14
04,120240679404390629,ACTIVE,400,73.12,2393,41,48,6,1,63.91
04,120245848127390707,ACTIVE,500,71.16,1790,65,72,5,3,139.27
04,120244618043630436,ACTIVE,493,70.75,3231,82,93,5,3,183.67
04,120245400596270686,ACTIVE,80,69.96,2825,75,67,13,9,434.73
04,120244783755130320,ACTIVE,450,69.32,3002,50,59,3,0,0
04,120248641712650319,ACTIVE,440,68.93,2029,43,43,2,2,126.79
04,120248615909580019,ACTIVE,450,68.92000000000002,1290,48,55,11,0,0
04,120248510641030431,ACTIVE,370,68.26,1546,40,41,4,3,106.13
04,120243753190540054,ACTIVE,811,66.86,2644,46,45,4,2,65.2
04,120245284137880686,ACTIVE,500,65.74,1180,24,25,3,1,29.98
04,120245011207100320,ACTIVE,750,65.33,1912,44,48,3,2,117.54
04,23857454054570799,ACTIVE,350,63.4,840,19,18,3,2,131.82000000000002
04,120244824816070686,ACTIVE,500,62.64,1241,33,31,5,3,111.16999999999999
04,120242301213710065,ACTIVE,370,62.25,1938,30,34,2,0,0
04,120244963455410686,ACTIVE,300,60.8,1273,22,23,1,0,0
04,120246828454030629,ACTIVE,390,60.38,1590,42,48,7,2,126.32000000000001
04,120245400700680686,ACTIVE,80,60.15,2590,64,63,11,6,347.28999999999996
04,120245010772960663,ACTIVE,301,59.92,831,30,29,2,1,37.98
04,120248508683620431,ACTIVE,220,59.82,1318,38,41,2,2,96.91
04,120248536187780100,ACTIVE,500,58.75,1719,40,43,5,2,104.32
04,120248960171180100,ACTIVE,500,57.4,1500,46,49,5,1,22.98
04,120244015116230146,ACTIVE,500,57.230000000000004,1851,43,50,7,2,181.92000000000002
04,120243142609020146,ACTIVE,500,56.92999999999999,1265,34,36,1,0,0
04,120249431214270100,ACTIVE,500,56.26,1856,53,50,6,2,201.84
04,120249525957160319,ACTIVE,360,55.53,1231,28,26,0,0,0
04,120245800978960674,ACTIVE,300,55.129999999999995,1293,28,35,4,1,29.98
04,120248893532100100,ACTIVE,500,54.959999999999994,1371,41,40,3,1,52.56
04,120246191098590320,ACTIVE,400,54.2,2163,59,59,4,2,117.54
04,120248275852660561,ACTIVE,360,53.97,2026,47,52,1,2,99.93
04,120245823919130320,ACTIVE,360,53.09,2285,36,44,3,1,34.07
04,120239930892250650,ACTIVE,300,52.93000000000001,999,41,41,3,2,121.74000000000001
04,120241066464020065,ACTIVE,289,52.78,2252,39,37,3,1,49.52
04,120244234919350146,ACTIVE,500,51.56,1782,37,50,5,1,41.98
04,120246040085600751,ACTIVE,600,51.05,1439,36,42,6,2,61.25
04,120246221877410629,ACTIVE,335,50.23,1371,40,41,5,3,164.76999999999998
04,120248536188000100,ACTIVE,500,50.120000000000005,1378,44,46,7,3,143.29
04,120244745582820125,ACTIVE,800,49.95,1530,26,35,4,1,39.98
04,120246615285510642,ACTIVE,450,49.43,1614,31,37,0,0,0
04,120247547642310642,ACTIVE,750,48.81,839,17,21,2,0,0
04,120248207465980561,ACTIVE,360,48.5,1478,45,55,7,4,147.89
04,120244761352230455,ACTIVE,225,48.45,1568,39,37,4,1,60.41
04,120249433591590100,ACTIVE,300,48.41,1283,36,38,3,2,61.150000000000006
04,120246770835970175,ACTIVE,253,47.86,1377,37,42,2,0,0
04,120245833631150707,ACTIVE,450,47.06,1139,36,32,1,0,0
04,120242301213170065,ACTIVE,300,46.099999999999994,1459,17,21,2,0,0
04,120247813840340065,PAUSED,93,45.2,800,29,29,2,0,0
04,120249433591380100,ACTIVE,300,44.74,1213,36,35,3,1,38.17
04,120245250322490642,ACTIVE,650,44.43,936,17,19,3,1,37.95
04,120244431777030751,ACTIVE,1000,43.86,1844,44,60,13,5,219.54999999999998
04,120246643265130674,ACTIVE,200,43.61,1292,30,25,3,1,29.979999999999997
04,120247956340000389,ACTIVE,255,43.230000000000004,1889,45,49,2,0,0
04,120247849750130663,ACTIVE,401,42.98,780,37,47,2,1,39.620000000000005
04,120247438960760043,ACTIVE,320,42.66,650,17,15,2,1,25.98
04,120245400911130686,ACTIVE,80,42.42,2343,69,63,6,4,203.61
04,120247705045190564,ACTIVE,300,41.84,984,14,22,1,1,69.72000000000001
04,120249497563510589,ACTIVE,200,41.77,880,29,30,3,2,116.26999999999998
04,120244761350620455,ACTIVE,225,41.15,1174,24,19,2,1,60.410000000000004
04,120250895500810586,ACTIVE,300,40.300000000000004,1683,28,32,6,3,221.27
04,120247175023780065,ACTIVE,86,39.65,1006,26,26,3,1,29.98
04,120244895884300678,ACTIVE,104,39.45,553,9,13,1,1,57.98
04,120246242129020477,PAUSED,100,38.980000000000004,649,17,14,0,0,0
04,120251147479060709,ACTIVE,100,38.88999999999999,860,14,13,2,2,74.35000000000001
04,120256546977430586,ACTIVE,50,38.510000000000005,2237,38,37,3,2,78.35
04,120247479945600065,ACTIVE,300,38.440000000000005,1422,25,33,1,2,73.9
04,120244963676310686,ACTIVE,200,38.44,777,15,15,4,3,132.42
04,120243063569770146,ACTIVE,210,38.19,1625,32,42,4,1,106.71
04,120248229485400425,ACTIVE,600,37.900000000000006,1057,17,24,1,0,0
04,120252195344970054,ACTIVE,112,37.69,549,7,8,0,0,0
04,120240901145360175,ACTIVE,325,37.42,1327,34,32,2,2,66.89
04,120249005372660589,ACTIVE,89,37.28,766,16,16,3,2,59.959999999999994
04,120248326394610455,ACTIVE,100,37.010000000000005,1026,28,26,2,1,60.410000000000004
04,120240258763950179,ACTIVE,310,36.44,1976,33,38,3,2,96.34
04,120249120674110404,ACTIVE,300,36.08,720,34,31,1,0,0
04,120249115231040100,ACTIVE,227,35.99,1137,26,30,3,1,52.56
04,120246583047400674,ACTIVE,200,35.42,745,9,8,0,0,0
04,120247467570380455,ACTIVE,96,34.96000000000001,1051,28,34,2,0,0
04,120246299672700751,ACTIVE,300,34.65,1121,27,35,4,3,108.92
04,120247412626780168,PAUSED,100,34.47,828,17,13,0,0,0
04,120245435760750780,ACTIVE,200,34.46,602,20,18,1,0,0
04,120249286765290368,ACTIVE,200,34.39,1134,18,24,3,1,69.57
04,120246153345490650,PAUSED,125,34.39,385,17,15,0,0,0
04,120245706333540025,ACTIVE,220,34.269999999999996,491,18,20,4,3,181.41000000000003
04,120248922585490210,ACTIVE,200,34.2,1089,24,22,2,2,83.96000000000001
04,120250447770590013,ACTIVE,80,34.1,477,14,15,2,2,135.34
04,120247073165120090,ACTIVE,255,33.6,926,32,36,5,3,136.27
04,120249151139280057,ACTIVE,100,33.58,309,9,15,1,1,73.42
04,120246579308140453,ACTIVE,100,33.519999999999996,403,13,17,1,0,0
04,120246178929760752,ACTIVE,300,33.51,1138,34,39,5,2,53.96
04,120245380137820707,ACTIVE,320,33.5,839,25,22,2,1,22.979999999999997
04,120242031621370065,ACTIVE,229,33.309999999999995,979,13,13,4,0,0
04,120247612701680090,ACTIVE,124,32.46,714,22,19,1,1,62.39
04,120246024108390751,ACTIVE,500,32.38,845,28,31,3,0,0
04,120246153345400650,ACTIVE,125,32.35,449,23,20,2,0,0
04,120243772698800146,ACTIVE,210,31.340000000000003,1202,15,15,1,0,0
04,120244802271840788,ACTIVE,200,31.22,776,19,19,0,0,0
04,120246785226280564,ACTIVE,200,31.15,839,10,15,3,2,139.44
04,120248645284270152,ACTIVE,200,30.96,1488,21,28,2,0,0
04,120248955262440283,ACTIVE,100,30.810000000000002,803,17,14,0,0,0
04,120247547590960642,ACTIVE,320,30.61,688,17,16,0,0,0
04,120245980788570752,ACTIVE,300,30.61,1334,37,44,6,3,122.91
04,120247453929680065,PAUSED,77,30.56,884,10,8,0,0,0
04,120245010386240709,ACTIVE,100,30.169999999999995,601,11,13,2,0,0
04,120245286882710686,ACTIVE,50,30.150000000000002,317,10,9,2,1,51.22
04,120248490880410455,ACTIVE,134,30.069999999999997,782,14,14,1,1,60.410000000000004
04,120243593808880146,ACTIVE,300,29.92,904,15,14,1,1,106.71000000000001
04,120252195345190054,ACTIVE,112,29.86,666,10,11,0,0,0
04,120249286682560368,ACTIVE,300,29.549999999999997,994,24,25,3,1,38.98
04,120246369904900032,ACTIVE,200,29.31,875,30,32,2,2,44.8
04,120243466971930678,ACTIVE,100,29.229999999999997,572,13,14,2,1,39.98
04,120255653285300586,PAUSED,50,29.22,633,13,7,3,1,68.56
04,120247391144430509,ACTIVE,200,29.17,1141,26,33,0,0,0
04,120246710213420090,ACTIVE,225,29.010000000000005,794,19,22,0,0,0
04,120248863886910695,ACTIVE,132,28.7,650,12,14,1,0,0
04,120248288633070389,ACTIVE,70,28.63,734,23,24,1,1,62.88999999999999
04,120247280578260065,ACTIVE,200,28.619999999999997,743,13,14,1,1,36.95
04,120247612701760090,PAUSED,124,28.549999999999997,668,18,17,2,0,0
04,120248622152780695,ACTIVE,188,28.53,941,11,13,1,0,0
04,120248681019100152,ACTIVE,166,28.499999999999996,1363,25,29,0,0,0
04,120244895884170678,ACTIVE,104,28.490000000000002,425,14,13,2,1,57.980000000000004
04,120246697447950610,ACTIVE,80,28.37,325,12,9,0,0,0
04,120246701172120677,ACTIVE,124,28.23,677,11,12,4,3,208.41
04,120245899907890065,ACTIVE,115,28.009999999999998,475,18,17,2,1,29.98
04,120257647437950586,ACTIVE,50,27.79,696,13,12,1,0,0
04,120247558121560065,ACTIVE,50,27.73,617,11,10,2,1,101.24
04,23857731004200794,ACTIVE,100,27.62,292,5,5,1,0,0
04,120243227249480177,ACTIVE,50,27.6,497,12,11,2,1,29.979999999999997
04,120248384078410455,ACTIVE,67,27.499999999999996,620,19,17,1,0,0
04,120248082904020663,ACTIVE,250,27.49,452,11,11,1,1,37.980000000000004
04,120247942948440065,PAUSED,93,27.400000000000002,617,10,8,2,2,79.5
04,120244880653330686,ACTIVE,50,27.32,516,20,22,2,2,81.2
04,120245937398200177,ACTIVE,100,27.29,565,15,20,2,1,51.21
04,120250413795110709,ACTIVE,100,27.18,652,16,18,0,0,0
04,120248204610010425,ACTIVE,190,27.18,795,18,20,4,0,0
04,120245044044890686,ACTIVE,50,27.060000000000002,398,10,7,1,1,51.22
04,120245972443720177,PAUSED,90,26.97,549,15,15,0,0,0
04,120246599961620214,ACTIVE,160,26.96,762,24,26,1,1,21.97
04,120249115230940100,ACTIVE,50,26.95,705,28,23,3,1,52.559999999999995
04,120248072969230389,ACTIVE,136,26.78,1139,19,24,4,1,21.87
04,120245706333590025,ACTIVE,100,26.67,384,11,14,0,0,0
04,120247378425210561,ACTIVE,180,26.669999999999998,953,29,30,7,2,115.92
04,120248490880340455,ACTIVE,134,26.34,694,18,15,2,1,106.83
04,120245119189080630,ACTIVE,165,26.33,901,15,17,1,0,0
04,120245097017710677,ACTIVE,100,26.31,577,7,8,0,0,0
04,120245401719830686,ACTIVE,100,26.28,368,8,9,1,2,83.49000000000001
04,120244070206100125,ACTIVE,150,26.279999999999998,807,18,14,2,1,97.71
04,120245201694370686,ACTIVE,50,26.1,498,7,9,0,0,0
04,120247641474220509,ACTIVE,80,25.990000000000002,566,15,11,1,1,29.98
04,120248455821250455,ACTIVE,135,25.99,740,20,24,1,0,0
04,120243843991710129,ACTIVE,100,25.939999999999998,1035,27,24,1,0,0
04,120248384078440455,ACTIVE,67,25.89,841,17,17,2,1,34.95
04,120247322669120509,ACTIVE,200,25.809999999999995,811,20,18,1,0,0
04,120247324556450065,ACTIVE,50,25.78,441,12,13,0,0,0
04,120246586669350241,ACTIVE,200,25.66,1261,4,10,0,0,0
04,120245972443760177,PAUSED,90,25.55,516,11,10,1,0,0
04,120247392329370509,ACTIVE,200,25.43,973,20,24,1,1,61.03
04,120247868045210695,ACTIVE,300,25.369999999999997,839,14,18,2,1,37.98
04,120249512408860725,ACTIVE,100,25.33,1122,17,18,1,1,68.56
04,120251239771420586,ACTIVE,69,25.060000000000002,837,21,22,1,0,0
04,120247066337480477,ACTIVE,90,25.02,335,7,10,1,1,29.979999999999997
04,120246381767620032,ACTIVE,200,25.009999999999998,671,23,21,4,2,71.4
04,120248416194170455,ACTIVE,133,25,711,14,11,1,0,0
04,120248218451590126,ACTIVE,89,24.98,593,18,19,3,1,29.98
04,120248162820950389,ACTIVE,100,24.96,1839,38,41,2,0,0
04,120246178825710752,ACTIVE,100,24.950000000000003,589,11,10,0,0,0
04,120248502435950168,ACTIVE,90,24.93,431,10,12,0,0,0
04,120249512321840725,ACTIVE,100,24.919999999999998,1812,34,33,2,0,0
04,120248253157450544,ACTIVE,80,24.9,545,13,13,0,0,0
04,120249974735370653,ACTIVE,80,24.78,317,10,8,1,0,0
04,120248321721850561,ACTIVE,150,24.759999999999998,837,20,20,3,0,0
04,120248248056550462,ACTIVE,92,24.74,357,11,12,1,0,0
04,120244017128390686,ACTIVE,50,24.72,578,12,14,2,0,0
04,120251147479130709,ACTIVE,100,24.67,637,13,15,0,0,0
04,120245403173560686,ACTIVE,80,24.65,355,10,10,2,1,89.95
04,120249352629920127,ACTIVE,100,24.63,233,13,13,0,0,0
04,120252136292710054,ACTIVE,100,24.63,591,10,11,1,1,53.220000000000006
04,120248415697400455,ACTIVE,125,24.590000000000003,650,19,19,2,1,106.83
04,120249283732990100,ACTIVE,140,24.53,743,21,20,2,1,38.17
04,120247193573040509,ACTIVE,200,24.439999999999998,821,11,12,0,0,0
04,120244965177310686,ACTIVE,50,24.43,432,13,14,1,1,31.22
04,120248089909250065,PAUSED,92,24.42,484,11,8,0,0,0
04,120257359768220586,ACTIVE,50,24.380000000000003,706,10,13,0,0,0
04,120245514271740065,ACTIVE,115,24.38,448,13,15,2,2,59.96
04,120249498266450589,ACTIVE,100,24.36,543,8,9,1,1,29.98
04,120245487786040032,ACTIVE,64,24.259999999999998,580,18,17,3,1,62.86
04,120242746886630788,ACTIVE,200,24.23,434,12,12,3,1,65.95
04,120248378850380425,ACTIVE,136,24.15,378,4,4,0,0,0
04,120252072716270054,ACTIVE,80,23.97,547,16,16,2,0,0
04,120246701172200677,ACTIVE,124,23.91,665,10,12,1,1,70.02
04,120248490741000152,ACTIVE,100,23.779999999999998,975,19,19,0,0,0
04,120251430724110404,ACTIVE,90,23.770000000000003,370,11,9,0,0,0
04,120245044044870686,ACTIVE,50,23.689999999999998,374,8,7,3,1,29.980000000000004
04,120244349822900686,ACTIVE,50,23.659999999999997,453,15,15,3,2,59.96000000000001
04,120245832936950630,ACTIVE,93,23.64,576,28,28,5,2,59.96
04,120246946458510629,ACTIVE,170,23.62,568,10,13,0,0,0
04,120244008701890129,ACTIVE,100,23.46,597,14,15,0,0,0
04,120245400884170686,ACTIVE,80,23.41,383,12,10,1,0,0
04,120244428953840686,ACTIVE,50,23.41,544,14,13,0,0,0
04,120246465900910677,ACTIVE,100,23.3,445,9,8,1,1,41.98
04,120245514271720065,ACTIVE,115,23.22,434,17,20,0,0,0
04,120249985748090577,ACTIVE,101,23.22,540,20,18,0,0,0
04,120246570408620477,ACTIVE,100,23.15,347,14,15,2,0,0
04,120249974735390653,ACTIVE,80,23.060000000000002,388,9,9,0,0,0
04,120244164741800146,ACTIVE,149,23,703,17,15,3,1,75.21
04,120245400790120686,ACTIVE,80,22.93,312,2,2,0,0,0
04,120249251074290319,ACTIVE,120,22.9,694,10,14,0,0,0
04,120244428953860686,ACTIVE,50,22.89,428,8,7,1,0,0
04,120244008702660129,ACTIVE,100,22.84,513,10,10,2,0,0
04,120247624149520509,ACTIVE,102,22.83,742,20,15,3,3,214.4
04,120244171016080129,ACTIVE,120,22.77,780,20,22,3,1,96.22
04,120250333835580577,ACTIVE,100,22.64,476,11,11,1,0,0
04,120246624479910241,ACTIVE,129,22.64,1425,22,23,2,1,41.98
04,120252090439270054,ACTIVE,100,22.43,476,15,13,1,0,0
04,120248378850330425,ACTIVE,136,22.410000000000004,352,7,9,0,0,0
04,120248012782330065,PAUSED,93,22.41,625,15,14,1,0,0
04,120245403173590686,ACTIVE,80,22.41,376,9,10,2,1,29.98
04,120249564842700589,ACTIVE,98,22.28,529,8,10,1,0,0
04,120246862640090069,ACTIVE,100,22.279999999999998,435,6,6,0,0,0
04,120246785028940564,ACTIVE,170,22.15,577,9,7,0,0,0
04,120247199911460090,ACTIVE,100,22.11,569,17,20,3,2,124.77999999999999
04,120243458344350129,ACTIVE,120,22.07,894,27,25,2,2,164.59
04,120245608347680133,ACTIVE,260,22.01,342,12,14,2,2,75.96000000000001
04,120235336090360210,ACTIVE,200,22,454,17,16,1,1,97.96
04,120245840085750780,ACTIVE,80,21.96,346,11,10,3,3,140.9
04,120252221102630054,ACTIVE,100,21.92,342,6,6,0,0,0
04,120246702062450674,ACTIVE,100,21.910000000000004,555,8,9,0,0,0
04,120247438813810043,ACTIVE,200,21.91,346,15,17,2,0,0
04,120249412510510100,ACTIVE,100,21.86,645,18,19,1,0,0
04,120252218143240054,ACTIVE,100,21.78,486,9,11,2,1,31.98
04,120247865520180544,ACTIVE,80,21.72,491,11,11,1,0,0
04,120245736523970177,ACTIVE,100,21.66,452,11,10,3,3,112.42000000000002
04,120246299721480751,ACTIVE,325,21.63,509,17,22,0,0,0
04,120247634863390564,ACTIVE,170,21.6,543,12,12,2,1,69.71000000000001
04,120249412510530100,ACTIVE,135,21.57,726,17,19,2,0,0
04,120242847129030686,ACTIVE,100,21.5,428,8,11,2,1,51.220000000000006
04,120249347498540100,ACTIVE,136,21.2,769,15,16,2,2,177.06
04,120245045512490686,ACTIVE,80,21.19,308,8,7,1,0,0
04,120248703982740229,ACTIVE,108,21.12,561,17,15,2,1,49.97
04,120248025748300126,ACTIVE,50,21.08,708,11,11,1,1,51.22
04,120247617708360090,ACTIVE,80,21.07,316,13,11,1,0,0
04,120245847712420650,ACTIVE,100,21.03,383,14,14,1,1,34.98
04,120244034916020436,ACTIVE,155,21,791,12,12,1,1,41.98
04,120245899907660065,ACTIVE,115,20.950000000000003,388,9,10,0,0,0
04,120249316661270663,ACTIVE,80,20.91,374,16,14,0,0,0
04,120249088233310651,ACTIVE,150,20.77,392,13,13,1,0,0
04,120248823290310722,ACTIVE,80,20.740000000000002,345,17,17,2,1,22.979999999999997
04,120248085583660127,ACTIVE,100,20.73,211,9,9,0,0,0
04,120248386305620455,ACTIVE,50,20.58,533,7,8,0,0,0
04,120247139480370564,PAUSED,170,20.509999999999998,352,8,7,1,0,0
04,120248359442970589,ACTIVE,200,20.490000000000002,670,9,9,4,3,129.01999999999998
04,120247971255740065,ACTIVE,200,20.49,749,19,16,2,1,63.91
04,120246962698770090,ACTIVE,425,20.43,563,19,26,2,0,0
04,120245286882760686,ACTIVE,50,20.4,266,2,1,0,0,0
04,120248371396300544,ACTIVE,80,20.380000000000003,365,9,9,1,1,47.52
04,120247501239270509,ACTIVE,500,20.25,1011,13,15,0,0,0
04,120244367774220146,ACTIVE,100,20.22,429,13,17,5,2,83.96000000000001
04,120246733877000065,ACTIVE,80,20.18,433,13,11,1,0,0
04,120247624135200509,ACTIVE,102,20.17,634,11,12,1,0,0
04,120244349823030686,ACTIVE,50,20.16,377,14,14,1,1,29.979999999999997
04,120246309078080032,ACTIVE,200,20.12,612,17,16,1,1,45.87
04,120247114934220455,ACTIVE,120,20,362,18,21,2,1,60.41
04,120244367578550146,ACTIVE,100,19.96,387,13,17,0,0,0
04,120245401719840686,ACTIVE,100,19.96,308,15,13,1,1,51.22
04,120245339156780686,ACTIVE,80,19.880000000000003,298,8,8,1,0,0
04,120249834678870247,ACTIVE,100,19.839999999999996,333,9,7,0,0,0
04,120249568875230589,ACTIVE,100,19.82,383,10,9,1,0,0
04,120244367965900146,ACTIVE,100,19.79,401,11,12,3,3,125.93999999999998
04,120250447799950013,ACTIVE,80,19.66,327,14,15,0,0,0
04,120250501589950722,ACTIVE,80,19.64,347,12,13,0,0,0
04,120246508713670320,ACTIVE,109,19.61,604,25,22,3,2,140.79
04,120249672773520589,ACTIVE,97,19.560000000000002,531,8,10,0,0,0
04,120246753252310674,ACTIVE,80,19.5,267,5,6,0,0,0
04,120246624479580241,ACTIVE,129,19.47,1250,26,26,1,0,0
04,120247534964830642,ACTIVE,100,19.44,309,11,14,1,1,37.95
04,120248288633270389,ACTIVE,100,19.41,678,20,18,2,1,46.41
04,23857731004250794,ACTIVE,100,19.41,250,8,8,0,0,0
04,120244823852370686,ACTIVE,100,19.38,330,9,9,2,1,71.21
04,120247059696240214,ACTIVE,120,19.38,602,17,16,2,2,46.93999999999999
04,120245063703470133,ACTIVE,180,19.310000000000002,534,21,21,2,0,0
04,120244374958140146,ACTIVE,100,19.28,546,17,14,3,1,106.71000000000001
04,120249283733020100,ACTIVE,100,19.259999999999998,517,13,15,1,0,0
04,120247040711430629,ACTIVE,100,19.22,539,14,15,0,0,0
04,120247375816630090,ACTIVE,80,19.17,210,7,6,0,0,0
04,120248470325670561,ACTIVE,100,19.16,373,10,16,0,0,0
04,120248923191120589,ACTIVE,100,19.16,382,5,7,1,1,49.519999999999996
04,120244374958390146,ACTIVE,100,19.14,700,9,10,0,0,0
04,120246508713630320,ACTIVE,109,19.13,670,10,11,0,0,0
04,120248337451970425,ACTIVE,200,19.07,630,16,17,1,0,0
04,120248151239370425,ACTIVE,200,19.039999999999996,327,6,7,1,0,0
04,120245848127430707,ACTIVE,300,19,510,24,28,1,1,50.96
04,120248880534940100,ACTIVE,100,18.97,535,14,18,1,0,0
04,120248889583930116,ACTIVE,71,18.93,356,6,10,0,0,0
04,120246437959560241,ACTIVE,180,18.909999999999997,1033,12,13,0,0,0
04,120249672773570589,ACTIVE,97,18.9,403,11,12,3,2,59.96
04,120245861174350177,ACTIVE,100,18.9,429,14,12,0,0,0
04,120246870229730642,ACTIVE,50,18.81,502,4,4,0,0,0
04,120246493383140032,PAUSED,75,18.79,229,9,7,1,1,45.87
04,120249300729750589,ACTIVE,100,18.72,458,4,6,1,1,101.24000000000001
04,120248772494200152,ACTIVE,95,18.69,687,12,11,0,0,0
04,120246643142900065,ACTIVE,100,18.58,501,11,11,1,0,0
04,120243844678990129,ACTIVE,120,18.5,742,21,20,1,1,68.38
04,120246330272670320,ACTIVE,109,18.5,477,11,10,0,0,0
04,120249013372050100,ACTIVE,100,18.439999999999998,392,14,14,1,1,38.17
04,120248248634970455,ACTIVE,50,18.39,227,14,15,0,0,0
04,120254678507630197,ACTIVE,80,18.35,389,5,7,1,1,29.98
04,120248358214470469,ACTIVE,80,18.33,367,8,10,1,1,86.55
04,120248459419470469,ACTIVE,100,18.3,519,10,10,1,0,0
04,120248466107650695,ACTIVE,112,18.29,532,13,15,2,0,0
04,120246733902040065,ACTIVE,80,18.189999999999998,388,6,7,0,0,0
04,120246462278440707,ACTIVE,83,18.18,365,16,15,1,0,0
04,120247500391620043,ACTIVE,80,18.18,280,9,12,1,1,25.98
04,120248137514550561,ACTIVE,100,18.08,645,10,11,2,1,57.96
04,120241972248380630,ACTIVE,118,18.07,558,15,20,0,0,0
04,120248443467340561,ACTIVE,87,18.04,429,13,11,2,2,49.959999999999994
04,120251977585510210,ACTIVE,111,18.03,401,7,8,1,0,0
04,120246773871680629,ACTIVE,100,18.02,334,7,7,2,0,0
04,120245840085840780,ACTIVE,80,18.009999999999998,422,12,8,3,0,0
04,120246468260540320,ACTIVE,109,17.970000000000002,690,19,22,2,1,34.07
04,120246526262050752,ACTIVE,73,17.939999999999998,590,14,13,2,1,40.97
04,120246257869250707,ACTIVE,126,17.939999999999998,439,20,19,2,1,37.37
04,120246697447920610,ACTIVE,80,17.9,255,9,8,2,0,0
04,120245286173130686,ACTIVE,80,17.88,299,12,13,2,0,0
04,120248089909210065,ACTIVE,92,17.87,495,16,13,1,1,49.52
04,120235701428400210,ACTIVE,200,17.85,454,10,17,0,0,0
04,120245990795590533,ACTIVE,100,17.839999999999996,688,14,16,2,0,0
04,120246526261990752,ACTIVE,73,17.8,571,12,12,3,0,0
04,120245283264760677,ACTIVE,115,17.79,976,13,13,3,2,140.04
04,120247000863930069,ACTIVE,100,17.79,284,5,6,2,1,35.980000000000004
04,120244366218760146,ACTIVE,100,17.78,377,9,5,0,0,0
04,120245823079650320,ACTIVE,100,17.759999999999998,491,10,9,0,0,0
04,120249550517750100,ACTIVE,92,17.75,397,9,9,2,1,22.98
04,120249711938850319,ACTIVE,100,17.71,588,12,13,1,0,0
04,120245400830030686,ACTIVE,80,17.68,322,3,2,1,0,0
04,120244164847370788,ACTIVE,85,17.58,294,12,9,1,1,92.3
04,120249613746370589,ACTIVE,98,17.54,462,10,12,0,0,0
04,120245490989600133,ACTIVE,100,17.52,252,12,13,1,0,0
04,120245685799910707,ACTIVE,100,17.45,369,17,15,5,1,22.98
04,120246382556450462,ACTIVE,100,17.37,298,8,10,2,2,124.95
04,120248540698960725,ACTIVE,100,17.26,253,4,6,1,0,0
04,120247974813980642,ACTIVE,100,17.26,522,15,15,2,1,65.95
04,120244367774160146,ACTIVE,100,17.19,404,9,11,0,0,0
04,120242884733810358,ACTIVE,100,17.169999999999998,425,11,17,1,0,0
04,120248574839550695,ACTIVE,250,17.14,532,15,17,0,0,0
04,120245286173120686,ACTIVE,80,17.11,271,7,7,1,0,0
04,120249534302910127,ACTIVE,100,17.11,230,13,16,0,0,0
04,120250447799910013,PAUSED,80,17.11,198,8,6,0,0,0
04,120248252688100544,ACTIVE,100,17.060000000000002,471,5,7,1,0,0
04,120247815782080642,ACTIVE,100,17,273,8,9,1,0,0
04,120248592991440389,ACTIVE,80,16.98,678,22,22,0,0,0
04,120248455212780455,ACTIVE,123,16.98,677,9,10,0,0,0
04,120248502435680168,ACTIVE,90,16.97,393,10,10,0,0,0
04,120248764599250589,ACTIVE,100,16.96,376,5,5,1,0,0
04,120250554304290404,ACTIVE,200,16.93,229,2,4,0,0,0
04,120248337634670425,ACTIVE,150,16.91,265,12,10,2,1,69.67
04,120244906297410788,ACTIVE,85,16.9,202,7,8,3,3,169.85000000000002
04,120247506187690509,ACTIVE,52,16.740000000000002,696,16,15,1,1,34.98
04,120245460221520177,ACTIVE,100,16.68,254,9,9,1,1,51.22
04,120250558406210368,ACTIVE,86,16.580000000000002,624,6,5,1,0,0
04,120243929504820146,ACTIVE,100,16.53,502,14,16,2,1,41.980000000000004
04,120246787004190097,ACTIVE,90,16.5,585,12,13,2,1,63.470000000000006
04,120250086384210057,ACTIVE,100,16.49,196,21,21,2,2,144.99
04,120246670033370677,ACTIVE,300,16.44,576,4,10,1,1,150.96
04,120247954410960425,ACTIVE,50,16.41,250,8,7,0,0,0
04,120248737641880722,ACTIVE,80,16.41,385,11,13,1,0,0
04,120247622109160509,ACTIVE,100,16.4,566,9,10,2,3,188.91
04,120248455212740455,ACTIVE,123,16.380000000000003,608,16,14,2,0,0
04,120246819645500629,ACTIVE,100,16.36,471,15,13,0,0,0
04,120247026467610090,ACTIVE,50,16.35,321,16,15,1,0,0
04,120244076954630146,ACTIVE,100,16.33,417,15,16,2,1,75.22
04,120249105110140210,ACTIVE,132,16.32,439,14,15,1,0,0
04,120246104095060650,ACTIVE,126,16.32,237,8,7,1,0,0
04,120246410881630707,ACTIVE,82,16.3,373,5,5,0,0,0
04,120250447831800013,ACTIVE,80,16.27,222,6,7,1,1,67.67
04,120247059710630214,ACTIVE,120,16.240000000000002,348,6,8,1,0,0
04,120243951377020125,ACTIVE,150,16.24,461,15,17,2,1,69.72
04,120245241360310455,ACTIVE,100,16.21,685,14,15,0,0,0
04,120249513426150725,ACTIVE,100,16.17,388,7,5,1,0,0
04,120245880144290630,ACTIVE,80,16.090000000000003,478,21,19,3,1,29.979999999999997
04,23857646023590799,ACTIVE,60,16.05,165,5,5,0,0,0
04,120249824676430057,ACTIVE,100,16.02,141,8,11,0,0,0
04,120246399807540674,ACTIVE,80,16.01,426,10,9,0,0,0
04,120244967217480436,ACTIVE,100,16,577,14,13,0,0,0
04,120246631635420097,PAUSED,80,15.969999999999999,514,9,9,0,0,0
04,120245049415260032,ACTIVE,200,15.94,558,10,10,0,0,0
04,120244823852300686,ACTIVE,100,15.879999999999999,308,10,10,0,0,0
04,120249711938840319,ACTIVE,100,15.86,418,5,7,1,0,0
04,120249177582810064,ACTIVE,100,15.82,251,5,9,1,0,0
04,120246753252260674,ACTIVE,80,15.799999999999999,354,9,9,1,0,0
04,120247500326650043,PAUSED,80,15.78,234,3,3,1,1,27.979999999999997
04,120247508005810509,ACTIVE,100,15.719999999999999,397,4,4,1,0,0
04,120247622109170509,ACTIVE,100,15.719999999999999,427,10,9,0,0,0
04,120250447771000013,ACTIVE,80,15.68,264,8,9,0,0,0
04,120251292838090427,ACTIVE,100,15.64,414,10,11,1,0,0
04,120249512448270725,ACTIVE,100,15.58,307,4,6,0,0,0
04,120245738102920780,ACTIVE,80,15.57,369,10,12,1,1,42.97
04,120248726537670152,ACTIVE,99,15.57,653,13,11,1,0,0
04,120243772698880146,ACTIVE,100,15.54,624,15,20,2,0,0
04,120244761515050455,ACTIVE,135,15.45,464,11,13,1,1,84.37
04,120247620997050509,ACTIVE,100,15.41,527,10,10,1,0,0
04,120248082904030663,ACTIVE,150,15.39,232,8,9,1,1,37.980000000000004
04,120244368121240146,ACTIVE,100,15.34,438,9,10,1,1,75.22
04,120247500490240043,ACTIVE,80,15.34,243,6,9,2,0,0
04,120244486414960436,ACTIVE,100,15.330000000000002,626,15,14,0,1,129.45999999999998
04,120245031811820436,ACTIVE,116,15.309999999999999,554,12,11,0,0,0
04,120242700474080358,ACTIVE,100,15.3,223,11,9,1,0,0
04,120245045578670686,ACTIVE,80,15.27,413,8,7,2,0,0
04,120249512447950725,ACTIVE,100,15.21,413,6,10,1,0,0
04,120244164741820146,ACTIVE,100,15.189999999999998,417,11,13,1,0,0
04,120248923191070589,ACTIVE,100,15.18,298,6,8,0,0,0
04,120250790045220586,ACTIVE,150,15.16,661,15,13,1,1,28.98
04,120247645229990642,ACTIVE,100,15.16,305,11,7,1,0,0
04,120244366908710146,ACTIVE,100,15.13,324,9,11,1,0,0
04,120249186775450116,ACTIVE,100,15.120000000000001,218,7,7,1,1,123.93
04,120249512345290725,ACTIVE,100,15.12,272,10,10,3,2,171.9
04,120248862675940229,ACTIVE,85,15.11,360,12,15,4,3,120.92
04,120250414826920577,ACTIVE,100,15.1,355,13,13,2,0,0
04,120248481753540389,ACTIVE,100,15.09,350,16,17,1,0,0
04,120246330272120320,ACTIVE,100,15.069999999999999,503,12,13,0,0,0
04,120257843668740586,ACTIVE,100,15.06,523,5,7,2,1,28.98
04,120244006723720129,ACTIVE,120,15.010000000000002,489,11,18,0,0,0
04,120251979298110210,ACTIVE,50,14.98,252,6,5,1,0,0
04,120246674923260175,ACTIVE,100,14.96,367,11,11,3,2,82.84
04,120249513426060725,ACTIVE,100,14.96,257,2,2,1,1,118.93
04,120246299672740751,ACTIVE,195,14.96,647,7,14,3,1,22.98
04,120248443467260561,ACTIVE,87,14.89,379,8,6,0,0,0
04,120247292031280175,ACTIVE,86,14.830000000000002,523,11,8,1,1,24.96
04,120246471244780065,ACTIVE,135,14.790000000000001,420,11,13,3,2,117.42000000000002
04,120246733901990065,ACTIVE,80,14.790000000000001,263,12,12,1,1,67.91
04,120247505683080509,ACTIVE,80,14.79,264,7,8,2,0,0
04,120244418309490436,ACTIVE,100,14.75,605,9,10,0,0,0
04,120246024108440751,ACTIVE,195,14.739999999999998,373,10,15,0,0,0
04,120248573692120695,ACTIVE,120,14.68,407,4,3,1,1,92.41
04,120247485225890126,ACTIVE,80,14.66,587,20,20,3,0,0
04,120251769553160054,ACTIVE,73,14.639999999999999,244,3,2,0,0,0
04,120246731736950097,ACTIVE,80,14.629999999999999,535,11,13,2,1,63.47
04,120246733876960065,ACTIVE,80,14.61,242,6,8,0,0,0
04,120244824582450436,ACTIVE,100,14.56,503,12,10,0,0,0
04,120246377047690097,ACTIVE,80,14.51,594,9,16,0,0,0
04,120249975165650653,ACTIVE,80,14.48,320,9,8,1,0,0
04,120247970574920126,ACTIVE,80,14.47,396,4,4,0,0,0
04,120248737641910722,ACTIVE,68,14.41,274,4,5,1,1,22.979999999999997
04,120247220172900175,ACTIVE,87,14.370000000000001,385,9,11,1,0,0
04,120244153272430146,ACTIVE,100,14.36,311,10,8,2,1,41.98
04,120246270264070320,ACTIVE,200,14.34,488,13,11,1,1,58.769999999999996
04,120246299721450751,ACTIVE,195,14.34,369,6,8,1,1,22.98
04,120248955262410283,ACTIVE,100,14.32,478,11,10,1,0,0
04,120244480112510436,ACTIVE,100,14.259999999999998,612,13,12,1,1,71.62
04,120244761582650436,ACTIVE,100,14.25,591,10,11,2,1,68.22
04,120248783564770229,ACTIVE,152,14.04,318,19,19,0,0,0
04,120249449512030725,ACTIVE,100,14.03,437,14,13,1,1,49.37
04,120247620959470509,ACTIVE,100,14.01,479,6,7,1,1,63.47
04,120247623540580509,ACTIVE,104,13.95,452,10,11,1,0,0
04,120251769553070054,ACTIVE,110,13.95,403,2,1,0,0,0
04,120243144633320146,ACTIVE,100,13.920000000000002,365,13,13,1,0,0
04,120244367965850146,ACTIVE,100,13.870000000000001,360,7,8,1,0,0
04,120247620944900509,ACTIVE,100,13.86,626,11,11,2,1,34.98
04,120246773871740629,ACTIVE,100,13.85,267,5,7,1,0,0
04,120245995414780177,ACTIVE,100,13.83,270,9,12,0,0,0
04,120247641474120509,ACTIVE,80,13.82,276,7,6,1,0,0
04,120247245979210389,ACTIVE,100,13.809999999999999,485,26,23,2,1,46.410000000000004
04,120254529951780197,ACTIVE,80,13.790000000000001,318,6,8,1,1,66.22
04,120249613746340589,ACTIVE,98,13.77,297,8,9,1,1,49.51
04,120247312196970090,ACTIVE,100,13.77,287,17,17,3,2,172.70000000000002
04,120244368121860146,ACTIVE,100,13.760000000000002,346,13,14,1,1,41.98
04,120251292838130427,ACTIVE,100,13.74,445,4,5,0,0,0
04,120248040060750126,ACTIVE,80,13.719999999999999,419,14,10,1,1,51.21
04,120249498623060100,ACTIVE,91,13.69,428,11,11,2,1,52.56
04,120244367850510146,ACTIVE,100,13.59,332,6,6,1,1,41.980000000000004
04,120242694742870146,ACTIVE,224,13.53,379,8,8,1,1,106.71
04,120245602350460032,ACTIVE,100,13.52,430,8,9,0,0,0
04,120250418030620577,ACTIVE,100,13.52,283,5,9,2,0,0
04,120247195869560175,ACTIVE,125,13.52,551,13,15,1,1,57.88
04,120245832936880630,ACTIVE,66,13.510000000000002,337,13,11,1,0,0
04,120246579308100453,ACTIVE,100,13.45,190,7,7,0,0,0
04,120246286465380752,ACTIVE,100,13.44,395,6,8,3,1,40.970000000000006
04,120249709883650577,ACTIVE,100,13.43,313,15,14,0,0,0
04,120244369557230146,ACTIVE,100,13.4,279,7,6,1,0,0
04,120243844958690129,ACTIVE,100,13.370000000000001,471,11,13,1,1,42.980000000000004
04,120252221122470054,ACTIVE,100,13.36,330,10,8,0,0,0
04,120247311646990509,ACTIVE,100,13.3,629,15,16,3,1,66.36999999999999
04,120243205951310642,ACTIVE,100,13.26,368,4,7,0,0,0
04,120243458344240129,ACTIVE,100,13.25,525,7,8,1,0,0
04,120247059696170214,ACTIVE,120,13.25,323,10,13,3,2,79.91
04,120245833042190630,ACTIVE,58,13.219999999999999,309,6,8,1,1,49.97
04,120245339157220686,ACTIVE,80,13.2,195,5,2,0,0,0
04,120246709429840674,ACTIVE,100,13.2,346,10,12,0,0,0
04,120245038475150436,ACTIVE,100,13.190000000000001,592,14,15,1,0,0
04,120243734466660129,ACTIVE,120,13.07,594,8,12,4,1,66.47999999999999
04,120247568068640509,ACTIVE,100,13.059999999999999,598,14,13,0,0,0
04,120247860181220455,ACTIVE,223,13.04,399,7,7,0,0,0
04,120244367493360146,ACTIVE,100,13.02,283,6,6,0,0,0
04,120245612998430455,ACTIVE,100,13.010000000000002,320,16,20,1,0,0
04,120249360920670725,ACTIVE,200,12.940000000000001,244,5,4,0,1,28.98
04,120244761869100436,ACTIVE,100,12.93,552,8,8,0,0,0
04,120251335420250651,ACTIVE,80,12.93,232,5,6,0,0,0
04,120247500490160043,PAUSED,80,12.84,173,6,6,0,0,0
04,120244367850560146,ACTIVE,100,12.83,430,6,6,0,0,0
04,120247617292450090,PAUSED,60,12.809999999999999,153,4,5,0,0,0
04,120248318269050152,ACTIVE,120,12.79,538,8,11,0,0,0
04,120251423402300404,ACTIVE,50,12.77,171,5,7,0,0,0
04,120246792247710097,PAUSED,80,12.7,619,8,7,0,0,0
04,120245750558170707,ACTIVE,100,12.7,338,12,13,0,0,0
04,120246415849650214,ACTIVE,120,12.7,235,5,6,1,1,46.690000000000005
04,120248504815070469,ACTIVE,80,12.69,267,8,7,1,0,0
04,120252152736310054,ACTIVE,100,12.64,302,2,4,0,0,0
04,120250558406540368,ACTIVE,86,12.63,386,6,5,0,0,0
04,120244367125760146,ACTIVE,100,12.610000000000001,238,4,5,0,0,0
04,120245004525000780,ACTIVE,100,12.6,241,8,7,0,0,0
04,120257759476400586,ACTIVE,30,12.599999999999998,265,5,5,0,0,0
04,120251423291250404,ACTIVE,50,12.579999999999998,221,4,7,0,0,0
04,120248557488550695,ACTIVE,150,12.57,583,4,7,0,0,0
04,120250086421190057,ACTIVE,100,12.549999999999999,106,5,6,0,0,0
04,23857651647810799,ACTIVE,100,12.52,202,2,1,0,0,0
04,120245284052330686,ACTIVE,80,12.510000000000002,261,7,7,0,0,0
04,120244794017770320,ACTIVE,360,12.45,479,11,11,1,0,0
04,120249512381350725,ACTIVE,100,12.41,468,4,4,0,0,0
04,120249511921620725,ACTIVE,100,12.41,294,7,6,1,0,0
04,120248072969470389,ACTIVE,100,12.38,430,15,16,5,2,92.81
04,120245251316060477,ACTIVE,100,12.34,215,10,12,1,1,51.22
04,120246338247960241,ACTIVE,100,12.299999999999997,410,11,10,2,1,72.12
04,120241067387190788,ACTIVE,50,12.290000000000001,247,4,4,0,0,0
04,120235701428420210,ACTIVE,200,12.280000000000001,327,7,10,2,0,0
04,120249550517720100,ACTIVE,92,12.25,288,7,8,0,0,0
04,120251979136820210,ACTIVE,50,12.23,257,2,3,0,0,0
04,120251335420440651,ACTIVE,80,12.18,273,3,6,1,0,0
04,120247767157610303,ACTIVE,68,12.15,229,8,9,0,0,0
04,6991696263026,ACTIVE,50,12.13,218,3,3,1,0,0
04,120247568013690509,ACTIVE,100,12.120000000000001,518,11,11,1,1,34.98
04,120246471244730065,ACTIVE,135,12.100000000000001,386,13,12,0,0,0
04,120247445070120291,ACTIVE,80,12.08,199,6,7,0,0,0
04,120247026467550090,ACTIVE,100,12.07,251,9,7,0,0,0
04,120249975165620653,ACTIVE,80,11.98,280,7,8,1,1,67.06
04,120245832907210630,ACTIVE,80,11.95,326,11,11,3,1,24.98
04,120244581910350686,ACTIVE,80,11.93,137,4,4,0,0,0
04,120244486325980436,ACTIVE,100,11.870000000000001,470,14,13,0,0,0
04,120248302912110389,ACTIVE,100,11.87,242,6,13,0,0,0
04,120245124561510686,ACTIVE,80,11.83,165,3,4,0,0,0
04,120249073253070116,ACTIVE,100,11.77,275,10,12,3,2,111.44
04,120247040934570629,ACTIVE,100,11.7,372,7,8,1,0,0
04,120246417765340752,ACTIVE,73,11.600000000000001,349,15,11,0,0,0
04,120247620975680509,ACTIVE,100,11.59,632,12,11,3,2,98.44999999999999
04,120249512381410725,ACTIVE,100,11.57,365,11,11,1,0,0
04,120251423291230404,ACTIVE,50,11.530000000000001,211,10,10,0,0,0
04,120247325002770564,PAUSED,100,11.51,299,2,1,0,0,0
04,120248507721970469,ACTIVE,80,11.41,251,3,5,0,0,0
04,120241671273870455,ACTIVE,100,11.39,330,4,6,0,0,0
04,120244270293390320,ACTIVE,120,11.360000000000001,320,7,9,0,0,0
04,120248470325620561,ACTIVE,100,11.32,306,8,8,1,0,0
04,120249186741940116,ACTIVE,100,11.309999999999999,201,3,4,0,0,0
04,120247952380210544,ACTIVE,90,11.3,284,3,3,0,0,0
04,23857734870740794,ACTIVE,100,11.28,154,5,6,0,0,0
04,120245923045620168,ACTIVE,100,11.209999999999999,270,4,3,1,1,37.980000000000004
04,120242907734560129,ACTIVE,100,11.17,374,13,11,1,0,0
04,120246792894660097,PAUSED,80,11.16,368,7,6,0,0,0
04,120246791587200455,ACTIVE,164,11.129999999999999,137,5,6,1,1,84.37
04,120251360834810166,ACTIVE,100,11.120000000000001,279,13,11,2,2,66.14999999999999
04,23857651647840799,ACTIVE,100,11.07,188,6,4,0,0,0
04,120247620997000509,ACTIVE,100,10.98,423,9,10,0,0,0
04,23857646023530799,ACTIVE,60,10.97,147,4,4,0,0,0
04,120244906297460788,ACTIVE,50,10.969999999999999,194,5,5,0,0,0
04,120246583142090674,ACTIVE,60,10.91,249,3,3,1,0,0
04,120247620975770509,ACTIVE,100,10.82,594,7,5,1,0,0
04,120247505683040509,ACTIVE,80,10.79,183,4,4,0,0,0
04,120250447831790013,ACTIVE,80,10.74,181,6,6,2,0,0
04,120243818426660705,ACTIVE,80,10.659999999999998,206,6,6,0,0,0
04,120247000863970069,ACTIVE,100,10.620000000000001,224,8,8,1,1,62.31
04,120248131780350065,ACTIVE,100,10.54,199,4,4,0,0,0
04,120245460390490177,ACTIVE,100,10.530000000000001,234,8,9,1,1,51.22
04,120247866311490389,ACTIVE,100,10.5,379,10,11,0,0,0
04,120244366457540146,ACTIVE,100,10.5,229,7,6,0,0,0
04,120246818759970303,ACTIVE,40,10.469999999999999,113,6,7,1,0,0
04,120246375737140674,ACTIVE,100,10.43,166,6,5,0,0,0
04,120247114547280509,ACTIVE,85,10.43,326,20,13,2,1,106.95
04,120249448508060725,ACTIVE,100,10.36,207,6,6,0,0,0
04,120244915930060436,ACTIVE,100,10.28,384,2,6,0,0,0
04,23857604274280799,ACTIVE,80,10.27,89,2,2,0,0,0
04,120251182287020427,ACTIVE,129,10.22,303,8,8,0,0,0
04,120247512395290090,ACTIVE,225,10.06,295,12,12,2,0,0
04,120244369558950146,ACTIVE,100,10.02,252,4,5,0,0,0
04,120252072716310054,ACTIVE,76,10,350,2,4,3,0,0
04,120247797464010126,ACTIVE,80,9.92,362,7,13,1,0,0
04,120249511964750725,ACTIVE,100,9.82,361,9,10,0,0,0
04,120257919054520586,ACTIVE,30,9.8,243,5,3,0,0,0
04,120251336041460651,ACTIVE,80,9.77,245,4,7,0,0,0
04,120246791358470097,PAUSED,80,9.74,287,2,2,0,0,0
04,120257843668650586,ACTIVE,100,9.729999999999999,327,9,10,2,1,28.98
04,120249449512110725,ACTIVE,100,9.67,398,15,16,0,0,0
04,120248050137610065,ACTIVE,100,9.63,271,7,9,1,0,0
04,120245201694450686,PAUSED,100,9.6,186,4,5,1,0,0
04,120249449604610725,ACTIVE,100,9.59,319,2,2,0,0,0
04,120248504941260469,ACTIVE,80,9.58,242,4,4,0,0,0
04,120251423402290404,ACTIVE,50,9.57,215,4,4,1,0,0
04,120246299672680751,ACTIVE,115,9.56,410,3,5,1,1,22.98
04,120252129217660054,ACTIVE,109,9.54,159,2,2,0,0,0
04,120246070715810752,ACTIVE,100,9.530000000000001,206,4,5,0,0,0
04,120244156901670146,ACTIVE,100,9.510000000000002,518,13,14,2,1,41.980000000000004
04,120248399069320561,ACTIVE,86,9.5,188,3,3,0,0,0
04,120245198116820177,ACTIVE,100,9.48,197,1,2,0,0,0
04,120251014701600404,ACTIVE,50,9.42,123,5,6,0,0,0
04,120250691304310722,ACTIVE,50,9.36,208,8,10,2,1,38.269999999999996
04,120245466475870630,ACTIVE,91,9.35,212,6,6,0,0,0
04,120248546074850389,ACTIVE,80,9.31,401,7,8,0,0,0
04,120247442428390509,ACTIVE,50,9.18,186,2,4,0,0,0
04,120248075661290642,ACTIVE,125,9.15,199,3,3,0,0,0
04,120250558361040368,ACTIVE,50,9.14,276,5,5,0,0,0
04,120250838901590404,ACTIVE,50,9.1,149,1,1,0,0,0
04,120246189070700533,ACTIVE,100,9.030000000000001,362,5,7,0,0,0
04,120248395245150425,ACTIVE,100,8.98,114,2,2,1,1,69.67
04,23857604274220799,ACTIVE,80,8.93,104,3,2,0,0,0
04,6983802496695,ACTIVE,100,8.9,153,0,7,1,0,0
04,120248704584940695,ACTIVE,92,8.9,224,5,6,1,0,0
04,120248469524600389,ACTIVE,81,8.83,295,4,4,0,0,0
04,120247568032920509,ACTIVE,100,8.81,324,9,9,0,0,0
04,120247373463200090,PAUSED,124,8.73,245,7,7,0,0,0
04,120250287165040577,ACTIVE,100,8.73,190,8,12,2,1,28.98
04,23857734870680794,ACTIVE,100,8.73,153,4,8,1,1,69.72
04,120245832907270630,ACTIVE,97,8.67,236,6,5,1,0,0
04,120248091199310642,ACTIVE,100,8.66,240,6,8,0,0,0
04,120244367444840146,ACTIVE,100,8.649999999999999,248,8,7,1,1,41.980000000000004
04,120251063106910166,ACTIVE,50,8.58,279,6,6,0,0,0
04,120247901344790425,ACTIVE,100,8.57,187,5,5,0,0,0
04,120251979360490210,ACTIVE,50,8.559999999999999,232,5,8,0,0,0
04,120248324864790425,ACTIVE,136,8.54,90,1,3,0,0,0
04,120242776941930146,ACTIVE,100,8.52,182,5,5,1,0,0
04,120246417765860752,ACTIVE,77,8.51,223,10,9,2,1,26.98
04,120245436310880780,ACTIVE,200,8.51,155,0,2,1,0,0
04,6991696262226,ACTIVE,50,8.5,215,0,1,0,0,0
04,120244504303760686,ACTIVE,80,8.48,115,0,5,1,1,71.21000000000001
04,120248131780370065,ACTIVE,100,8.469999999999999,242,3,4,1,0,0
04,120247389356380455,PAUSED,100,8.42,166,7,5,0,0,0
04,120247058049910303,PAUSED,120,8.280000000000001,99,2,1,0,0,0
04,120251014701570404,ACTIVE,50,8.25,112,2,3,0,0,0
04,120250413795050709,ACTIVE,700,8.21,192,5,9,1,1,62.440000000000005
04,120247445069980291,ACTIVE,80,8.2,159,6,12,2,2,101.14999999999999
04,120244367493300146,ACTIVE,100,8.2,261,7,7,0,0,0
04,120247311647030509,ACTIVE,100,8.190000000000001,308,6,9,1,0,0
04,120246753298070674,ACTIVE,60,8.17,122,2,1,0,0,0
04,120244581910630686,ACTIVE,80,8.16,77,2,4,0,0,0
04,120246581316290126,ACTIVE,100,8.149999999999999,151,6,4,1,1,51.21
04,120247504171550090,ACTIVE,60,8.14,139,5,6,1,1,60.61
04,120257919054460586,ACTIVE,30,8.1,184,2,2,0,0,0
04,120250066594120577,ACTIVE,101,8.09,120,5,5,3,0,0
04,120248383861080100,ACTIVE,100,8.07,288,10,13,2,0,0
04,120244242496990780,ACTIVE,100,8.030000000000001,265,6,8,2,1,42.97
04,120247195869530175,ACTIVE,225,8,260,6,7,0,0,0
04,120248385353200168,ACTIVE,100,7.930000000000001,191,5,4,0,0,0
04,120248144588440462,ACTIVE,72,7.86,141,5,4,0,0,0
04,120245404387150125,ACTIVE,80,7.859999999999999,217,10,8,0,0,0
04,120244302440310146,ACTIVE,100,7.84,177,4,4,1,1,41.980000000000004
04,120247246948670509,ACTIVE,100,7.83,315,4,3,0,0,0
04,120244083558220146,ACTIVE,100,7.790000000000001,244,12,13,0,0,0
04,120245284137900686,ACTIVE,80,7.78,104,2,10,0,0,0
04,120257843052670586,ACTIVE,30,7.749999999999999,207,4,3,1,1,49.37
04,120247504003780425,ACTIVE,133,7.74,239,3,3,1,1,193.35
04,120246145506950470,ACTIVE,50,7.6899999999999995,276,5,5,1,1,68.02
04,120257559013710586,PAUSED,100,7.67,207,0,0,0,0,0
04,120247633428650725,ACTIVE,100,7.67,175,4,5,1,1,49.37
04,120250445767170166,ACTIVE,30,7.629999999999999,211,9,9,0,0,0
04,120248131828460065,ACTIVE,100,7.609999999999999,193,4,3,0,0,0
04,120245481989440065,ACTIVE,40,7.5600000000000005,186,5,6,2,1,29.98
04,120244155465260146,ACTIVE,100,7.56,184,6,10,0,0,0
04,6973002165426,ACTIVE,50,7.54,160,1,1,0,0,0
04,120246483406720564,ACTIVE,300,7.5200000000000005,286,6,9,1,0,0
04,120246583070910674,ACTIVE,100,7.52,153,3,3,0,0,0
04,120249666267500247,ACTIVE,100,7.51,148,6,5,0,0,0
04,120244302719110146,ACTIVE,100,7.5,272,2,2,0,0,0
04,120247312197200090,PAUSED,100,7.49,172,7,5,0,0,0
04,120248131828430065,ACTIVE,100,7.45,178,3,4,1,0,0
04,120250747283060166,ACTIVE,30,7.44,211,6,8,0,0,0
04,120245380678000025,ACTIVE,100,7.43,115,6,9,2,0,0
04,120251467533420166,ACTIVE,30,7.43,139,7,6,0,0,0
04,120248396283420425,ACTIVE,100,7.41,115,6,7,3,1,39.980000000000004
04,120251271772310166,PAUSED,30,7.41,143,3,2,0,0,0
04,120246753297910674,ACTIVE,60,7.4,169,2,1,0,0,0
04,120251271772250166,ACTIVE,30,7.38,221,6,8,0,0,0
04,120244916431500436,ACTIVE,100,7.3,272,4,9,1,0,0
04,120247829146440561,ACTIVE,80,7.29,191,11,11,1,0,0
04,120245889270610065,ACTIVE,40,7.26,276,0,2,0,0,0
04,120248207466280561,ACTIVE,60,7.199999999999999,210,5,10,2,1,41.97
04,120248386305710455,ACTIVE,100,7.15,173,3,3,0,0,0
04,120246753297840674,ACTIVE,60,7.15,195,3,3,0,0,0
04,120247872778180425,ACTIVE,100,7.140000000000001,238,4,3,0,0,0
04,120251841527180210,ACTIVE,83,7.109999999999999,161,3,2,0,0,0
04,120247442428440509,ACTIVE,50,7.04,210,1,3,0,0,0
04,120251150600140210,ACTIVE,82,6.97,153,5,5,0,0,0
04,120245889270720065,ACTIVE,40,6.95,202,6,5,1,0,0
04,120246189058350533,ACTIVE,100,6.92,347,5,6,0,0,0
04,120248337634700425,ACTIVE,150,6.89,115,3,3,0,0,0
04,6966949200095,ACTIVE,100,6.88,102,2,4,0,0,0
04,120247617708310090,PAUSED,80,6.87,41,0,0,0,0,0
04,120246902635090175,ACTIVE,100,6.869999999999999,225,1,1,0,0,0
04,120248396283550425,ACTIVE,100,6.83,145,3,3,0,0,0
04,120246551175210674,ACTIVE,50,6.800000000000001,186,0,0,0,0,0
04,120244447104190303,ACTIVE,40,6.76,166,5,5,1,0,0
04,120244216235640630,ACTIVE,78,6.73,120,3,4,0,0,0
04,120248783564790229,ACTIVE,64,6.73,137,1,1,0,0,0
04,120247995051750695,ACTIVE,83,6.720000000000001,142,1,3,0,0,0
04,120246693068060097,ACTIVE,80,6.68,243,6,7,1,0,0
04,120248091199340642,ACTIVE,100,6.670000000000001,209,4,4,0,0,0
04,120257843052780586,ACTIVE,30,6.640000000000001,179,3,2,0,0,0
04,120246470015620752,ACTIVE,74,6.5600000000000005,240,6,6,1,0,0
04,120251168871300404,PAUSED,90,6.5600000000000005,140,1,1,0,0,0
04,120245343345740686,ACTIVE,80,6.54,80,3,4,0,1,29.98
04,120248162819270126,ACTIVE,89,6.539999999999999,174,2,3,0,0,0
04,120244618043570436,ACTIVE,100,6.4799999999999995,242,3,3,1,1,68.22999999999999
04,120244793522550320,ACTIVE,120,6.470000000000001,314,9,7,0,0,0
04,120247582615180509,ACTIVE,100,6.45,142,2,4,1,0,0
04,120247336235960389,ACTIVE,100,6.45,151,0,2,1,0,0
04,120246338142390241,ACTIVE,97,6.4399999999999995,327,3,3,0,0,0
04,120248444259410455,ACTIVE,134,6.43,189,7,6,0,0,0
04,120244837091050678,ACTIVE,104,6.37,101,2,2,0,0,0
04,120246501603820241,ACTIVE,92,6.28,342,10,10,0,0,0
04,120249384124830663,ACTIVE,100,6.27,85,0,1,0,0,0
04,120245124026530686,ACTIVE,80,6.25,74,1,1,0,0,0
04,120243508760940146,ACTIVE,100,6.23,183,4,3,1,1,41.980000000000004
04,120248808316220695,ACTIVE,100,6.23,167,5,7,0,0,0
04,120244895488610436,ACTIVE,100,6.220000000000001,266,5,4,0,0,0
04,120248507722020469,ACTIVE,80,6.18,194,6,7,0,0,0
04,120244389916660436,ACTIVE,100,6.17,259,9,10,1,0,0
04,6977452280495,ACTIVE,100,6.17,91,0,5,0,0,0
04,120246753297880674,ACTIVE,60,6.15,150,1,0,0,0,0
04,120246145364940470,ACTIVE,50,6.15,205,9,9,2,0,0
04,120248399069350561,ACTIVE,86,6.06,125,3,3,0,0,0
04,120247505807140509,ACTIVE,94,5.99,216,3,3,0,0,0
04,120243771828200436,ACTIVE,100,5.85,185,1,1,0,0,0
04,120252003268490054,ACTIVE,100,5.84,149,4,6,1,1,31.98
04,120247221451440175,ACTIVE,100,5.82,219,2,2,0,0,0
04,120247220172930175,ACTIVE,87,5.82,128,6,4,1,0,0
04,120247245864910389,ACTIVE,100,5.81,153,3,4,0,0,0
04,120243673094650146,ACTIVE,100,5.77,138,3,3,0,0,0
04,120245481989400065,ACTIVE,40,5.76,182,2,4,1,1,29.98
04,120243593315080146,ACTIVE,100,5.680000000000001,95,1,1,1,1,41.980000000000004
04,120248546074540389,ACTIVE,80,5.65,295,7,6,2,1,37.059999999999995
04,120246088780810320,ACTIVE,100,5.59,144,0,4,2,0,0
04,120248324864770425,ACTIVE,136,5.55,46,2,4,0,0,0
04,120250023023480279,ACTIVE,80,5.540000000000001,130,6,4,0,0,0
04,120247617392160090,PAUSED,60,5.44,43,1,0,0,0,0
04,120246699106190629,ACTIVE,100,5.4,151,5,4,0,0,0
04,120245038526380436,ACTIVE,100,5.38,170,1,2,0,0,0
04,120248229485380425,ACTIVE,100,5.35,97,3,5,0,0,0
04,120244163991370436,ACTIVE,100,5.33,218,2,2,0,0,0
04,120244076500250146,ACTIVE,100,5.32,135,1,3,0,0,0
04,6966949200895,ACTIVE,100,5.32,85,4,3,0,0,0
04,120245343438250686,ACTIVE,80,5.3100000000000005,83,4,3,1,0,0
04,120246573314620241,ACTIVE,131,5.27,237,4,4,2,1,68.22
04,120246283838280097,ACTIVE,81,5.220000000000001,204,1,3,0,0,0
04,120251726188120210,ACTIVE,88,5.18,224,1,1,0,0,0
04,120251905954910210,ACTIVE,115,5.15,170,0,0,0,0,0
04,120246299721620751,ACTIVE,68,5.140000000000001,107,2,2,0,0,0
04,120246145189280470,ACTIVE,50,5.1,240,6,7,0,0,0
04,120245583667780533,ACTIVE,100,5.08,155,3,5,0,0,0
04,120244014047710146,ACTIVE,100,5.06,160,1,3,0,0,0
04,120246867532700629,PAUSED,100,5.06,52,2,2,0,0,0
04,120248444259380455,ACTIVE,134,5.03,125,2,2,0,0,0
04,120246560566740477,ACTIVE,100,4.949999999999999,86,2,2,0,0,0
04,120244837091010678,PAUSED,104,4.9399999999999995,118,3,3,0,0,0
04,120251467533360166,ACTIVE,30,4.84,186,3,4,0,0,0
04,120248040382960126,ACTIVE,80,4.81,110,0,2,1,0,0
04,120246562589300629,ACTIVE,100,4.81,118,2,5,0,0,0
04,120247582683440509,ACTIVE,50,4.8,115,2,3,0,0,0
04,120244302651980146,ACTIVE,100,4.78,139,5,5,1,0,0
04,120245343847670686,ACTIVE,80,4.76,89,2,7,0,0,0
04,120249231969880064,ACTIVE,100,4.75,91,0,6,0,0,0
04,120257763329830586,ACTIVE,30,4.7,179,9,8,0,0,0
04,120245343583750686,ACTIVE,80,4.69,80,2,2,1,1,29.98
04,120246470015580752,ACTIVE,74,4.68,157,3,3,0,0,0
04,120246286484520097,ACTIVE,80,4.64,157,3,5,0,0,0
04,120245124052890686,ACTIVE,80,4.63,66,2,3,0,0,0
04,120245205425940677,ACTIVE,100,4.63,100,0,2,0,0,0
04,120254678507230197,ACTIVE,80,4.61,131,3,3,0,0,0
04,120251701953330054,ACTIVE,100,4.59,122,1,1,0,0,0
04,120244302719050146,ACTIVE,100,4.58,134,1,1,0,0,0
04,120246867532780629,ACTIVE,100,4.550000000000001,114,2,2,0,0,0
04,120244915705330436,ACTIVE,100,4.45,156,2,5,0,0,0
04,120244302638970146,ACTIVE,100,4.42,155,3,2,0,0,0
04,120245617791190630,ACTIVE,87,4.4,112,1,1,0,0,0
04,120244235259940678,ACTIVE,30,4.34,120,1,1,0,0,0
04,120254529951930197,ACTIVE,80,4.33,86,2,2,1,0,0
04,120247508005720509,ACTIVE,70,4.26,106,2,3,0,0,0
04,120246711859060674,ACTIVE,50,4.239999999999999,81,3,4,0,0,0
04,120249384124880663,ACTIVE,100,4.23,72,0,4,1,1,66.02000000000001
04,120246752958690674,ACTIVE,50,4.11,133,3,3,0,0,0
04,120248129114130695,ACTIVE,120,4.06,91,2,4,1,0,0
04,120245880736570172,ACTIVE,40,4.05,80,1,1,0,0,0
04,120247373463120090,PAUSED,124,4.01,69,3,3,0,0,0
04,120245964184870707,ACTIVE,100,3.94,99,0,4,1,1,22.98
04,120247109115250389,ACTIVE,100,3.9,137,2,7,1,0,0
04,120246354397170032,PAUSED,75,3.8600000000000003,107,2,2,1,0,0
04,120246573314590241,ACTIVE,196,3.85,189,2,4,1,1,43.72
04,120246423354770032,ACTIVE,74,3.85,76,0,0,0,0,0
04,6998125824295,ACTIVE,100,3.8,91,3,5,1,1,39.980000000000004
04,120246558672090097,ACTIVE,83,3.7600000000000002,133,4,4,0,0,0
04,120245651364090303,ACTIVE,80,3.7199999999999998,87,1,0,0,0,0
04,120244404574840678,ACTIVE,93,3.67,74,0,1,0,0,0
04,120247944389060751,PAUSED,100,3.65,68,6,4,0,0,0
04,120244581811200686,ACTIVE,80,3.58,60,0,1,1,1,29.98
04,6998125825295,ACTIVE,100,3.56,62,1,2,0,0,0
04,120248321751560561,PAUSED,150,3.5,80,2,3,0,0,0
04,23857648861310794,PAUSED,100,3.4699999999999998,32,2,2,0,0,0
04,120247506187610509,PAUSED,103,3.46,141,2,2,0,0,0
04,120244674407170788,ACTIVE,200,3.44,109,2,2,0,0,0
04,120247292031220175,ACTIVE,86,3.44,111,5,5,0,0,0
04,120246850329040065,ACTIVE,100,3.3700000000000006,48,2,2,0,0,0
04,23857648813880794,PAUSED,100,3.3600000000000003,27,1,1,0,0,0
04,120247199911470090,PAUSED,100,3.35,73,0,1,0,0,0
04,23857649007390794,PAUSED,100,3.3499999999999996,16,0,0,0,0,0
04,120248862702290229,ACTIVE,80,3.34,79,1,1,0,0,0
04,120246551175300674,ACTIVE,50,3.33,75,1,1,0,0,0
04,120249231969930064,ACTIVE,100,3.26,61,0,0,0,0,0
04,120244825046600686,ACTIVE,80,3.07,56,0,6,0,0,0
04,120247245095750509,ACTIVE,100,3.07,133,0,2,0,0,0
04,120247283622690629,ACTIVE,100,3,54,3,2,0,0,0
04,120246104094940650,ACTIVE,126,2.99,45,1,1,0,0,0
04,120244483074140436,ACTIVE,100,2.92,158,2,5,0,0,0
04,120248539381110725,ACTIVE,100,2.92,74,0,1,0,0,0
04,120248398351970389,ACTIVE,100,2.89,74,2,4,0,0,0
04,23857732302070794,PAUSED,100,2.88,47,5,4,0,0,0
04,120248556140990663,ACTIVE,200,2.88,63,5,6,0,0,0
04,120246862698270069,ACTIVE,100,2.85,37,0,0,0,0,0
04,120248075661210642,PAUSED,125,2.81,76,1,1,0,0,0
04,120249360668950725,ACTIVE,100,2.8,74,0,3,0,0,0
04,120247505807030509,ACTIVE,90,2.79,172,1,2,1,1,37.980000000000004
04,120248252434090561,ACTIVE,87,2.78,97,0,0,0,0,0
04,120248367667310389,PAUSED,100,2.77,90,3,3,0,0,0
04,120246670056560677,ACTIVE,100,2.76,94,0,1,0,0,0
04,120246710213410090,ACTIVE,132,2.76,66,0,0,0,0,0
04,120246007921740320,ACTIVE,118,2.7,85,0,6,0,0,0
04,120248503799160116,ACTIVE,78,2.6799999999999997,58,2,1,0,0,0
04,120246583142050674,ACTIVE,60,2.67,49,1,3,0,0,0
04,120246447361050303,ACTIVE,80,2.6399999999999997,59,1,3,0,0,0
04,120245466475590630,ACTIVE,40,2.63,103,2,2,0,0,0
04,120251370378880404,ACTIVE,50,2.5100000000000002,35,1,2,1,0,0
04,120247335070640389,ACTIVE,100,2.47,70,0,0,0,0,0
04,120247221451470175,ACTIVE,100,2.4699999999999998,123,3,2,0,0,0
04,120248414403410695,ACTIVE,120,2.45,72,0,3,0,0,0
04,120247597780010751,ACTIVE,40,2.3600000000000003,61,0,1,0,0,0
04,120244006723850129,ACTIVE,100,2.33,75,2,4,1,1,96.21000000000001
04,120245306349070462,ACTIVE,100,2.33,40,1,2,0,0,0
04,120247283622780629,ACTIVE,100,2.3099999999999996,55,1,1,0,0,0
04,120247001920940477,ACTIVE,90,2.27,40,0,2,0,0,0
04,120246169445720320,ACTIVE,100,2.27,69,0,2,0,0,0
04,23857732301990794,PAUSED,100,2.26,37,1,1,0,0,0
04,120247293641570642,ACTIVE,120,2.24,64,0,1,0,0,0
04,120245343500810686,ACTIVE,80,2.22,46,1,1,0,0,0
04,120245606890820025,ACTIVE,100,2.19,37,0,0,0,0,0
04,120252129217680054,ACTIVE,109,2.15,79,1,2,0,0,0
04,120245343766870686,ACTIVE,80,2.1399999999999997,38,2,2,0,0,0
04,120245038624640436,ACTIVE,100,2.11,92,3,3,0,0,0
04,120249265764580725,ACTIVE,100,2.1,54,1,4,0,0,0
04,120246690377220097,ACTIVE,90,2.06,72,0,0,0,0,0
04,120245687813040097,ACTIVE,81,2.06,71,2,3,0,0,0
04,120246917444370477,PAUSED,88,2.06,42,2,2,0,0,0
04,120249073752900725,ACTIVE,100,2.05,45,0,0,0,0,0
04,120245343640550686,ACTIVE,80,2.03,12,1,2,1,1,123.67000000000002
04,120240849899190788,ACTIVE,10,2.02,32,2,1,0,0,0
04,120247972621170389,ACTIVE,100,1.88,81,2,3,1,0,0
04,120244749532720686,ACTIVE,80,1.86,50,1,1,0,0,0
04,120246643280780674,ACTIVE,80,1.8400000000000003,59,0,0,0,0,0
04,120245792848160780,ACTIVE,80,1.68,36,1,2,0,0,0
04,120248574839520695,ACTIVE,50,1.67,68,3,3,0,0,0
04,120247512395240090,ACTIVE,112,1.63,46,2,2,0,0,0
04,120247567951430509,ACTIVE,103,1.61,67,0,0,0,0,0
04,120250812820290709,ACTIVE,170,1.6099999999999999,38,2,2,0,0,0
04,120246396470350674,ACTIVE,100,1.57,45,1,1,0,0,0
04,120247246390530389,ACTIVE,100,1.56,102,0,1,0,0,0
04,120248064259890425,ACTIVE,100,1.56,27,0,0,0,0,0
04,120246802025580509,ACTIVE,42,1.52,42,2,2,1,0,0
04,120249361310520725,ACTIVE,100,1.52,35,0,1,0,0,0
04,120247157340280509,ACTIVE,100,1.5,44,0,0,0,0,0
04,120251026838540210,ACTIVE,84,1.48,55,2,2,0,0,0
04,120250596505340709,ACTIVE,200,1.47,49,1,1,1,1,46.370000000000005
04,120245547753370179,ACTIVE,80,1.28,44,0,0,0,0,0
04,120246257869280707,ACTIVE,100,1.2,23,0,3,1,0,0
04,120247599986700509,ACTIVE,50,1.18,32,1,1,0,0,0
04,120246468260590320,ACTIVE,109,1.17,46,0,0,0,0,0
04,120248371396270544,ACTIVE,80,1.16,44,0,1,0,0,0
04,120246374707600097,ACTIVE,49,1.16,51,1,1,0,0,0
04,120249265471920725,ACTIVE,100,1.16,24,0,0,0,0,0
04,120246493383070032,ACTIVE,75,1.13,35,0,1,0,0,0
04,120244076631420146,ACTIVE,100,1.13,27,2,2,0,0,0
04,120248592991580389,ACTIVE,80,1.08,48,0,2,0,0,0
04,120245136181480470,ACTIVE,5,1.03,26,0,0,0,0,0
04,120244418309400436,ACTIVE,100,1.03,48,0,1,0,0,0
04,120245547600370179,ACTIVE,80,1.02,52,0,3,0,0,0
04,120247802943620389,ACTIVE,100,1.01,69,1,1,0,0,0
04,120248469524370389,ACTIVE,81,1.01,27,0,0,0,0,0
04,120246818759010303,ACTIVE,40,0.99,19,2,3,0,0,0
04,120250448461180210,ACTIVE,81,0.9400000000000001,33,1,1,0,0,0
04,120244561628480678,ACTIVE,78,0.94,32,0,0,0,0,0
04,120244251116090146,PAUSED,100,0.86,16,0,0,0,0,0
04,120251692403590054,ACTIVE,77,0.79,10,0,0,0,0,0
04,23857648813850794,PAUSED,100,0.76,12,1,1,1,1,69.72
04,120247858934130544,ACTIVE,80,0.74,9,0,0,0,0,0
04,120247390076630291,ACTIVE,80,0.74,20,0,0,0,0,0
04,120245038567520436,ACTIVE,100,0.74,35,1,1,0,0,0
04,120245284117020686,ACTIVE,80,0.7,17,0,0,0,0,0
04,120248481753390389,ACTIVE,100,0.69,15,1,2,0,0,0
04,120244302652000146,ACTIVE,100,0.6799999999999999,36,1,1,0,0,0
04,120257763329900586,ACTIVE,30,0.66,24,0,0,0,0,0
04,120247942948360065,PAUSED,93,0.6499999999999999,31,0,0,0,0,0
04,120249073800120725,ACTIVE,100,0.63,23,0,1,0,0,0
04,120247279674750629,PAUSED,127,0.62,20,0,0,0,0,0
04,120245833042260630,ACTIVE,80,0.5700000000000001,21,0,0,0,0,0
04,120248012782270065,PAUSED,93,0.57,14,0,0,0,0,0
04,120246302058490389,ACTIVE,100,0.56,17,0,0,0,0,0
04,120248774488970725,ACTIVE,100,0.55,14,1,1,0,0,0
04,120246664436140677,ACTIVE,90,0.54,22,0,0,0,0,0
04,120245205078130630,ACTIVE,56,0.52,19,0,1,0,0,0
04,120248056801340561,PAUSED,60,0.51,16,0,0,0,0,0
04,120245136181790470,ACTIVE,5,0.51,19,1,2,0,0,0
04,120246100871360533,ACTIVE,90,0.5,33,0,0,0,0,0
04,120245691728160470,ACTIVE,5,0.49,8,1,1,0,0,0
04,120247944389010751,PAUSED,100,0.47,15,1,0,0,0,0
04,120247508094040725,ACTIVE,100,0.46,25,1,2,0,0,0
04,120249179865340725,ACTIVE,100,0.44,17,0,1,0,0,0
04,120247389377960291,ACTIVE,80,0.44,9,0,0,0,0,0
04,120245031811850436,ACTIVE,116,0.44,21,1,1,0,0,0
04,120247389718030291,ACTIVE,80,0.43,7,0,0,0,0,0
04,120245099365240470,ACTIVE,5,0.43,13,0,0,0,0,0
04,6973002163226,ACTIVE,50,0.4,9,0,0,0,0,0
04,120244171016070129,ACTIVE,100,0.39,14,0,0,0,0,0
04,120249616112010064,ACTIVE,100,0.37,14,1,3,0,0,0
04,120244505718600686,ACTIVE,80,0.37,12,0,0,0,0,0
04,120244252131640146,ACTIVE,100,0.33,10,0,0,0,0,0
04,120247866597100389,ACTIVE,100,0.3,13,0,0,0,0,0
04,120248783936360695,ACTIVE,114,0.3,18,0,0,0,0,0
04,120244252131680146,ACTIVE,100,0.27,6,0,0,0,0,0
04,120246491099340090,ACTIVE,102,0.25,3,0,0,0,0,0
04,120244911557470436,ACTIVE,100,0.25,24,0,3,0,0,0
04,23857648861360794,PAUSED,100,0.23,6,1,1,0,0,0
04,120249361310600725,ACTIVE,100,0.22,11,0,0,0,0,0
04,120244251116110146,ACTIVE,100,0.19,4,0,0,0,0,0
04,23857649007370794,PAUSED,100,0.16,4,0,0,0,0,0
04,120246423354820032,PAUSED,74,0.16,2,1,1,0,0,0
04,120248783936020695,ACTIVE,114,0.15,13,0,0,0,0,0
04,120247567951490509,ACTIVE,103,0.14,19,1,1,0,0,0
04,120244918988320303,ACTIVE,40,0.12000000000000001,6,0,1,0,0,0
04,120244303184660146,PAUSED,100,0.07,4,0,0,0,0,0
04,120249564842660589,PAUSED,98,0.07,4,0,1,0,0,0
04,120243727386670470,ACTIVE,5,0.07,4,0,0,0,0,0
04,120244303184580146,ACTIVE,100,0.06,1,0,0,0,0,0
04,120247157407190509,ACTIVE,100,0.06,2,0,0,0,0,0
04,120245038624620436,ACTIVE,100,0.04,3,0,0,0,0,0
04,120245241702630470,ACTIVE,5,0.04,2,0,0,0,0,0
04,120246807795430509,ACTIVE,100,0.03,6,0,0,0,0,0
04,120249498623270100,PAUSED,91,0.01,1,0,0,0,0,0
04,120246259925420674,ACTIVE,100,0.01,1,0,0,0,0,0
04,120248399281700425,ACTIVE,100,0,0,0,0,0,0,0
04,120249447732060577,PAUSED,68,0,0,0,3,1,0,0
04,120248645284350152,ACTIVE,80,0,0,0,1,0,0,0
04,120247374518050175,ACTIVE,100,0,0,0,0,0,0,0
04,120257843861530586,PAUSED,20,0,0,0,3,1,1,49.370000000000005
04,120244691045450320,PAUSED,400,0,0,0,1,0,0,0
04,120248881726590283,PAUSED,250,0,0,0,0,0,0,0
04,120244504666890686,ACTIVE,80,0,1,0,0,0,0,0
04,120244477400200678,PAUSED,300,0,0,0,1,0,0,0
04,120248959176740725,PAUSED,1000,0,0,0,1,0,0,0
04,120249140601980100,PAUSED,300,0,0,0,1,0,0,0
04,23857734699080794,PAUSED,100,0,0,0,0,0,0,0
04,23857734699160794,PAUSED,100,0,0,0,0,0,0,0
04,120243862977850705,ACTIVE,80,0,0,0,0,0,0,0
04,120243862949130705,PAUSED,80,0,0,0,0,0,0,0
04,120243830466380146,PAUSED,100,0,0,0,0,0,0,0
04,120247374517900175,ACTIVE,100,0,0,0,0,0,0,0
04,120249666797540247,PAUSED,100,0,0,0,2,0,0,0
04,120247176514010629,PAUSED,100,0,0,0,1,0,0,0
04,120247515733000509,PAUSED,80,0,0,0,0,0,0,0
04,120246907642230291,ACTIVE,900,0,0,0,2,0,0,0
04,120247567962540509,PAUSED,100,0,0,0,1,0,0,0
04,120246792894740097,ACTIVE,80,0,0,0,0,0,0,0
04,120246791316280097,PAUSED,80,0,0,0,0,0,0,0
04,120246791316180097,PAUSED,80,0,0,0,0,0,0,0
04,120246755816190674,PAUSED,60,0,0,0,0,0,0,0
04,120247591966310642,PAUSED,100,0,0,0,1,0,0,0
04,120246731788460097,PAUSED,120,0,0,0,0,0,0,0
04,120247616942850561,PAUSED,100,0,0,0,0,0,0,0
04,120247648178380509,ACTIVE,100,0,0,0,0,0,0,0
04,120247648178450509,ACTIVE,100,0,0,0,0,0,0,0
04,120247866483670065,PAUSED,200,0,0,0,0,0,0,0
04,120247944597940065,PAUSED,100,0,0,0,1,0,0,0
04,120246312788110126,PAUSED,200,0,0,0,1,0,0,0
04,120248252434110561,PAUSED,91,0,0,0,2,1,0,0
04,120248383528420544,ACTIVE,80,0,0,0,0,0,0,0
04,120248383686370544,ACTIVE,80,0,0,0,1,0,0,0
04,120246004237190177,ACTIVE,100,0,0,0,0,0,0,0
04,120246004237160177,ACTIVE,100,0,0,0,0,0,0,0
04,120245899430510065,PAUSED,325,0,0,0,0,0,0,0
04,120248383778200544,ACTIVE,80,0,0,0,0,0,0,0
04,120245825448150533,PAUSED,100,0,0,0,0,0,0,0
04,120248383778820544,ACTIVE,80,0,0,0,0,0,0,0
04,120248383854990544,ACTIVE,80,0,0,0,0,0,0,0
04,120248383855380544,ACTIVE,80,0,0,0,0,0,0,0
04,120248383960600544,ACTIVE,80,0,0,0,0,0,0,0
04,120254804851540197,ACTIVE,80,0,0,0,0,0,0,0
04,120254819668400197,ACTIVE,80,0,0,0,0,0,0,0
04,120248383960820544,ACTIVE,80,0,0,0,0,0,0,0
04,120248396485270425,PAUSED,100,0,0,0,0,0,0,0
04,120248396485300425,PAUSED,100,0,0,0,0,0,0,0
04,120248399211490425,ACTIVE,100,0,0,0,0,0,0,0
04,120248399211550425,ACTIVE,100,0,0,0,0,0,0,0
04,120248399281610425,ACTIVE,100,0,0,0,0,0,0,0
