hh,campaign_id,status,budget,spent,impressions,clicks,views,checkout,purchase,rev
00,120244793522550320,ACTIVE,450,15.33,529,12,11,0,0,0
00,120244761515050455,ACTIVE,1124,13.25,302,8,11,1,0,0
00,120244452712050146,ACTIVE,1000,11.83,197,4,10,1,0,0
00,120247325002770564,PAUSED,500,11.06,243,2,3,0,0,0
00,120247601538900425,ACTIVE,200,7.94,83,1,2,0,0,0
00,120240679404390629,ACTIVE,400,6.61,140,4,5,1,0,0
00,120249614588310725,ACTIVE,1000,6.31,147,1,1,0,0,0
00,120246804963420707,ACTIVE,83,5.88,72,1,3,0,0,0
00,120247199911460090,ACTIVE,898,5.49,123,0,2,1,1,62.39000000000001
00,120244034916020436,ACTIVE,445,5.46,252,11,13,4,2,197.68
00,120246670033370677,ACTIVE,800,5.09,224,2,2,1,1,70.02
00,120246924316430241,ACTIVE,320,4.94,154,4,7,2,1,41.980000000000004
00,120246828454030629,ACTIVE,659.1,4.54,75,2,2,0,0,0
00,120247335070640389,ACTIVE,500,4.43,105,3,8,0,0,0
00,120244880653330686,ACTIVE,100,4.4,71,1,2,0,0,0
00,120248414403410695,ACTIVE,375,4.37,176,2,3,0,0,0
00,120248808167650544,ACTIVE,100,4.33,85,0,0,0,0,0
00,120244480112510436,ACTIVE,274,4.31,197,7,7,0,0,0
00,120249179865340725,ACTIVE,1000,4.15,147,0,0,0,0,0
00,120248089909210065,ACTIVE,100,4.02,91,1,2,0,0,0
00,120250728363540577,ACTIVE,500,4,66,3,2,0,0,0
00,120248321980990065,ACTIVE,250,3.87,85,14,0,0,0,0
00,120247136451350725,ACTIVE,1000,3.73,84,1,2,0,0,0
00,120242870748820133,ACTIVE,80,3.64,37,0,1,0,0,0
00,120246338028120241,ACTIVE,420,3.63,220,2,2,0,1,66.47999999999999
00,120243986668280589,ACTIVE,1200,3.45,94,5,5,1,1,49.52
00,120246471244780065,ACTIVE,229,3.4,58,2,2,0,0,0
00,120245284052330686,ACTIVE,1000,3.37,58,1,3,1,1,51.22
00,120244883028360686,ACTIVE,900,3.35,61,2,3,0,0,0
00,120245759610260179,ACTIVE,260,3.3,113,2,2,0,0,0
00,120251223975900709,ACTIVE,300,3.27,81,2,3,0,0,0
00,120248808322080544,ACTIVE,80,3.23,72,0,0,0,0,0
00,120250079096940127,ACTIVE,100,3.19,15,0,0,0,0,0
00,120246050713470630,ACTIVE,900,3.14,55,0,2,0,0,0
00,120247708432980509,ACTIVE,200,3.1,44,1,1,0,0,0
00,120243276755660065,ACTIVE,850,3.05,89,2,5,1,0,0
00,120246402943010533,ACTIVE,100,3,94,1,1,0,0,0
00,120248596343100048,ACTIVE,300,2.87,54,1,2,0,0,0
00,120243205951310642,ACTIVE,233,2.86,34,0,0,0,0,0
00,120245282912580630,ACTIVE,422,2.81,65,0,1,0,0,0
00,120258265887140586,ACTIVE,30,2.74,32,0,0,0,0,0
00,120239930892250650,ACTIVE,300,2.63,26,0,0,0,0,0
00,120244967217480436,ACTIVE,152,2.62,99,5,7,0,0,0
00,120248893532100100,ACTIVE,500,2.59,87,3,7,0,0,0
00,120246791587200455,ACTIVE,490,2.55,28,0,1,0,0,0
00,120245334049460065,ACTIVE,680,2.49,33,1,1,0,0,0
00,120243063569770146,ACTIVE,694,2.48,82,0,0,0,0,0
00,120249286682560368,ACTIVE,585,2.47,105,2,3,0,0,0
00,120249790746660725,ACTIVE,100,2.42,41,0,0,0,0,0
00,120244470749040129,ACTIVE,310,2.4,58,1,0,0,0,0
00,120249115230940100,ACTIVE,159,2.4,44,2,2,0,0,0
00,120243593315080146,ACTIVE,395,2.38,44,1,3,0,0,0
00,120248832877240168,ACTIVE,135,2.32,27,1,1,0,0,0
00,120247534964830642,ACTIVE,190,2.31,42,0,0,0,0,0
00,120245099365240470,ACTIVE,300,2.27,69,2,3,0,0,0
00,120248321980970065,ACTIVE,250,2.25,36,3,0,0,0,0
00,120245557729330686,ACTIVE,109,2.23,15,1,1,0,0,0
00,120257843052780586,ACTIVE,168,2.21,37,0,3,0,0,0
00,120248383861080100,ACTIVE,500,2.08,49,0,0,0,0,0
00,120248229485400425,ACTIVE,360,2.07,63,1,2,0,0,0
00,120246835765380032,ACTIVE,200,2.04,20,1,1,0,0,0
00,120247651901430214,ACTIVE,135,2.03,30,0,0,0,0,0
00,120250558406210368,ACTIVE,193,1.99,54,2,2,0,0,0
00,120247608644690175,ACTIVE,120,1.99,36,1,1,0,0,0
00,120246191098970320,ACTIVE,400,1.97,154,3,3,0,0,0
00,120248645284270152,ACTIVE,340,1.97,63,0,0,0,0,0
00,120249449512030725,ACTIVE,100,1.96,55,1,1,2,1,68.56
00,120249754760810019,ACTIVE,300,1.96,54,2,2,0,0,0
00,120246250177610320,ACTIVE,154,1.94,70,2,4,0,0,0
00,120246902225450241,ACTIVE,146,1.92,34,2,2,0,0,0
00,120244251116110146,ACTIVE,100,1.88,9,0,0,0,0,0
00,120249550517720100,ACTIVE,124,1.84,25,0,0,0,0,0
00,120249151139280057,ACTIVE,100,1.84,20,0,1,0,0,0
00,120246023777450751,ACTIVE,1200,1.84,51,1,1,0,0,0
00,120246360941370650,ACTIVE,300,1.82,32,1,0,0,0,0
00,120245250322490642,ACTIVE,300,1.82,45,3,3,1,0,0
00,120249790639140725,ACTIVE,500,1.82,53,2,2,0,0,0
00,120246135738100630,ACTIVE,80,1.81,31,1,2,0,0,0
00,120250332385240019,ACTIVE,300,1.8,42,0,1,0,0,0
00,120247645229990642,ACTIVE,152,1.8,36,2,0,0,0,0
00,120249768146470100,ACTIVE,500,1.79,68,0,3,0,0,0
00,120250895500810586,ACTIVE,1000,1.76,64,0,0,0,0,0
00,120246624479910241,ACTIVE,400,1.75,50,0,0,0,0,0
00,120249115231040100,ACTIVE,158,1.73,23,0,0,0,0,0
00,120248808316220695,ACTIVE,250,1.72,48,0,0,0,0,0
00,120246403147480533,ACTIVE,200,1.7,32,3,4,0,0,0
00,120245279091880436,ACTIVE,100,1.7,37,1,2,0,0,0
00,120246947981930126,ACTIVE,80,1.68,40,0,1,0,0,0
00,120246717243380752,ACTIVE,300,1.67,34,2,3,1,0,0
00,120246024108440751,ACTIVE,345,1.66,33,1,2,1,0,0
00,120252411199200210,ACTIVE,116,1.64,31,0,0,0,0,0
00,120252516139240428,ACTIVE,600,1.63,81,2,4,0,0,0
00,120244076954630146,ACTIVE,500,1.62,40,0,1,0,0,0
00,120249120674110404,ACTIVE,500,1.61,36,2,3,0,0,0
00,120250540664990577,ACTIVE,100,1.58,49,0,0,0,0,0
00,120247595220850629,ACTIVE,100,1.58,27,1,2,1,0,0
00,120242301213710065,ACTIVE,550,1.57,35,0,0,0,0,0
00,120250623625120057,ACTIVE,100,1.56,24,2,2,0,0,0
00,120250186073510319,ACTIVE,80,1.54,53,1,2,0,0,0
00,120248288633270389,ACTIVE,163,1.53,30,0,3,1,1,21.869999999999997
00,120248050137610065,ACTIVE,270,1.47,46,1,1,0,0,0
00,120245279293750436,ACTIVE,100,1.46,32,0,2,0,0,0
00,120248676922530389,ACTIVE,143,1.46,41,2,2,0,0,0
00,120248512806040048,ACTIVE,300,1.44,26,0,0,0,0,0
00,120247746970390291,ACTIVE,300,1.43,40,0,0,0,0,0
00,120242847129030686,ACTIVE,100,1.42,36,2,5,0,0,0
00,120245334049540065,ACTIVE,550,1.42,22,2,3,0,0,0
00,120245980788570752,ACTIVE,600,1.42,45,0,1,0,0,0
00,120247680102270175,ACTIVE,425,1.39,230,1,2,1,1,57.9
00,120250363655950653,ACTIVE,80,1.38,22,0,0,0,0,0
00,120251576088460651,ACTIVE,80,1.38,26,0,0,0,0,0
00,120244216235640630,ACTIVE,104,1.37,44,1,1,0,0,0
00,120246818759010303,ACTIVE,80,1.37,12,0,1,0,0,0
00,120245201694370686,ACTIVE,125,1.37,23,0,1,0,0,0
00,120246526262050752,ACTIVE,110,1.34,30,0,0,0,0,0
00,120241119247090090,ACTIVE,245,1.34,19,2,1,0,1,86.35
00,120258091225770586,ACTIVE,50,1.32,24,0,1,0,0,0
00,120246891334500677,ACTIVE,100,1.29,19,0,0,0,0,0
00,120246669810550173,ACTIVE,200,1.28,35,1,2,0,0,0
00,120248731496790561,ACTIVE,80,1.28,14,1,1,0,0,0
00,120248760611910469,ACTIVE,150,1.27,52,1,2,0,0,0
00,120245229678820678,ACTIVE,100,1.24,13,0,1,0,0,0
00,120245404387150125,ACTIVE,200,1.24,26,2,3,1,0,0
00,120249498266450589,ACTIVE,330,1.23,14,0,0,0,0,0
00,120251425264570709,ACTIVE,500,1.23,20,0,1,0,0,0
00,120247547642310642,ACTIVE,120,1.23,24,0,0,0,0,0
00,120244349823030686,ACTIVE,100,1.21,19,0,0,0,0,0
00,120248556140990663,ACTIVE,300,1.21,23,1,2,0,0,0
00,120244694492240146,ACTIVE,100,1.19,5,0,0,0,0,0
00,120247762435840509,ACTIVE,300,1.19,27,0,1,0,0,0
00,120235701428420210,ACTIVE,200,1.18,29,0,0,0,0,0
00,120247770219460509,ACTIVE,200,1.17,59,0,0,0,0,0
00,120247896529670509,ACTIVE,100,1.15,35,1,0,0,0,0
00,120246191098590320,ACTIVE,200,1.15,68,0,1,0,0,0
00,120248598654680561,ACTIVE,111,1.15,31,0,1,0,0,0
00,120248305165620065,ACTIVE,50,1.14,21,0,0,0,0,0
00,120249871750440100,ACTIVE,500,1.14,32,3,3,1,0,0
00,120244761869100436,ACTIVE,100,1.12,56,0,1,0,0,0
00,120244906297410788,ACTIVE,200,1.1,9,0,0,0,0,0
00,120248082904020663,ACTIVE,200,1.09,18,1,2,0,0,0
00,120246808108970320,ACTIVE,120,1.08,40,1,2,0,0,0
00,6995732289626,ACTIVE,75,1.07,11,0,0,0,0,0
00,120248722531060455,ACTIVE,133,1.05,29,3,2,0,0,0
00,120245469696040686,ACTIVE,144,1.02,17,0,0,0,0,0
00,120248955593120695,ACTIVE,136,1.01,38,0,0,0,0,0
00,120249252046510229,ACTIVE,200,1,57,0,0,0,0,0
00,120246415849650214,ACTIVE,220,0.99,17,0,0,0,0,0
00,120250727436390577,ACTIVE,100,0.99,8,2,2,0,0,0
00,120245706333540025,ACTIVE,300,0.98,33,0,0,0,0,0
00,120247775015280090,ACTIVE,195,0.98,27,0,1,0,0,0
00,120246330272670320,ACTIVE,100,0.97,45,1,1,0,0,0
00,120258018661030586,ACTIVE,301,0.96,31,0,0,0,0,0
00,120246299672700751,ACTIVE,500,0.95,36,1,2,1,0,0
00,120248072969470389,ACTIVE,100,0.95,33,1,1,1,0,0
00,120255653285300586,ACTIVE,171,0.95,25,0,0,0,0,0
00,120245686749070320,ACTIVE,320,0.95,40,1,2,0,0,0
00,120248734905220544,ACTIVE,100,0.93,32,0,1,0,0,0
00,120248848966480389,ACTIVE,81,0.93,19,1,0,0,0,0
00,120258095185070586,ACTIVE,30,0.92,33,1,2,0,0,0
00,120250639973280577,ACTIVE,88,0.92,17,0,0,0,0,0
00,120247902130520509,ACTIVE,100,0.92,22,0,0,0,0,0
00,120249252749070229,ACTIVE,98,0.91,28,1,2,0,0,0
00,120248732700550455,ACTIVE,435,0.9,44,0,0,0,0,0
00,120245400596270686,ACTIVE,500,0.9,29,0,0,0,0,0
00,120244963676310686,ACTIVE,500,0.9,21,0,1,0,0,0
00,120249525957160319,ACTIVE,450,0.89,28,1,2,0,0,0
00,120244431777030751,ACTIVE,1000,0.87,46,1,3,0,0,0
00,120248662065140425,ACTIVE,100,0.85,10,0,1,0,0,0
00,120245250780680175,ACTIVE,125,0.84,20,0,0,0,0,0
00,120246135738040630,ACTIVE,204,0.83,5,1,2,1,1,29.98
00,120245642739620125,ACTIVE,200,0.81,28,0,0,0,0,0
00,120247649190890629,ACTIVE,126,0.81,16,0,1,0,0,0
00,120248396283420425,ACTIVE,200,0.8,8,1,1,0,0,0
00,120245602350460032,ACTIVE,200,0.8,20,0,0,0,0,0
00,120248515878900065,ACTIVE,170,0.79,22,1,1,0,0,0
00,120247680095380175,ACTIVE,125,0.79,77,1,1,0,0,0
00,120246669810650173,ACTIVE,80,0.78,15,1,1,0,0,0
00,120248142069690065,ACTIVE,100,0.76,12,0,0,0,0,0
00,120251788791190404,ACTIVE,80,0.76,8,0,0,0,0,0
00,120246599961620214,ACTIVE,150,0.76,18,1,1,0,0,0
00,120248731496840561,ACTIVE,80,0.76,11,0,0,0,0,0
00,120245327669090320,ACTIVE,300,0.76,23,2,3,0,0,0
00,120248305165660065,ACTIVE,50,0.76,14,0,0,0,0,0
00,120245469696060686,ACTIVE,100,0.76,8,0,0,0,0,0
00,120245610768940032,ACTIVE,200,0.75,15,0,0,0,0,0
00,120248538756480561,ACTIVE,60,0.74,20,0,0,0,0,0
00,120244505718600686,ACTIVE,500,0.74,23,0,0,0,0,0
00,120248510641030431,ACTIVE,220,0.72,14,0,0,0,0,0
00,120249161498720431,ACTIVE,220,0.71,20,0,0,0,0,0
00,120247770946170509,ACTIVE,200,0.71,44,1,1,0,0,0
00,120244694024530146,ACTIVE,100,0.71,18,0,0,0,0,0
00,120247680095420175,ACTIVE,125,0.71,149,1,0,0,0,0
00,120245010772960663,ACTIVE,200,0.71,3,0,0,0,0,0
00,120249615778010603,ACTIVE,100,0.71,10,0,2,0,0,0
00,120246104094940650,ACTIVE,113,0.71,22,0,0,0,0,0
00,120248781054210455,ACTIVE,132,0.7,15,0,1,0,0,0
00,120248288633070389,ACTIVE,112,0.7,35,0,0,0,0,0
00,120243772698800146,ACTIVE,100,0.7,32,1,1,0,0,0
00,120248574839550695,ACTIVE,187,0.68,37,1,2,0,0,0
00,120248752320410389,ACTIVE,100,0.68,16,0,0,0,0,0
00,120250122186270319,ACTIVE,200,0.67,20,0,0,0,0,0
00,120252337542810054,ACTIVE,133,0.67,36,0,0,0,0,0
00,120235336090360210,ACTIVE,200,0.67,17,1,0,0,0,0
00,120247547590960642,ACTIVE,369,0.66,22,0,0,0,0,0
00,120256572736650586,ACTIVE,100,0.66,18,2,1,0,0,0
00,120244452107570146,ACTIVE,100,0.66,23,0,1,0,0,0
00,120246808176090320,ACTIVE,200,0.65,22,0,1,0,0,0
00,120250278918690653,ACTIVE,80,0.65,18,0,0,0,0,0
00,120242031621370065,ACTIVE,229,0.65,21,0,0,0,0,0
00,120248615909580019,ACTIVE,100,0.64,13,0,1,0,0,0
00,120247595220970629,ACTIVE,100,0.64,19,0,0,0,0,0
00,120246899499000707,ACTIVE,100,0.61,8,1,2,0,0,0
00,120246851941620241,ACTIVE,120,0.6,14,0,0,0,0,0
00,120245205078130630,ACTIVE,106,0.6,20,0,0,0,0,0
00,120248512102620642,ACTIVE,100,0.6,40,1,2,0,0,0
00,120251354404600722,ACTIVE,68,0.6,7,1,1,0,0,0
00,120246381767620032,ACTIVE,200,0.6,9,1,3,1,0,0
00,120248681019100152,ACTIVE,57,0.59,24,1,1,0,0,0
00,120244758149170146,ACTIVE,100,0.59,12,0,0,0,0,0
00,120244581910350686,ACTIVE,500,0.59,9,1,1,0,0,0
00,120244471549800129,ACTIVE,150,0.59,11,0,0,0,0,0
00,120249005372660589,ACTIVE,132,0.59,18,0,1,0,0,0
00,120249613712950725,ACTIVE,100,0.59,16,0,1,0,0,0
00,120251868137060166,ACTIVE,30,0.59,3,0,0,0,0,0
00,120242746886630788,ACTIVE,200,0.59,14,0,0,0,0,0
00,120248764599250589,ACTIVE,200,0.59,14,0,0,0,0,0
00,120246808176070320,ACTIVE,120,0.58,17,0,0,0,0,0
00,120245474101510686,ACTIVE,80,0.58,8,0,0,0,0,0
00,120247378425210561,ACTIVE,380,0.57,33,0,0,0,0,0
00,120245198116820177,ACTIVE,156,0.57,11,0,0,0,0,0
00,120246733901990065,ACTIVE,80,0.56,3,0,0,0,0,0
00,120251576134230651,ACTIVE,20,0.56,12,0,0,0,0,0
00,120245514271740065,ACTIVE,195,0.56,10,0,0,0,0,0
00,120246040085600751,ACTIVE,600,0.56,16,0,0,0,0,0
00,120246221877410629,ACTIVE,234.5,0.56,34,0,2,0,0,0
00,120246296875230177,ACTIVE,100,0.56,8,1,1,0,0,0
00,120246299721480751,ACTIVE,325,0.56,10,0,0,0,0,0
00,120249052890110100,ACTIVE,500,0.55,17,0,0,0,0,0
00,120250809311980013,ACTIVE,200,0.55,11,2,3,0,0,0
00,120246835842080032,ACTIVE,100,0.55,9,0,0,0,0,0
00,120248304803400065,ACTIVE,50,0.55,13,1,1,0,0,0
00,120244302651980146,ACTIVE,500,0.54,24,0,0,0,0,0
00,120248799665140455,ACTIVE,125,0.53,20,2,2,0,0,0
00,120244623781980146,ACTIVE,500,0.53,20,0,1,0,0,0
00,120249350798870024,ACTIVE,170,0.53,7,0,0,0,0,0
00,120247040934570629,ACTIVE,400,0.52,32,0,0,0,0,0
00,120248861015550389,ACTIVE,100,0.51,28,1,1,0,0,0
00,120244164847370788,ACTIVE,300,0.51,10,1,1,0,0,0
00,120248653398340564,ACTIVE,80,0.5,8,0,0,0,0,0
00,120246808477920320,ACTIVE,200,0.5,23,0,0,0,0,0
00,120244367965900146,ACTIVE,100,0.5,14,0,1,0,1,41.98
00,120246024108390751,ACTIVE,500,0.5,18,0,0,0,0,0
00,120241066464020065,ACTIVE,289,0.49,32,0,0,0,0,0
00,120247040711430629,ACTIVE,100,0.49,32,0,0,0,0,0
00,120248072969230389,ACTIVE,100,0.49,32,1,1,0,0,0
00,120246851941710241,ACTIVE,120,0.48,6,0,0,0,0,0
00,120251701953330054,ACTIVE,100,0.48,15,0,0,0,0,0
00,120246808176080320,ACTIVE,120,0.47,23,0,0,0,0,0
00,120250363656010653,ACTIVE,80,0.47,4,1,2,0,0,0
00,120250790045220586,ACTIVE,25,0.46,12,0,0,0,0,0
00,120244452712090146,ACTIVE,200,0.45,16,0,0,0,0,0
00,120247573916610214,ACTIVE,135,0.45,6,1,1,0,0,0
00,120248547360230544,ACTIVE,100,0.44,18,0,0,0,0,0
00,120247073165120090,ACTIVE,155,0.44,11,0,0,0,0,0
00,120249090711190695,ACTIVE,80,0.43,19,0,0,0,0,0
00,120250429792780057,ACTIVE,100,0.43,5,0,0,0,0,0
00,120250186073630319,ACTIVE,80,0.43,11,0,0,0,0,0
00,120247872427130090,ACTIVE,125,0.43,8,0,0,0,0,0
00,120235701428400210,ACTIVE,200,0.43,8,0,0,0,0,0
00,120245638609160175,ACTIVE,425,0.42,11,0,0,0,0,0
00,120246891215890677,ACTIVE,200,0.42,27,1,2,0,0,0
00,120244302719050146,ACTIVE,100,0.42,15,0,0,0,0,0
00,120246787004190097,ACTIVE,119,0.42,17,1,1,0,0,0
00,120246397978120533,ACTIVE,90,0.42,33,0,0,0,0,0
00,120245346459390436,ACTIVE,100,0.42,24,0,0,0,0,0
00,120247086366420097,ACTIVE,200,0.41,19,0,0,0,0,0
00,120246710213410090,ACTIVE,275,0.41,12,0,0,0,0,0
00,120246286465380752,ACTIVE,300,0.41,24,2,2,1,1,72.00999999999999
00,120247901892960509,ACTIVE,100,0.4,17,0,0,0,0,0
00,120248800843700455,ACTIVE,125,0.4,37,0,0,0,0,0
00,120246447361050303,ACTIVE,80,0.4,12,1,1,0,0,0
00,120247594535930629,ACTIVE,80,0.4,18,1,1,0,0,0
00,120240258763950179,ACTIVE,210,0.4,18,0,0,0,0,0
00,120245939066470025,ACTIVE,100,0.39,10,0,0,0,0,0
00,120247762683780509,ACTIVE,180,0.39,7,0,0,0,0,0
00,120248645284350152,ACTIVE,200,0.39,38,1,1,0,0,0
00,120244758149140146,ACTIVE,100,0.39,13,0,0,0,0,0
00,120248064986340303,ACTIVE,68,0.37,10,0,0,0,0,0
00,120249443467080663,ACTIVE,225,0.37,6,0,0,0,0,0
00,120248950484590389,ACTIVE,100,0.36,40,0,1,0,0,0
00,120243951377020125,ACTIVE,150,0.36,7,0,0,0,0,0
00,120246145506950470,ACTIVE,80,0.35,12,0,0,0,0,0
00,120245306349070462,ACTIVE,100,0.34,15,0,0,0,0,0
00,120246885239440097,ACTIVE,74,0.34,8,0,0,0,0,0
00,120248129794130303,ACTIVE,40,0.33,5,0,0,0,0,0
00,120246070715810752,ACTIVE,100,0.33,8,0,0,0,0,0
00,120244079033450320,ACTIVE,120,0.33,22,3,1,0,0,0
00,120248302764770065,ACTIVE,85,0.33,10,1,2,0,0,0
00,120241596259880509,ACTIVE,100,0.32,15,1,1,0,0,0
00,120249615707300603,ACTIVE,100,0.32,6,0,0,0,0,0
00,120248490880340455,ACTIVE,100,0.32,12,0,0,0,0,0
00,120247576981390214,ACTIVE,220,0.31,9,0,0,0,0,0
00,120247925267750303,ACTIVE,80,0.31,10,0,0,0,0,0
00,120252191447820210,ACTIVE,80,0.31,8,0,0,0,0,0
00,120247588068060175,ACTIVE,87,0.31,6,0,0,0,0,0
00,120249300729750589,ACTIVE,200,0.31,16,0,0,0,0,0
00,120246471244730065,ACTIVE,229,0.31,17,0,0,0,0,0
00,120245923045620168,ACTIVE,100,0.3,7,0,0,0,0,0
00,120246788794230752,ACTIVE,76,0.3,18,0,0,0,0,0
00,120247820656740509,ACTIVE,102,0.29,13,1,1,0,0,0
00,120248302764530065,ACTIVE,85,0.29,7,0,0,0,0,0
00,120246899498920707,ACTIVE,100,0.29,8,0,0,0,0,0
00,120246821790660032,ACTIVE,76,0.29,8,0,0,0,0,0
00,120246178929760752,ACTIVE,100,0.29,8,0,0,0,0,0
00,120246808538770320,ACTIVE,80,0.28,30,0,0,0,0,0
00,120248444259380455,ACTIVE,134,0.28,10,0,0,0,0,0
00,120248781054270455,ACTIVE,132,0.28,5,0,1,0,0,0
00,120246716035470470,ACTIVE,50,0.27,5,1,0,0,0,0
00,120244837091050678,ACTIVE,90,0.27,12,1,1,0,0,0
00,120248430661490642,ACTIVE,125,0.27,10,1,1,0,0,0
00,120247293641570642,ACTIVE,120,0.26,7,0,1,0,0,0
00,120248799665230455,ACTIVE,125,0.26,8,0,0,0,0,0
00,120252191525360210,ACTIVE,80,0.26,10,0,0,0,0,0
00,120251979136820210,ACTIVE,80,0.26,6,0,0,0,0,0
00,120246131739110780,ACTIVE,80,0.26,9,1,1,0,0,0
00,120249021806040152,PAUSED,80,0.25,11,0,0,0,0,0
00,120247061936980509,ACTIVE,200,0.25,13,0,0,0,0,0
00,120248732700580455,ACTIVE,135,0.25,6,1,1,0,0,0
00,120244694198510146,ACTIVE,100,0.25,7,0,0,0,0,0
00,120247893321710509,ACTIVE,102,0.25,12,0,0,0,0,0
00,120250597528860019,ACTIVE,100,0.24,7,0,0,0,0,0
00,120246957174760241,ACTIVE,120,0.24,5,0,0,0,0,0
00,120248732241360544,ACTIVE,80,0.24,8,0,0,0,0,0
00,120248755684290455,ACTIVE,325,0.24,6,0,1,0,0,0
00,120245699235240686,ACTIVE,80,0.23,10,0,1,0,0,0
00,120249711938850319,ACTIVE,120,0.23,11,1,2,0,0,0
00,120251332965870368,ACTIVE,80,0.23,6,0,0,0,0,0
00,120246856687770320,ACTIVE,109,0.23,5,0,0,0,0,0
00,120245481989400065,ACTIVE,40,0.22,3,0,0,0,0,0
00,120250623729250057,ACTIVE,100,0.22,3,0,0,0,0,0
00,120248332304550642,ACTIVE,195,0.22,8,0,0,0,0,0
00,120247293642140642,ACTIVE,400,0.22,18,0,1,2,2,103.89999999999999
00,120252528497900054,ACTIVE,100,0.22,7,0,0,0,0,0
00,120246870229730642,ACTIVE,100,0.21,15,1,1,0,0,0
00,120248737641910722,ACTIVE,68,0.21,11,0,0,0,0,0
00,120246382556450462,ACTIVE,100,0.21,11,0,0,0,0,0
00,120246808477880320,ACTIVE,120,0.21,18,0,1,0,0,0
00,120244235259940678,ACTIVE,68,0.21,8,0,1,0,0,0
00,120247725456360175,ACTIVE,87,0.21,10,1,1,0,0,0
00,120246470015580752,ACTIVE,82,0.2,4,0,1,0,0,0
00,120248828412650561,ACTIVE,87,0.2,36,0,0,0,0,0
00,120246615285510642,ACTIVE,200,0.2,13,0,1,0,0,0
00,120245295700470678,ACTIVE,101,0.2,14,0,0,0,0,0
00,120248848966420389,ACTIVE,81,0.19,6,0,0,0,0,0
00,120245848127430707,ACTIVE,200,0.19,9,0,0,0,0,0
00,120249244397090229,ACTIVE,190,0.19,18,0,0,0,0,0
00,120250946852160368,ACTIVE,170,0.19,6,0,0,0,0,0
00,120245218353240788,ACTIVE,50,0.19,5,0,0,0,0,0
00,120246417765860752,ACTIVE,77,0.18,8,0,1,0,0,0
00,120243217129690509,ACTIVE,100,0.18,13,0,0,1,1,94.69999999999999
00,120249866066500100,ACTIVE,89,0.18,14,0,0,0,0,0
00,120245738102920780,ACTIVE,150,0.18,11,0,0,0,0,0
00,120245514271720065,ACTIVE,115,0.18,4,0,0,0,0,0
00,120246808388750320,ACTIVE,150,0.17,10,0,0,1,0,0
00,120248384078440455,ACTIVE,100,0.17,12,0,0,0,0,0
00,120250677671340013,ACTIVE,60,0.17,4,0,0,0,0,0
00,120249181320780229,ACTIVE,174,0.17,3,0,0,0,0,0
00,120247504003780425,ACTIVE,100,0.16,8,0,0,0,0,0
00,120246888370010097,ACTIVE,80,0.16,8,0,0,0,0,0
00,120247139480370564,ACTIVE,480,0.16,16,0,0,0,0,0
00,120246832874220677,ACTIVE,100,0.16,17,0,1,0,0,0
00,120248623160360561,ACTIVE,60,0.16,8,1,1,0,0,0
00,120248536188000100,ACTIVE,300,0.16,7,1,1,0,0,0
00,120248538003950544,ACTIVE,80,0.16,6,0,0,1,0,0
00,120247594535460629,ACTIVE,80,0.16,6,0,0,0,0,0
00,120246794738360320,ACTIVE,108,0.15,8,0,0,0,0,0
00,120249871401270725,ACTIVE,100,0.15,8,0,0,0,0,0
00,120244694220570146,ACTIVE,100,0.15,11,0,0,0,0,0
00,120247858934130544,ACTIVE,63,0.15,4,0,0,0,0,0
00,120249861202960589,ACTIVE,100,0.15,9,0,0,0,0,0
00,120244978756050678,ACTIVE,100,0.15,13,0,0,0,0,0
00,120245339157220686,ACTIVE,233,0.15,3,0,0,0,0,0
00,120248129602090303,ACTIVE,40,0.15,6,0,0,0,0,0
00,120247872427160090,ACTIVE,322,0.15,8,0,0,0,0,0
00,120247680102240175,ACTIVE,125,0.14,111,0,0,0,0,0
00,120245400790120686,ACTIVE,80,0.14,9,0,0,0,0,0
00,120245694161990686,ACTIVE,80,0.14,1,0,0,0,0,0
00,120245899907660065,ACTIVE,115,0.14,4,0,0,0,0,0
00,120246130891350780,ACTIVE,80,0.13,4,0,0,0,0,0
00,120246615285450642,ACTIVE,120,0.13,6,1,1,0,0,0
00,120247467134120006,ACTIVE,50,0.13,6,0,0,0,0,0
00,120244694121960146,ACTIVE,100,0.13,8,0,1,0,0,0
00,120248304076570462,ACTIVE,69,0.13,3,0,0,0,0,0
00,120246465900910677,ACTIVE,100,0.13,8,0,0,0,0,0
00,120246643265130674,ACTIVE,121,0.13,15,0,0,0,0,0
00,120244242496990780,ACTIVE,100,0.13,5,0,0,0,0,0
00,120245380137820707,ACTIVE,300,0.13,5,0,1,0,0,0
00,120250466943310577,ACTIVE,100,0.12,10,0,1,1,1,64.96000000000001
00,23857834334500799,ACTIVE,160,0.12,5,0,0,0,0,0
00,120251063106910166,ACTIVE,30,0.12,4,0,0,0,0,0
00,120244017128390686,ACTIVE,100,0.11,4,0,0,0,0,0
00,120258018921720586,ACTIVE,300,0.11,4,0,0,0,0,0
00,120247245979210389,ACTIVE,100,0.11,7,0,0,0,0,0
00,120246546927620533,ACTIVE,69,0.1,5,0,1,0,0,0
00,120251789041250404,ACTIVE,80,0.1,5,0,0,0,0,0
00,120251688330770166,ACTIVE,30,0.1,5,0,0,0,0,0
00,120247404963060453,ACTIVE,80,0.1,2,1,1,0,0,0
00,120251659288010166,ACTIVE,50,0.1,5,0,0,0,0,0
00,120249553547110663,ACTIVE,50,0.1,1,0,0,0,0,0
00,120247030018130097,ACTIVE,80,0.1,11,0,0,0,0,0
00,120248793038870561,ACTIVE,60,0.1,7,0,0,0,0,0
00,120250598801610019,ACTIVE,30,0.09,2,0,0,0,0,0
00,120246733876960065,ACTIVE,80,0.09,3,0,0,0,0,0
00,120248793038950561,ACTIVE,60,0.09,4,0,0,0,0,0
00,120237484145990455,ACTIVE,145,0.09,7,0,0,0,0,0
00,120247135768560097,ACTIVE,94,0.09,1,0,0,0,0,0
00,120248860935710389,ACTIVE,100,0.09,6,0,1,0,0,0
00,120242656322210455,ACTIVE,135,0.09,5,0,0,0,0,0
00,120250789469770586,ACTIVE,100,0.08,2,0,0,0,0,0
00,120248538756410561,ACTIVE,60,0.08,7,0,1,0,0,0
00,120258091126130586,ACTIVE,300,0.08,5,0,0,0,0,0
00,120244717752490146,ACTIVE,100,0.08,2,0,0,0,0,0
00,120258251274600586,ACTIVE,30,0.08,2,0,0,0,0,0
00,120248533771940126,ACTIVE,80,0.08,3,0,0,1,0,0
00,120246145364940470,ACTIVE,80,0.08,5,0,1,0,0,0
00,120244451472500146,ACTIVE,100,0.07,5,0,0,0,0,0
00,120247583319740586,ACTIVE,150,0.07,3,0,0,0,0,0
00,120249871362030725,ACTIVE,100,0.07,4,0,0,0,0,0
00,120257783384890586,ACTIVE,50,0.07,2,0,0,0,0,0
00,120247219674070214,ACTIVE,135,0.06,2,0,0,0,0,0
00,120251788886810404,ACTIVE,80,0.06,3,0,0,0,0,0
00,120246572682530470,ACTIVE,50,0.06,4,0,0,0,0,0
00,120248515748320065,ACTIVE,100,0.06,5,0,0,0,0,0
00,120246804407860752,ACTIVE,100,0.06,3,0,0,0,0,0
00,120246896356140032,ACTIVE,75,0.05,3,0,1,0,0,0
00,120245343345740686,ACTIVE,200,0.05,2,0,0,0,0,0
00,120246299672740751,ACTIVE,195,0.05,7,0,0,0,0,0
00,6988547105833,ACTIVE,80,0.05,2,0,0,0,0,0
00,120249935914370589,ACTIVE,95,0.05,1,0,0,0,0,0
00,120251401666080368,ACTIVE,80,0.05,2,0,0,0,0,0
00,120251659288280166,ACTIVE,30,0.05,2,0,0,0,0,0
00,120248792993560561,ACTIVE,60,0.05,7,0,0,0,0,0
00,120249832996030589,ACTIVE,100,0.05,2,0,0,0,0,0
00,120246804407820752,ACTIVE,100,0.04,4,0,0,0,0,0
00,120258091658510586,ACTIVE,30,0.04,2,0,0,0,0,0
00,120248492410200561,ACTIVE,80,0.04,3,0,0,0,0,0
00,120244802271840788,ACTIVE,100,0.04,3,0,0,0,0,0
00,120242301213170065,ACTIVE,300,0.04,4,0,0,0,0,0
00,120245750558170707,ACTIVE,100,0.04,5,0,0,0,0,0
00,120251332965640368,ACTIVE,80,0.04,4,0,1,0,0,0
00,120248207466280561,ACTIVE,60,0.04,3,1,1,0,0,0
00,120246733902040065,ACTIVE,80,0.04,2,0,0,0,0,0
00,120251360834810166,ACTIVE,30,0.04,2,0,0,0,0,0
00,120250597561880019,ACTIVE,50,0.04,4,0,0,0,0,0
00,120243466971930678,ACTIVE,100,0.03,7,0,0,0,0,0
00,120245889270720065,ACTIVE,40,0.03,5,0,0,0,0,0
00,120250445767170166,ACTIVE,30,0.03,2,0,0,0,0,0
00,120248923191120589,ACTIVE,100,0.03,1,0,0,0,0,0
00,120248129647190303,ACTIVE,40,0.03,2,0,0,0,0,0
00,120250413795050709,ACTIVE,200,0.03,2,0,0,0,0,0
00,120245241360310455,ACTIVE,193,0.03,8,0,1,0,0,0
00,120248808049860544,ACTIVE,80,0.03,4,0,0,0,0,0
00,120246693068060097,ACTIVE,100,0.03,1,0,0,0,0,0
00,120248623160450561,ACTIVE,60,0.03,2,0,0,0,0,0
00,120245218353210788,ACTIVE,200,0.03,2,0,0,0,0,0
00,120257843668740586,ACTIVE,50,0.02,2,0,0,0,0,0
00,120248492410110561,ACTIVE,80,0.02,5,0,0,0,0,0
00,120245124026530686,ACTIVE,80,0.02,1,0,0,0,0,0
00,120247725456480175,ACTIVE,87,0.02,2,0,0,0,0,0
00,120247680373230629,ACTIVE,100,0.02,1,0,0,0,0,0
00,120247680373160629,ACTIVE,100,0.02,4,0,0,0,0,0
00,120249433591590100,ACTIVE,100,0.02,1,0,0,0,0,0
00,120245899907890065,ACTIVE,115,0.02,2,0,0,0,0,0
00,120248064259890425,PAUSED,100,0.01,1,0,0,0,0,0
00,120246299672680751,ACTIVE,115,0.01,2,0,0,0,0,0
00,120243843991710129,ACTIVE,50,0.01,1,0,1,0,0,0
00,120244694220400146,ACTIVE,100,0.01,2,0,0,0,0,0
00,120251037305290166,ACTIVE,30,0.01,2,0,1,0,0,0
00,120248956379790695,ACTIVE,120,0.01,1,0,0,0,0,0
00,120249283732990100,ACTIVE,104,0.01,1,0,0,0,0,0
00,120249932780850725,ACTIVE,100,0,0,0,0,0,0,0
00,120249932780870725,ACTIVE,100,0,0,0,0,0,0,0
00,120249932839250725,ACTIVE,100,0,0,0,0,0,0,0
00,120249932839280725,ACTIVE,100,0,0,0,0,0,0,0
00,120249932894450725,ACTIVE,100,0,0,0,0,0,0,0
00,120249932894470725,ACTIVE,100,0,0,0,0,0,0,0
00,120249932919700725,ACTIVE,100,0,0,0,0,0,0,0
00,120249932919750725,ACTIVE,100,0,0,0,0,0,0,0
00,120249932930140725,ACTIVE,100,0,0,0,0,0,0,0
00,120249932930170725,ACTIVE,100,0,0,0,0,0,0,0
00,120245136181480470,ACTIVE,5,0,1,0,0,0,0,0
00,120246779144440470,ACTIVE,10,0,0,0,0,0,0,0
00,120246779144470470,ACTIVE,10,0,0,0,0,0,0,0
00,120246779144500470,ACTIVE,10,0,0,0,0,0,0,0
00,120246779144530470,ACTIVE,10,0,0,0,0,0,0,0
00,120246779445160470,ACTIVE,10,0,0,0,0,0,0,0
00,120245898153970179,ACTIVE,80,0,0,0,0,0,0,0
00,120246779445230470,ACTIVE,10,0,0,0,0,0,0,0
00,120247968341070509,ACTIVE,100,0,0,0,0,0,0,0
00,120247968340980509,ACTIVE,100,0,0,0,0,0,0,0
00,120247968319580509,ACTIVE,100,0,0,0,0,0,0,0
00,120247968319500509,ACTIVE,100,0,0,0,0,0,0,0
00,120247967955600509,ACTIVE,100,0,0,0,0,0,0,0
00,120247967955540509,ACTIVE,100,0,0,0,0,0,0,0
00,120244535937630146,ACTIVE,100,0,0,0,1,0,0,0
00,120247967797490509,ACTIVE,100,0,0,0,0,0,0,0
00,120247967794970509,ACTIVE,100,0,0,0,0,0,0,0
00,120247967790920509,ACTIVE,100,0,0,0,0,0,0,0
00,120246957864910241,ACTIVE,80,0,0,0,0,0,0,0
00,120247967790870509,ACTIVE,100,0,0,0,0,0,0,0
00,120247967776250509,PAUSED,100,0,0,0,0,0,0,0
00,120247967776170509,PAUSED,100,0,0,0,0,0,0,0
00,120247967662480509,ACTIVE,100,0,0,0,0,0,0,0
00,120247967662420509,ACTIVE,100,0,0,0,0,0,0,0
00,120247964069650509,ACTIVE,103,0,1,0,0,0,0,0
00,120247964012250509,ACTIVE,111,0,4,0,0,0,0,0
00,120246779445250470,ACTIVE,10,0,0,0,0,0,0,0
00,120251704404610651,ACTIVE,80,0,0,0,0,0,0,0
00,120251704404650651,ACTIVE,80,0,0,0,0,0,0,0
00,120247854925480090,PAUSED,125,0,0,0,1,0,0,0
00,120246856687750320,ACTIVE,109,0,2,0,0,0,0,0
00,120247580456060167,ACTIVE,80,0,0,0,0,0,0,0
00,120247580456030167,ACTIVE,80,0,0,0,0,0,0,0
00,120246957833100241,ACTIVE,80,0,0,0,0,0,0,0
00,120246944968380016,ACTIVE,80,0,0,0,0,0,0,0
00,120246944968400016,ACTIVE,80,0,0,0,0,0,0,0
00,120247137519850097,ACTIVE,80,0,0,0,0,0,0,0
00,120247137502940097,ACTIVE,80,0,0,0,0,0,0,0
00,120247137487440097,ACTIVE,80,0,0,0,0,0,0,0
00,120258253671850586,ACTIVE,30,0,1,0,0,0,0,0
00,120247137474700097,ACTIVE,80,0,0,0,0,0,0,0
00,120246957805100241,ACTIVE,80,0,0,0,0,0,0,0
00,120248808322090544,ACTIVE,80,0,0,0,0,0,0,0
00,120246779445200470,ACTIVE,10,0,0,0,0,0,0,0
00,120248836526160469,ACTIVE,80,0,0,0,0,0,0,0
00,120248836526190469,ACTIVE,80,0,0,0,0,0,0,0
00,120248837447860469,ACTIVE,80,0,0,0,0,0,0,0
00,120248837630950469,ACTIVE,80,0,0,0,0,0,0,0
00,120248808083810544,ACTIVE,80,0,0,0,0,0,0,0
00,120245898153890179,ACTIVE,80,0,0,0,0,0,0,0
00,120248808057210544,ACTIVE,80,0,0,0,0,0,0,0
00,120248922585490210,ACTIVE,200,0,1,0,0,0,0,0
00,120245762923870686,ACTIVE,80,0,0,0,0,0,0,0
00,120245762923790686,ACTIVE,80,0,0,0,0,0,0,0
00,120249020545530389,ACTIVE,100,0,0,0,0,0,0,0
00,120249020545550389,ACTIVE,100,0,0,0,0,0,0,0
00,120249020624040389,ACTIVE,100,0,0,0,0,0,0,0
00,120249020624060389,ACTIVE,100,0,0,0,0,0,0,0
00,120249020782530389,ACTIVE,100,0,0,0,0,0,0,0
00,120249020782610389,ACTIVE,100,0,0,0,0,0,0,0
00,120246145189280470,ACTIVE,80,0,3,0,0,0,0,0
00,120245762848690686,ACTIVE,80,0,0,0,0,0,0,0
00,120246206879950630,ACTIVE,60,0,0,0,0,0,0,0
00,120245762848650686,ACTIVE,80,0,0,0,0,0,0,0
00,120245762830840686,ACTIVE,80,0,0,0,0,0,0,0
00,120245762799770686,ACTIVE,100,0,0,0,0,0,0,0
00,120245762799710686,ACTIVE,100,0,0,0,0,0,0,0
00,120245762437280686,ACTIVE,80,0,0,0,0,0,0,0
00,120245761603330686,ACTIVE,80,0,0,0,0,0,0,0
00,120248712686510564,ACTIVE,80,0,0,0,0,0,0,0
00,120246206880100630,ACTIVE,60,0,0,0,0,0,0,0
00,120249252046550229,ACTIVE,71,0,7,0,0,0,0,0
00,120248616403110126,ACTIVE,80,0,0,0,0,0,0,0
00,120248616403010126,ACTIVE,80,0,0,0,0,0,0,0
00,120248616104890126,ACTIVE,80,0,0,0,0,0,0,0
00,120248616104810126,ACTIVE,80,0,0,0,0,0,0,0
00,120248616085540126,ACTIVE,80,0,0,0,0,0,0,0
00,120248616085470126,ACTIVE,80,0,0,0,0,0,0,0
00,120248616059420126,ACTIVE,80,0,0,0,0,0,0,0
00,120248616059360126,ACTIVE,80,0,0,0,0,0,0,0
00,120248616040850126,ACTIVE,80,0,0,0,0,0,0,0
00,120248616033460126,ACTIVE,80,0,0,0,0,0,0,0
00,120246366618760177,ACTIVE,100,0,0,0,0,0,0,0
00,120246366697320177,ACTIVE,100,0,0,0,0,0,0,0
00,120248305463560065,ACTIVE,50,0,1,0,0,0,0,0
00,120249932645040725,ACTIVE,100,0,0,0,0,0,0,0
00,120249932645060725,ACTIVE,100,0,0,0,0,0,0,0
00,120249932702280725,ACTIVE,100,0,0,0,0,0,0,0
00,120249932722130725,ACTIVE,100,0,0,0,0,0,0,0
00,120249932722160725,ACTIVE,100,0,0,0,0,0,0,0
00,120249932740160725,ACTIVE,100,0,0,0,0,0,0,0
00,120249932740190725,ACTIVE,100,0,0,0,0,0,0,0
00,120249932761710725,ACTIVE,100,0,0,0,0,0,0,0
00,120249932761740725,ACTIVE,100,0,0,0,0,0,0,0
01,120244761515050455,ACTIVE,1124,28.02,737,17,21,1,0,0
01,120244452712050146,ACTIVE,1000,25.07,513,16,22,1,0,0
01,120249614588310725,ACTIVE,1000,19.63,526,6,8,1,0,0
01,120243986668280589,ACTIVE,1200,17.57,470,9,11,2,2,79.5
01,120244793522550320,ACTIVE,450,16.86,626,15,12,0,0,0
01,120246670033370677,ACTIVE,800,14.86,641,5,5,2,2,112
01,120243593315080146,ACTIVE,395,14.75,217,3,3,0,0,0
01,120249179865340725,ACTIVE,1000,14.419999999999998,586,6,11,2,0,0
01,120247199911460090,ACTIVE,898,13.35,325,9,7,1,1,62.39000000000001
01,120246050713470630,ACTIVE,900,12.649999999999999,261,4,4,1,1,94.94
01,120243063569770146,ACTIVE,694,11.59,448,3,4,0,0,0
01,120244034916020436,ACTIVE,445,11.59,611,18,21,4,2,197.68
01,120240679404390629,ACTIVE,400,11.31,356,8,8,2,0,0
01,120247325002770564,PAUSED,500,11.22,249,3,3,0,0,0
01,120246791587200455,ACTIVE,490,10.49,128,5,7,0,0,0
01,120247335070640389,ACTIVE,500,10.06,331,9,14,0,0,0
01,120246924316430241,ACTIVE,320,9.89,416,11,11,3,1,41.980000000000004
01,120244883028360686,ACTIVE,900,9.73,180,6,7,0,0,0
01,120248893532100100,ACTIVE,500,9.6,223,5,7,0,0,0
01,120247136451350725,ACTIVE,1000,9.57,260,5,5,0,0,0
01,120244480112510436,ACTIVE,274,9.55,435,8,11,0,0,0
01,120245284052330686,ACTIVE,1000,9.34,186,4,7,2,1,51.22
01,120247601538900425,ACTIVE,200,9.03,120,3,3,0,0,0
01,120245759610260179,ACTIVE,260,9.02,329,5,6,1,1,48.17
01,120248321980990065,ACTIVE,250,8.83,230,23,0,0,0,0
01,120246191098970320,ACTIVE,400,8.82,554,8,12,1,0,0
01,120245282912580630,ACTIVE,422,8.809999999999999,198,6,4,0,0,0
01,120249871750440100,ACTIVE,500,8.77,165,8,6,2,0,0
01,120246828454030629,ACTIVE,659.1,8.55,184,4,5,0,0,0
01,120248414403410695,ACTIVE,375,8.36,350,4,5,0,0,0
01,120249768146470100,ACTIVE,500,8.12,234,4,7,0,0,0
01,120251223975900709,ACTIVE,300,8.09,232,4,5,0,0,0
01,120248321980970065,ACTIVE,250,8.01,133,9,0,0,0,0
01,120248596343100048,ACTIVE,300,7.9399999999999995,158,6,5,0,0,0
01,120252516139240428,ACTIVE,600,7.67,259,6,7,0,0,0
01,120246023777450751,ACTIVE,1200,7.66,214,2,5,1,0,0
01,120248808057210544,ACTIVE,80,7.460000000000001,81,6,5,0,0,0
01,120249286682560368,ACTIVE,585,7.42,267,5,8,0,0,0
01,120248383861080100,ACTIVE,500,7.36,197,6,6,1,1,66.14999999999999
01,120248703982780229,ACTIVE,128,7.27,142,0,1,0,0,0
01,120251425264570709,ACTIVE,500,7,59,2,2,0,0,0
01,120243276755660065,ACTIVE,850,6.99,246,7,8,1,0,0
01,120249005372660589,ACTIVE,132,6.85,111,2,2,0,0,0
01,120246338028120241,ACTIVE,420,6.699999999999999,415,5,4,0,1,66.47999999999999
01,120246804963420707,ACTIVE,83,6.63,87,2,3,0,0,0
01,120250079096940127,ACTIVE,100,6.449999999999999,47,1,3,0,0,0
01,120242870748820133,ACTIVE,80,6.279999999999999,64,2,1,0,0,0
01,120248808167650544,PAUSED,60,6.23,109,2,2,0,0,0
01,120248089909210065,ACTIVE,100,6.21,135,2,2,0,0,0
01,120250728363540577,ACTIVE,500,6.21,132,3,6,0,0,0
01,120248459419470469,ACTIVE,100,6.19,137,3,5,0,0,0
01,120245334049460065,ACTIVE,680,6.16,111,2,2,0,0,0
01,120248515294560065,ACTIVE,100,6.07,59,2,2,0,0,0
01,23857875546320799,ACTIVE,60,6.05,58,2,2,0,0,0
01,120248760404410469,ACTIVE,80,5.99,66,1,1,0,0,0
01,120249115230940100,ACTIVE,159,5.98,89,6,6,1,1,38.17
01,120248229485400425,ACTIVE,360,5.92,193,4,4,1,0,0
01,120244470749040129,ACTIVE,120,5.91,173,2,1,0,0,0
01,120245099365240470,ACTIVE,300,5.88,136,7,5,0,0,0
01,120244880653330686,ACTIVE,100,5.859999999999999,99,5,5,0,0,0
01,120247964069680509,ACTIVE,103,5.7700000000000005,78,1,1,0,0,0
01,120246402943010533,ACTIVE,100,5.76,191,3,3,0,0,0
01,120247725456480175,ACTIVE,87,5.66,60,3,4,0,0,0
01,120246104094940650,ACTIVE,113,5.62,59,1,2,1,0,0
01,120250332385240019,ACTIVE,300,5.43,117,3,3,0,0,0
01,120250540664990577,ACTIVE,100,5.42,126,3,4,0,0,0
01,120248645284270152,ACTIVE,340,5.32,206,1,1,0,0,0
01,120250895500810586,ACTIVE,1000,5.27,193,3,2,0,0,0
01,120246947981930126,ACTIVE,80,5.27,92,4,4,1,1,49.519999999999996
01,120249790639140725,ACTIVE,500,5.25,127,2,2,0,0,0
01,120242301213710065,ACTIVE,550,5.24,132,1,1,0,0,0
01,120246808108970320,ACTIVE,120,5.22,112,4,5,1,0,0
01,120248778267900561,ACTIVE,100,5.2,68,1,2,0,0,0
01,120246250177610320,ACTIVE,154,5.18,197,5,6,1,1,103.82000000000001
01,120257843052780586,ACTIVE,168,5.05,163,2,5,0,0,0
01,120248778267990561,ACTIVE,100,4.989999999999999,95,2,3,0,0,0
01,120244758149170146,ACTIVE,100,4.96,79,1,1,0,0,0
01,120244471549800129,ACTIVE,100,4.96,125,3,5,0,0,0
01,23857875684980799,ACTIVE,60,4.91,40,0,0,0,0,0
01,120242847129030686,ACTIVE,100,4.85,87,7,8,0,0,0
01,120246835765380032,ACTIVE,200,4.85,68,4,4,0,0,0
01,120239930892250650,ACTIVE,300,4.8100000000000005,70,1,2,0,0,0
01,120248808322080544,ACTIVE,80,4.8100000000000005,106,1,0,0,0,0
01,120246360941370650,PAUSED,100,4.8,53,1,0,0,0,0
01,120246944968400016,ACTIVE,80,4.76,33,1,1,0,0,0
01,120246944968380016,ACTIVE,80,4.74,42,0,0,0,0,0
01,120245201694370686,ACTIVE,125,4.73,72,3,1,0,0,0
01,120243117326020544,ACTIVE,80,4.72,113,0,0,0,0,0
01,120249754760810019,ACTIVE,300,4.72,131,7,8,1,0,0
01,120245404387150125,ACTIVE,200,4.7,110,6,6,1,0,0
01,120245339157220686,ACTIVE,233,4.68,55,2,3,1,0,0
01,120247708432980509,ACTIVE,200,4.67,121,1,1,0,0,0
01,120245279091880436,ACTIVE,100,4.67,188,7,7,0,0,0
01,120248082904020663,ACTIVE,200,4.62,40,4,4,0,0,0
01,120249115231040100,ACTIVE,158,4.6,74,0,1,0,0,0
01,120247534964830642,ACTIVE,190,4.6,88,0,0,0,0,0
01,120244823852300686,ACTIVE,167,4.59,60,3,3,1,1,71.21000000000001
01,120249120674110404,ACTIVE,500,4.58,85,4,5,0,0,0
01,120246815852160674,ACTIVE,80,4.56,56,1,1,0,0,0
01,120246024108440751,ACTIVE,345,4.55,132,3,7,1,0,0
01,120244967217480436,ACTIVE,152,4.54,183,8,12,0,0,0
01,120246299672700751,ACTIVE,500,4.529999999999999,138,3,4,1,0,0
01,120258265887140586,ACTIVE,30,4.51,43,0,0,0,0,0
01,120246957174760241,ACTIVE,120,4.489999999999999,38,0,0,0,0,0
01,120245557729330686,ACTIVE,109,4.47,56,1,1,0,0,0
01,120249252046510229,ACTIVE,200,4.45,176,1,1,1,0,0
01,120247725456360175,ACTIVE,87,4.43,70,2,2,0,0,0
01,120245334049540065,ACTIVE,550,4.42,111,5,8,0,0,0
01,120248050137610065,ACTIVE,270,4.4,115,1,1,0,0,0
01,120247964069650509,ACTIVE,103,4.34,69,1,1,0,0,0
01,120250558406210368,ACTIVE,193,4.33,111,3,3,0,0,0
01,120245980788570752,ACTIVE,600,4.27,123,2,3,0,0,0
01,120244758149140146,ACTIVE,100,4.24,73,1,2,1,0,0
01,120247404892280453,ACTIVE,80,4.23,22,0,1,0,0,0
01,120247680102270175,ACTIVE,425,4.19,554,1,2,1,1,57.9
01,120248652996470564,ACTIVE,80,4.19,129,4,5,0,0,0
01,120243205951310642,ACTIVE,233,4.11,88,0,2,0,0,0
01,120245469696060686,ACTIVE,100,4.09,58,3,3,0,0,0
01,120255653285300586,ACTIVE,171,4.07,83,1,0,0,0,0
01,120244349823030686,ACTIVE,100,4.06,44,1,1,0,0,0
01,120245750135880686,ACTIVE,80,3.96,44,1,1,0,0,0
01,120246471244780065,ACTIVE,229,3.89,81,2,2,0,0,0
01,120248832877240168,ACTIVE,135,3.8899999999999997,50,1,1,0,0,0
01,120246804407860752,ACTIVE,100,3.86,54,1,2,0,0,0
01,120245469696040686,ACTIVE,144,3.85,76,1,1,0,0,0
01,120249550517720100,ACTIVE,124,3.84,55,0,0,0,0,0
01,120242031621370065,ACTIVE,229,3.84,64,1,2,0,0,0
01,120247762435840509,ACTIVE,200,3.84,96,2,6,0,0,0
01,120246624479910241,ACTIVE,400,3.8099999999999996,157,3,3,1,0,0
01,120247770219460509,ACTIVE,200,3.77,190,4,4,0,0,0
01,120244717752530146,ACTIVE,100,3.77,68,1,1,0,0,0
01,120244431777030751,ACTIVE,1000,3.75,144,3,4,1,1,47.14
01,120247405054450453,ACTIVE,80,3.74,35,0,1,1,1,29.979999999999997
01,120247971456880509,ACTIVE,100,3.73,40,1,0,0,0,0
01,120249525957160319,ACTIVE,450,3.6799999999999997,84,1,3,0,0,0
01,120248955593120695,ACTIVE,136,3.65,120,1,1,0,0,0
01,120245250322490642,ACTIVE,300,3.6100000000000003,112,3,4,1,0,0
01,120258018661030586,ACTIVE,301,3.61,151,1,2,0,0,0
01,120244076954630146,ACTIVE,500,3.56,87,2,2,0,0,0
01,120244581910350686,ACTIVE,500,3.52,26,1,1,1,0,0
01,120247645229990642,ACTIVE,152,3.5100000000000002,90,2,0,0,0,0
01,120245241360310455,ACTIVE,193,3.5100000000000002,160,3,5,0,0,0
01,120246200552610630,ACTIVE,84,3.5100000000000002,64,3,2,1,0,0
01,120246135738100630,ACTIVE,80,3.51,78,4,4,0,0,0
01,120244761869100436,ACTIVE,100,3.49,137,2,3,0,0,0
01,23857875546260799,ACTIVE,60,3.48,57,2,2,0,0,0
01,120247651901430214,ACTIVE,135,3.46,65,0,0,0,0,0
01,120247770946170509,ACTIVE,200,3.45,125,4,3,0,0,0
01,120248512806040048,ACTIVE,300,3.4299999999999997,82,1,2,0,0,0
01,120247775015280090,ACTIVE,195,3.42,86,4,4,0,0,0
01,120246191098590320,ACTIVE,200,3.42,241,4,5,1,1,34.07
01,120247137519850097,ACTIVE,80,3.4,58,1,1,0,0,0
01,120249017857580389,ACTIVE,81,3.37,71,5,8,1,1,37.06
01,120245279293750436,ACTIVE,100,3.37,116,7,8,0,0,0
01,120246299780500177,ACTIVE,100,3.37,33,0,0,0,0,0
01,120247746970390291,ACTIVE,300,3.3600000000000003,80,1,1,0,0,0
01,120241119247090090,ACTIVE,245,3.36,69,2,1,0,1,86.35
01,120250018190530589,ACTIVE,100,3.36,44,0,3,0,0,0
01,120248598654680561,ACTIVE,111,3.35,84,2,3,0,0,0
01,120248574839550695,ACTIVE,187,3.3400000000000003,90,2,4,0,0,0
01,120249790746660725,ACTIVE,100,3.34,70,0,0,0,0,0
01,120246808477880320,ACTIVE,120,3.33,64,2,4,0,0,0
01,120244963676310686,ACTIVE,500,3.32,73,3,3,0,0,0
01,120246403147480533,ACTIVE,200,3.31,80,6,8,1,0,0
01,120246987932040677,ACTIVE,124,3.3,37,0,0,0,0,0
01,120246669810550173,ACTIVE,200,3.3,101,3,5,0,0,0
01,120235701428420210,ACTIVE,200,3.29,59,0,0,0,0,0
01,120249449512030725,ACTIVE,100,3.29,106,2,1,2,1,68.56
01,120249252749070229,ACTIVE,98,3.2800000000000002,124,3,2,0,0,0
01,120247405054120453,ACTIVE,80,3.26,32,1,2,0,0,0
01,120250809311980013,ACTIVE,200,3.25,62,3,4,0,0,0
01,120255205005720197,ACTIVE,100,3.23,44,0,0,0,0,0
01,120247404823780453,ACTIVE,80,3.22,35,0,1,0,0,0
01,120245198116820177,ACTIVE,156,3.21,59,1,3,0,0,0
01,120244216235640630,ACTIVE,104,3.19,95,2,2,0,0,0
01,120248734905220544,ACTIVE,100,3.19,78,0,1,0,0,0
01,120248515294500065,ACTIVE,100,3.18,64,2,2,0,0,0
01,120248547360230544,ACTIVE,100,3.18,78,0,0,0,0,0
01,120248556140990663,ACTIVE,300,3.17,63,2,2,0,0,0
01,120247404892370453,ACTIVE,80,3.17,34,1,1,0,0,0
01,120247040934570629,ACTIVE,400,3.15,122,0,0,0,0,0
01,120250186073510319,ACTIVE,80,3.14,114,3,3,0,0,0
01,120244963455410686,ACTIVE,80,3.12,28,0,0,0,0,0
01,120246447361050303,ACTIVE,80,3.1100000000000003,40,3,2,1,0,0
01,120246717243380752,ACTIVE,300,3.11,82,4,5,1,0,0
01,120246896356140032,ACTIVE,75,3.1,45,1,1,0,0,0
01,120244017128390686,ACTIVE,100,3.08,44,1,1,1,1,29.98
01,120245610768940032,ACTIVE,200,3.07,82,2,2,0,0,0
01,120248676922530389,ACTIVE,143,3.05,120,3,4,0,0,0
01,120244717752490146,ACTIVE,100,3.05,77,0,1,0,0,0
01,120246330272670320,ACTIVE,100,3.05,142,3,3,0,0,0
01,120256572736650586,ACTIVE,100,3.04,53,2,1,0,0,0
01,120245400596270686,ACTIVE,500,3.0300000000000002,65,0,0,0,0,0
01,120246804407820752,ACTIVE,100,2.9899999999999998,71,1,1,0,0,0
01,120248808049860544,ACTIVE,80,2.97,72,0,0,0,0,0
01,120245686749070320,ACTIVE,320,2.9299999999999997,133,2,3,0,0,0
01,120247896529670509,ACTIVE,100,2.9299999999999997,100,3,1,0,0,0
01,120248808083810544,ACTIVE,80,2.92,76,2,2,0,0,0
01,120248288633270389,ACTIVE,163,2.91,81,6,7,2,1,21.869999999999997
01,120250018190500589,ACTIVE,100,2.9,41,1,1,0,0,0
01,120246856687750320,ACTIVE,109,2.89,69,1,1,0,0,0
01,120249443467080663,ACTIVE,225,2.89,21,1,1,0,0,0
01,120246024108390751,ACTIVE,500,2.89,96,1,1,0,0,0
01,120246040085600751,ACTIVE,600,2.88,64,1,2,0,0,0
01,120247547642310642,ACTIVE,120,2.83,70,0,1,0,0,0
01,120250058315990589,ACTIVE,95,2.8200000000000003,49,0,0,0,0,0
01,120246299721480751,ACTIVE,325,2.8000000000000003,29,0,0,0,0,0
01,120248808316220695,ACTIVE,250,2.8,115,0,1,0,0,0
01,120245750135860686,ACTIVE,80,2.8,43,1,2,0,0,0
01,120247137474700097,ACTIVE,80,2.8,82,1,3,0,0,0
01,120249161498720431,ACTIVE,220,2.8,55,1,1,0,0,0
01,120247137502940097,ACTIVE,80,2.79,67,2,2,0,0,0
01,120247710685340629,ACTIVE,128,2.78,67,0,0,0,0,0
01,120244505718600686,ACTIVE,500,2.77,71,0,2,0,0,0
01,120245044044870686,ACTIVE,100,2.69,36,0,0,0,0,0
01,120246366697320177,ACTIVE,100,2.65,44,1,2,1,0,0
01,120247135768560097,ACTIVE,94,2.6399999999999997,63,0,0,0,0,0
01,120244302651980146,ACTIVE,500,2.62,70,0,0,0,0,0
01,120246808176080320,ACTIVE,120,2.62,153,2,2,0,0,0
01,120248760611910469,ACTIVE,150,2.6100000000000003,124,1,2,0,0,0
01,120246299780570177,ACTIVE,100,2.61,49,0,2,0,0,0
01,120248860935710389,ACTIVE,100,2.61,81,3,4,1,0,0
01,120246870229730642,ACTIVE,100,2.5999999999999996,62,1,2,0,0,0
01,120246856687770320,ACTIVE,109,2.58,68,2,1,1,0,0
01,120244079033450320,ACTIVE,120,2.58,105,8,8,0,0,0
01,120252411199200210,ACTIVE,116,2.54,88,0,0,0,0,0
01,120247925267750303,ACTIVE,80,2.5300000000000002,35,2,1,0,0,0
01,120251701953330054,ACTIVE,100,2.52,85,2,2,0,0,0
01,120244428953860686,ACTIVE,100,2.52,32,2,2,1,0,0
01,120249151139280057,ACTIVE,100,2.5,37,1,4,0,0,0
01,120246546927660533,ACTIVE,69,2.5,121,1,2,0,0,0
01,120246896356200032,ACTIVE,75,2.49,30,0,1,0,0,0
01,120246902225450241,ACTIVE,146,2.4699999999999998,84,2,2,0,0,0
01,120248795478880455,ACTIVE,100,2.46,64,1,2,0,0,0
01,120248180759590065,ACTIVE,100,2.44,55,2,2,1,1,49.52
01,120248722531060455,ACTIVE,133,2.42,68,4,4,0,0,0
01,120248808322090544,ACTIVE,80,2.41,82,3,3,0,0,0
01,120252337542810054,ACTIVE,133,2.41,89,0,0,0,0,0
01,120247901892960509,ACTIVE,100,2.41,62,1,2,0,0,0
01,120250623625120057,ACTIVE,100,2.4,33,2,2,0,0,0
01,120240258763950179,ACTIVE,210,2.38,50,1,1,0,0,0
01,120249017857650389,ACTIVE,81,2.38,58,1,0,0,0,0
01,120246808477920320,ACTIVE,200,2.37,77,1,1,0,0,0
01,120246526262050752,ACTIVE,110,2.37,65,0,0,0,0,0
01,120246957174700241,ACTIVE,120,2.36,15,0,0,0,0,0
01,120248142069690065,ACTIVE,100,2.33,42,0,0,0,0,0
01,120245602350460032,ACTIVE,200,2.33,75,1,0,0,0,0
01,120250363655950653,ACTIVE,80,2.32,42,0,0,0,0,0
01,120244452107570146,ACTIVE,100,2.31,56,1,2,0,0,0
01,120248732241360544,ACTIVE,80,2.3099999999999996,72,2,2,0,0,0
01,120246891215890677,ACTIVE,200,2.3,78,3,3,0,0,0
01,120248861015550389,ACTIVE,100,2.29,115,3,3,0,0,0
01,120248841975250455,ACTIVE,133,2.27,56,2,3,0,0,0
01,120248072969230389,ACTIVE,100,2.27,113,1,1,0,0,0
01,120248828412720561,ACTIVE,87,2.26,43,0,1,0,0,0
01,120248560991950642,ACTIVE,123,2.25,39,0,0,0,0,0
01,120248560991980642,ACTIVE,123,2.21,46,0,4,0,0,0
01,120248732700550455,ACTIVE,435,2.21,97,0,0,0,0,0
01,120255205047720197,ACTIVE,80,2.2,32,0,1,0,0,0
01,120247608644690175,ACTIVE,120,2.2,43,1,1,0,0,0
01,120248396283420425,ACTIVE,200,2.19,58,2,2,0,0,0
01,120247902130520509,ACTIVE,100,2.1799999999999997,52,0,0,0,0,0
01,120246972744470707,ACTIVE,81,2.17,36,0,0,0,0,0
01,120247680095380175,ACTIVE,125,2.16,222,1,1,0,0,0
01,120246221877410629,ACTIVE,234.5,2.16,83,2,2,0,0,0
01,120249498266450589,ACTIVE,330,2.15,22,0,0,0,0,0
01,120245642739620125,ACTIVE,200,2.15,74,0,2,0,0,0
01,120244535937630146,ACTIVE,100,2.15,73,0,1,0,0,0
01,120249613712950725,ACTIVE,100,2.12,51,1,1,0,0,0
01,120246286465380752,ACTIVE,300,2.11,75,2,2,1,1,72.00999999999999
01,120245327669090320,ACTIVE,300,2.11,81,2,3,0,0,0
01,120246808388750320,ACTIVE,150,2.1,65,1,2,1,0,0
01,120248490880340455,ACTIVE,100,2.1,43,0,0,0,0,0
01,120246716356910752,ACTIVE,100,2.1,53,1,1,0,0,0
01,120244694492240146,ACTIVE,100,2.08,24,0,1,1,0,0
01,120248662065140425,ACTIVE,100,2.08,47,1,1,0,0,0
01,120243772698800146,ACTIVE,100,2.08,100,1,2,0,0,0
01,120255205005670197,ACTIVE,100,2.0700000000000003,71,0,0,0,0,0
01,120247910668570509,ACTIVE,100,2.07,47,3,4,0,0,0
01,120244837091050678,ACTIVE,90,2.05,40,5,3,0,0,0
01,120249832996030589,ACTIVE,100,2.05,67,4,6,0,0,0
01,120245699235240686,ACTIVE,80,2.04,52,2,1,0,0,0
01,120244251116110146,ACTIVE,100,2.03,19,0,0,0,0,0
01,120248950484590389,ACTIVE,100,2.01,139,3,2,0,0,0
01,120246296875230177,ACTIVE,100,2,20,1,1,0,0,0
01,120247378425210561,ACTIVE,380,2,78,2,3,1,1,24.98
01,120245706333540025,ACTIVE,300,2,70,0,0,0,0,0
01,120246808538770320,ACTIVE,80,1.9899999999999998,61,0,0,0,0,0
01,120246818759010303,ACTIVE,80,1.98,23,1,1,0,0,0
01,120245205078130630,ACTIVE,106,1.98,61,1,2,0,0,0
01,120247680095420175,ACTIVE,125,1.96,317,1,0,0,0,0
01,120246891334500677,ACTIVE,100,1.96,27,0,1,0,0,0
01,120246669810650173,ACTIVE,80,1.96,42,1,1,0,0,0
01,120245229678820678,ACTIVE,100,1.9500000000000002,32,1,1,0,0,0
01,120247649190890629,ACTIVE,126,1.9500000000000002,43,2,1,1,0,0
01,120247594535930629,ACTIVE,80,1.95,52,1,1,0,0,0
01,120241066464020065,ACTIVE,289,1.94,101,1,1,0,0,0
01,120246200552670630,ACTIVE,84,1.93,58,1,2,0,0,0
01,120248426685010564,ACTIVE,100,1.93,35,1,0,0,0,0
01,120248072969470389,ACTIVE,100,1.92,76,5,5,3,2,70.59
01,120248848966480389,ACTIVE,81,1.9100000000000001,42,1,0,0,0,0
01,120245295700470678,ACTIVE,101,1.8900000000000001,62,0,0,0,0,0
01,120248681019100152,ACTIVE,57,1.89,104,4,5,0,0,0
01,120247595220850629,ACTIVE,100,1.88,39,1,2,1,0,0
01,120244906297410788,ACTIVE,200,1.8599999999999999,26,0,1,0,0,0
01,120244164847370788,ACTIVE,300,1.85,36,1,1,0,0,0
01,120248752320410389,ACTIVE,100,1.8399999999999999,63,1,1,0,0,0
01,120251576088460651,ACTIVE,80,1.82,40,0,0,0,0,0
01,120246885239440097,ACTIVE,74,1.82,45,1,3,0,0,0
01,120247910668550509,ACTIVE,100,1.81,56,1,1,0,0,0
01,120248614468400126,ACTIVE,90,1.81,50,1,1,0,0,0
01,120247040711430629,ACTIVE,100,1.7999999999999998,61,1,1,0,0,0
01,120245346459390436,ACTIVE,100,1.79,95,1,1,0,0,0
01,120246546927620533,ACTIVE,69,1.78,94,3,6,0,0,0
01,120258091225770586,ACTIVE,50,1.78,37,1,2,0,0,0
01,120246808176090320,ACTIVE,200,1.7799999999999998,93,2,3,0,0,0
01,120249090711190695,ACTIVE,80,1.77,41,0,0,0,0,0
01,120246888370010097,ACTIVE,80,1.75,46,0,1,0,0,0
01,120245514271740065,ACTIVE,195,1.74,41,0,0,0,0,0
01,120249219372460695,ACTIVE,80,1.74,25,0,0,0,0,0
01,120248515878900065,ACTIVE,170,1.74,47,1,1,0,0,0
01,120250122186270319,ACTIVE,200,1.73,47,0,2,0,0,0
01,120245010772960663,PAUSED,200,1.72,19,0,0,0,0,0
01,120250623729250057,ACTIVE,100,1.72,35,0,1,0,0,0
01,120246415849650214,ACTIVE,220,1.71,41,1,1,0,0,0
01,120245638609160175,ACTIVE,425,1.71,37,0,0,0,0,0
01,120246206879950630,ACTIVE,60,1.6900000000000002,105,2,2,0,0,0
01,120248510641030431,ACTIVE,220,1.69,37,1,1,0,0,0
01,120251239771420586,ACTIVE,100,1.69,42,1,1,0,0,0
01,120248288633070389,ACTIVE,112,1.6800000000000002,82,3,4,2,1,46.41
01,120246987931990677,ACTIVE,124,1.68,46,4,6,1,0,0
01,120248828412650561,ACTIVE,87,1.67,115,1,1,1,1,24.98
01,120235336090360210,ACTIVE,200,1.66,53,1,0,0,0,0
01,120247964012250509,ACTIVE,111,1.66,71,0,0,0,0,0
01,120245400790120686,ACTIVE,80,1.65,35,0,0,0,0,0
01,120248781054210455,ACTIVE,132,1.6400000000000001,44,1,1,0,0,0
01,120248614468340126,ACTIVE,90,1.63,37,0,0,0,0,0
01,120247553000580477,ACTIVE,90,1.62,17,0,0,0,0,0
01,120247404823800453,ACTIVE,80,1.61,32,0,0,0,0,0
01,120246366618760177,ACTIVE,100,1.61,17,0,2,0,0,0
01,120246808176070320,ACTIVE,120,1.6099999999999999,86,1,1,0,0,0
01,120246178929760752,ACTIVE,100,1.6,38,1,1,0,0,0
01,120248512102620642,ACTIVE,100,1.6,91,3,3,0,0,0
01,120248707592830425,ACTIVE,136,1.59,15,0,0,0,0,0
01,120250058316120589,ACTIVE,95,1.59,39,0,2,0,0,0
01,120244623781980146,ACTIVE,500,1.58,49,1,1,0,0,0
01,120235701428400210,ACTIVE,200,1.58,38,0,1,0,0,0
01,120248800843700455,ACTIVE,125,1.57,98,2,2,0,0,0
01,120248731496790561,ACTIVE,80,1.57,25,1,1,0,0,0
01,120249350798870024,ACTIVE,170,1.57,16,0,0,0,0,0
01,120246615285450642,ACTIVE,120,1.5699999999999998,39,1,1,0,0,0
01,120249052890110100,ACTIVE,500,1.56,53,1,1,0,0,0
01,120246851941620241,ACTIVE,120,1.55,34,0,0,0,0,0
01,120248707592850425,ACTIVE,136,1.54,15,1,1,0,0,0
01,120247139480370564,ACTIVE,480,1.54,89,0,1,0,0,0
01,120245899907660065,ACTIVE,115,1.52,19,1,1,0,0,0
01,120251788791190404,ACTIVE,80,1.51,14,0,0,0,0,0
01,120258018921720586,ACTIVE,300,1.5,33,1,1,0,0,0
01,120248536188000100,ACTIVE,300,1.49,40,2,2,0,0,0
01,120252528497900054,ACTIVE,100,1.49,36,1,2,0,0,0
01,120247293642140642,ACTIVE,400,1.48,49,1,2,2,2,103.89999999999999
01,120249615778010603,ACTIVE,100,1.46,31,0,2,0,0,0
01,120250727436390577,ACTIVE,100,1.46,18,3,2,0,0,0
01,120248737641910722,ACTIVE,68,1.44,35,0,0,0,0,0
01,120248795478810455,ACTIVE,100,1.44,39,0,0,0,0,0
01,120245250780680175,ACTIVE,125,1.42,45,0,0,0,0,0
01,120242656322210455,ACTIVE,135,1.4100000000000001,22,0,0,0,0,0
01,120251659288010166,ACTIVE,50,1.4000000000000001,11,1,1,0,0,0
01,120248731496840561,ACTIVE,80,1.4000000000000001,37,0,1,0,0,0
01,120244367965900146,ACTIVE,100,1.4,41,2,1,0,1,41.98
01,120247547590960642,ACTIVE,369,1.4,54,2,1,0,0,0
01,120246145506950470,ACTIVE,80,1.4,41,0,0,0,0,0
01,120248615909580019,ACTIVE,100,1.4,36,0,2,0,0,0
01,120248645284350152,ACTIVE,200,1.4,99,1,1,0,0,0
01,120249615707300603,ACTIVE,100,1.37,24,0,0,0,0,0
01,6995732289626,ACTIVE,75,1.36,27,0,0,0,0,0
01,120246381767620032,ACTIVE,200,1.3599999999999999,22,4,3,1,0,0
01,120250639973280577,ACTIVE,88,1.3599999999999999,34,0,0,0,0,0
01,120247404962970453,ACTIVE,80,1.34,27,0,0,0,0,0
01,120248305165620065,ACTIVE,50,1.3399999999999999,29,0,0,0,0,0
01,120248538756480561,ACTIVE,60,1.3399999999999999,38,1,1,0,0,0
01,120247594535460629,ACTIVE,80,1.3299999999999998,22,0,0,0,0,0
01,120244694024530146,ACTIVE,100,1.32,66,1,1,0,0,0
01,120246599961620214,ACTIVE,150,1.31,37,2,3,0,0,0
01,120248304803400065,ACTIVE,50,1.31,33,2,2,0,0,0
01,120250278918690653,ACTIVE,80,1.31,45,0,0,0,0,0
01,120246832874220677,ACTIVE,100,1.31,66,0,1,0,0,0
01,120247073165120090,ACTIVE,155,1.29,22,0,0,0,0,0
01,120249748358150589,ACTIVE,106,1.28,29,0,1,0,0,0
01,120251868137060166,ACTIVE,30,1.27,14,0,0,0,0,0
01,120248653398340564,ACTIVE,80,1.27,18,0,0,0,0,0
01,120246899498920707,ACTIVE,100,1.26,35,2,2,1,0,0
01,120247404963060453,ACTIVE,80,1.25,17,1,2,0,0,0
01,120247086366420097,ACTIVE,200,1.24,43,0,0,0,0,0
01,120247293641570642,ACTIVE,120,1.24,31,0,1,0,0,0
01,120250429792780057,ACTIVE,100,1.24,21,1,1,1,1,73.42
01,120247680102240175,ACTIVE,125,1.22,385,0,0,0,0,0
01,120247595220970629,ACTIVE,100,1.21,46,0,1,0,0,0
01,120247061936980509,ACTIVE,200,1.2,62,0,0,0,0,0
01,120246397978120533,ACTIVE,90,1.19,74,1,1,0,0,0
01,120248799665140455,ACTIVE,125,1.19,44,2,2,0,0,0
01,120251401666080368,ACTIVE,80,1.1800000000000002,52,0,0,0,0,0
01,120258095185070586,ACTIVE,30,1.18,45,2,2,0,0,0
01,120243217129690509,ACTIVE,100,1.18,48,0,0,1,1,94.69999999999999
01,120246710213410090,ACTIVE,275,1.17,33,2,2,0,0,0
01,120248302764530065,ACTIVE,85,1.17,29,0,0,0,0,0
01,120251063106910166,ACTIVE,30,1.16,23,1,2,0,0,0
01,120248755684290455,ACTIVE,325,1.15,25,1,1,0,0,0
01,120245474101510686,ACTIVE,80,1.1400000000000001,24,0,0,0,0,0
01,120244694198510146,ACTIVE,100,1.1400000000000001,43,2,2,0,0,0
01,120248764599250589,ACTIVE,200,1.13,29,0,0,0,0,0
01,120247576981390214,ACTIVE,220,1.13,26,0,0,0,0,0
01,120247467134120006,ACTIVE,50,1.12,30,0,0,0,0,0
01,120249110251000152,ACTIVE,90,1.07,47,0,0,0,0,0
01,120248841975230455,ACTIVE,133,1.07,36,1,2,0,0,0
01,120246733901990065,ACTIVE,80,1.06,18,0,0,0,0,0
01,120250769000920577,ACTIVE,88,1.05,33,0,0,0,0,0
01,120247573916610214,ACTIVE,135,1.05,32,3,3,0,0,0
01,120246788794230752,ACTIVE,76,1.0499999999999998,46,1,1,0,0,0
01,120246206880100630,ACTIVE,60,1.04,43,1,1,1,1,29.98
01,120247762683780509,ACTIVE,180,1.04,28,0,0,0,0,0
01,23857834334500799,ACTIVE,160,1.04,16,1,1,0,0,0
01,120251332965870368,ACTIVE,80,1.03,27,0,0,0,0,0
01,120250186073630319,ACTIVE,80,1.02,35,0,0,0,0,0
01,120245738102920780,ACTIVE,150,1.01,41,0,2,0,0,0
01,120248799665230455,ACTIVE,125,1.01,27,0,0,0,0,0
01,120247030018130097,ACTIVE,80,1,34,0,0,0,0,0
01,120245848127430707,ACTIVE,200,0.99,26,0,0,0,0,0
01,120248302764770065,ACTIVE,85,0.99,23,2,2,0,0,0
01,120243951377020125,ACTIVE,150,0.98,24,0,0,0,0,0
01,120246835842080032,ACTIVE,100,0.97,31,2,1,1,1,42.97
01,120252265688260054,ACTIVE,27,0.9600000000000001,15,0,0,0,0,0
01,120247981166240090,ACTIVE,130,0.96,20,0,0,0,0,0
01,120249871262650725,ACTIVE,100,0.96,16,1,1,0,0,0
01,120246733902040065,ACTIVE,80,0.95,13,0,0,0,0,0
01,120246821790660032,ACTIVE,76,0.95,16,0,1,0,0,0
01,120247872427130090,ACTIVE,125,0.95,22,2,2,0,0,0
01,120249252046550229,ACTIVE,71,0.95,43,0,0,0,0,0
01,120250279061630653,ACTIVE,80,0.9400000000000001,23,0,0,0,0,0
01,120244302719050146,ACTIVE,100,0.9299999999999999,48,3,3,0,0,0
01,120248923191120589,ACTIVE,100,0.9,21,1,1,0,0,0
01,120246471244730065,ACTIVE,229,0.9,43,0,0,0,0,0
01,120246135738040630,ACTIVE,204,0.88,10,1,3,1,1,29.98
01,120258332094910586,ACTIVE,30,0.88,22,2,2,0,0,0
01,120251576134230651,ACTIVE,20,0.87,20,0,0,0,0,0
01,120246131739110780,ACTIVE,80,0.87,25,1,1,0,0,0
01,120242746886630788,ACTIVE,200,0.8600000000000001,26,0,0,0,0,0
01,120246787004190097,ACTIVE,119,0.8500000000000001,58,1,1,0,0,0
01,120246899499000707,ACTIVE,100,0.85,14,1,3,0,0,0
01,120249219372370695,ACTIVE,80,0.84,28,0,1,0,0,0
01,120247858934130544,ACTIVE,63,0.8300000000000001,15,0,0,0,0,0
01,120249871401270725,ACTIVE,100,0.8300000000000001,36,1,1,0,0,0
01,120248848966420389,ACTIVE,81,0.8300000000000001,22,0,0,0,0,0
01,120251354404600722,ACTIVE,68,0.83,11,1,1,0,0,0
01,120249244397090229,ACTIVE,190,0.82,84,0,0,0,0,0
01,120246299672740751,ACTIVE,195,0.8099999999999999,49,0,0,0,0,0
01,120247972621170389,ACTIVE,100,0.8,35,0,1,1,0,0
01,120247710685600629,ACTIVE,128,0.8,19,1,1,0,0,0
01,6988547105833,ACTIVE,80,0.79,7,0,0,0,0,0
01,120246851941710241,ACTIVE,120,0.78,18,0,1,0,0,0
01,120248305165660065,ACTIVE,50,0.77,15,0,0,0,0,0
01,120250445767170166,ACTIVE,30,0.77,28,0,1,0,0,0
01,120249711938850319,ACTIVE,120,0.76,29,2,3,0,0,0
01,120246716035470470,ACTIVE,50,0.74,16,1,0,0,0,0
01,120246417765860752,ACTIVE,77,0.74,28,1,2,0,0,0
01,120244235259940678,ACTIVE,68,0.74,16,2,1,0,0,0
01,120249181320300229,ACTIVE,173,0.73,18,0,0,0,0,0
01,120251173457590195,ACTIVE,80,0.73,11,0,0,0,0,0
01,120248538003950544,ACTIVE,80,0.72,21,0,0,1,0,0
01,120245514271720065,ACTIVE,115,0.72,20,0,0,0,0,0
01,120245939066470025,ACTIVE,100,0.71,22,0,0,0,0,0
01,120245923045620168,ACTIVE,100,0.71,20,0,0,0,0,0
01,120244452712090146,ACTIVE,200,0.71,33,0,0,0,0,0
01,120246130891350780,ACTIVE,80,0.7000000000000001,22,1,1,0,0,0
01,120245218353240788,ACTIVE,50,0.7,19,0,1,0,0,0
01,120247872427160090,ACTIVE,322,0.6900000000000001,17,0,1,0,0,0
01,120246070715810752,ACTIVE,100,0.69,19,0,0,0,0,0
01,120250790045220586,ACTIVE,25,0.6799999999999999,26,0,0,0,0,0
01,120248064986340303,ACTIVE,68,0.6699999999999999,17,0,0,0,0,0
01,120248444259380455,ACTIVE,134,0.6699999999999999,25,1,1,0,0,0
01,120257783384890586,ACTIVE,50,0.66,11,0,0,0,0,0
01,120248332304550642,ACTIVE,195,0.66,21,0,0,0,0,0
01,120241596259880509,ACTIVE,100,0.6499999999999999,35,1,1,0,0,0
01,120246465900910677,ACTIVE,100,0.63,30,0,0,0,0,0
01,120245380137820707,ACTIVE,300,0.63,29,0,2,0,0,0
01,120246754801740509,ACTIVE,150,0.62,23,0,0,0,0,0
01,120243843991710129,ACTIVE,100,0.61,15,0,1,0,0,0
01,120251979136820210,ACTIVE,80,0.61,17,1,1,0,0,0
01,120250597561880019,ACTIVE,50,0.6,23,0,0,0,0,0
01,120248430661490642,ACTIVE,125,0.6,28,3,3,0,0,0
01,120249300729750589,ACTIVE,200,0.5800000000000001,28,0,0,0,0,0
01,120249995251570589,ACTIVE,95,0.58,16,0,0,0,0,0
01,120248781054270455,ACTIVE,132,0.5700000000000001,19,3,2,0,0,0
01,120247504003780425,ACTIVE,100,0.5700000000000001,29,0,0,0,0,0
01,120242301213170065,ACTIVE,300,0.5700000000000001,22,0,1,0,0,0
01,120249701406680663,ACTIVE,50,0.5700000000000001,9,0,0,0,0,0
01,120251037305290166,ACTIVE,30,0.5700000000000001,21,1,1,0,0,0
01,120251659288280166,ACTIVE,30,0.56,23,0,0,0,0,0
01,120248304076570462,ACTIVE,69,0.56,9,0,0,0,0,0
01,120249534302910127,ACTIVE,100,0.55,2,0,0,0,0,0
01,120249181320780229,ACTIVE,174,0.55,23,0,0,0,0,0
01,120245343345740686,ACTIVE,200,0.5499999999999999,10,0,0,0,0,0
01,120244802271840788,ACTIVE,100,0.54,22,0,0,0,0,0
01,120251688330770166,ACTIVE,30,0.53,15,0,0,0,0,0
01,120250597528860019,ACTIVE,100,0.53,20,0,2,0,0,0
01,120247820656740509,ACTIVE,102,0.53,26,1,1,0,0,0
01,120249283732990100,ACTIVE,104,0.53,17,0,1,0,0,0
01,120246145364940470,ACTIVE,80,0.52,19,1,1,0,0,0
01,120250466943310577,ACTIVE,100,0.52,23,0,1,1,1,64.96000000000001
01,120252191525360210,ACTIVE,80,0.52,26,0,0,0,0,0
01,120252510041540210,ACTIVE,116,0.52,16,0,1,0,0,0
01,120246470015580752,ACTIVE,82,0.52,14,0,1,0,0,0
01,120246242129020477,ACTIVE,99,0.52,3,0,1,0,0,0
01,120258089121520586,ACTIVE,30,0.51,12,1,1,0,0,0
01,120248492410200561,ACTIVE,80,0.51,15,0,0,0,0,0
01,120247583319740586,ACTIVE,150,0.5,10,1,2,0,0,0
01,120247588068060175,ACTIVE,87,0.5,11,0,0,0,0,0
01,120250363656010653,ACTIVE,80,0.5,5,1,2,0,0,0
01,120248533771940126,ACTIVE,80,0.49,12,0,0,1,0,0
01,120245306349070462,ACTIVE,100,0.49,20,0,1,0,0,0
01,120246615285510642,ACTIVE,200,0.49,35,1,1,0,0,0
01,120246794738360320,ACTIVE,108,0.48,30,0,1,0,0,0
01,120249935914370589,ACTIVE,95,0.46,20,0,0,0,0,0
01,120257843668740586,ACTIVE,50,0.45,10,0,0,0,0,0
01,120248129602090303,ACTIVE,40,0.44,12,1,0,0,0,0
01,120248302912110389,ACTIVE,100,0.44,9,0,1,0,0,0
01,120245481989440065,ACTIVE,40,0.44,21,0,0,0,0,0
01,120244978756050678,ACTIVE,100,0.43999999999999995,30,0,0,0,0,0
01,120252191447820210,ACTIVE,80,0.43999999999999995,18,0,0,0,0,0
01,120246299672680751,ACTIVE,115,0.43,12,0,0,0,0,0
01,120247245979210389,ACTIVE,100,0.43,19,0,0,0,0,0
01,120248792993560561,ACTIVE,60,0.43,26,0,0,0,0,0
01,120251360834810166,ACTIVE,30,0.43,13,0,0,0,0,0
01,120249866066500100,ACTIVE,89,0.42000000000000004,20,0,0,0,0,0
01,120243466971930678,ACTIVE,100,0.42000000000000004,23,0,0,0,0,0
01,120248922585490210,ACTIVE,200,0.42,25,0,0,0,0,0
01,120248129794130303,ACTIVE,40,0.41000000000000003,6,0,0,0,0,0
01,120245889270610065,ACTIVE,40,0.41000000000000003,14,0,0,0,0,0
01,120251355803580722,ACTIVE,68,0.41,6,0,0,0,0,0
01,120246733876960065,ACTIVE,80,0.41,12,0,0,0,0,0
01,120247893321710509,ACTIVE,102,0.41,22,0,0,0,0,0
01,120246382556450462,ACTIVE,100,0.41,32,0,1,0,0,0
01,120252497503640210,ACTIVE,80,0.41,13,1,1,0,0,0
01,120251788886810404,ACTIVE,80,0.39,8,0,1,0,0,0
01,120251279954260722,ACTIVE,40,0.38,8,0,0,0,0,0
01,120250946852160368,ACTIVE,170,0.38,25,0,0,0,0,0
01,120251332965640368,ACTIVE,80,0.38,13,0,1,0,0,0
01,120248623160360561,ACTIVE,60,0.38,17,1,1,0,0,0
01,120247597780010751,ACTIVE,40,0.37,18,0,0,0,0,0
01,120245481989400065,ACTIVE,40,0.37,11,0,0,0,0,0
01,120248515748320065,ACTIVE,100,0.37,18,0,0,0,0,0
01,120251789041250404,ACTIVE,80,0.37,13,0,0,0,0,0
01,120248538756410561,ACTIVE,60,0.37,17,2,2,0,0,0
01,120248384078440455,ACTIVE,100,0.35,28,0,0,0,0,0
01,120246643280780674,ACTIVE,80,0.34,4,0,0,0,0,0
01,120246299721620751,ACTIVE,68,0.33,2,0,0,0,0,0
01,120248534972610462,ACTIVE,90,0.33,11,0,0,0,0,0
01,120245124026530686,ACTIVE,80,0.32999999999999996,9,0,0,0,0,0
01,120258091126130586,ACTIVE,300,0.32,13,0,0,0,0,0
01,120245218353210788,ACTIVE,200,0.32,10,0,0,0,0,0
01,120244694121960146,ACTIVE,100,0.31,13,0,1,0,0,0
01,120248129647190303,ACTIVE,40,0.30000000000000004,8,0,0,0,0,0
01,120246643265130674,PAUSED,121,0.3,23,0,0,0,0,0
01,120248732700580455,ACTIVE,135,0.3,14,1,1,0,0,0
01,120244242496990780,ACTIVE,100,0.3,24,0,0,0,0,0
01,120246129839860630,ACTIVE,80,0.29000000000000004,21,0,0,0,0,0
01,120246572682530470,ACTIVE,50,0.28,9,0,1,0,0,0
01,120248760548850469,ACTIVE,80,0.28,16,0,0,0,0,0
01,120248426685080564,ACTIVE,100,0.28,4,0,0,0,0,0
01,120247981166180090,ACTIVE,130,0.28,15,0,0,0,0,0
01,120246777020580470,ACTIVE,50,0.27,16,2,1,0,0,0
01,120244451472500146,ACTIVE,100,0.27,16,0,0,0,0,0
01,120247653059200586,ACTIVE,25,0.25,10,0,0,0,0,0
01,120249021806040152,PAUSED,80,0.25,11,0,0,0,0,0
01,120249433591590100,ACTIVE,100,0.25,10,0,1,0,0,0
01,120250011342400589,ACTIVE,200,0.25,7,0,0,0,0,0
01,120250789469770586,ACTIVE,100,0.24,11,0,1,1,1,28.98
01,120245750558170707,ACTIVE,100,0.22,11,0,0,0,0,0
01,120247219674070214,ACTIVE,135,0.21000000000000002,7,1,1,0,0,0
01,120246145189280470,ACTIVE,80,0.2,11,0,1,0,0,0
01,120248793038950561,ACTIVE,60,0.2,29,0,0,0,0,0
01,120250677671340013,ACTIVE,60,0.2,6,0,0,0,0,0
01,120250623695570057,ACTIVE,100,0.19999999999999998,5,0,0,0,0,0
01,120249523562810116,ACTIVE,90,0.19,3,0,2,0,0,0
01,120237484145990455,ACTIVE,145,0.19,12,0,0,0,0,0
01,120247904598040509,ACTIVE,100,0.19,3,0,0,0,0,0
01,120242444643470544,ACTIVE,100,0.19,9,0,0,0,0,0
01,120246299721450751,ACTIVE,195,0.19,5,0,0,0,0,0
01,120251280446770722,ACTIVE,40,0.18000000000000002,8,0,0,0,0,0
01,120245899907890065,ACTIVE,115,0.18,9,0,0,0,0,0
01,120245889270720065,ACTIVE,40,0.18,8,0,0,0,0,0
01,120248793038870561,ACTIVE,60,0.17,22,0,0,0,0,0
01,120249553547110663,ACTIVE,50,0.17,2,0,1,0,0,0
01,120244694220570146,ACTIVE,100,0.16999999999999998,18,0,0,0,0,0
01,120245288768050788,ACTIVE,50,0.16,14,0,0,0,0,0
01,120245694161990686,ACTIVE,80,0.16,3,0,0,0,0,0
01,120250413795050709,ACTIVE,200,0.16,13,1,2,0,0,0
01,120248207466280561,ACTIVE,60,0.16,5,1,1,0,0,0
01,120249871362030725,ACTIVE,100,0.15000000000000002,9,0,0,0,0,0
01,120249182012100229,ACTIVE,80,0.15000000000000002,8,0,0,0,0,0
01,120249861202960589,ACTIVE,100,0.15,12,0,0,0,0,0
01,120246050713140630,ACTIVE,62,0.14,3,0,0,0,0,0
01,120248956379790695,ACTIVE,120,0.14,8,0,0,0,0,0
01,120252497504290210,ACTIVE,80,0.14,8,0,0,0,0,0
01,120248492410110561,ACTIVE,80,0.13999999999999999,14,0,0,0,0,0
01,120247680373230629,ACTIVE,100,0.13,5,0,0,0,0,0
01,120251648714800651,ACTIVE,20,0.13,7,0,0,0,0,0
01,120249252749150229,ACTIVE,71,0.13,4,0,0,0,0,0
01,120246572682470470,ACTIVE,50,0.13,6,0,0,0,0,0
01,120258091658510586,ACTIVE,30,0.13,9,0,0,0,0,0
01,6988547105233,ACTIVE,80,0.13,9,0,0,0,0,0
01,120258251274600586,ACTIVE,30,0.12,4,0,0,0,0,0
01,120248304803930065,ACTIVE,50,0.12,7,0,0,0,0,0
01,120250598801610019,ACTIVE,30,0.11,4,1,1,0,0,0
01,120248623160450561,ACTIVE,60,0.1,7,0,0,0,0,0
01,120246570408620477,ACTIVE,99,0.09,1,0,0,0,0,0
01,120245284137900686,ACTIVE,80,0.09,4,0,0,0,0,0
01,120258251274670586,ACTIVE,30,0.09,1,0,0,0,0,0
01,120258265468100586,ACTIVE,30,0.09,1,0,0,0,0,0
01,120247680373160629,ACTIVE,100,0.09,12,0,0,0,0,0
01,120249866066580100,ACTIVE,89,0.08,3,0,0,0,0,0
01,120245288768120788,ACTIVE,50,0.08,18,0,0,0,0,0
01,120249995251480589,ACTIVE,95,0.08,2,0,0,0,0,0
01,120248427381820564,ACTIVE,100,0.07,2,0,0,0,0,0
01,120248012782330065,ACTIVE,100,0.07,6,0,0,0,0,0
01,120246377047690097,ACTIVE,80,0.06,10,0,0,0,0,0
01,120248305463800065,ACTIVE,50,0.06,2,0,1,0,0,0
01,120257843668650586,ACTIVE,50,0.05,3,0,0,0,0,0
01,120247553000590477,ACTIVE,90,0.04,2,0,0,0,0,0
01,120249523562880116,ACTIVE,90,0.04,2,0,0,0,0,0
01,120251688330060166,ACTIVE,50,0.04,3,0,0,0,0,0
01,120249826842030100,ACTIVE,80,0.04,2,0,0,0,0,0
01,120246693068060097,ACTIVE,100,0.03,1,0,0,0,0,0
01,120248064259890425,PAUSED,100,0.02,2,0,0,0,0,0
01,120249347498540100,ACTIVE,100,0.02,1,0,0,0,0,0
01,120244694220400146,ACTIVE,100,0.02,6,0,0,0,0,0
01,120247914074160090,ACTIVE,122,0.01,1,0,0,0,0,0
01,120246050712990630,ACTIVE,208,0.01,1,0,0,0,0,0
01,120248305463560065,ACTIVE,50,0.01,2,0,0,0,0,0
01,120245251316060477,ACTIVE,99,0.01,1,0,1,0,0,0
01,120249932761740725,ACTIVE,100,0,0,0,0,0,0,0
01,120249932761710725,ACTIVE,100,0,0,0,0,0,0,0
01,120249932740190725,ACTIVE,100,0,0,0,0,0,0,0
01,120249932740160725,ACTIVE,100,0,0,0,0,0,0,0
01,120249932722160725,ACTIVE,100,0,0,0,0,0,0,0
01,120245136181480470,ACTIVE,5,0,2,0,0,0,0,0
01,120249932722130725,ACTIVE,100,0,0,0,0,0,0,0
01,120249932702280725,ACTIVE,100,0,0,0,0,0,0,0
01,120245038624620436,PAUSED,100,0,0,0,1,0,0,0
01,120249932645060725,ACTIVE,100,0,0,0,0,0,0,0
01,120249932645040725,ACTIVE,100,0,0,0,0,0,0,0
01,120247973196140509,ACTIVE,100,0,0,0,0,0,0,0
01,120247967662420509,ACTIVE,100,0,0,0,0,0,0,0
01,120244775729990146,ACTIVE,100,0,0,0,0,0,0,0
01,120247967662480509,ACTIVE,100,0,0,0,0,0,0,0
01,120246957805100241,ACTIVE,80,0,0,0,0,0,0,0
01,120247967790870509,ACTIVE,100,0,0,0,0,0,0,0
01,120247967790920509,ACTIVE,100,0,0,0,0,0,0,0
01,120244775729960146,ACTIVE,100,0,0,0,0,0,0,0
01,120244775698400146,ACTIVE,100,0,0,0,0,0,0,0
01,120247967794970509,ACTIVE,100,0,0,0,0,0,0,0
01,120247967797490509,ACTIVE,100,0,0,0,0,0,0,0
01,120247967955540509,ACTIVE,100,0,0,0,0,0,0,0
01,120244775698340146,ACTIVE,100,0,0,0,0,0,0,0
01,120244761352230455,ACTIVE,135,0,1,0,0,0,0,0
01,120246957833100241,ACTIVE,80,0,0,0,0,0,0,0
01,120245687813040097,ACTIVE,81,0,2,0,0,0,0,0
01,120246957864910241,ACTIVE,80,0,0,0,0,0,0,0
01,120247967955600509,ACTIVE,100,0,0,0,0,0,0,0
01,120247968340980509,ACTIVE,100,0,0,0,0,0,0,0
01,120245761603330686,ACTIVE,80,0,0,0,0,0,0,0
01,120245762437280686,ACTIVE,80,0,0,0,0,0,0,0
01,120245762799710686,ACTIVE,100,0,0,0,0,0,0,0
01,120245762799770686,ACTIVE,100,0,0,0,0,0,0,0
01,120250949770940013,ACTIVE,80,0,0,0,3,1,1,67.67
01,120250949881990013,ACTIVE,80,0,0,0,0,0,0,0
01,120245762830840686,ACTIVE,80,0,0,0,0,0,0,0
01,120245762848650686,ACTIVE,80,0,0,0,0,0,0,0
01,120251173457440195,ACTIVE,80,0,0,0,0,0,0,0
01,120247968341070509,ACTIVE,100,0,0,0,0,0,0,0
01,120245762848690686,ACTIVE,80,0,0,0,0,0,0,0
01,120247854925480090,PAUSED,125,0,0,0,1,0,0,0
01,120249022314370389,ACTIVE,100,0,0,0,0,0,0,0
01,120249022314290389,ACTIVE,100,0,0,0,0,0,0,0
01,120249022063680389,ACTIVE,100,0,0,0,0,0,0,0
01,120249022063630389,ACTIVE,100,0,0,0,0,0,0,0
01,120249021835490389,ACTIVE,100,0,0,0,0,0,0,0
01,120249021783710389,ACTIVE,100,0,0,0,0,0,0,0
01,120249021738730389,ACTIVE,100,0,0,0,0,0,0,0
01,120247099045960674,ACTIVE,60,0,0,0,0,0,0,0
01,120247099046000674,ACTIVE,60,0,0,0,0,0,0,0
01,120249021714300389,ACTIVE,100,0,0,0,0,0,0,0
01,120249021714220389,ACTIVE,100,0,0,0,0,0,0,0
01,120249021714090389,ACTIVE,100,0,0,0,0,0,0,0
01,120247137487440097,ACTIVE,80,0,0,0,0,0,0,0
01,120249020782610389,ACTIVE,100,0,0,0,0,0,0,0
01,120247973196230509,ACTIVE,100,0,0,0,0,0,0,0
01,120249020782530389,ACTIVE,100,0,0,0,0,0,0,0
01,120249020624060389,ACTIVE,100,0,0,0,0,0,0,0
01,120251704404610651,ACTIVE,80,0,0,0,0,0,0,0
01,120251704404650651,ACTIVE,80,0,0,0,0,0,0,0
01,120249020624040389,ACTIVE,100,0,0,0,0,0,0,0
01,120249020545550389,ACTIVE,100,0,0,0,0,0,0,0
01,120249020545530389,ACTIVE,100,0,0,0,0,0,0,0
01,120245762923790686,ACTIVE,80,0,0,0,0,0,0,0
01,120245762923870686,ACTIVE,80,0,0,0,0,0,0,0
01,120245898153890179,ACTIVE,80,0,0,0,0,0,0,0
01,120245898153970179,ACTIVE,80,0,0,0,0,0,0,0
01,120248837630950469,ACTIVE,80,0,0,0,0,0,0,0
01,120248837447860469,ACTIVE,80,0,0,0,0,0,0,0
01,120248836526190469,ACTIVE,80,0,0,0,0,0,0,0
01,120248836526160469,ACTIVE,80,0,0,0,0,0,0,0
01,120246779445250470,ACTIVE,10,0,0,0,0,0,0,0
01,120246779445230470,ACTIVE,10,0,0,0,0,0,0,0
01,120252656811620428,ACTIVE,100,0,0,0,0,0,0,0
01,120252656811650428,ACTIVE,100,0,0,0,0,0,0,0
01,120248204610010425,PAUSED,314,0,0,0,1,0,0,0
01,120246779445200470,ACTIVE,10,0,0,0,0,0,0,0
01,120246779445160470,ACTIVE,10,0,0,0,0,0,0,0
01,120246779144530470,ACTIVE,10,0,0,0,0,0,0,0
01,120247602190420043,PAUSED,400,0,0,0,1,0,0,0
01,120248712686510564,ACTIVE,80,0,0,0,0,0,0,0
01,120248711314660425,PAUSED,100,0,0,0,0,0,0,0
01,120246779144500470,ACTIVE,10,0,0,0,0,0,0,0
01,120248616403110126,ACTIVE,80,0,0,0,0,0,0,0
01,120248616403010126,ACTIVE,80,0,0,0,0,0,0,0
01,120248616104890126,ACTIVE,80,0,0,0,0,0,0,0
01,120248616104810126,ACTIVE,80,0,0,0,0,0,0,0
01,120248616085540126,ACTIVE,80,0,0,0,0,0,0,0
01,120248616085470126,ACTIVE,80,0,0,0,0,0,0,0
01,120248616059420126,ACTIVE,80,0,0,0,0,0,0,0
01,120248616059360126,ACTIVE,80,0,0,0,0,0,0,0
01,120248616040850126,ACTIVE,80,0,0,0,0,0,0,0
01,120258253671850586,ACTIVE,30,0,1,0,0,0,0,0
01,120248616033460126,ACTIVE,80,0,0,0,0,0,0,0
01,120246779144470470,ACTIVE,10,0,0,0,0,0,0,0
01,120248583661740564,ACTIVE,80,0,1,0,0,0,0,0
01,120248573692120695,PAUSED,120,0,0,0,1,0,0,0
01,120246779144440470,ACTIVE,10,0,0,0,0,0,0,0
01,120248539964810462,ACTIVE,60,0,0,0,0,0,0,0
01,120247580456060167,ACTIVE,80,0,0,0,0,0,0,0
01,120248539964750462,ACTIVE,60,0,0,0,0,0,0,0
01,120247580456030167,ACTIVE,80,0,1,0,0,0,0,0
01,7001652625295,PAUSED,100,0,0,0,1,0,0,0
01,120247967776250509,PAUSED,100,0,0,0,0,0,0,0
01,120247968319500509,ACTIVE,100,0,0,0,0,0,0,0
01,120246733877000065,ACTIVE,80,0,1,0,1,0,0,0
01,120247967776170509,PAUSED,100,0,0,0,0,0,0,0
01,120247968319580509,ACTIVE,100,0,0,0,0,0,0,0
01,120249932780870725,ACTIVE,100,0,0,0,0,0,0,0
01,120249932839280725,ACTIVE,100,0,0,0,0,0,0,0
01,120249932839250725,ACTIVE,100,0,0,0,0,0,0,0
01,120249932894450725,ACTIVE,100,0,0,0,0,0,0,0
01,120249932894470725,ACTIVE,100,0,0,0,0,0,0,0
01,120249932919700725,ACTIVE,100,0,0,0,0,0,0,0
01,120249932919750725,ACTIVE,100,0,0,0,0,0,0,0
01,120249932930140725,ACTIVE,100,0,0,0,0,0,0,0
01,120249932930170725,ACTIVE,100,0,0,0,0,0,0,0
01,120249932780850725,ACTIVE,100,0,0,0,0,0,0,0
02,120244761515050455,ACTIVE,1124,61.22,1918,39,50,2,0,0
02,120243986668280589,ACTIVE,1200,55.99,1439,28,34,2,2,79.5
02,120244452712050146,ACTIVE,1000,55.08,1224,30,35,3,0,0
02,120249614588310725,ACTIVE,1000,45.82,1260,13,15,3,1,28.98
02,120245284052330686,ACTIVE,1000,37.739999999999995,890,15,18,6,3,173.65
02,120249179865340725,ACTIVE,1000,37.56,1491,18,28,5,2,78.35000000000001
02,120243063569770146,ACTIVE,694,34.339999999999996,1318,19,18,1,1,41.98
02,120243276755660065,ACTIVE,850,33.41,1002,18,21,4,2,79.5
02,120247335070640389,ACTIVE,500,33.19,1039,26,27,0,0,0
02,120244883028360686,ACTIVE,900,31.53,570,11,20,2,2,102.42
02,120246023777450751,ACTIVE,1200,31.45,1036,22,29,5,2,62.879999999999995
02,120247199911460090,ACTIVE,898,30.26,806,21,23,3,2,99.33
02,120244034916020436,ACTIVE,445,28.62,1495,45,44,5,2,197.68
02,120246670033370677,ACTIVE,800,27.96,1309,13,17,6,3,208.39999999999998
02,120243593315080146,ACTIVE,395,27.31,483,8,8,1,0,0
02,120246791587200455,ACTIVE,490,27.09,395,14,17,0,0,0
02,120245282912580630,ACTIVE,422,20.270000000000003,563,16,15,1,0,0
02,120247136451350725,ACTIVE,1000,19.91,637,10,13,1,1,68.56
02,120246828454030629,ACTIVE,659.1,19.78,433,7,11,2,1,89.37
02,120246191098970320,ACTIVE,400,19.669999999999998,1199,25,25,4,0,0
02,120252516139240428,ACTIVE,600,19.26,660,18,22,2,1,37.98
02,120244793522550320,ACTIVE,450,19.16,738,17,14,0,0,0
02,120246299672700751,ACTIVE,500,18.810000000000002,687,11,16,2,0,0
02,120248321980990065,ACTIVE,250,18.240000000000002,452,44,0,0,0,0
02,120249871750440100,ACTIVE,500,18.009999999999998,488,11,9,3,0,0
02,120244480112510436,ACTIVE,274,17.8,881,18,27,0,0,0
02,120248703982780229,ACTIVE,128,17.729999999999997,339,5,4,0,0,0
02,120251223975900709,ACTIVE,300,17.71,475,10,12,0,0,0
02,120244761233710455,ACTIVE,664,17.619999999999997,514,7,18,0,0,0
02,120248321980970065,ACTIVE,250,17.57,360,27,0,0,0,0
02,120248893532100100,ACTIVE,500,17.46,416,9,10,0,0,0
02,120248707592830425,ACTIVE,136,17.11,198,0,1,0,0,0
02,120246924316430241,ACTIVE,320,17.099999999999998,863,18,20,5,2,83.96
02,120245759610260179,ACTIVE,210,16.9,707,12,14,1,1,48.17
02,120248596343100048,ACTIVE,300,16.86,336,12,16,1,0,0
02,120245334049540065,ACTIVE,550,16.419999999999998,395,15,21,4,2,59.959999999999994
02,120245334049460065,ACTIVE,680,16.32,358,6,11,0,0,0
02,120240679404390629,ACTIVE,400,16.28,571,11,11,2,0,0
02,120242301213710065,ACTIVE,550,16.22,482,5,8,1,0,0
02,120245400596270686,ACTIVE,500,16.22,269,4,9,2,1,29.98
02,120247405054450453,ACTIVE,80,15.96,125,4,6,2,1,29.979999999999997
02,120249768146470100,ACTIVE,500,15.96,484,10,13,1,0,0
02,120248707592850425,ACTIVE,136,15.88,214,5,6,1,1,39.980000000000004
02,120250895500810586,ACTIVE,1000,15.81,614,13,18,2,0,0
02,120252393006000428,ACTIVE,480,15.52,298,20,20,0,0,0
02,120247553000590477,ACTIVE,90,15.479999999999999,254,8,7,0,0,0
02,120248383861080100,ACTIVE,500,15.39,433,8,9,1,1,66.14999999999999
02,120249790639140725,ACTIVE,500,15.100000000000001,365,8,11,0,0,0
02,120246024108390751,ACTIVE,500,15.07,384,3,6,1,1,22.78
02,120244431777030751,ACTIVE,1000,14.959999999999999,583,8,20,4,3,122.89
02,120246040085600751,ACTIVE,600,14.740000000000002,400,7,12,1,0,0
02,120246050713470630,ACTIVE,900,14.64,320,4,4,1,1,94.94
02,120247404823780453,ACTIVE,80,14.46,149,3,2,0,0,0
02,120250018190500589,ACTIVE,100,14.350000000000001,130,3,3,0,0,0
02,120248414403410695,ACTIVE,375,14.21,535,7,8,2,1,37.98
02,120250728363540577,ACTIVE,500,13.99,332,6,9,2,1,48.17
02,120249286682560368,ACTIVE,585,13.8,457,6,11,0,0,0
02,120249005372660589,ACTIVE,132,13.69,237,2,3,0,0,0
02,120248229485400425,ACTIVE,360,13.34,428,7,8,2,0,0
02,120247404892370453,ACTIVE,80,13.18,126,6,6,0,0,0
02,120247404823800453,ACTIVE,80,13.04,128,2,2,0,0,0
02,120246024108440751,ACTIVE,345,13.02,292,10,12,2,0,0
02,120247553000580477,ACTIVE,90,12.97,155,5,5,2,1,29.98
02,120245557729330686,ACTIVE,109,12.66,177,4,8,1,0,0
02,120250540664990577,ACTIVE,100,12.510000000000002,283,11,8,0,0,0
02,120258018661030586,ACTIVE,301,12.34,554,7,9,0,0,0
02,120246338028120241,ACTIVE,420,12.31,691,8,11,1,1,66.47999999999999
02,120249017857580389,ACTIVE,81,12.280000000000001,331,12,16,1,1,37.06
02,120246957174760241,ACTIVE,120,12.2,126,0,4,1,1,47.52
02,120245750135860686,ACTIVE,80,12.02,161,4,5,0,0,0
02,120244967217480436,ACTIVE,152,12.010000000000002,535,15,16,0,1,41.98
02,120248808057210544,ACTIVE,80,11.91,173,9,9,1,1,47.52
02,120247964069680509,ACTIVE,103,11.879999999999999,232,1,1,0,0,0
02,120245218353210788,ACTIVE,200,11.71,222,3,5,0,0,0
02,120247404892280453,ACTIVE,80,11.7,145,2,1,0,0,0
02,23857875546320799,ACTIVE,60,11.68,101,3,3,1,0,0
02,120248515294560065,ACTIVE,100,11.58,184,3,5,0,0,0
02,120257843052780586,ACTIVE,168,11.5,396,12,13,2,0,0
02,120248082904020663,ACTIVE,200,11.5,128,6,7,1,0,0
02,120245198116820177,ACTIVE,156,11.39,223,6,6,0,0,0
02,120250079096940127,ACTIVE,100,11.309999999999999,111,6,5,0,0,0
02,120255653285300586,ACTIVE,171,11.26,266,5,2,0,0,0
02,120247775015280090,ACTIVE,195,11.23,224,9,10,0,0,0
02,120247325002770564,PAUSED,500,11.23,250,3,3,0,0,0
02,120245201694370686,ACTIVE,125,11.21,178,5,2,0,0,0
02,120247404962970453,ACTIVE,80,11.16,139,0,0,0,0,0
02,120247404963060453,ACTIVE,80,11.16,118,5,6,0,0,0
02,120250623625120057,ACTIVE,100,11.129999999999999,93,6,6,1,1,103.00999999999999
02,120244505718600686,ACTIVE,500,11.06,230,6,8,1,0,0
02,120246944968380016,ACTIVE,80,11.05,81,2,2,2,1,27.98
02,120245750135880686,ACTIVE,80,11.03,170,5,6,0,0,0
02,120244880653330686,ACTIVE,100,11,199,8,7,0,0,0
02,120247304965600477,ACTIVE,99,10.870000000000001,78,7,4,1,0,0
02,120245099365240470,ACTIVE,300,10.81,217,10,7,0,0,0
02,120247710685600629,ACTIVE,128,10.809999999999999,196,3,4,0,0,0
02,120246250177610320,ACTIVE,154,10.69,369,9,13,1,1,103.82000000000001
02,120250058315990589,ACTIVE,95,10.67,232,5,4,0,0,0
02,120246191098590320,ACTIVE,200,10.66,670,13,15,1,1,34.07
02,120248778267990561,ACTIVE,100,10.64,176,5,6,0,0,0
02,120251425264570709,ACTIVE,500,10.59,147,2,6,1,0,0
02,120244963676310686,ACTIVE,500,10.57,196,5,7,1,0,0
02,120247725456480175,ACTIVE,87,10.45,194,7,6,1,1,41.93
02,120248556140990663,ACTIVE,300,10.43,157,6,6,0,0,0
02,120247762435840509,ACTIVE,200,10.41,253,10,12,0,0,0
02,120247601538900425,ACTIVE,200,10.4,175,3,3,0,0,0
02,120243117326020544,ACTIVE,80,10.299999999999999,265,1,2,2,1,83.14999999999999
02,120245251316060477,ACTIVE,99,10.28,98,8,6,0,0,0
02,120246957174700241,ACTIVE,120,10.28,112,2,3,1,0,0
02,120248828412650561,ACTIVE,87,10.27,302,1,2,1,1,24.98
02,120247964069650509,ACTIVE,103,10.24,218,1,2,0,0,0
02,120249181320300229,ACTIVE,173,10.23,224,3,0,0,0,0
02,120247725456360175,ACTIVE,87,10.170000000000002,168,5,7,1,1,111.74000000000001
02,120247534964830642,ACTIVE,190,10.16,244,1,2,1,0,0
02,120247762683780509,ACTIVE,180,10.09,190,2,6,0,0,0
02,120252337542810054,ACTIVE,133,10.08,216,2,3,0,0,0
02,120246299780500177,ACTIVE,100,10.08,139,0,0,0,0,0
02,23857875546260799,ACTIVE,60,10.04,124,3,4,1,1,29.98
02,120246402943010533,ACTIVE,100,9.99,442,12,15,2,1,24.98
02,120245279091880436,ACTIVE,100,9.99,403,14,13,0,0,0
02,120247405054120453,ACTIVE,80,9.94,120,3,3,0,0,0
02,120247680102270175,ACTIVE,425,9.91,1125,7,10,1,1,57.9
02,120245980788570752,ACTIVE,600,9.9,320,7,8,1,1,42.97
02,120248645284270152,ACTIVE,340,9.89,419,5,6,0,0,0
02,120246987932040677,ACTIVE,124,9.73,231,1,1,0,0,0
02,120242847129030686,ACTIVE,100,9.73,163,7,8,0,0,0
02,120249252046510229,ACTIVE,200,9.67,416,4,5,3,2,59.96000000000001
02,120239930892250650,ACTIVE,300,9.66,136,5,8,0,0,0
02,120249052890110100,ACTIVE,500,9.62,323,5,4,1,0,0
02,120246944968400016,ACTIVE,80,9.559999999999999,92,2,3,0,0,0
02,120248614468340126,ACTIVE,90,9.52,226,2,3,1,0,0
02,120244076954630146,ACTIVE,500,9.52,215,3,4,1,0,0
02,120248808322080544,ACTIVE,80,9.43,209,2,2,1,0,0
02,120244758149140146,ACTIVE,100,9.370000000000001,155,3,2,1,0,0
02,120247710685340629,ACTIVE,128,9.36,158,5,6,0,0,0
02,120246947981930126,ACTIVE,80,9.34,193,6,7,2,2,79.49999999999999
02,120246835765380032,ACTIVE,200,9.32,190,7,7,0,0,0
02,120247981166180090,ACTIVE,130,9.309999999999999,194,5,7,0,0,0
02,120245241360310455,ACTIVE,193,9.2,434,11,13,1,0,0
02,120248598654680561,ACTIVE,111,9.2,219,9,11,3,1,24.98
02,120250769000920577,ACTIVE,88,9.129999999999999,137,3,4,1,1,28.979999999999997
02,120246624479910241,ACTIVE,400,9.049999999999999,369,6,7,1,0,0
02,120244758149170146,ACTIVE,100,8.9,154,1,2,0,0,0
02,120246104094940650,ACTIVE,113,8.88,111,3,3,2,1,34.980000000000004
02,120243205951310642,ACTIVE,233,8.870000000000001,263,4,5,0,0,0
02,120255205047700197,ACTIVE,80,8.870000000000001,101,2,1,0,0,0
02,120248676922530389,ACTIVE,143,8.86,361,9,7,0,0,0
02,120247981166240090,ACTIVE,130,8.85,203,6,7,1,0,0
02,120249523562880116,ACTIVE,90,8.780000000000001,123,1,2,0,0,0
02,120245686749070320,ACTIVE,320,8.77,419,10,10,1,0,0
02,120247770946170509,ACTIVE,200,8.76,296,6,6,0,0,0
02,120248841975250455,ACTIVE,133,8.75,199,4,7,0,0,0
02,120249115231040100,ACTIVE,158,8.67,212,1,1,0,0,0
02,120248808316220695,ACTIVE,250,8.67,382,9,7,1,1,66.02
02,120246570408620477,ACTIVE,99,8.549999999999999,89,2,3,0,0,0
02,120250558406210368,ACTIVE,193,8.52,201,4,4,0,0,0
02,120246200552610630,ACTIVE,84,8.5,208,7,5,2,0,0
02,120245295700470678,ACTIVE,101,8.43,302,0,0,0,0,0
02,120247770219460509,ACTIVE,200,8.42,419,10,9,0,0,0
02,120250018190530589,ACTIVE,100,8.399999999999999,138,3,3,0,0,0
02,120246987931990677,ACTIVE,124,8.39,215,5,7,1,0,0
02,120246669810550173,ACTIVE,200,8.379999999999999,235,5,7,0,0,0
02,120247580456060167,ACTIVE,80,8.37,68,1,1,0,0,0
02,120249550517720100,ACTIVE,124,8.37,146,1,3,0,0,0
02,120242870748820133,ACTIVE,80,8.36,106,4,3,0,0,0
02,120248515294500065,ACTIVE,100,8.3,192,5,3,0,0,0
02,120249017857650389,ACTIVE,81,8.29,215,4,3,1,0,0
02,120248778267900561,ACTIVE,100,8.28,146,3,3,0,0,0
02,120250332385240019,ACTIVE,300,8.25,199,4,4,0,0,0
02,120246299780570177,ACTIVE,100,8.22,133,4,2,1,0,0
02,120242444643470544,ACTIVE,100,8.21,220,3,3,0,0,0
02,120249115230940100,ACTIVE,159,8.2,172,7,8,1,1,38.17
02,120250058316120589,ACTIVE,95,8.190000000000001,184,8,7,0,0,0
02,120245610768940032,ACTIVE,200,8.18,195,5,4,0,0,0
02,120255205005720197,ACTIVE,100,8.15,120,1,2,1,0,0
02,120244017128390686,ACTIVE,100,8.11,126,3,6,1,1,29.98
02,120244906297410788,ACTIVE,200,8.11,114,2,4,1,0,0
02,120249832996030589,ACTIVE,100,8.09,181,9,8,0,0,0
02,120248560991950642,ACTIVE,123,8.09,177,4,4,0,0,0
02,120246135738100630,ACTIVE,80,8.07,135,8,7,0,0,0
02,120246856687770320,ACTIVE,109,8.07,215,5,4,1,0,0
02,120248652996470564,ACTIVE,80,8.07,206,10,10,3,1,68.38
02,120245404387150125,ACTIVE,200,8.04,229,8,8,1,0,0
02,120248760404410469,ACTIVE,80,8.01,95,1,1,0,0,0
02,120244470749040129,ACTIVE,120,7.99,271,3,2,0,0,0
02,120244349823030686,ACTIVE,100,7.989999999999999,76,2,2,0,0,0
02,120242031621370065,ACTIVE,229,7.9,177,3,5,0,0,0
02,120246804963420707,ACTIVE,83,7.88,101,4,4,0,0,0
02,120246804407820752,ACTIVE,100,7.87,167,4,4,0,0,0
02,120248828412720561,ACTIVE,87,7.85,343,2,2,0,0,0
02,120248396283420425,ACTIVE,200,7.82,184,6,4,2,0,0
02,120246808477880320,ACTIVE,120,7.8100000000000005,165,5,6,0,0,0
02,120246804407860752,ACTIVE,100,7.789999999999999,158,4,4,0,0,0
02,120255205005670197,ACTIVE,100,7.78,170,1,1,0,0,0
02,120244471549800129,ACTIVE,100,7.72,236,10,11,1,1,179.94
02,120246808108970320,ACTIVE,120,7.68,206,4,6,1,0,0
02,120248459419470469,ACTIVE,100,7.67,194,5,5,0,0,0
02,120244761869100436,ACTIVE,100,7.66,281,6,5,0,0,0
02,120255205047720197,ACTIVE,80,7.58,117,5,4,0,0,0
02,120246815852160674,ACTIVE,80,7.57,93,5,4,0,0,0
02,120245346459390436,ACTIVE,100,7.54,298,3,5,0,0,0
02,120251854140020404,ACTIVE,80,7.49,106,3,3,0,0,0
02,120250809311980013,ACTIVE,200,7.49,201,7,6,0,0,0
02,120248288633270389,ACTIVE,163,7.49,273,8,8,2,1,21.869999999999997
02,120246200552670630,ACTIVE,84,7.48,173,2,2,0,0,0
02,120247971456880509,ACTIVE,100,7.48,121,3,2,1,0,0
02,120248547360230544,ACTIVE,100,7.460000000000001,239,3,4,2,1,27.979999999999997
02,120249754760810019,ACTIVE,300,7.43,210,11,10,2,0,0
02,120249283732990100,ACTIVE,104,7.42,198,5,8,0,0,0
02,120245469696040686,ACTIVE,144,7.4,158,1,2,0,0,0
02,120249748358150589,ACTIVE,106,7.38,148,4,6,1,1,29.98
02,120248614468400126,ACTIVE,90,7.38,160,3,2,0,0,0
02,120247708432980509,ACTIVE,200,7.34,275,2,6,1,1,34.98
02,120248955593120695,ACTIVE,136,7.29,234,2,2,0,0,0
02,120241066464020065,ACTIVE,289,7.289999999999999,304,2,2,0,0,0
02,120246856687750320,ACTIVE,109,7.26,177,9,9,0,0,0
02,23857875684980799,ACTIVE,60,7.26,76,0,0,0,0,0
02,120248560991980642,ACTIVE,123,7.25,160,5,6,0,0,0
02,120249120674110404,ACTIVE,500,7.24,163,9,11,0,0,0
02,120244581910350686,ACTIVE,500,7.23,84,4,2,1,1,51.22
02,120247135768560097,ACTIVE,94,7.23,191,3,4,0,0,0
02,120248760611910469,ACTIVE,150,7.220000000000001,293,7,7,0,0,0
02,120248050137610065,ACTIVE,270,7.15,203,1,1,0,0,0
02,120248142069690065,ACTIVE,100,7.13,128,1,1,0,0,0
02,120246299721480751,ACTIVE,325,7.109999999999999,125,1,3,1,1,22.78
02,120252659925650054,ACTIVE,92,7.06,211,1,2,1,0,0
02,120248089909210065,ACTIVE,100,7.040000000000001,169,2,2,0,0,0
02,120248512806040048,ACTIVE,300,7.01,204,9,11,0,0,0
02,120247910668550509,ACTIVE,100,6.92,172,4,4,0,0,0
02,120248832877240168,ACTIVE,135,6.91,72,1,3,0,0,0
02,120245642739620125,ACTIVE,200,6.9,205,4,3,1,0,0
02,120247964012250509,ACTIVE,111,6.8999999999999995,223,1,2,1,0,0
02,120246896356140032,ACTIVE,75,6.869999999999999,120,2,2,1,1,58.96
02,120244823852300686,ACTIVE,167,6.8500000000000005,93,3,4,1,1,71.21000000000001
02,120245250322490642,ACTIVE,300,6.82,189,3,4,1,0,0
02,120246717243380752,ACTIVE,300,6.82,159,5,7,1,0,0
02,120246972744470707,ACTIVE,81,6.8100000000000005,124,1,0,0,0,0
02,120247547642310642,ACTIVE,120,6.809999999999999,178,2,4,1,0,0
02,120246366697320177,ACTIVE,100,6.779999999999999,145,2,4,1,0,0
02,120244717752530146,ACTIVE,100,6.77,142,1,1,0,0,0
02,120244216235640630,ACTIVE,104,6.75,187,4,6,0,0,0
02,120245602350460032,ACTIVE,200,6.73,245,2,2,0,0,0
02,120246716356910752,ACTIVE,100,6.72,186,2,1,0,0,0
02,120249525957160319,ACTIVE,450,6.699999999999999,198,8,10,0,0,0
02,120245400790120686,ACTIVE,80,6.67,136,0,0,0,0,0
02,120246366618760177,ACTIVE,100,6.65,126,3,2,0,0,0
02,120244535937630146,ACTIVE,100,6.59,181,2,3,1,1,106.71
02,120245279293750436,ACTIVE,100,6.5600000000000005,298,12,15,1,0,0
02,120246896356200032,ACTIVE,75,6.550000000000001,239,1,2,0,0,0
02,120244963455410686,ACTIVE,80,6.550000000000001,88,1,2,0,0,0
02,120246232598650090,ACTIVE,255,6.45,144,5,6,0,0,0
02,120245514271740065,ACTIVE,195,6.4,156,3,6,1,1,155.21
02,120249151139280057,ACTIVE,100,6.3999999999999995,102,6,7,0,0,0
02,120245469696060686,ACTIVE,100,6.39,112,3,5,0,0,0
02,120248841975230455,ACTIVE,133,6.36,219,3,3,0,0,0
02,120248574839550695,ACTIVE,187,6.35,175,6,8,0,0,0
02,120241119247090090,ACTIVE,245,6.300000000000001,139,4,2,0,1,86.35
02,120245229643460678,ACTIVE,100,6.3,98,3,2,0,0,0
02,120249443467080663,ACTIVE,225,6.29,60,4,6,0,0,0
02,120247651901430214,ACTIVE,135,6.27,103,0,0,0,0,0
02,120248808167650544,PAUSED,60,6.24,110,3,2,0,0,0
02,120250949770940013,ACTIVE,80,6.1899999999999995,113,5,6,1,1,67.67
02,120246242129020477,ACTIVE,99,6.180000000000001,118,2,2,0,0,0
02,120246891215890677,ACTIVE,200,6.18,187,3,4,0,0,0
02,120244164847370788,ACTIVE,300,6.15,125,1,1,0,0,0
02,120247467134120006,ACTIVE,50,6.15,77,2,3,1,0,0
02,120249523562810116,ACTIVE,90,6.13,83,4,4,0,0,0
02,120244802271840788,ACTIVE,100,6.09,114,3,2,2,1,37.95
02,120244717752490146,ACTIVE,100,6.08,166,3,5,0,0,0
02,120246330272670320,ACTIVE,100,6.08,282,3,4,0,0,0
02,120247910668570509,ACTIVE,100,6.08,197,3,4,0,0,0
02,120251173457440195,ACTIVE,80,6.03,100,0,0,0,0,0
02,120244079033450320,ACTIVE,120,6,311,10,10,1,0,0
02,120246808176080320,ACTIVE,120,6,319,4,4,0,0,0
02,120252510041540210,ACTIVE,116,5.94,163,5,4,0,0,0
02,120240258763950179,ACTIVE,210,5.93,186,4,5,2,1,28.98
02,120250186073510319,ACTIVE,80,5.93,237,4,4,0,0,0
02,120246056834100025,ACTIVE,100,5.92,91,1,4,0,0,0
02,120245699235240686,ACTIVE,80,5.8999999999999995,94,2,3,0,0,0
02,120245124026530686,ACTIVE,80,5.87,80,4,4,0,0,0
02,120249252749070229,ACTIVE,98,5.86,267,5,4,0,0,0
02,120248808049860544,ACTIVE,80,5.859999999999999,166,1,1,0,0,0
02,120248808083810544,ACTIVE,80,5.84,132,2,2,0,0,0
02,120246221877410629,ACTIVE,234.5,5.829999999999999,160,2,3,0,0,0
02,120246808477920320,ACTIVE,200,5.8100000000000005,197,2,1,0,0,0
02,120251173457590195,ACTIVE,80,5.800000000000001,115,5,6,0,0,0
02,120249790746660725,ACTIVE,100,5.8,124,1,2,0,0,0
02,120246808176070320,ACTIVE,120,5.76,276,4,5,0,0,0
02,120246754801740509,ACTIVE,150,5.76,138,4,4,0,0,0
02,120245339157220686,ACTIVE,233,5.75,80,3,3,1,0,0
02,120247040934570629,ACTIVE,400,5.75,243,0,0,0,0,0
02,120246808176090320,ACTIVE,200,5.75,278,5,5,0,0,0
02,120247896529670509,ACTIVE,100,5.73,219,5,3,0,0,0
02,120247137519850097,ACTIVE,80,5.72,132,1,1,0,0,0
02,120249161498720431,ACTIVE,220,5.72,171,1,2,0,0,0
02,120248795478810455,ACTIVE,100,5.6899999999999995,132,1,2,0,0,0
02,120251401666110368,ACTIVE,80,5.68,168,0,0,0,0,0
02,120248534972610462,ACTIVE,90,5.67,122,2,0,0,0,0
02,120246546927620533,ACTIVE,69,5.65,249,14,12,0,0,0
02,120248860935710389,ACTIVE,100,5.65,161,8,7,2,2,143.37
02,120249449512030725,ACTIVE,100,5.63,172,2,1,2,1,68.56
02,120246808388750320,ACTIVE,150,5.6,187,4,5,1,0,0
02,120247645229990642,ACTIVE,152,5.590000000000001,165,3,4,0,0,0
02,120247762435760509,ACTIVE,80,5.59,54,3,3,0,0,0
02,120248861015550389,ACTIVE,100,5.59,295,8,6,0,0,0
02,120251401666080368,ACTIVE,80,5.540000000000001,180,1,1,0,0,0
02,120249110251000152,ACTIVE,90,5.54,195,2,2,0,0,0
02,120246381767620032,ACTIVE,200,5.48,121,4,6,1,0,0
02,120251701953330054,ACTIVE,100,5.4799999999999995,182,3,2,0,0,0
02,120246888370010097,ACTIVE,80,5.47,175,2,2,0,0,0
02,120246471244780065,ACTIVE,229,5.43,139,3,3,1,1,49.519999999999996
02,120244761352230455,ACTIVE,135,5.42,134,1,3,0,0,0
02,120247547590960642,ACTIVE,369,5.41,123,3,3,1,1,65.94999999999999
02,120246050713140630,ACTIVE,62,5.34,115,2,1,0,0,0
02,120245205078130630,ACTIVE,106,5.34,179,4,5,1,1,67.46000000000001
02,120249534302910127,ACTIVE,100,5.33,56,2,3,1,1,34.98
02,120248734905220544,ACTIVE,80,5.3100000000000005,130,0,1,0,0,0
02,120246870229730642,ACTIVE,100,5.3,131,3,3,0,0,0
02,120244428953860686,ACTIVE,100,5.27,50,3,3,1,0,0
02,120248808322090544,ACTIVE,80,5.25,152,5,5,0,0,0
02,120246546927660533,ACTIVE,69,5.2,197,5,6,1,0,0
02,120244302651980146,ACTIVE,500,5.18,172,2,3,0,0,0
02,120246447361050303,ACTIVE,80,5.17,95,4,5,1,0,0
02,120248813958900544,ACTIVE,80,5.14,147,1,3,0,0,0
02,120249613712950725,ACTIVE,100,5.07,146,2,1,0,0,0
02,120246403147480533,ACTIVE,200,5.07,134,9,9,1,0,0
02,120246851941620241,ACTIVE,120,5.0200000000000005,98,4,4,0,0,0
02,120246056850290025,ACTIVE,100,5.02,93,0,2,0,0,0
02,120246885239440097,ACTIVE,74,5.02,114,3,4,1,0,0
02,120246615285450642,ACTIVE,120,5,164,5,4,0,0,0
02,120235336090360210,ACTIVE,200,4.96,140,2,1,0,0,0
02,120248072969470389,ACTIVE,100,4.949999999999999,166,8,5,3,2,70.59
02,120258265887140586,ACTIVE,30,4.9399999999999995,58,0,0,0,0,0
02,120248732700550455,ACTIVE,435,4.9399999999999995,212,0,2,0,0,0
02,120247831600980509,ACTIVE,100,4.89,58,0,0,0,0,0
02,120246299672740751,ACTIVE,195,4.88,253,1,2,0,0,0
02,120248180759590065,ACTIVE,100,4.88,114,3,2,1,1,49.52
02,120248732241360544,ACTIVE,80,4.879999999999999,155,2,2,0,0,0
02,120248722531060455,ACTIVE,133,4.869999999999999,161,6,5,0,0,0
02,120252497503640210,ACTIVE,80,4.85,102,2,2,0,0,0
02,120247972621170389,ACTIVE,100,4.84,252,1,3,1,0,0
02,120248072969230389,ACTIVE,100,4.83,235,4,6,1,0,0
02,120245284137900686,ACTIVE,80,4.82,85,2,3,0,0,0
02,120246360941370650,PAUSED,100,4.82,54,1,0,0,0,0
02,120246787004190097,ACTIVE,119,4.8100000000000005,198,2,2,1,0,0
02,120249924517730100,ACTIVE,100,4.8,117,0,3,0,0,0
02,120245738102920780,ACTIVE,150,4.720000000000001,118,5,5,0,0,0
02,120248288633070389,ACTIVE,112,4.67,186,7,9,2,1,46.41
02,120245706333540025,ACTIVE,300,4.66,157,3,4,0,0,0
02,120246056834210025,ACTIVE,100,4.65,85,0,2,0,0,0
02,120256572736650586,ACTIVE,100,4.640000000000001,102,4,3,0,0,0
02,120243772698800146,ACTIVE,100,4.63,203,6,4,0,0,0
02,120245474101510686,ACTIVE,80,4.58,77,2,2,0,0,0
02,120244775698400146,ACTIVE,100,4.57,104,2,2,0,0,0
02,120246056850320025,ACTIVE,100,4.57,64,8,8,1,0,0
02,120244367965900146,ACTIVE,100,4.54,146,4,4,0,1,41.98
02,120248536188000100,ACTIVE,300,4.54,143,3,8,0,0,0
02,120252656811620428,ACTIVE,100,4.54,105,6,7,0,0,0
02,120250949881990013,ACTIVE,80,4.53,100,5,5,0,0,0
02,120250122186270319,ACTIVE,200,4.51,150,4,6,0,0,0
02,120248795478880455,ACTIVE,100,4.470000000000001,140,4,4,0,0,0
02,120248645284350152,ACTIVE,200,4.4399999999999995,228,4,4,0,0,0
02,120248615909580019,ACTIVE,100,4.43,127,3,4,1,1,71.21000000000001
02,120247137502940097,ACTIVE,80,4.42,157,2,4,0,0,0
02,120247137474700097,ACTIVE,80,4.3500000000000005,149,4,4,0,0,0
02,120246526262050752,ACTIVE,110,4.35,138,3,4,1,0,0
02,120247974813980642,ACTIVE,152,4.3,97,0,0,0,0,0
02,120246818759010303,ACTIVE,80,4.27,48,1,1,0,0,0
02,120249350798870024,ACTIVE,170,4.27,46,1,2,0,0,0
02,120247680095380175,ACTIVE,125,4.25,472,2,2,0,0,0
02,120252497504290210,ACTIVE,80,4.23,108,4,4,0,0,0
02,120252656811650428,ACTIVE,100,4.18,103,3,4,1,1,66.02
02,120258018921720586,ACTIVE,300,4.15,89,3,4,0,0,0
02,120248455243050455,ACTIVE,155,4.1499999999999995,112,2,4,0,0,0
02,120246465900910677,ACTIVE,100,4.140000000000001,88,2,1,0,0,0
02,120235701428400210,ACTIVE,200,4.12,89,1,2,0,0,0
02,120244452107570146,ACTIVE,100,4.11,129,3,3,0,0,0
02,120245288768050788,ACTIVE,50,4.11,57,2,2,0,0,0
02,120244775729990146,ACTIVE,100,4.1000000000000005,108,0,1,0,0,0
02,120247901892960509,ACTIVE,100,4.1,135,2,3,0,0,0
02,120248752320410389,ACTIVE,100,4.0600000000000005,143,4,5,1,1,59.91
02,120249181320780229,ACTIVE,174,4.06,115,2,4,0,0,0
02,120247580456030167,ACTIVE,80,4.05,57,2,3,0,0,0
02,120249498266450589,ACTIVE,330,4.04,65,1,1,1,1,29.98
02,120252411199200210,ACTIVE,116,4.03,147,0,1,0,0,0
02,120235701428420210,ACTIVE,200,4.02,84,0,1,0,0,0
02,120249866066580100,ACTIVE,89,4,117,1,2,1,1,38.17
02,120251659288280166,ACTIVE,30,4,91,1,2,0,0,0
02,120247040711430629,ACTIVE,100,3.9899999999999998,122,4,6,1,0,0
02,120246286465380752,ACTIVE,300,3.98,156,4,4,2,2,98.99
02,120247746970390291,PAUSED,300,3.97,96,1,1,0,0,0
02,120244837091050678,ACTIVE,90,3.95,72,5,5,0,0,0
02,120246902225450241,ACTIVE,146,3.91,179,5,5,0,0,0
02,120244775729960146,ACTIVE,100,3.89,135,1,1,0,0,0
02,120246832874220677,ACTIVE,100,3.85,175,0,1,0,0,0
02,120250363655950653,ACTIVE,80,3.84,70,1,1,0,0,0
02,120247680095420175,ACTIVE,125,3.8,457,1,1,0,0,0
02,120246415849650214,ACTIVE,220,3.8,96,1,2,0,0,0
02,120242301213170065,ACTIVE,300,3.7399999999999998,164,1,4,1,1,49.52
02,120244471549790129,ACTIVE,100,3.72,152,4,5,0,0,0
02,120247086366420097,ACTIVE,200,3.7100000000000004,126,1,1,0,0,0
02,120246709418660173,ACTIVE,100,3.68,80,1,2,0,0,0
02,120248800843700455,ACTIVE,125,3.67,193,2,2,0,0,0
02,120244171016070129,ACTIVE,100,3.66,181,2,2,0,0,0
02,120247902130520509,ACTIVE,100,3.6500000000000004,111,1,0,0,0,0
02,120245044044870686,ACTIVE,100,3.6,51,0,0,0,0,0
02,120245638609160175,ACTIVE,425,3.59,114,2,3,0,0,0
02,120251576088460651,ACTIVE,80,3.58,73,0,0,0,0,0
02,120258091225770586,ACTIVE,50,3.5600000000000005,93,3,3,0,0,0
02,120250413795050709,ACTIVE,200,3.56,68,3,4,0,0,0
02,120250623729250057,ACTIVE,100,3.56,63,2,2,0,0,0
02,120248950484590389,ACTIVE,100,3.5599999999999996,237,4,3,1,0,0
02,120246296875230177,ACTIVE,100,3.53,55,1,1,0,0,0
02,120248662065140425,ACTIVE,100,3.5199999999999996,91,2,3,0,0,0
02,120248224227000725,ACTIVE,100,3.49,149,2,2,1,0,0
02,120246794738360320,ACTIVE,108,3.48,174,0,3,1,0,0
02,120246808538770320,ACTIVE,80,3.47,140,1,1,0,0,0
02,120247595220850629,ACTIVE,100,3.4699999999999998,93,2,3,1,0,0
02,120246178929760752,ACTIVE,100,3.45,81,1,1,0,0,0
02,120248799665140455,ACTIVE,125,3.4400000000000004,96,2,2,0,0,0
02,120248426685010564,ACTIVE,100,3.4299999999999997,71,1,0,0,0,0
02,120248416194170455,ACTIVE,535,3.42,121,1,3,0,0,0
02,120249615778010603,ACTIVE,100,3.41,69,1,3,0,0,0
02,120244694492240146,ACTIVE,100,3.41,86,1,1,1,0,0
02,120248510641030431,ACTIVE,220,3.4000000000000004,88,1,1,0,0,0
02,120251037305290166,ACTIVE,30,3.3999999999999995,78,2,1,0,0,0
02,120248512102620642,ACTIVE,100,3.3800000000000003,210,4,3,1,1,37.95
02,120247061936980509,ACTIVE,200,3.38,151,1,1,0,0,0
02,120251659288010166,ACTIVE,50,3.37,33,1,1,0,0,0
02,120245514271720065,ACTIVE,115,3.3600000000000003,82,1,1,0,0,0
02,120248302912110389,ACTIVE,100,3.3200000000000003,89,4,4,0,0,0
02,120242656322210455,ACTIVE,135,3.32,59,0,0,0,0,0
02,120247139480370564,PAUSED,480,3.31,128,2,2,0,0,0
02,120250278918690653,ACTIVE,80,3.31,93,2,3,0,0,0
02,120244694024530146,ACTIVE,100,3.3,165,3,3,0,0,0
02,120246669810650173,ACTIVE,80,3.2700000000000005,91,1,1,0,0,0
02,120244486723120436,ACTIVE,100,3.26,139,3,5,1,1,68.22999999999999
02,120249244397090229,ACTIVE,190,3.25,288,1,2,0,0,0
02,120247858934130544,ACTIVE,63,3.24,85,1,4,1,0,0
02,120247649190890629,ACTIVE,126,3.2399999999999998,86,3,1,1,0,0
02,120246206880100630,ACTIVE,60,3.23,95,1,1,1,1,29.98
02,120252528497900054,ACTIVE,100,3.23,80,3,4,0,0,0
02,120247378425210561,ACTIVE,380,3.22,160,3,5,1,1,24.98
02,120245899907660065,ACTIVE,115,3.2199999999999998,64,3,3,0,0,0
02,120248490880340455,ACTIVE,100,3.2199999999999998,92,2,2,0,0,0
02,120244623781980146,ACTIVE,500,3.21,126,2,3,0,0,0
02,120247925267750303,ACTIVE,80,3.2,62,3,3,0,0,0
02,120244775698340146,ACTIVE,100,3.1999999999999997,107,2,1,0,0,0
02,120248681019100152,ACTIVE,57,3.19,192,6,6,0,0,0
02,120251868137060166,ACTIVE,30,3.17,48,0,0,0,0,0
02,120246709419020173,ACTIVE,100,3.17,76,3,3,0,0,0
02,120247594535930629,ACTIVE,80,3.16,95,3,4,0,0,0
02,120249775050340127,ACTIVE,100,3.15,41,6,6,0,0,0
02,120246599961620214,ACTIVE,150,3.15,87,3,3,0,0,0
02,120247293642140642,ACTIVE,400,3.1499999999999995,119,2,2,2,2,103.89999999999999
02,120248848966480389,ACTIVE,81,3.14,101,1,0,0,0,0
02,120245250780680175,ACTIVE,125,3.11,75,1,0,0,0,0
02,120244694198510146,ACTIVE,100,3.1,130,4,5,0,0,0
02,120250186073630319,ACTIVE,80,3.09,101,0,1,0,0,0
02,120249871401270725,ACTIVE,100,3.07,104,5,5,1,0,0
02,120250639973280577,ACTIVE,88,3.06,77,2,2,0,0,0
02,120247595220970629,ACTIVE,100,3.02,106,2,2,0,0,0
02,120245288768120788,ACTIVE,50,3.02,105,0,0,0,0,0
02,120249871262650725,ACTIVE,100,3.01,41,1,1,0,0,0
02,120248755684290455,ACTIVE,325,3,79,1,3,0,0,0
02,120247608644690175,ACTIVE,120,2.99,73,1,3,0,0,0
02,120244302719050146,ACTIVE,100,2.98,93,5,4,0,0,0
02,120246206879950630,ACTIVE,60,2.98,160,2,3,0,0,0
02,120248305165620065,ACTIVE,50,2.9699999999999998,51,0,1,0,0,0
02,120245218353240788,ACTIVE,50,2.96,78,2,2,1,1,37.949999999999996
02,120243458344240129,ACTIVE,100,2.95,140,1,3,0,0,0
02,120246851941710241,ACTIVE,120,2.94,41,2,2,0,0,0
02,120247504003780425,ACTIVE,100,2.92,100,0,1,1,0,0
02,120258332094940586,ACTIVE,30,2.92,70,0,0,0,0,0
02,120245972443720177,ACTIVE,100,2.9,47,0,0,0,0,0
02,120248302764530065,ACTIVE,85,2.8899999999999997,76,0,1,0,0,0
02,120248781054210455,ACTIVE,132,2.87,90,2,2,0,0,0
02,6995732289626,ACTIVE,75,2.86,61,1,1,0,0,0
02,120251788791190404,ACTIVE,80,2.8200000000000003,28,2,1,0,0,0
02,120247594535460629,ACTIVE,80,2.8200000000000003,33,0,0,0,0,0
02,120248515878900065,ACTIVE,170,2.81,85,1,1,0,0,0
02,120244251116110146,ACTIVE,100,2.78,45,2,2,0,0,0
02,120250429792780057,ACTIVE,100,2.77,41,1,1,1,1,73.42
02,120245327669090320,ACTIVE,300,2.75,117,2,4,0,0,0
02,120251979136820210,ACTIVE,80,2.7399999999999998,56,4,2,0,0,0
02,120246733902040065,ACTIVE,80,2.73,41,1,0,0,0,0
02,120246471244730065,ACTIVE,229,2.73,105,1,1,0,0,0
02,120248737641910722,ACTIVE,68,2.6999999999999997,64,0,0,0,0,0
02,120245899907890065,ACTIVE,115,2.6999999999999997,51,5,5,0,0,0
02,120245343345740686,ACTIVE,200,2.66,47,2,2,0,0,0
02,120246891334500677,ACTIVE,100,2.66,56,0,1,0,0,0
02,120246777020580470,ACTIVE,50,2.6500000000000004,112,3,1,0,0,0
02,120250727436390577,ACTIVE,100,2.65,38,4,3,0,0,0
02,120246733901990065,ACTIVE,80,2.62,32,2,1,0,0,0
02,120246835842080032,ACTIVE,100,2.62,65,4,3,1,1,42.97
02,120249615707300603,ACTIVE,100,2.62,66,1,1,0,0,0
02,120247583319740586,ACTIVE,150,2.6100000000000003,54,3,3,0,0,0
02,120249711938850319,ACTIVE,120,2.5999999999999996,89,3,5,2,0,0
02,120246899499000707,ACTIVE,100,2.5700000000000003,50,3,4,0,0,0
02,120245750558170707,ACTIVE,100,2.55,38,1,3,1,1,63.75
02,120249935914370589,ACTIVE,95,2.54,31,0,1,0,0,0
02,120245848127430707,ACTIVE,200,2.54,83,3,4,0,0,0
02,120246131739110780,ACTIVE,80,2.5,45,1,1,0,0,0
02,120246899498920707,ACTIVE,100,2.46,85,3,3,1,0,0
02,120247030018130097,ACTIVE,80,2.46,74,2,2,0,0,0
02,120243217129690509,ACTIVE,100,2.45,115,1,2,1,1,94.69999999999999
02,120248302764770065,ACTIVE,85,2.4000000000000004,57,2,2,0,0,0
02,120243458344350129,ACTIVE,80,2.39,86,0,1,0,0,0
02,120248538003950544,ACTIVE,80,2.3899999999999997,59,1,3,2,1,27.98
02,120248653398340564,ACTIVE,80,2.38,53,2,3,1,0,0
02,120245229678820678,ACTIVE,100,2.38,56,1,1,0,0,0
02,120246135738040630,ACTIVE,204,2.37,65,2,5,2,2,112.43
02,120248304803400065,ACTIVE,50,2.35,65,2,2,0,0,0
02,23857834334500799,ACTIVE,160,2.3,40,1,1,0,0,0
02,120250466943310577,ACTIVE,100,2.28,48,2,3,2,2,129.92
02,120246130891350780,ACTIVE,80,2.25,55,3,3,1,1,42.97
02,120250445767170166,ACTIVE,30,2.24,83,2,3,0,0,0
02,120247245979210389,ACTIVE,100,2.2199999999999998,92,1,5,0,0,0
02,120246145506950470,ACTIVE,80,2.21,79,0,0,0,0,0
02,120251239771420586,ACTIVE,100,2.2,58,1,1,0,0,0
02,120251688330770166,ACTIVE,30,2.2,55,1,1,0,0,0
02,120249182012100229,ACTIVE,80,2.2,85,0,0,0,0,0
02,120247680102240175,ACTIVE,125,2.19,699,0,0,0,0,0
02,120246615285510642,ACTIVE,200,2.19,118,2,4,0,0,0
02,120243843991710129,ACTIVE,100,2.1799999999999997,103,5,7,1,1,66.47999999999999
02,120257843668740586,ACTIVE,50,2.1799999999999997,61,0,0,0,0,0
02,120244452712090146,ACTIVE,200,2.17,88,1,4,0,0,0
02,120247573916610214,ACTIVE,135,2.17,67,3,3,0,0,0
02,120244451472500146,ACTIVE,100,2.1500000000000004,48,1,1,0,0,0
02,120248731496790561,ACTIVE,80,2.13,46,2,2,0,0,0
02,120248781054270455,ACTIVE,132,2.11,60,3,2,0,0,0
02,120246397978120533,ACTIVE,90,2.1,117,3,2,0,0,0
02,120245380137820707,ACTIVE,300,2.06,76,1,2,0,0,0
02,120248444259380455,ACTIVE,134,2.06,84,2,1,0,0,0
02,120243844678990129,ACTIVE,100,2.06,63,0,3,0,0,0
02,120246788794230752,ACTIVE,76,2.0300000000000002,83,1,1,0,0,0
02,120247872427130090,ACTIVE,125,2.0100000000000002,47,4,4,0,0,0
02,120243951377020125,ACTIVE,150,2,37,0,2,0,0,0
02,120247073165120090,ACTIVE,155,1.98,42,0,0,0,0,0
02,120248430661490642,ACTIVE,125,1.97,53,3,4,0,0,0
02,120248731496840561,ACTIVE,80,1.97,56,0,1,0,0,0
02,120249219372460695,PAUSED,80,1.94,34,0,0,0,0,0
02,120248538756480561,ACTIVE,60,1.94,72,1,1,0,0,0
02,120246145364940470,ACTIVE,80,1.9300000000000002,58,1,1,0,0,0
02,120258332094910586,ACTIVE,30,1.88,45,2,2,0,0,0
02,120246710213410090,ACTIVE,275,1.87,68,2,3,0,0,0
02,120248799665230455,ACTIVE,125,1.8400000000000003,73,1,1,0,0,0
02,120245010772960663,PAUSED,200,1.83,20,0,0,0,0,0
02,120248764599250589,ACTIVE,200,1.8,70,1,1,0,0,0
02,120249090711190695,PAUSED,80,1.8,45,0,1,0,0,0
02,120248305165660065,ACTIVE,50,1.79,42,0,0,0,0,0
02,120251332965870368,ACTIVE,80,1.78,46,0,1,0,0,0
02,120246594237630032,ACTIVE,100,1.77,51,0,2,1,0,0
02,120247293641570642,ACTIVE,120,1.7600000000000002,58,0,1,0,0,0
02,120246309078080032,ACTIVE,100,1.76,25,0,1,1,0,0
02,120251355803580722,ACTIVE,68,1.7500000000000002,20,0,0,0,0,0
02,120257783384890586,ACTIVE,50,1.75,62,0,0,0,0,0
02,120258251274600586,ACTIVE,30,1.7400000000000002,7,0,0,0,0,0
02,120247820656740509,ACTIVE,102,1.7400000000000002,81,1,1,0,0,0
02,120243844958690129,ACTIVE,100,1.74,50,0,2,0,0,0
02,120247576981390214,ACTIVE,220,1.73,41,0,0,0,0,0
02,120248956379790695,ACTIVE,120,1.71,29,1,1,1,0,0
02,120244171016080129,ACTIVE,100,1.69,67,0,2,0,0,0
02,120251688330060166,ACTIVE,50,1.68,39,0,2,0,0,0
02,120248922585490210,ACTIVE,200,1.6600000000000001,101,0,0,0,0,0
02,120250279061630653,ACTIVE,80,1.66,37,0,0,0,0,0
02,120251360834810166,ACTIVE,30,1.64,55,1,2,0,0,0
02,120251063106910166,ACTIVE,30,1.63,43,3,3,1,0,0
02,6988547105833,ACTIVE,80,1.61,25,0,0,0,0,0
02,120246470015580752,ACTIVE,82,1.6,47,2,4,0,0,0
02,120246299672680751,ACTIVE,115,1.59,74,2,2,0,0,0
02,120250011342400589,ACTIVE,200,1.57,36,1,1,0,0,0
02,120246832758790677,ACTIVE,100,1.56,81,0,2,0,0,0
02,120249219372370695,PAUSED,80,1.53,49,2,1,0,0,0
02,120246821790660032,ACTIVE,76,1.52,33,1,1,0,0,0
02,120248332304550642,ACTIVE,195,1.52,48,0,1,0,0,0
02,120250597561880019,ACTIVE,50,1.49,57,1,1,0,0,0
02,120251354404600722,ACTIVE,68,1.49,25,1,1,0,0,0
02,120258095185070586,ACTIVE,30,1.48,51,2,2,0,0,0
02,120252191447820210,ACTIVE,80,1.48,43,1,1,0,0,0
02,120241596259880509,ACTIVE,100,1.46,82,1,1,0,0,0
02,120245481989400065,ACTIVE,40,1.4,34,0,0,0,0,0
02,120247872427160090,ACTIVE,322,1.4,46,0,1,0,0,0
02,120249300729750589,ACTIVE,200,1.3900000000000001,52,1,0,1,0,0
02,120247904708250509,ACTIVE,80,1.3800000000000001,27,1,1,0,0,0
02,120246123176490177,ACTIVE,100,1.38,23,0,2,0,0,0
02,120255123131540197,ACTIVE,80,1.37,33,0,1,0,0,0
02,120245923045620168,ACTIVE,100,1.37,42,0,2,0,0,0
02,120248304076570462,ACTIVE,69,1.37,25,1,1,0,0,0
02,120246641477400320,ACTIVE,100,1.37,36,0,2,0,0,0
02,120249433591590100,ACTIVE,100,1.35,37,3,3,0,0,0
02,120246299721450751,ACTIVE,195,1.3499999999999999,35,1,2,0,0,0
02,120246070715810752,ACTIVE,100,1.3499999999999999,47,0,1,0,0,0
02,120244235259940678,ACTIVE,68,1.33,29,3,1,1,0,0
02,120249995251570589,ACTIVE,95,1.33,39,0,0,0,0,0
02,120237484145990455,ACTIVE,145,1.33,48,4,2,2,0,0
02,120246299721620751,ACTIVE,68,1.33,14,0,1,0,0,0
02,120250946852160368,ACTIVE,170,1.33,66,0,0,0,0,0
02,6973002163226,ACTIVE,50,1.32,37,0,0,0,0,0
02,120248623160360561,ACTIVE,60,1.32,33,1,1,0,0,0
02,120246417765860752,ACTIVE,77,1.3199999999999998,39,1,3,0,0,0
02,120246382556450462,ACTIVE,100,1.3,59,1,1,0,0,0
02,120248515748320065,ACTIVE,100,1.3,43,0,1,0,0,0
02,120252191525360210,ACTIVE,80,1.3,53,1,1,0,0,0
02,120245481989440065,ACTIVE,40,1.29,45,0,0,0,0,0
02,120247219674070214,ACTIVE,135,1.28,42,1,1,0,0,0
02,120248923191120589,ACTIVE,100,1.26,26,1,1,0,0,0
02,120250597528860019,ACTIVE,100,1.25,45,3,3,0,0,0
02,120244694121960146,ACTIVE,100,1.2499999999999998,37,1,2,1,1,106.71
02,120245306349070462,ACTIVE,100,1.22,36,2,1,1,1,57.98
02,120252265688260054,PAUSED,27,1.22,21,0,0,0,0,0
02,120258091126130586,ACTIVE,300,1.2,54,0,0,0,0,0
02,120249871362030725,ACTIVE,100,1.1600000000000001,42,0,1,0,0,0
02,120244164741820146,ACTIVE,214,1.15,32,0,2,0,0,0
02,120246733876960065,ACTIVE,80,1.1400000000000001,33,0,0,0,0,0
02,120248539964750462,ACTIVE,60,1.14,45,1,2,0,0,0
02,120248304803930065,ACTIVE,50,1.1300000000000001,36,2,4,0,0,0
02,120244618043630436,ACTIVE,536,1.12,45,0,3,0,0,0
02,120249866066500100,ACTIVE,89,1.09,39,0,0,0,0,0
02,120242746886630788,ACTIVE,200,1.0899999999999999,35,0,0,0,0,0
02,120244242496990780,ACTIVE,100,1.08,51,0,1,0,0,0
02,120245939066470025,ACTIVE,100,1.04,38,1,1,0,0,0
02,120251576134230651,ACTIVE,20,1.03,23,0,0,0,0,0
02,120248848966420389,ACTIVE,81,1.03,34,0,0,0,0,0
02,120247597780010751,ACTIVE,40,1.0099999999999998,47,0,0,0,0,0
02,120244978756050678,ACTIVE,100,1,53,0,1,0,0,0
02,120248533771940126,ACTIVE,80,0.99,24,0,0,1,0,0
02,120245889270610065,ACTIVE,40,0.98,26,0,0,0,0,0
02,6994669582626,ACTIVE,50,0.97,27,0,2,0,0,0
02,120249252046550229,ACTIVE,71,0.97,45,0,0,0,0,0
02,120248305463800065,ACTIVE,50,0.9500000000000001,15,0,1,0,0,0
02,120245889270720065,ACTIVE,40,0.9500000000000001,24,1,1,0,0,0
02,120247588068060175,ACTIVE,87,0.94,26,0,0,0,0,0
02,120249252749150229,ACTIVE,71,0.9299999999999999,15,0,0,0,0,0
02,120248129602090303,ACTIVE,40,0.92,25,1,0,0,0,0
02,120246572682530470,ACTIVE,50,0.9199999999999999,23,0,1,0,0,0
02,120248539964810462,ACTIVE,60,0.91,35,0,0,0,0,0
02,120247680373160629,ACTIVE,100,0.89,22,0,0,0,0,0
02,120248492410200561,ACTIVE,80,0.8500000000000001,30,0,0,0,0,0
02,120248546074540389,ACTIVE,100,0.85,46,0,0,0,0,0
02,120246716035470470,ACTIVE,50,0.8400000000000001,26,1,0,0,0,0
02,120249701406680663,ACTIVE,50,0.84,14,0,0,0,0,0
02,120246736062480320,ACTIVE,107,0.84,37,0,1,0,0,0
02,120243466971930678,ACTIVE,100,0.84,39,0,0,0,0,0
02,120250790045220586,ACTIVE,25,0.83,34,0,0,0,0,0
02,120247893321710509,ACTIVE,102,0.81,44,0,0,0,0,0
02,120248732700580455,ACTIVE,135,0.8099999999999999,31,2,1,0,0,0
02,120251788886810404,ACTIVE,80,0.7999999999999999,20,1,1,0,0,0
02,120248064986340303,ACTIVE,68,0.79,25,0,0,0,0,0
02,120251280446770722,ACTIVE,40,0.79,27,1,1,0,0,0
02,120250623695570057,ACTIVE,100,0.77,14,0,0,0,0,0
02,120250677671340013,ACTIVE,60,0.75,27,1,1,0,0,0
02,120250789469770586,ACTIVE,100,0.75,27,1,1,2,1,28.98
02,120247653059200586,ACTIVE,25,0.72,20,0,0,0,0,0
02,120248207466280561,ACTIVE,60,0.68,20,1,1,0,0,0
02,120246129839860630,ACTIVE,80,0.6599999999999999,22,0,0,0,0,0
02,120248129794130303,ACTIVE,40,0.65,13,0,0,0,0,0
02,120251332965640368,ACTIVE,80,0.65,26,0,1,0,0,0
02,120251789041250404,ACTIVE,80,0.63,28,0,0,0,0,0
02,120242907734560129,ACTIVE,100,0.63,19,0,0,0,0,0
02,120251279954260722,ACTIVE,40,0.6299999999999999,16,1,0,0,0,0
02,120258089121520586,ACTIVE,30,0.62,19,1,2,0,0,0
02,120250598801610019,ACTIVE,30,0.61,14,1,1,0,0,0
02,120248129647190303,ACTIVE,40,0.6000000000000001,17,2,1,1,0,0
02,120248305463560065,ACTIVE,50,0.59,18,0,0,0,0,0
02,120246145189280470,ACTIVE,80,0.5700000000000001,42,1,1,0,0,0
02,120246643280780674,ACTIVE,80,0.57,15,0,0,0,0,0
02,120248793038950561,ACTIVE,60,0.56,85,0,0,0,0,0
02,120248082904030663,ACTIVE,150,0.56,14,1,0,0,0,0
02,120244163991370436,ACTIVE,100,0.54,22,0,2,0,0,0
02,120246779445230470,ACTIVE,10,0.53,9,0,0,0,0,0
02,120248792993560561,ACTIVE,60,0.53,77,0,0,0,0,0
02,120246835901050032,ACTIVE,100,0.53,7,0,1,0,0,0
02,120250363656010653,ACTIVE,80,0.51,6,1,2,0,0,0
02,120248538756410561,ACTIVE,60,0.51,27,2,2,0,0,0
02,120248384078440455,ACTIVE,100,0.5,42,0,0,0,0,0
02,120244471201780129,ACTIVE,50,0.49,6,0,0,0,0,0
02,120249826842030100,ACTIVE,80,0.49,13,1,1,0,0,0
02,120248623160450561,ACTIVE,60,0.49,18,0,0,0,0,0
02,6995732288426,ACTIVE,50,0.49,4,0,0,0,0,0
02,120246733877000065,ACTIVE,80,0.48,22,0,1,0,0,0
02,120248793038870561,ACTIVE,60,0.48,63,0,0,0,0,0
02,120245694161990686,ACTIVE,80,0.44000000000000006,12,0,0,0,0,0
02,120244470749060129,ACTIVE,100,0.44,9,1,2,0,0,0
02,120249553547110663,ACTIVE,50,0.42999999999999994,6,1,1,0,0,0
02,120251648714800651,ACTIVE,20,0.41000000000000003,21,0,0,0,0,0
02,120244694220570146,ACTIVE,100,0.41,36,0,1,0,0,0
02,6988547105233,ACTIVE,80,0.4,18,1,1,0,0,0
02,6994669583826,ACTIVE,50,0.4,9,0,0,0,0,0
02,120247904598040509,ACTIVE,100,0.38,8,0,0,0,0,0
02,120246377047690097,ACTIVE,80,0.38,25,0,1,0,0,0
02,120248492410110561,ACTIVE,80,0.37,33,0,0,0,0,0
02,120249861202960589,ACTIVE,100,0.36,29,0,0,0,0,0
02,120248426685080564,ACTIVE,100,0.36,8,0,0,0,0,0
02,120252456048800428,ACTIVE,100,0.33,2,0,0,0,0,0
02,6973002165426,ACTIVE,50,0.32,7,0,0,0,0,0
02,120248760548850469,ACTIVE,80,0.32,21,0,0,0,0,0
02,120247680373230629,ACTIVE,100,0.30000000000000004,15,0,0,0,0,0
02,120250713080020577,ACTIVE,88,0.3,4,0,0,0,0,0
02,120246643265130674,PAUSED,121,0.3,23,0,0,0,0,0
02,120246668892520032,ACTIVE,100,0.28,5,0,1,0,0,0
02,120244471201830129,ACTIVE,120,0.27,7,0,0,0,0,0
02,120252657314280428,PAUSED,100,0.27,5,0,0,0,0,0
02,120255021163250197,ACTIVE,80,0.27,7,0,0,0,0,0
02,120246050712990630,ACTIVE,208,0.25,8,0,0,0,0,0
02,120249021806040152,PAUSED,80,0.25,11,0,0,0,0,0
02,120246572682470470,ACTIVE,50,0.21000000000000002,14,0,0,0,0,0
02,120247914074160090,ACTIVE,122,0.21000000000000002,5,0,0,0,0,0
02,120258091658510586,ACTIVE,30,0.2,20,0,0,0,0,0
02,120250713079040577,ACTIVE,88,0.19,4,0,0,0,0,0
02,120249140601980100,ACTIVE,100,0.17,3,0,1,0,0,0
02,120251778959040404,ACTIVE,80,0.17,2,0,0,0,0,0
02,120248427381820564,ACTIVE,100,0.16,5,0,0,0,0,0
02,120258265468100586,ACTIVE,30,0.15,4,0,0,0,0,0
02,120250011456500589,ACTIVE,100,0.14,6,0,0,0,0,0
02,120246779144470470,ACTIVE,10,0.13,4,0,0,0,0,0
02,120258251274670586,ACTIVE,30,0.12,5,0,1,0,0,0
02,120245694161920686,ACTIVE,80,0.1,2,0,0,0,0,0
02,120248012782330065,ACTIVE,100,0.09000000000000001,7,0,0,0,0,0
02,120243508760940146,ACTIVE,100,0.08,4,0,2,0,0,0
02,120245031811820436,ACTIVE,100,0.08,7,0,0,0,0,0
02,120249995251480589,ACTIVE,95,0.08,2,0,0,0,0,0
02,120248469524370389,ACTIVE,100,0.07,3,0,0,0,0,0
02,120246693068060097,ACTIVE,100,0.06,3,0,0,0,0,0
02,120257843668650586,ACTIVE,50,0.05,5,0,1,0,0,0
02,120249924660180100,ACTIVE,100,0.04,3,0,1,1,0,0
02,120246779445200470,ACTIVE,10,0.03,2,0,0,0,0,0
02,120244694220400146,ACTIVE,100,0.03,10,0,0,0,0,0
02,120248960171180100,ACTIVE,100,0.03,2,0,0,0,0,0
02,120244303184580146,ACTIVE,100,0.03,4,0,1,1,0,0
02,120258253671850586,ACTIVE,30,0.02,2,0,0,0,0,0
02,120245687813040097,ACTIVE,81,0.02,5,0,0,0,0,0
02,120251868137370166,ACTIVE,30,0.02,2,0,0,0,0,0
02,120249347498540100,ACTIVE,100,0.02,3,0,0,0,0,0
02,120244083558220146,ACTIVE,125,0.02,5,0,0,0,0,0
02,120246779445250470,ACTIVE,10,0.02,1,0,0,0,0,0
02,120248064259890425,PAUSED,100,0.02,2,0,0,0,0,0
02,120247967794970509,ACTIVE,100,0,0,0,0,0,0,0
02,120247967790920509,ACTIVE,100,0,0,0,0,0,0,0
02,120247967790870509,ACTIVE,100,0,0,0,0,0,0,0
02,120247967776250509,PAUSED,100,0,0,0,0,0,0,0
02,120247967776170509,PAUSED,100,0,0,0,0,0,0,0
02,120247967662480509,ACTIVE,100,0,0,0,0,0,0,0
02,120247967662420509,ACTIVE,100,0,0,0,0,0,0,0
02,120247854925480090,ACTIVE,125,0,0,0,1,0,0,0
02,120245038475150436,PAUSED,100,0,0,0,1,0,0,0
02,120245038624620436,PAUSED,100,0,0,0,1,0,0,0
02,120245136181480470,ACTIVE,5,0,2,0,0,0,0,0
02,120245762799710686,ACTIVE,100,0,0,0,0,0,0,0
02,120247602190420043,PAUSED,400,0,0,0,1,0,0,0
02,120247151433240097,ACTIVE,80,0,0,0,0,0,0,0
02,120247151433180097,ACTIVE,80,0,0,0,0,0,0,0
02,120247137487440097,ACTIVE,80,0,0,0,0,0,0,0
02,120247099046000674,ACTIVE,60,0,0,0,0,0,0,0
02,120247099045960674,ACTIVE,60,0,0,0,0,0,0,0
02,120246988199610707,ACTIVE,80,0,0,0,0,0,0,0
02,120246988199540707,PAUSED,80,0,0,0,0,0,0,0
02,120251412553340368,ACTIVE,100,0,0,0,1,0,0,0
02,120251412553540368,ACTIVE,100,0,0,0,1,0,0,0
02,120246988043980707,ACTIVE,80,0,0,0,0,0,0,0
02,120246988043840707,ACTIVE,80,0,0,0,0,0,0,0
02,120245467428990436,ACTIVE,100,0,0,0,0,0,0,0
02,120245467542610436,ACTIVE,100,0,0,0,0,0,0,0
02,120246961169220241,ACTIVE,100,0,0,0,0,0,0,0
02,120246961169180241,ACTIVE,100,0,0,0,2,1,0,0
02,120246957864910241,ACTIVE,80,0,0,0,0,0,0,0
02,120246957833100241,ACTIVE,80,0,0,0,0,0,0,0
02,120251704404610651,ACTIVE,80,0,0,0,0,0,0,0
02,120251704404650651,ACTIVE,80,0,0,0,0,0,0,0
02,120251729529810709,ACTIVE,100,0,0,0,0,0,0,0
02,120251729530050709,ACTIVE,100,0,0,0,0,0,0,0
02,120246957805100241,ACTIVE,80,0,0,0,0,0,0,0
02,120245467618120436,ACTIVE,100,0,0,0,0,0,0,0
02,120245467667520436,ACTIVE,100,0,0,0,0,0,0,0
02,120245467719490436,ACTIVE,100,0,0,0,0,0,0,0
02,120245467719540436,ACTIVE,100,0,0,0,0,0,0,0
02,120245468629620436,ACTIVE,100,0,0,0,0,0,0,0
02,120245468629650436,ACTIVE,100,0,0,0,0,0,0,0
02,120246864919370320,ACTIVE,80,0,0,0,0,0,0,0
02,120246864919310320,ACTIVE,80,0,0,0,0,0,0,0
02,120245468761950436,ACTIVE,100,0,0,0,0,0,0,0
02,120245468762000436,ACTIVE,100,0,0,0,0,0,0,0
02,120245468846670436,ACTIVE,100,0,0,0,0,0,0,0
02,120246779445160470,ACTIVE,10,0,0,0,0,0,0,0
02,120246779144530470,ACTIVE,10,0,0,0,1,0,0,0
02,120246779144500470,ACTIVE,10,0,0,0,0,0,0,0
02,120252657314260428,PAUSED,100,0,0,0,0,0,0,0
02,120246779144440470,ACTIVE,10,0,0,0,0,0,0,0
02,120245468846710436,ACTIVE,100,0,0,0,0,0,0,0
02,120245469028820436,ACTIVE,100,0,0,0,0,0,0,0
02,120245469029080436,ACTIVE,100,0,0,0,0,0,0,0
02,120246220485510177,PAUSED,100,0,0,0,1,0,0,0
02,120245995414780177,PAUSED,100,0,0,0,1,0,0,0
02,120245898153970179,ACTIVE,80,0,0,0,0,0,0,0
02,120245898153890179,ACTIVE,80,0,0,0,0,0,0,0
02,120245762923870686,ACTIVE,80,0,0,0,0,0,0,0
02,120245762923790686,ACTIVE,80,0,0,0,0,0,0,0
02,120245762848690686,ACTIVE,80,0,0,0,0,0,0,0
02,120245762848650686,ACTIVE,80,0,0,0,0,0,0,0
02,120245762830840686,ACTIVE,80,0,0,0,0,0,0,0
02,120245762799770686,ACTIVE,100,0,0,0,0,0,0,0
02,120245761603330686,ACTIVE,80,0,0,0,0,0,0,0
02,120249022314370389,ACTIVE,100,0,0,0,0,0,0,0
02,120245762437280686,ACTIVE,80,0,0,0,0,0,0,0
02,120244302719110146,PAUSED,100,0,0,0,0,0,0,0
02,120249022314290389,ACTIVE,100,0,0,0,0,0,0,0
02,120249022063680389,ACTIVE,100,0,0,0,0,0,0,0
02,120249022063630389,ACTIVE,100,0,0,0,0,0,0,0
02,120249021835490389,ACTIVE,100,0,0,0,0,0,0,0
02,120249021783710389,ACTIVE,100,0,0,0,0,0,0,0
02,120249021738730389,ACTIVE,100,0,0,0,0,0,0,0
02,120249213906430048,ACTIVE,100,0,0,0,0,0,0,0
02,120249213906490048,ACTIVE,100,0,0,0,0,0,0,0
02,120249021714300389,ACTIVE,100,0,0,0,0,0,0,0
02,120249021714220389,ACTIVE,100,0,0,0,0,0,0,0
02,120249021714090389,ACTIVE,100,0,0,0,0,0,0,0
02,120249020782610389,ACTIVE,100,0,0,0,0,0,0,0
02,120249020782530389,ACTIVE,100,0,0,0,0,0,0,0
02,120249020624060389,ACTIVE,100,0,0,0,0,0,0,0
02,120249020624040389,ACTIVE,100,0,0,0,0,0,0,0
02,120249020545550389,ACTIVE,100,0,0,0,0,0,0,0
02,120249020545530389,ACTIVE,100,0,0,0,0,0,0,0
02,120248911416770577,PAUSED,501,0,0,0,0,0,0,0
02,120248837630950469,ACTIVE,80,0,0,0,0,0,0,0
02,120248837447860469,ACTIVE,80,0,0,0,0,0,0,0
02,120248836526190469,ACTIVE,80,0,0,0,0,0,0,0
02,120248836526160469,ACTIVE,80,0,0,0,0,0,0,0
02,120248712686510564,ACTIVE,80,0,0,0,0,0,0,0
02,120248711314660425,PAUSED,100,0,0,0,0,0,0,0
02,7001652625295,PAUSED,100,0,0,0,1,0,0,0
02,120248616403110126,ACTIVE,80,0,0,0,0,0,0,0
02,120248616403010126,ACTIVE,80,0,0,0,0,0,0,0
02,120248616104890126,ACTIVE,80,0,0,0,0,0,0,0
02,120248616104810126,ACTIVE,80,0,0,0,0,0,0,0
02,120248616085540126,ACTIVE,80,0,0,0,0,0,0,0
02,120248616085470126,ACTIVE,80,0,0,0,0,0,0,0
02,120248616059420126,ACTIVE,80,0,0,0,0,0,0,0
02,120248616059360126,ACTIVE,80,0,0,0,0,0,0,0
02,120248616040850126,ACTIVE,80,0,0,0,0,0,0,0
02,120248616033460126,ACTIVE,80,0,0,0,0,0,0,0
02,120244691564740146,ACTIVE,100,0,0,0,0,0,0,0
02,120248583661740564,ACTIVE,80,0,1,0,0,0,0,0
02,120248573692120695,PAUSED,120,0,0,0,1,0,0,0
02,120249924815920100,ACTIVE,100,0,0,0,1,0,0,0
02,120249925104980100,ACTIVE,100,0,0,0,0,0,0,0
02,120249932645040725,ACTIVE,100,0,0,0,0,0,0,0
02,120249932645060725,ACTIVE,100,0,0,0,0,0,0,0
02,120249932702280725,ACTIVE,100,0,0,0,0,0,0,0
02,120249932722130725,ACTIVE,100,0,0,0,0,0,0,0
02,120249932722160725,ACTIVE,100,0,0,0,0,0,0,0
02,120249932740160725,ACTIVE,100,0,0,0,0,0,0,0
02,120249932740190725,ACTIVE,100,0,0,0,0,0,0,0
02,120249932761710725,ACTIVE,100,0,0,0,0,0,0,0
02,120249932761740725,ACTIVE,100,0,0,0,0,0,0,0
02,120249932780850725,ACTIVE,100,0,0,0,0,0,0,0
02,120249932780870725,ACTIVE,100,0,0,0,0,0,0,0
02,120249932839250725,ACTIVE,100,0,0,0,0,0,0,0
02,120249932839280725,ACTIVE,100,0,0,0,0,0,0,0
02,120249932894450725,ACTIVE,100,0,0,0,0,0,0,0
02,120249932894470725,ACTIVE,100,0,0,0,0,0,0,0
02,120249932919700725,ACTIVE,100,0,0,0,0,0,0,0
02,120249932919750725,ACTIVE,100,0,0,0,0,0,0,0
02,120249932930140725,ACTIVE,100,0,0,0,0,0,0,0
02,120249932930170725,ACTIVE,100,0,0,0,0,0,0,0
02,120248204610010425,PAUSED,314,0,0,0,1,0,0,0
02,120247975987170509,ACTIVE,100,0,0,0,0,0,0,0
02,120247975987110509,ACTIVE,100,0,0,0,0,0,0,0
02,120247974061540509,ACTIVE,100,0,0,0,0,0,0,0
02,120247974061520509,ACTIVE,100,0,0,0,0,0,0,0
02,120247973196230509,ACTIVE,100,0,0,0,0,0,0,0
02,120247973196140509,ACTIVE,100,0,0,0,0,0,0,0
02,120247968341070509,ACTIVE,100,0,0,0,0,0,0,0
02,120247968340980509,ACTIVE,100,0,0,0,0,0,0,0
02,120247968319580509,ACTIVE,100,0,0,0,0,0,0,0
02,120247968319500509,ACTIVE,100,0,0,0,0,0,0,0
02,120247967955600509,ACTIVE,100,0,0,0,0,0,0,0
02,120247967955540509,ACTIVE,100,0,0,0,0,0,0,0
02,120250677752620013,PAUSED,50,0,0,0,1,0,0,0
02,120247967797490509,ACTIVE,100,0,0,0,0,0,0,0
