hh,campaign_id,status,budget,spent,impressions,clicks,views,checkout,purchase,rev
00,6966949200095,ACTIVE,100,37.47,1374,39,40,3,2,109.96
00,120247678231030065,ACTIVE,93,10.76,173,2,5,1,1,49.52
00,120248155192490455,ACTIVE,1055,8.53,208,3,9,0,0,0
00,120247868045210695,ACTIVE,360,8.2,169,2,3,0,0,0
00,120246007921740320,ACTIVE,318,7.46,194,3,6,0,0,0
00,120247678231050065,ACTIVE,93,6.7,113,0,3,1,1,29.979999999999997
00,120249005372660589,ACTIVE,571,6.3,81,3,4,0,0,0
00,120246338179300642,ACTIVE,340,5.94,212,4,7,0,0,0
00,120247136451350725,ACTIVE,1000,5.94,115,2,1,0,0,0
00,120248893532100100,ACTIVE,500,5.87,84,4,4,0,0,0
00,120243928954880129,ACTIVE,600,5.75,219,4,5,1,0,0
00,120247040711030629,ACTIVE,100,5.73,67,3,3,0,0,0
00,120243458344350129,ACTIVE,600,5.1,203,3,4,0,0,0
00,120247245864910389,ACTIVE,1000,4.79,118,4,3,0,0,0
00,120244691045450320,ACTIVE,700,4.61,209,2,4,1,0,0
00,120243986595710788,ACTIVE,85,4.36,35,0,1,0,0,0
00,120247391144430509,ACTIVE,200,4.27,141,6,7,0,0,0
00,120244070206100125,ACTIVE,250,4.16,60,2,3,0,0,0
00,120244749532720686,ACTIVE,1000,3.96,68,2,2,0,0,0
00,120247862754470462,ACTIVE,73,3.86,39,1,1,0,0,0
00,120246242129020477,ACTIVE,100,3.82,107,5,6,0,0,0
00,120248162820950389,ACTIVE,1000,3.81,166,7,9,2,1,37.06
00,120246666193770477,ACTIVE,100,3.72,45,4,4,0,0,0
00,120250139945670577,ACTIVE,100,3.53,20,0,0,0,0,0
00,120247311647030509,ACTIVE,100,3.5,100,3,5,0,0,0
00,120248819218450019,ACTIVE,500,3.48,54,2,2,0,0,0
00,120245283264760677,ACTIVE,438,3.45,123,1,3,0,0,0
00,120245980788570752,ACTIVE,279,3.4,156,3,5,0,0,0
00,120246286465380752,ACTIVE,100,3.34,91,2,2,0,0,0
00,120248535997930100,ACTIVE,500,3.34,51,1,0,0,0,0
00,120246962698770090,ACTIVE,322,3.33,77,4,6,0,0,0
00,120248698800290127,ACTIVE,300,3.2,18,0,1,0,0,0
00,120245800978960674,ACTIVE,1000,3.18,88,1,3,0,0,0
00,120250790045220586,ACTIVE,500,3.17,69,0,2,2,1,28.98
00,120249152473440247,ACTIVE,100,3.09,36,1,1,0,0,0
00,120245848127390707,ACTIVE,500,3.06,86,3,6,1,0,0
00,120251062504040166,ACTIVE,30,2.95,61,1,1,0,0,0
00,120248641712650319,ACTIVE,440,2.94,43,1,1,0,0,0
00,120249086109210100,ACTIVE,500,2.94,67,0,5,1,1,52.559999999999995
00,120247467570380455,ACTIVE,100,2.82,44,1,2,0,0,0
00,120249283733020100,ACTIVE,90,2.81,59,3,4,1,0,0
00,120245833631150707,ACTIVE,450,2.79,24,1,2,0,0,0
00,120244823852370686,ACTIVE,100,2.79,46,1,2,2,2,81.19
00,120247829243430751,ACTIVE,100,2.78,40,1,1,0,0,0
00,6988605843426,ACTIVE,100,2.71,30,2,2,2,2,83.96000000000001
00,120248965302070064,ACTIVE,600,2.69,34,4,3,0,0,0
00,120245044044890686,ACTIVE,80,2.68,30,1,0,0,0,0
00,120245693759830630,ACTIVE,80,2.68,59,0,0,0,0,0
00,120251502157250054,ACTIVE,100,2.58,20,2,2,1,0,0
00,120245823919130320,ACTIVE,360,2.51,113,3,5,1,0,0
00,120249739079790279,ACTIVE,80,2.45,126,1,2,0,0,0
00,120245686749070320,ACTIVE,320,2.45,41,1,2,0,0,0
00,120245250322490642,ACTIVE,950,2.43,73,2,2,0,0,0
00,120246374707600097,ACTIVE,124,2.41,36,0,0,0,0,0
00,120246828454030629,ACTIVE,390,2.39,59,2,2,0,0,0
00,120245057027780564,ACTIVE,300,2.36,69,3,4,1,0,0
00,120246643142900065,ACTIVE,168,2.34,62,2,3,0,0,0
00,120250789469770586,ACTIVE,500,2.31,59,1,1,0,0,0
00,120246850329040065,ACTIVE,186,2.27,53,2,2,0,0,0
00,120243986668280589,ACTIVE,1200,2.27,58,3,5,0,0,0
00,120246008618270241,ACTIVE,200,2.27,81,2,3,0,0,0
00,120246946458510629,ACTIVE,100,2.27,47,1,1,1,0,0
00,120248923191120589,ACTIVE,155,2.27,36,1,1,0,0,0
00,120249286682560368,ACTIVE,300,2.25,73,0,0,0,0,0
00,120247489931670431,ACTIVE,220,2.23,37,2,3,0,0,0
00,120246054202590173,ACTIVE,400,2.23,40,1,1,0,0,0
00,120245693709840630,ACTIVE,80,2.19,67,0,1,0,0,0
00,120245693709760630,ACTIVE,80,2.17,50,1,1,0,0,0
00,120246599890040214,ACTIVE,120,2.16,21,0,0,0,0,0
00,120246791587200455,ACTIVE,654,2.14,23,1,2,0,0,0
00,120250812820290709,ACTIVE,100,2.14,56,1,1,0,0,0
00,120250678039650651,ACTIVE,80,2.12,44,1,2,1,0,0
00,120244581910350686,ACTIVE,300,2.12,11,0,0,0,0,0
00,120245487786040032,ACTIVE,121,2.1,38,0,0,0,0,0
00,120247139572780564,ACTIVE,600,2.1,46,0,1,0,0,0
00,120245693759670630,ACTIVE,80,2.09,70,0,0,0,0,0
00,120246867532780629,ACTIVE,100,2.09,14,0,2,0,0,0
00,120244428953840686,ACTIVE,100,2.05,42,0,0,0,0,0
00,120242694742870146,ACTIVE,445,2.04,71,0,3,0,0,0
00,120245859755050173,ACTIVE,500,2.04,75,2,2,0,0,0
00,120244486325980436,ACTIVE,500,2,62,1,1,0,0,0
00,120244618043630436,ACTIVE,153,1.99,57,1,2,0,0,0
00,120239930892250650,ACTIVE,800,1.99,43,2,5,0,0,0
00,120247026467550090,ACTIVE,168,1.97,22,1,1,0,0,0
00,120248151239370425,ACTIVE,100,1.95,10,1,1,0,0,0
00,120247184054680509,ACTIVE,300,1.94,34,0,1,0,0,0
00,120248139130260455,ACTIVE,325,1.93,40,0,2,0,0,0
00,120245010772960663,ACTIVE,301,1.9,23,0,0,0,0,0
00,120250413795050709,ACTIVE,500,1.9,30,1,0,0,0,0
00,120240901145360175,ACTIVE,745,1.86,63,0,1,0,0,0
00,120245011207100320,ACTIVE,360,1.85,46,1,1,0,0,0
00,120243144633320146,ACTIVE,100,1.84,39,3,3,1,0,0
00,120244761350620455,ACTIVE,135,1.82,38,1,2,0,0,0
00,120242700474080358,ACTIVE,100,1.78,30,1,1,0,0,0
00,120247828626130751,ACTIVE,100,1.77,40,1,1,0,0,0
00,120246070715810752,ACTIVE,100,1.75,38,2,4,0,0,0
00,120244270293390320,ACTIVE,510,1.75,51,0,2,0,0,0
00,120247479945600065,ACTIVE,300,1.74,37,0,0,0,0,0
00,120245649136960177,ACTIVE,100,1.73,30,0,0,0,0,0
00,120248703982740229,ACTIVE,80,1.72,17,0,0,0,0,0
00,120246581316290126,ACTIVE,80,1.71,49,0,0,0,0,0
00,120250691304310722,ACTIVE,68,1.71,16,0,0,0,0,0
00,120246191098590320,ACTIVE,400,1.7,60,2,1,0,0,0
00,120249115231040100,ACTIVE,100,1.7,39,2,2,1,0,0
00,120248111423590168,ACTIVE,101,1.7,26,0,1,0,0,0
00,120247813840280065,ACTIVE,93,1.7,36,2,1,0,0,0
00,120247974813890642,ACTIVE,125,1.66,50,0,0,0,0,0
00,120246773871740629,ACTIVE,100,1.66,26,0,0,0,0,0
00,120248596343100048,ACTIVE,300,1.65,19,0,1,0,0,0
00,120248108038930561,ACTIVE,96,1.64,37,4,3,0,0,0
00,120245334049540065,ACTIVE,370,1.64,30,1,2,0,0,0
00,120248959176740725,ACTIVE,1000,1.63,58,0,3,0,0,0
00,120243673094650146,ACTIVE,100,1.63,37,1,2,0,0,0
00,120246302058490389,ACTIVE,500,1.62,73,5,3,0,0,0
00,120247293642140642,ACTIVE,500,1.62,29,1,1,1,0,0
00,120246191098540320,ACTIVE,400,1.6,51,1,2,0,0,0
00,120246145506950470,ACTIVE,50,1.6,56,0,0,0,0,0
00,120247780766070455,ACTIVE,565,1.6,48,0,1,0,0,0
00,120247267358630509,ACTIVE,70,1.59,29,0,0,0,0,0
00,120245170581670686,ACTIVE,100,1.59,10,0,0,0,0,0
00,120248892319580365,ACTIVE,100,1.57,94,0,0,0,0,0
00,120245881655400509,ACTIVE,92,1.57,31,2,1,0,0,0
00,120247547642310642,ACTIVE,570,1.57,23,0,0,0,0,0
00,120246907642230291,ACTIVE,300,1.55,46,2,1,0,0,0
00,120248006730320100,ACTIVE,500,1.54,24,0,1,0,0,0
00,120247876590550126,ACTIVE,90,1.53,51,1,1,0,0,0
00,120246615285510642,ACTIVE,650,1.53,68,0,0,0,0,0
00,120247645229990642,ACTIVE,100,1.51,59,1,0,0,0,0
00,120245232977300320,ACTIVE,134,1.51,50,1,1,0,0,0
00,120243466971930678,ACTIVE,100,1.49,24,1,1,0,0,0
00,120244824582450436,ACTIVE,90,1.49,43,4,4,0,0,0
00,120251239771420586,ACTIVE,134,1.48,19,0,0,0,0,0
00,120245119189080630,ACTIVE,124,1.48,45,3,5,1,0,0
00,120246221877410629,ACTIVE,335,1.47,38,0,0,0,0,0
00,120251856003590054,ACTIVE,100,1.46,21,2,1,1,0,0
00,120248922585490210,ACTIVE,200,1.45,39,3,3,0,0,0
00,120244794017770320,ACTIVE,120,1.45,42,2,2,0,0,0
00,120243227249480177,ACTIVE,150,1.45,31,0,0,0,0,0
00,120248318268940152,ACTIVE,200,1.45,47,1,2,0,0,0
00,120249438611310064,ACTIVE,600,1.43,22,1,2,0,0,0
00,120247114934220455,ACTIVE,434,1.42,19,1,1,0,0,0
00,120247823215090168,ACTIVE,100,1.42,23,0,0,0,0,0
00,120249052890110100,ACTIVE,500,1.42,21,2,3,1,1,66.15
00,120245436310880780,ACTIVE,400,1.41,19,0,0,0,0,0
00,120248703982780229,ACTIVE,80,1.38,25,2,2,0,0,0
00,120247757020520725,ACTIVE,500,1.36,49,1,1,0,0,0
00,120250554304290404,ACTIVE,300,1.36,5,0,0,0,0,0
00,120241671273870455,ACTIVE,267,1.36,45,2,3,0,0,0
00,120246597569540214,ACTIVE,160,1.32,18,0,0,0,0,0
00,120247040934570629,ACTIVE,400,1.31,64,0,2,0,0,0
00,120246562589300629,ACTIVE,100,1.3,35,0,0,0,0,0
00,120249646481980279,ACTIVE,80,1.29,78,2,1,0,0,0
00,120245610768940032,ACTIVE,200,1.29,38,2,2,0,0,0
00,120246666161080477,ACTIVE,100,1.27,26,2,3,0,0,0
00,120250445767170166,ACTIVE,50,1.27,17,0,0,0,0,0
00,120244083558180146,ACTIVE,100,1.26,29,1,2,0,0,0
00,120244749327030686,ACTIVE,500,1.26,34,1,1,0,0,0
00,120245825448150533,ACTIVE,100,1.26,34,1,2,0,0,0
00,120244618043570436,ACTIVE,100,1.23,28,2,4,0,0,0
00,120247705045190564,ACTIVE,300,1.23,27,0,0,0,0,0
00,120247547590960642,ACTIVE,200,1.23,23,0,1,2,0,0
00,120245334049460065,ACTIVE,400,1.23,19,1,3,0,0,0
00,120247974813980642,ACTIVE,125,1.21,32,0,0,0,0,0
00,120246375737140674,ACTIVE,200,1.2,35,2,1,0,0,0
00,120247829716040751,ACTIVE,100,1.2,19,0,0,0,0,0
00,120241066464020065,ACTIVE,289,1.18,32,0,0,0,0,0
00,120244083558220146,ACTIVE,100,1.18,51,1,2,0,0,0
00,120249073800120725,ACTIVE,500,1.18,38,0,0,0,0,0
00,120242301213710065,ACTIVE,370,1.17,45,0,0,0,0,0
00,120246773871680629,ACTIVE,100,1.16,19,0,0,0,0,0
00,120243844958690129,ACTIVE,300,1.16,47,0,0,0,0,0
00,120245466475870630,ACTIVE,110,1.15,27,0,1,1,1,99.39999999999999
00,120256572736720586,ACTIVE,100,1.15,11,0,0,0,0,0
00,120247246948530509,ACTIVE,100,1.15,40,0,2,0,0,0
00,120244878279420125,ACTIVE,400,1.14,32,0,0,0,0,0
00,120249824676430057,ACTIVE,100,1.14,16,0,0,0,0,0
00,120243276755660065,ACTIVE,500,1.12,25,0,0,0,0,0
00,120246802025580509,ACTIVE,42,1.12,3,0,0,0,0,0
00,120243772698800146,ACTIVE,100,1.12,34,0,0,0,0,0
00,120251063107220166,ACTIVE,30,1.12,35,0,0,0,0,0
00,120247558121560065,ACTIVE,94,1.11,25,0,0,0,0,0
00,120247605280040425,ACTIVE,300,1.1,23,1,2,0,0,0
00,120246100582600173,ACTIVE,80,1.1,35,0,2,0,0,0
00,120245848127430707,ACTIVE,300,1.09,24,1,1,1,0,0
00,120251769553160054,ACTIVE,104,1.09,33,1,1,0,0,0
00,120249438611220064,ACTIVE,100,1.09,19,0,0,0,0,0
00,120247770552340065,ACTIVE,100,1.08,18,0,0,0,0,0
00,120243071308620125,ACTIVE,300,1.07,38,1,1,0,0,0
00,120247389356380455,ACTIVE,100,1.07,21,0,0,0,0,0
00,120247901344790425,ACTIVE,300,1.06,22,0,0,0,0,0
00,120250066594120577,ACTIVE,201,1.05,32,0,0,0,0,0
00,120246710213410090,ACTIVE,560,1.05,30,0,0,0,0,0
00,120242746886630788,ACTIVE,350,1.05,33,1,1,0,0,0
00,120247813840340065,ACTIVE,93,1.05,20,2,2,0,0,0
00,120247322946650509,ACTIVE,200,1.03,38,0,1,0,0,0
00,120246560566740477,ACTIVE,139,1.03,11,0,0,0,0,0
00,120245649000800177,ACTIVE,100,1.03,31,0,0,0,0,0
00,120247392329370509,ACTIVE,100,1.03,40,1,1,0,0,0
00,120247508094040725,ACTIVE,100,1.02,19,0,0,0,0,0
00,120243951377020125,ACTIVE,500,1.01,40,1,1,0,0,0
00,120246286557160752,ACTIVE,100,1.01,24,1,2,0,0,0
00,120256546977430586,ACTIVE,126,1.01,43,0,0,0,0,0
00,120249412510510100,ACTIVE,91,1,22,0,0,0,0,0
00,120247799916380462,ACTIVE,35,0.99,12,0,0,0,0,0
00,120246286382660752,ACTIVE,100,0.99,39,1,2,1,0,0
00,120247193573040509,ACTIVE,300,0.98,70,2,2,0,0,0
00,120244177553830678,ACTIVE,200,0.98,23,0,1,0,0,0
00,120249251074180319,ACTIVE,350,0.98,37,3,4,1,1,64.19
00,120251037305290166,ACTIVE,100,0.93,21,0,0,0,0,0
00,120247322669120509,ACTIVE,200,0.92,40,1,2,0,0,0
00,120244793522550320,ACTIVE,120,0.92,21,3,2,0,0,0
00,120246880890560629,ACTIVE,100,0.92,11,1,2,0,0,0
00,120246483406720564,ACTIVE,300,0.91,54,2,3,0,0,0
00,120246087968610032,ACTIVE,72,0.9,20,2,1,0,0,0
00,120247175023780065,ACTIVE,100,0.9,32,0,1,0,0,0
00,120247583319740586,ACTIVE,500,0.9,32,0,0,0,0,0
00,120245535022630455,ACTIVE,425,0.9,11,1,2,1,0,0
00,120245750558170707,ACTIVE,100,0.9,13,0,0,0,0,0
00,120248025748300126,ACTIVE,87,0.9,30,0,2,0,0,0
00,120242031621370065,ACTIVE,229,0.9,23,0,0,0,0,0
00,120245460221520177,ACTIVE,100,0.89,16,1,2,0,0,0
00,120247324556450065,ACTIVE,100,0.89,13,0,0,0,0,0
00,120248556140990663,ACTIVE,200,0.89,13,1,1,1,1,37.98
00,120246100566560173,ACTIVE,100,0.88,16,1,3,0,0,0
00,120244079033450320,ACTIVE,120,0.88,21,0,1,0,0,0
00,120247084134340065,ACTIVE,100,0.88,18,1,1,0,0,0
00,120249140601980100,ACTIVE,500,0.88,28,1,1,0,0,0
00,120248204881060455,ACTIVE,135,0.88,28,0,1,0,0,0
00,120248056978460544,ACTIVE,80,0.86,17,0,0,0,0,0
00,120243772698880146,ACTIVE,100,0.85,35,1,1,0,0,0
00,120247601292310065,ACTIVE,50,0.85,18,0,1,0,0,0
00,120248474785690152,ACTIVE,105,0.85,34,1,1,0,0,0
00,120246338028120241,ACTIVE,200,0.84,65,2,6,0,0,0
00,120246686798620214,ACTIVE,100,0.84,17,0,0,0,0,0
00,120247280578260065,ACTIVE,100,0.83,19,0,0,0,0,0
00,120248224810100389,ACTIVE,80,0.83,18,1,1,0,0,0
00,120247558121530065,ACTIVE,94,0.81,19,0,1,0,0,0
00,120247246948670509,ACTIVE,100,0.81,34,1,1,0,0,0
00,120246415849650214,ACTIVE,160,0.8,18,1,1,0,0,0
00,120243205951310642,ACTIVE,100,0.8,30,0,0,0,0,0
00,120243753190540054,ACTIVE,201,0.8,17,0,0,0,0,0
00,120246299721480751,ACTIVE,195,0.79,7,0,0,0,0,0
00,120246270264070320,ACTIVE,120,0.79,20,0,1,1,1,34.07
00,120246330272120320,ACTIVE,109,0.77,25,0,0,0,0,0
00,120248536187780100,ACTIVE,500,0.77,13,0,0,0,0,0
00,120248270609930152,ACTIVE,200,0.77,14,1,1,0,0,0
00,120246178825710752,ACTIVE,169,0.75,23,0,0,0,0,0
00,120247687263440425,ACTIVE,200,0.75,24,1,1,0,0,0
00,120243832687650146,ACTIVE,100,0.75,24,1,1,0,0,0
00,120244014047710146,ACTIVE,100,0.74,7,0,0,0,0,0
00,120250905694920651,ACTIVE,80,0.74,19,0,0,0,0,0
00,120247026467610090,ACTIVE,168,0.73,16,1,1,0,0,0
00,120248204881090455,ACTIVE,135,0.73,18,0,0,0,0,0
00,120246631717240097,ACTIVE,80,0.73,29,0,1,0,0,0
00,120246338247960241,ACTIVE,100,0.73,54,0,0,0,0,0
00,120248540698960725,ACTIVE,100,0.73,26,0,0,0,0,0
00,120245514271720065,ACTIVE,115,0.72,12,0,0,0,0,0
00,120247771242110065,ACTIVE,100,0.72,12,0,0,0,0,0
00,120244242496990780,ACTIVE,200,0.72,23,0,1,0,0,0
00,120246631674810097,ACTIVE,80,0.71,25,0,0,0,0,0
00,120246491099340090,ACTIVE,100,0.71,12,0,2,0,0,0
00,120247370270360509,ACTIVE,101,0.71,31,0,1,0,0,0
00,120246191098970320,ACTIVE,120,0.71,12,0,0,0,0,0
00,120248359442970589,ACTIVE,200,0.69,14,0,0,0,0,0
00,120254529951930197,ACTIVE,100,0.67,10,0,0,0,0,0
00,120247597779990751,ACTIVE,40,0.67,19,1,0,1,0,0
00,120245931951070650,ACTIVE,300,0.67,16,1,1,0,0,0
00,120244918988320303,ACTIVE,40,0.67,20,1,1,0,0,0
00,120245435760750780,ACTIVE,200,0.66,18,0,0,0,0,0
00,120248774488970725,ACTIVE,100,0.66,21,0,0,0,0,0
00,120246396517520674,ACTIVE,340,0.65,18,0,0,0,0,0
00,120246819645500629,ACTIVE,100,0.63,33,0,0,0,0,0
00,120246023777450751,ACTIVE,850,0.63,23,1,3,0,0,0
00,120255653285300586,ACTIVE,100,0.63,10,0,0,0,0,0
00,120243142609020146,ACTIVE,200,0.63,11,0,0,0,0,0
00,120245490989600133,ACTIVE,80,0.63,12,2,2,0,0,0
00,120248698801690127,ACTIVE,300,0.62,13,1,1,0,0,0
00,120246697447950610,ACTIVE,80,0.62,5,0,0,0,0,0
00,120247504003780425,ACTIVE,100,0.62,22,0,0,0,0,0
00,120245306349070462,ACTIVE,100,0.62,5,0,0,0,0,0
00,120245201694450686,ACTIVE,80,0.62,13,0,1,0,0,0
00,120245541619240177,ACTIVE,100,0.62,4,1,2,1,0,0
00,120244967217480436,ACTIVE,106,0.61,26,0,1,0,0,0
00,120248318269050152,ACTIVE,80,0.61,11,0,0,0,0,0
00,120249300729750589,ACTIVE,330,0.6,28,0,0,0,0,0
00,120248288633270389,ACTIVE,81,0.6,10,1,0,0,0,0
00,120243211247840146,ACTIVE,500,0.6,29,2,1,1,0,0
00,120249754760810019,ACTIVE,200,0.6,14,0,0,0,0,0
00,120245943231800173,ACTIVE,150,0.59,20,0,0,0,0,0
00,120248299568450431,ACTIVE,130,0.59,7,0,0,0,0,0
00,120244389916660436,ACTIVE,100,0.59,31,0,1,0,0,0
00,120245649056680177,ACTIVE,100,0.58,22,1,1,0,0,0
00,120245201694370686,ACTIVE,80,0.57,14,0,0,0,0,0
00,120244389916630436,ACTIVE,100,0.57,36,0,0,0,0,0
00,120248911416770577,ACTIVE,501,0.57,21,0,1,1,1,28.98
00,120247110512200175,ACTIVE,100,0.55,6,0,0,0,0,0
00,120246804547700175,ACTIVE,100,0.55,33,0,0,0,0,0
00,120245823079650320,ACTIVE,100,0.55,17,1,0,0,0,0
00,120247865520180544,ACTIVE,80,0.54,4,0,0,0,0,0
00,120246191098790320,ACTIVE,120,0.54,17,0,0,0,0,0
00,120246551175210674,ACTIVE,100,0.54,9,1,1,0,0,0
00,120248490741000152,ACTIVE,120,0.54,27,0,0,0,0,0
00,120248764599250589,ACTIVE,100,0.54,10,0,0,0,0,0
00,120248536188000100,ACTIVE,500,0.54,11,0,0,0,0,0
00,120246657519770455,ACTIVE,263,0.53,11,0,2,0,0,0
00,120248448870780725,ACTIVE,100,0.53,9,1,0,0,0,0
00,120246232598650090,ACTIVE,132,0.53,7,0,0,0,0,0
00,120249525957160319,ACTIVE,360,0.52,17,0,0,0,0,0
00,120245224035350179,ACTIVE,120,0.51,27,0,0,0,0,0
00,120244360843810065,ACTIVE,135,0.51,10,0,0,0,0,0
00,120257559013880586,ACTIVE,30,0.51,7,0,0,0,0,0
00,120244883028360686,ACTIVE,80,0.51,10,0,0,0,0,0
00,120248151509310425,ACTIVE,200,0.5,14,0,1,0,0,0
00,120246107483730752,ACTIVE,169,0.5,26,1,2,0,0,0
00,120257469008460586,ACTIVE,30,0.5,9,0,0,0,0,0
00,120250596505340709,ACTIVE,100,0.5,7,1,2,0,0,0
00,120248025171210561,ACTIVE,97,0.49,22,1,2,0,0,0
00,120247829146440561,ACTIVE,114,0.49,12,0,0,0,0,0
00,120247040934670629,ACTIVE,100,0.49,23,0,0,0,0,0
00,120249300729780589,ACTIVE,100,0.49,14,0,0,0,0,0
00,120246522122340677,ACTIVE,100,0.49,9,0,0,0,0,0
00,120256254668930586,ACTIVE,50,0.48,16,1,1,0,0,0
00,120250703936480404,ACTIVE,104,0.48,17,1,1,0,0,0
00,120245198116820177,ACTIVE,100,0.48,14,0,3,0,0,0
00,120246069254050470,ACTIVE,98,0.48,18,0,0,0,0,0
00,120249347498540100,ACTIVE,91,0.47,5,0,0,0,0,0
00,120244911557470436,ACTIVE,100,0.47,20,3,5,0,0,0
00,120245899430510065,ACTIVE,325,0.47,12,0,1,0,0,0
00,120245511607120780,ACTIVE,80,0.46,4,0,0,0,0,0
00,120247058049910303,ACTIVE,120,0.46,19,2,3,0,0,0
00,6966949200895,ACTIVE,250,0.46,3,0,1,1,0,0
00,120248299218060431,ACTIVE,220,0.46,22,1,2,1,1,28.98
00,120240679404390629,ACTIVE,400,0.45,17,0,1,1,1,63.91
00,120244967217550436,ACTIVE,106,0.45,18,0,0,0,0,0
00,120235701428400210,ACTIVE,200,0.45,28,0,0,0,0,0
00,120246733902040065,ACTIVE,80,0.45,12,0,0,0,0,0
00,120248299218010431,ACTIVE,220,0.44,16,1,1,0,0,0
00,6988605850626,ACTIVE,100,0.42,16,0,0,0,0,0
00,120249062394160019,ACTIVE,150,0.42,15,0,1,0,0,0
00,120246343721680707,ACTIVE,82,0.42,7,2,1,0,0,0
00,120244349823030686,ACTIVE,100,0.42,14,0,0,0,0,0
00,120245063703470133,ACTIVE,80,0.41,19,0,0,0,0,0
00,120247238927160043,ACTIVE,280,0.41,8,0,0,0,0,0
00,120244783755130320,ACTIVE,300,0.41,29,0,0,0,0,0
00,120245612998430455,ACTIVE,195,0.4,12,0,0,0,0,0
00,120251150600140210,ACTIVE,82,0.4,5,2,2,0,0,0
00,120249073752900725,ACTIVE,100,0.4,18,0,0,0,0,0
00,120246447361050303,ACTIVE,120,0.4,8,0,0,0,0,0
00,120249115230940100,ACTIVE,399,0.39,6,0,0,0,0,0
00,120244995090060686,ACTIVE,100,0.39,3,0,0,0,0,0
00,120246299672700751,ACTIVE,195,0.39,4,1,1,1,0,0
00,120247117519720629,ACTIVE,100,0.38,3,0,0,0,0,0
00,120248622152780695,ACTIVE,131,0.38,15,1,1,0,0,0
00,120245617791190630,ACTIVE,111,0.36,7,0,3,0,0,0
00,120247114547280509,ACTIVE,85,0.36,8,0,1,0,0,0
00,120245899907890065,ACTIVE,115,0.36,5,0,0,0,0,0
00,120247445963560509,ACTIVE,103,0.36,9,0,0,0,0,0
00,120245463311260177,ACTIVE,100,0.35,4,0,0,0,0,0
00,120248025171070561,ACTIVE,86,0.35,5,0,0,0,0,0
00,120246707623720509,ACTIVE,117,0.34,10,1,1,0,0,0
00,120249151139280057,ACTIVE,100,0.34,6,0,0,0,0,0
00,120248802175730319,ACTIVE,200,0.34,15,0,1,0,0,0
00,120248248634970455,ACTIVE,132,0.33,13,0,0,0,0,0
00,120249447732060577,ACTIVE,68,0.33,7,0,0,0,0,0
00,120244581910630686,ACTIVE,80,0.33,14,0,0,0,0,0
00,120247061773550509,ACTIVE,100,0.33,16,0,0,0,0,0
00,120244691045040320,ACTIVE,120,0.33,16,0,1,0,0,0
00,120247366315930509,ACTIVE,100,0.32,18,1,0,0,0,0
00,120245602350460032,ACTIVE,200,0.31,17,0,0,0,0,0
00,120246733854740065,ACTIVE,80,0.31,6,0,0,0,0,0
00,120251769553070054,ACTIVE,73,0.31,7,0,1,0,0,0
00,120246471244730065,ACTIVE,135,0.31,16,2,2,0,0,0
00,120247118332680629,ACTIVE,100,0.3,8,0,1,1,0,0
00,120246343722040707,ACTIVE,82,0.3,2,0,0,0,0,0
00,120247616942850561,ACTIVE,100,0.3,11,0,0,0,0,0
00,23857304059010799,ACTIVE,50,0.3,3,2,1,1,1,27.979999999999997
00,120246699106190629,ACTIVE,100,0.3,10,0,0,0,0,0
00,120243335632250705,ACTIVE,80,0.29,7,0,0,0,0,0
00,120245514271740065,ACTIVE,115,0.28,10,1,2,0,0,0
00,120246818759010303,ACTIVE,40,0.28,5,0,0,0,0,0
00,120247890133980642,ACTIVE,124,0.28,13,0,1,0,0,0
00,120247482195350544,ACTIVE,74,0.27,11,0,0,0,0,0
00,120247391019010168,ACTIVE,78,0.27,8,0,0,0,0,0
00,120247199911460090,ACTIVE,122,0.27,8,0,0,0,0,0
00,120247858934130544,ACTIVE,76,0.27,7,0,0,0,0,0
00,120246382556450462,ACTIVE,195,0.27,11,0,0,0,0,0
00,120251642537180054,ACTIVE,80,0.26,8,0,0,0,0,0
00,120250005173420404,ACTIVE,111,0.26,6,0,0,0,0,0
00,120245923045620168,ACTIVE,100,0.26,12,0,1,0,0,0
00,120256572736650586,ACTIVE,500,0.26,5,0,0,0,0,0
00,120251026838540210,ACTIVE,84,0.26,5,0,0,0,0,0
00,120246299721450751,ACTIVE,115,0.25,7,0,0,0,0,0
00,120244115059620146,ACTIVE,100,0.25,7,0,0,0,0,0
00,120246619814510549,ACTIVE,85,0.25,11,0,0,0,0,0
00,120245380678000025,ACTIVE,100,0.24,8,0,0,0,0,0
00,120246465900910677,ACTIVE,100,0.24,16,0,0,0,0,0
00,120249178308050725,ACTIVE,100,0.23,3,0,0,0,0,0
00,120244404574840678,ACTIVE,118,0.23,9,0,0,0,0,0
00,120246145189280470,ACTIVE,50,0.23,10,0,0,0,0,0
00,120248823290310722,ACTIVE,40,0.23,3,0,1,0,0,0
00,120247073165120090,ACTIVE,523,0.23,9,0,0,0,0,0
00,120248137514550561,ACTIVE,100,0.22,5,0,1,0,0,0
00,23857304059050799,ACTIVE,50,0.22,3,0,0,0,0,0
00,120246777147100214,ACTIVE,80,0.22,6,0,0,0,0,0
00,120244915930060436,ACTIVE,100,0.22,10,0,1,0,0,0
00,120242776941930146,ACTIVE,100,0.22,8,0,0,0,0,0
00,120245651364090303,ACTIVE,80,0.21,10,0,0,0,0,0
00,120243593808880146,ACTIVE,100,0.2,9,1,1,1,0,0
00,120246770835970175,ACTIVE,110,0.2,9,1,1,0,0,0
00,120244428953860686,ACTIVE,100,0.2,4,0,0,0,0,0
00,120248694175490365,ACTIVE,100,0.19,10,1,2,0,0,0
00,120249985748090577,ACTIVE,201,0.19,8,0,1,0,0,0
00,120248151945870425,ACTIVE,100,0.18,7,0,0,0,0,0
00,120244431777030751,ACTIVE,680,0.18,11,0,1,0,0,0
00,120247040711430629,ACTIVE,100,0.18,5,0,0,0,0,0
00,120247866597100389,ACTIVE,100,0.17,7,0,0,0,0,0
00,120247815782080642,ACTIVE,122,0.17,9,0,0,0,0,0
00,120246312788110126,ACTIVE,200,0.17,6,0,2,0,0,0
00,120249105110140210,ACTIVE,111,0.17,13,0,1,0,0,0
00,120248056801340561,ACTIVE,60,0.17,9,0,0,0,0,0
00,120248082904030663,ACTIVE,80,0.17,7,0,1,0,0,0
00,120246169445720320,ACTIVE,108,0.16,7,0,0,0,0,0
00,120245889270610065,ACTIVE,40,0.16,10,0,0,0,0,0
00,120249447732030577,ACTIVE,68,0.16,11,0,0,0,0,0
00,120245622959500630,ACTIVE,102,0.15,10,0,0,0,0,0
00,120244114789840146,ACTIVE,100,0.15,8,1,0,0,0,0
00,120245380137820707,ACTIVE,200,0.15,4,0,1,0,0,0
00,120245500027320032,ACTIVE,100,0.15,9,0,0,0,0,0
00,120246024108390751,ACTIVE,355,0.15,4,0,1,1,0,0
00,120246471244780065,ACTIVE,135,0.15,7,0,1,0,0,0
00,120249179865340725,ACTIVE,100,0.15,6,0,0,0,0,0
00,120249533679040019,ACTIVE,150,0.15,8,0,0,0,0,0
00,120257487343530586,ACTIVE,25,0.15,2,0,0,0,0,0
00,120257487876160586,ACTIVE,50,0.14,5,0,0,0,0,0
00,6995238695495,ACTIVE,50,0.14,2,0,0,0,0,0
00,120246459062250674,ACTIVE,200,0.14,9,0,0,0,0,0
00,120245327669090320,ACTIVE,120,0.14,3,0,0,0,0,0
00,120246558672090097,ACTIVE,152,0.14,8,0,0,0,0,0
00,120257469008430586,ACTIVE,30,0.14,3,0,0,0,0,0
00,120246754801740509,ACTIVE,400,0.13,7,0,0,0,0,0
00,120249062217790019,ACTIVE,50,0.13,7,0,0,0,0,0
00,120242973433800146,ACTIVE,200,0.13,3,0,0,0,0,0
00,120247109115250389,ACTIVE,100,0.12,7,2,2,0,0,0
00,120247445963200509,ACTIVE,103,0.12,4,0,0,0,0,0
00,120244349822900686,ACTIVE,100,0.11,1,0,0,0,0,0
00,120248557488550695,ACTIVE,80,0.11,4,0,0,0,0,0
00,120248180636520589,ACTIVE,100,0.11,9,0,0,0,0,0
00,120244477400200678,ACTIVE,100,0.11,4,0,0,0,0,0
00,120243465250350705,ACTIVE,80,0.1,5,0,0,0,0,0
00,120247633428650725,ACTIVE,100,0.1,5,0,0,0,0,0
00,120248299568480431,ACTIVE,130,0.1,9,0,1,0,0,0
00,120247333999410425,ACTIVE,100,0.09,2,0,0,0,0,0
00,120246733876960065,ACTIVE,80,0.09,6,0,0,0,0,0
00,120247799916320462,ACTIVE,35,0.09,4,0,0,0,0,0
00,120248248635000455,ACTIVE,132,0.09,8,1,0,0,0,0
00,120242847129030686,ACTIVE,100,0.08,3,0,0,0,0,0
00,120246313814250752,ACTIVE,100,0.08,2,0,0,0,0,0
00,120249057669240663,ACTIVE,50,0.08,3,0,0,0,0,0
00,120247110428960175,ACTIVE,100,0.08,5,0,0,0,0,0
00,120257559013710586,ACTIVE,30,0.08,4,0,0,0,0,0
00,120245466475590630,ACTIVE,110,0.08,6,0,1,0,0,0
00,120245044044870686,ACTIVE,80,0.08,4,0,0,0,0,0
00,120249179840900725,ACTIVE,100,0.08,5,0,0,0,0,0
00,120244566743700788,ACTIVE,50,0.07,2,0,0,0,0,0
00,120245481989400065,ACTIVE,40,0.07,2,0,0,0,0,0
00,120249179840870725,ACTIVE,100,0.07,5,0,0,0,0,0
00,120249057598540663,ACTIVE,50,0.07,1,0,0,0,0,0
00,120244194695070177,ACTIVE,100,0.07,2,0,0,0,0,0
00,120244581454670686,ACTIVE,100,0.07,6,0,0,0,0,0
00,120251726188120210,ACTIVE,119,0.07,10,0,0,0,0,0
00,120247378425210561,ACTIVE,180,0.06,6,0,0,0,0,0
00,120245825263430533,ACTIVE,100,0.06,6,0,0,0,0,0
00,120245622959400630,ACTIVE,127,0.06,5,0,0,0,0,0
00,120246733877000065,ACTIVE,80,0.06,4,0,0,0,0,0
00,120244077730640146,ACTIVE,100,0.06,3,0,0,0,0,0
00,120246818759970303,ACTIVE,40,0.06,4,0,0,0,0,0
00,120246299672740751,ACTIVE,115,0.06,4,0,0,0,0,0
00,120242301213170065,ACTIVE,300,0.05,5,0,0,0,0,0
00,120246733901990065,ACTIVE,80,0.05,2,0,0,0,0,0
00,120246522442100677,ACTIVE,100,0.05,5,0,0,0,0,0
00,120244017128390686,ACTIVE,100,0.05,1,0,0,0,0,0
00,120246377047690097,ACTIVE,150,0.05,5,0,0,0,0,0
00,120245889270720065,ACTIVE,40,0.05,3,0,0,0,0,0
00,120246270030620320,ACTIVE,120,0.05,2,0,1,0,0,0
00,120245124026530686,ACTIVE,80,0.04,1,0,0,0,0,0
00,120250501589950722,ACTIVE,68,0.04,1,0,0,0,0,0
00,6995238696095,ACTIVE,50,0.04,2,0,0,0,0,0
00,120244963676310686,ACTIVE,80,0.04,1,1,1,0,0,0
00,120247799916400462,ACTIVE,35,0.03,4,0,0,0,0,0
00,120247970574920126,ACTIVE,80,0.03,2,0,0,0,0,0
00,6968638622626,ACTIVE,50,0.03,3,0,0,0,0,0
00,120246040085600751,ACTIVE,370,0.03,3,0,0,0,0,0
00,120246666123990477,ACTIVE,100,0.03,1,0,2,0,0,0
00,120246286484520097,ACTIVE,120,0.03,2,0,0,0,0,0
00,120244216235640630,ACTIVE,52,0.03,5,0,0,0,0,0
00,120244761515050455,ACTIVE,1235,0.03,1,0,1,0,0,0
00,120249134484060166,ACTIVE,30,0.03,4,0,0,0,0,0
00,120246283838280097,ACTIVE,110,0.03,3,0,0,0,0,0
00,120244566507460788,ACTIVE,50,0.03,2,0,0,0,0,0
00,120250838901590404,ACTIVE,50,0.03,3,0,0,0,0,0
00,120245899907660065,ACTIVE,115,0.03,3,0,0,0,0,0
00,120245946244180126,ACTIVE,100,0.03,1,0,0,0,0,0
00,120248604432660663,ACTIVE,80,0.02,2,0,1,0,0,0
00,120246619814540549,ACTIVE,55,0.02,1,0,0,0,0,0
00,120246299721620751,ACTIVE,68,0.02,1,0,0,0,0,0
00,120249263766000247,ACTIVE,100,0.02,2,0,0,0,0,0
00,120244076954630146,ACTIVE,100,0.02,2,0,0,0,0,0
00,120246570408620477,ACTIVE,100,0.02,1,0,0,0,0,0
00,120244076631420146,ACTIVE,100,0.01,1,0,0,0,0,0
00,120247601292330065,ACTIVE,50,0.01,1,0,0,0,0,0
00,120247597780010751,ACTIVE,40,0.01,2,0,1,0,0,0
00,120246870229730642,ACTIVE,105,0.01,4,0,0,0,0,0
00,120246733854770065,ACTIVE,80,0.01,2,0,0,0,0,0
00,120246551175300674,ACTIVE,100,0.01,2,0,0,0,0,0
00,120249251074290319,ACTIVE,120,0.01,1,0,0,0,0,0
00,120246145791530470,ACTIVE,20,0.01,1,0,0,0,0,0
00,120246024108440751,ACTIVE,195,0.01,1,0,0,0,0,0
00,120245481989440065,ACTIVE,40,0.01,1,0,0,0,0,0
00,120244114929610146,ACTIVE,100,0.01,1,0,0,0,0,0
00,120245662434130780,ACTIVE,80,0,0,0,0,0,0,0
00,120250201548880577,ACTIVE,100,0,0,0,0,0,0,0
00,120245662338590780,ACTIVE,80,0,0,0,0,0,0,0
00,120245662338460780,ACTIVE,80,0,0,0,0,0,0,0
00,120250201442440577,ACTIVE,100,0,0,0,0,0,0,0
00,120248357292800469,ACTIVE,80,0,0,0,0,0,0,0
00,120245736523970177,ACTIVE,100,0,0,0,0,0,0,0
00,120245736607120177,ACTIVE,100,0,0,0,0,0,0,0
00,120252002776770054,ACTIVE,100,0,0,0,0,0,0,0
00,120245124561510686,ACTIVE,80,0,0,0,0,0,0,0
00,120246436979690241,ACTIVE,100,0,0,0,0,0,0,0
00,120245124052890686,ACTIVE,80,0,1,0,0,0,0,0
00,120246437959560241,ACTIVE,100,0,0,0,0,0,0,0
00,120245099365240470,ACTIVE,5,0,1,0,0,0,0,0
00,120246631635420097,ACTIVE,80,0,0,0,0,0,0,0
00,120246631674870097,ACTIVE,80,0,0,0,0,0,0,0
00,120246631717220097,ACTIVE,80,0,4,0,0,0,0,0
00,120246632417160097,ACTIVE,80,0,0,0,0,0,0,0
00,120246632417260097,ACTIVE,80,0,0,0,1,0,0,0
00,120249009593350565,ACTIVE,100,0,0,0,0,0,0,0
00,120249009593320565,ACTIVE,100,0,2,0,0,0,0,0
00,120247176514010629,ACTIVE,100,0,0,0,0,0,0,0
00,120247176514850629,ACTIVE,100,0,0,0,0,0,0,0
00,120248717970160229,ACTIVE,80,0,0,0,0,0,0,0
00,120252003064780054,PAUSED,100,0,0,0,0,0,0,0
00,120252003268490054,ACTIVE,100,0,0,0,0,0,0,0
00,120252003446420054,ACTIVE,100,0,0,0,0,0,0,0
00,120252003555230054,ACTIVE,100,0,0,0,0,0,0,0
00,120247601538900425,ACTIVE,150,0,1,0,1,0,0,0
00,120244165647870788,ACTIVE,50,0,1,0,0,0,0,0
00,120248356937930469,PAUSED,80,0,0,0,0,0,0,0
00,120247890206850725,PAUSED,100,0,0,0,0,0,0,0
00,120248621604700283,PAUSED,500,0,0,0,0,0,0,0
00,120248357015380469,ACTIVE,80,0,0,0,0,0,0,0
00,120248182649160544,ACTIVE,80,0,0,0,0,0,0,0
00,120248182725790544,ACTIVE,80,0,0,0,0,0,0,0
00,120248182829690544,ACTIVE,80,0,0,0,0,0,0,0
00,120248182829700544,ACTIVE,80,0,0,0,0,0,0,0
00,120248182989100544,ACTIVE,80,0,0,0,0,0,0,0
00,120248182989160544,ACTIVE,80,0,0,0,0,0,0,0
00,120248183102250544,ACTIVE,80,0,0,0,0,0,0,0
00,120248183102370544,ACTIVE,80,0,0,0,0,0,0,0
00,120242756171170358,ACTIVE,100,0,0,0,0,0,0,0
00,120242756170960358,ACTIVE,100,0,0,0,0,0,0,0
00,120248183670520544,ACTIVE,80,0,0,0,0,0,0,0
00,120248183672960544,ACTIVE,80,0,0,0,0,0,0,0
00,120240849899190788,ACTIVE,10,0,1,0,0,0,0,0
00,120248358470430469,ACTIVE,80,0,0,0,0,0,0,0
00,120248358214470469,ACTIVE,80,0,0,0,0,0,0,0
00,120250201697380577,ACTIVE,100,0,0,0,0,0,0,0
00,120245736385440177,ACTIVE,100,0,0,0,0,0,0,0
01,6966949200095,ACTIVE,100,64.25999999999999,2058,60,55,4,2,109.96
01,120243458344350129,ACTIVE,600,20.22,673,12,17,1,0,0
01,120243928954880129,ACTIVE,600,17.36,633,14,16,1,0,0
01,120246791587200455,ACTIVE,654,17.13,175,11,8,0,0,0
01,120245800978960674,ACTIVE,1000,16.259999999999998,355,9,14,2,1,46.22
01,120247136451350725,ACTIVE,1000,16,357,6,8,3,1,49.370000000000005
01,120248155192490455,ACTIVE,1055,15.79,474,13,14,0,0,0
01,120244761233710455,ACTIVE,1135,15.61,386,8,12,0,0,0
01,120249005372660589,ACTIVE,571,14.830000000000002,289,6,8,1,0,0
01,120247868045210695,ACTIVE,360,14.620000000000001,408,5,6,1,1,37.980000000000004
01,120247245864910389,ACTIVE,1000,14.37,406,12,14,0,1,37.06
01,120247678231030065,ACTIVE,93,13.33,220,8,6,1,1,49.52
01,120247780766070455,ACTIVE,565,13.020000000000001,459,7,12,0,0,0
01,120245848127390707,ACTIVE,500,12.73,236,10,12,2,1,22.98
01,120246338179300642,ACTIVE,340,12.690000000000001,457,9,10,0,0,0
01,120244691045450320,ACTIVE,700,12.45,570,10,12,1,0,0
01,120245283264760677,ACTIVE,438,12.32,414,5,12,0,0,0
01,120248162820950389,ACTIVE,1000,12.27,466,12,14,2,1,37.06
01,120240679404390629,ACTIVE,400,11.98,320,9,9,2,1,63.91
01,120246007921740320,ACTIVE,318,11.16,346,8,10,1,0,0
01,120244749532720686,ACTIVE,1000,10.94,195,3,6,0,0,0
01,120247678231050065,ACTIVE,93,10.09,164,3,3,1,1,29.979999999999997
01,120239930892250650,ACTIVE,800,9.98,149,5,5,0,0,0
01,120242694742870146,ACTIVE,445,9.97,320,6,9,2,1,75.21
01,120249300729750589,ACTIVE,330,9.76,193,5,7,2,2,93.89
01,120247312196970090,ACTIVE,123,9.75,116,7,5,0,0,0
01,120248893532100100,ACTIVE,500,9.73,190,4,4,0,0,0
01,120247558121530065,ACTIVE,94,9.61,269,5,6,1,1,49.519999999999996
01,120247114934220455,ACTIVE,434,9.540000000000001,244,7,9,0,0,0
01,120247391144430509,ACTIVE,200,9.5,371,9,12,0,0,0
01,120245980788570752,ACTIVE,279,8.66,406,8,10,1,0,0
01,120246191098540320,ACTIVE,400,8.38,259,7,6,0,0,0
01,120246962698770090,ACTIVE,322,8.219999999999999,181,7,7,0,0,0
01,120248535997930100,ACTIVE,500,8.209999999999999,194,3,3,0,0,0
01,120248641712650319,ACTIVE,440,7.96,181,3,5,1,1,64.19
01,120245250322490642,ACTIVE,950,7.86,215,3,3,0,0,0
01,120249086109210100,ACTIVE,500,7.83,230,5,9,2,1,52.559999999999995
01,120249286682560368,ACTIVE,300,7.720000000000001,211,2,3,0,0,0
01,120245823919130320,ACTIVE,360,7.699999999999999,301,10,12,1,0,0
01,120244486325980436,ACTIVE,500,7.6899999999999995,229,2,7,0,0,0
01,120248819218450019,ACTIVE,500,7.65,114,3,3,0,0,0
01,120243986668280589,ACTIVE,1200,7.42,205,5,8,0,0,0
01,120248703982780229,ACTIVE,80,7.37,90,3,3,0,0,0
01,120247184054680509,ACTIVE,300,7.130000000000001,169,3,5,1,0,0
01,120248959176740725,ACTIVE,1000,7.08,223,3,8,2,2,137.11999999999998
01,120246242129020477,ACTIVE,100,7.07,158,13,8,0,0,0
01,120249140601980100,ACTIVE,300,7,182,4,3,1,1,78.94
01,120247813840340065,ACTIVE,93,6.949999999999999,84,3,2,0,0,0
01,120244164847370788,ACTIVE,50,6.86,39,3,3,0,0,0
01,120246054202590173,ACTIVE,400,6.78,133,1,2,0,0,0
01,120246828454030629,ACTIVE,390,6.77,182,6,8,1,0,0
01,120244270293390320,ACTIVE,510,6.68,180,2,4,0,0,0
01,120248703982740229,ACTIVE,80,6.65,86,0,0,0,0,0
01,120246191098590320,ACTIVE,400,6.609999999999999,259,6,11,0,0,0
01,120244428953840686,ACTIVE,100,6.48,144,3,3,0,0,0
01,120248318268940152,ACTIVE,200,6.4399999999999995,139,4,5,1,0,0
01,120244070206100125,ACTIVE,250,6.41,139,4,4,0,0,0
01,120245693709840630,ACTIVE,80,6.35,158,2,3,0,0,0
01,120250790045220586,ACTIVE,500,6.27,186,1,2,2,1,28.98
01,120243227249480177,ACTIVE,150,6.22,124,4,4,0,0,0
01,120247311647030509,ACTIVE,100,6.17,176,6,6,0,0,0
01,120245693759670630,ACTIVE,80,6.16,188,1,1,0,0,0
01,120245170581670686,PAUSED,100,6.12,59,0,0,0,0,0
01,120244177553830678,ACTIVE,200,6.1000000000000005,133,5,5,0,0,0
01,120247829243430751,PAUSED,100,6.0600000000000005,94,1,1,0,0,0
01,120250812820290709,ACTIVE,100,6.05,144,2,3,0,0,0
01,120244761350620455,ACTIVE,135,6.02,157,2,4,0,0,0
01,120247040711030629,ACTIVE,100,6.01,78,3,3,0,0,0
01,120248717970160229,ACTIVE,80,5.970000000000001,79,0,1,0,0,0
01,120246375737140674,ACTIVE,200,5.970000000000001,135,2,2,0,0,0
01,120243986595710788,ACTIVE,85,5.96,50,2,1,0,0,0
01,120246374707600097,ACTIVE,124,5.92,113,0,0,0,0,0
01,120245460221520177,ACTIVE,100,5.92,76,5,5,0,0,0
01,120250413795050709,ACTIVE,500,5.9,119,4,3,1,1,46.37
01,120248698800290127,ACTIVE,100,5.87,32,2,2,0,0,0
01,120246841599550477,ACTIVE,90,5.75,41,2,1,0,0,0
01,120247828626130751,PAUSED,100,5.720000000000001,84,2,2,1,1,22.98
01,120245693759830630,ACTIVE,80,5.71,149,1,1,0,0,0
01,120245693709760630,ACTIVE,80,5.66,144,3,4,0,0,0
01,120245649056680177,PAUSED,100,5.619999999999999,69,2,1,0,0,0
01,120247862754470462,ACTIVE,73,5.59,54,2,2,0,0,0
01,120246286465380752,ACTIVE,100,5.59,140,5,4,1,0,0
01,120246850329040065,ACTIVE,186,5.54,164,2,3,0,0,0
01,120247813840280065,ACTIVE,93,5.54,126,4,3,0,0,0
01,120249251074180319,ACTIVE,350,5.51,164,6,7,1,1,64.19
01,120246302058490389,ACTIVE,500,5.48,244,7,5,0,0,0
01,120245011207100320,ACTIVE,360,5.470000000000001,170,1,1,0,0,0
01,120250789469770586,ACTIVE,500,5.45,156,9,9,1,0,0
01,120245170402820686,PAUSED,100,5.44,49,1,1,0,0,0
01,120245610768940032,ACTIVE,200,5.42,122,5,4,0,0,0
01,120245662338590780,ACTIVE,80,5.35,92,0,0,0,0,0
01,120246657519770455,ACTIVE,263,5.3100000000000005,141,1,3,0,0,0
01,120247139572780564,ACTIVE,600,5.27,129,2,2,0,0,0
01,120246666161080477,ACTIVE,100,5.26,76,3,4,0,0,0
01,120247110428960175,PAUSED,100,5.22,70,3,3,0,0,0
01,120245833631150707,ACTIVE,450,5.18,70,6,5,1,1,23.77
01,120247479945600065,ACTIVE,300,5.16,136,2,3,0,0,0
01,120246599890040214,ACTIVE,120,5.16,50,1,3,1,1,59.93
01,120246562589300629,ACTIVE,100,5.14,77,0,0,0,0,0
01,120243772698800146,ACTIVE,100,5.13,117,0,2,0,0,0
01,120248923191120589,ACTIVE,155,5.09,91,2,2,0,0,0
01,120245859755050173,ACTIVE,500,5.08,197,8,13,0,0,0
01,120243276755660065,ACTIVE,500,5.04,164,6,4,0,0,0
01,120247757020520725,ACTIVE,500,4.99,124,1,2,0,0,0
01,120245201694450686,ACTIVE,80,4.9,71,2,2,0,0,0
01,120249073800120725,ACTIVE,500,4.89,167,1,3,0,0,0
01,120245201694370686,ACTIVE,80,4.84,99,2,2,1,0,0
01,120245170492570686,PAUSED,100,4.83,57,0,0,0,0,0
01,120240901145360175,ACTIVE,745,4.83,153,3,4,1,1,24.96
01,120247974813890642,ACTIVE,125,4.8100000000000005,135,0,0,0,0,0
01,6988605843426,ACTIVE,100,4.8,95,2,2,2,2,83.96000000000001
01,120247467570380455,ACTIVE,100,4.79,72,4,5,1,1,60.41
01,120245010772960663,ACTIVE,301,4.79,66,1,1,0,0,0
01,120245686749070320,ACTIVE,320,4.77,117,4,7,1,0,0
01,120246338028120241,ACTIVE,200,4.73,281,6,9,0,0,0
01,120244823852370686,ACTIVE,100,4.73,103,1,4,2,2,81.19
01,120248965302070064,ACTIVE,600,4.72,66,5,4,0,0,0
01,120246221877410629,ACTIVE,335,4.68,92,3,2,1,2,100.86
01,120245334049540065,ACTIVE,370,4.67,92,3,3,0,0,0
01,120241671273870455,ACTIVE,267,4.62,143,3,5,0,0,0
01,120244749327030686,ACTIVE,500,4.6,116,2,5,0,0,0
01,120245662338460780,ACTIVE,80,4.6,99,2,2,0,0,0
01,120248326394910455,ACTIVE,133,4.59,73,0,1,0,0,0
01,120246615285510642,ACTIVE,650,4.59,204,2,3,0,0,0
01,120246666193770477,ACTIVE,100,4.59,72,5,4,0,0,0
01,120247040934570629,ACTIVE,400,4.58,197,2,3,0,0,0
01,120246008618270241,ACTIVE,200,4.529999999999999,202,4,6,0,0,0
01,120250066594120577,ACTIVE,201,4.52,133,4,3,1,0,0
01,120248108038930561,ACTIVE,96,4.5,107,5,4,0,0,0
01,120246070715810752,ACTIVE,100,4.470000000000001,118,5,5,1,1,40.97
01,120247312197200090,ACTIVE,123,4.46,68,1,2,0,0,0
01,120247445963560509,ACTIVE,103,4.44,137,3,3,1,0,0
01,120248540698960725,ACTIVE,100,4.4399999999999995,91,1,1,0,0,0
01,120245334049460065,ACTIVE,400,4.4399999999999995,67,4,7,0,0,0
01,120249347498580100,ACTIVE,91,4.42,85,3,2,1,1,22.98
01,120245057027780564,ACTIVE,300,4.42,182,5,7,1,0,0
01,120248006730320100,ACTIVE,500,4.38,125,3,4,0,0,0
01,120245612998430455,ACTIVE,195,4.37,114,4,5,0,0,0
01,120243466971930678,ACTIVE,100,4.34,83,2,2,0,0,0
01,120251502157250054,ACTIVE,100,4.3100000000000005,44,3,3,1,0,0
01,120248318269050152,ACTIVE,80,4.3,45,3,0,0,0,0
01,120247829716040751,PAUSED,100,4.29,62,0,0,0,0,0
01,120246581316290126,ACTIVE,80,4.29,155,8,4,1,1,51.209999999999994
01,120245649000800177,PAUSED,100,4.28,102,1,1,0,0,0
01,120247547642310642,ACTIVE,570,4.27,84,0,2,0,0,0
01,120248139130260455,ACTIVE,325,4.26,114,1,2,0,0,0
01,120245736607120177,ACTIVE,100,4.26,82,2,3,0,0,0
01,120250201442440577,ACTIVE,100,4.26,92,4,6,1,1,28.98
01,120245232977300320,ACTIVE,134,4.21,164,3,2,0,0,0
01,120245848127430707,ACTIVE,300,4.21,106,1,2,1,0,0
01,120245487786040032,ACTIVE,121,4.14,105,2,2,1,0,0
01,120244618043630436,ACTIVE,153,4.11,111,2,3,0,0,0
01,120247876590550126,ACTIVE,90,4.11,137,2,2,0,0,0
01,120249009593320565,ACTIVE,100,4.109999999999999,47,1,4,0,0,0
01,120244824582450436,ACTIVE,90,4.09,144,5,6,0,0,0
01,120249152473440247,ACTIVE,100,4.09,63,1,2,0,0,0
01,120250139945670577,ACTIVE,100,4.08,34,0,0,0,0,0
01,120243844958690129,ACTIVE,300,4.03,184,4,7,1,1,66.47999999999999
01,120247445963200509,ACTIVE,103,4.0200000000000005,134,1,2,1,1,67.67
01,120246946458510629,ACTIVE,100,4.01,79,2,2,1,0,0
01,120247489931670431,ACTIVE,220,4.01,98,3,3,0,0,0
01,120247026467550090,ACTIVE,168,4,52,1,4,0,0,0
01,120244083558220146,ACTIVE,100,3.99,174,5,6,1,0,0
01,120246643142900065,ACTIVE,168,3.99,124,2,3,0,0,0
01,6995238695495,ACTIVE,50,3.9899999999999998,25,1,1,0,0,0
01,120245649136960177,PAUSED,100,3.96,82,1,1,0,0,0
01,120248922585490210,ACTIVE,200,3.8600000000000003,116,5,3,0,0,0
01,120246100566560173,ACTIVE,100,3.84,70,6,6,0,0,0
01,120247770552340065,PAUSED,100,3.84,83,2,1,0,0,0
01,120245436310880780,ACTIVE,400,3.82,83,1,1,0,0,0
01,23857304059010799,ACTIVE,50,3.8099999999999996,20,2,1,1,1,27.979999999999997
01,120246312788110126,ACTIVE,200,3.79,94,2,4,0,0,0
01,120242301213710065,ACTIVE,370,3.79,119,0,0,0,0,0
01,120248565530720152,PAUSED,100,3.77,65,2,2,0,0,0
01,120241066464020065,ACTIVE,289,3.7699999999999996,116,4,4,0,0,0
01,120243673094650146,ACTIVE,100,3.71,108,7,5,0,0,0
01,120247645229990642,ACTIVE,100,3.71,131,4,2,0,0,0
01,120244083558180146,ACTIVE,100,3.69,96,3,3,1,0,0
01,120247583319740586,ACTIVE,500,3.65,120,1,2,0,0,0
01,120252003555230054,ACTIVE,100,3.64,41,1,1,0,0,0
01,120243144633320146,ACTIVE,100,3.64,89,5,4,1,0,0
01,120251170246950404,ACTIVE,80,3.63,30,0,0,0,0,0
01,120243211247840146,ACTIVE,500,3.63,107,3,2,1,0,0
01,120246483406720564,ACTIVE,300,3.63,182,4,5,0,0,0
01,120249412510510100,ACTIVE,91,3.59,63,1,3,0,0,0
01,120248596343100048,ACTIVE,300,3.58,64,2,3,0,0,0
01,120247193573040509,ACTIVE,200,3.58,196,3,4,0,0,0
01,120244114789840146,PAUSED,100,3.5700000000000003,73,2,1,0,0,0
01,120248180636520589,ACTIVE,100,3.56,94,0,0,0,0,0
01,120247026467610090,ACTIVE,168,3.55,79,2,2,0,0,0
01,120243753190540054,ACTIVE,201,3.55,59,0,2,0,0,0
01,120249985748090577,ACTIVE,201,3.54,82,1,5,0,1,28.98
01,120245943231800173,ACTIVE,150,3.5100000000000002,87,2,5,0,0,0
01,120251856003590054,ACTIVE,100,3.51,63,4,4,1,0,0
01,120247084134340065,ACTIVE,100,3.5,69,4,4,0,0,0
01,120247769726800065,PAUSED,100,3.48,56,1,1,0,0,0
01,120245931951070650,ACTIVE,300,3.48,46,2,2,0,0,0
01,120251642537180054,ACTIVE,80,3.47,50,1,1,0,0,0
01,120245119189080630,ACTIVE,124,3.46,135,5,10,3,1,40.97
01,120248299218010431,ACTIVE,220,3.45,96,2,3,0,0,0
01,120247504003780425,ACTIVE,100,3.44,91,2,2,1,1,97.71
01,120245198116820177,ACTIVE,100,3.42,100,3,4,0,0,0
01,120247322946650509,ACTIVE,200,3.42,131,3,4,0,0,0
01,120249438611310064,ACTIVE,600,3.42,73,3,4,1,0,0
01,120244428953860686,ACTIVE,100,3.41,70,1,2,0,0,0
01,120244965177310686,ACTIVE,100,3.41,50,1,1,0,0,0
01,120243772698880146,ACTIVE,100,3.3899999999999997,136,1,2,0,0,0
01,120245592542820133,ACTIVE,60,3.38,18,0,1,0,0,0
01,120246819645500629,ACTIVE,100,3.38,104,2,2,1,0,0
01,120249283733020100,ACTIVE,90,3.36,65,3,5,1,0,0
01,120244662020140686,ACTIVE,100,3.36,39,0,1,0,0,0
01,120245514271720065,ACTIVE,115,3.34,37,1,2,0,0,0
01,120246286557160752,ACTIVE,100,3.3200000000000003,91,2,5,0,0,0
01,120247974813980642,ACTIVE,125,3.3200000000000003,123,0,0,0,0,0
01,120247118332680629,PAUSED,100,3.31,62,1,1,1,0,0
01,120246907642230291,ACTIVE,300,3.3099999999999996,96,5,4,0,0,0
01,120249115231040100,ACTIVE,100,3.3,76,2,2,1,0,0
01,120246330272120320,ACTIVE,109,3.29,105,3,3,0,0,0
01,120247687263440425,ACTIVE,200,3.28,94,1,2,0,0,0
01,120249052890110100,ACTIVE,500,3.26,59,3,4,1,1,66.15
01,120246560566740477,ACTIVE,139,3.25,87,1,1,0,0,0
01,120251170246880404,ACTIVE,80,3.25,34,0,2,0,0,0
01,120247771242110065,PAUSED,100,3.19,63,1,1,0,0,0
01,120247110764820175,PAUSED,100,3.19,66,2,2,0,0,0
01,120244618043570436,ACTIVE,100,3.14,95,6,8,1,1,99.71
01,120248359442970589,ACTIVE,200,3.1399999999999997,59,3,3,0,0,0
01,120250691304310722,ACTIVE,68,3.12,49,0,0,0,0,0
01,120251062504040166,ACTIVE,30,3.12,67,1,1,0,0,0
01,120246459062250674,ACTIVE,200,3.11,80,0,1,0,0,0
01,120246631717240097,ACTIVE,80,3.11,101,2,3,0,0,0
01,120250703936480404,ACTIVE,104,3.1,65,1,3,0,0,0
01,120246773871740629,ACTIVE,100,3.1,64,0,0,0,0,0
01,120244389916630436,ACTIVE,100,3.09,121,0,0,0,0,0
01,120246631717220097,ACTIVE,80,3.08,86,2,3,0,0,0
01,120246631674810097,ACTIVE,80,3.0700000000000003,74,1,1,1,1,61.97
01,120246710213410090,ACTIVE,560,3.07,93,2,2,0,0,0
01,120245736385440177,ACTIVE,100,3.06,64,2,2,1,1,29.980000000000004
01,120246491099340090,ACTIVE,100,3.05,62,2,2,0,0,0
01,120243071308620125,ACTIVE,300,3.0300000000000002,95,2,2,0,0,0
01,120247110512200175,PAUSED,100,3.03,74,2,1,0,0,0
01,120247293642140642,ACTIVE,500,3.01,72,1,1,1,0,0
01,120249739079790279,ACTIVE,80,3,136,1,2,0,0,0
01,120244115059620146,PAUSED,100,3,63,1,0,0,0,0
01,120247175023780065,ACTIVE,100,2.99,96,3,4,0,0,0
01,120249525957160319,ACTIVE,360,2.99,96,1,1,0,0,0
01,120248892319580365,ACTIVE,100,2.9800000000000004,172,1,1,0,0,0
01,120245044044890686,ACTIVE,80,2.97,35,1,0,0,0,0
01,120247322669120509,ACTIVE,100,2.96,134,2,4,1,1,85.96000000000001
01,120248111423590168,ACTIVE,101,2.96,69,1,1,0,0,0
01,120247705045190564,ACTIVE,300,2.95,75,0,0,0,0,0
01,120247901344790425,ACTIVE,300,2.9400000000000004,60,1,0,0,0,0
01,120251769553160054,ACTIVE,104,2.94,68,2,2,0,0,0
01,120247117519720629,PAUSED,100,2.8600000000000003,66,1,0,0,0,0
01,120248291651510455,PAUSED,100,2.85,54,1,1,0,0,0
01,120250678039650651,ACTIVE,80,2.83,85,3,2,1,0,0
01,120248082904030663,ACTIVE,80,2.8200000000000003,31,1,2,0,0,0
01,120250368595830404,ACTIVE,100,2.82,30,0,0,0,0,0
01,120247392329370509,ACTIVE,100,2.82,106,1,2,0,0,0
01,6988605850626,ACTIVE,100,2.81,85,0,0,0,0,0
01,120248299218060431,ACTIVE,220,2.81,64,1,3,1,1,28.98
01,120248448870780725,ACTIVE,100,2.8,41,5,4,1,1,49.37
01,120244581454670686,ACTIVE,100,2.8,64,0,0,0,0,0
01,120245946244180126,ACTIVE,100,2.8,50,0,1,1,0,0
01,120249412510530100,ACTIVE,91,2.8,71,1,2,0,0,0
01,120244967217550436,ACTIVE,106,2.79,123,0,1,0,0,0
01,120246100582600173,ACTIVE,80,2.74,79,3,2,1,0,0
01,120246338247960241,ACTIVE,100,2.7199999999999998,259,3,3,0,0,0
01,120247267358630509,PAUSED,70,2.7199999999999998,45,1,1,0,0,0
01,120248622152780695,ACTIVE,131,2.71,95,4,3,1,1,140.23
01,6995238696095,ACTIVE,50,2.71,34,1,2,0,0,0
01,120235701428400210,ACTIVE,200,2.6999999999999997,85,0,0,0,0,0
01,120242756171170358,ACTIVE,100,2.68,48,1,3,0,0,0
01,120245466475870630,ACTIVE,110,2.67,58,0,1,1,1,99.39999999999999
01,120244581910350686,ACTIVE,300,2.66,23,0,0,0,0,0
01,120247058049910303,ACTIVE,120,2.66,53,4,4,0,0,0
01,120246867532780629,ACTIVE,100,2.65,44,2,3,0,0,0
01,120251037305290166,ACTIVE,100,2.65,49,0,2,0,0,0
01,120242756170960358,ACTIVE,100,2.64,49,0,1,0,0,0
01,120248151239370425,ACTIVE,100,2.6,25,1,1,0,0,0
01,120247605280040425,ACTIVE,300,2.5999999999999996,88,2,3,0,0,0
01,120246597569540214,ACTIVE,160,2.5700000000000003,54,3,3,1,1,24.97
01,120243951377020125,ACTIVE,500,2.5700000000000003,96,2,2,0,0,0
01,120245750558170707,ACTIVE,100,2.56,37,0,0,0,0,0
01,120242031621370065,ACTIVE,229,2.55,105,1,2,0,0,0
01,120246286382660752,ACTIVE,100,2.55,79,4,4,1,0,0
01,120242746886630788,ACTIVE,350,2.5300000000000002,76,1,2,0,0,0
01,120245662434130780,ACTIVE,80,2.5,73,1,1,0,0,0
01,120246773871680629,ACTIVE,100,2.5,56,1,1,0,0,0
01,120250905694920651,ACTIVE,80,2.49,77,1,1,0,0,0
01,120248326394610455,ACTIVE,133,2.48,59,1,1,0,0,0
01,120247597779990751,ACTIVE,40,2.46,29,1,0,1,0,0
01,120246632417160097,ACTIVE,80,2.44,78,2,3,0,0,0
01,120246343721680707,ACTIVE,82,2.44,50,4,4,0,0,0
01,120245825448150533,ACTIVE,100,2.4299999999999997,82,2,3,0,0,0
01,120249062394160019,ACTIVE,150,2.42,57,1,1,0,0,0
01,120248474785690152,ACTIVE,105,2.42,110,5,5,0,0,0
01,120244878279420125,ACTIVE,400,2.4,92,2,2,0,0,0
01,120244360843810065,ACTIVE,135,2.39,33,1,1,0,0,0
01,120244114929610146,PAUSED,100,2.39,63,4,4,0,0,0
01,120245381315950677,ACTIVE,100,2.3899999999999997,41,0,0,0,0,0
01,120248252434110561,ACTIVE,87,2.38,39,0,0,0,0,0
01,120248556140990663,ACTIVE,200,2.38,41,2,3,1,1,37.98
01,120245881655400509,ACTIVE,92,2.3600000000000003,58,2,3,1,0,0
01,120246465900910677,ACTIVE,100,2.35,38,1,0,0,0,0
01,120248536187780100,ACTIVE,500,2.35,57,0,0,0,0,0
01,120246270264070320,ACTIVE,120,2.34,80,4,5,1,1,34.07
01,120256572736720586,ACTIVE,100,2.3099999999999996,69,3,3,0,0,0
01,120244967217480436,ACTIVE,106,2.3,108,2,4,1,0,0
01,120248025748300126,ACTIVE,87,2.3,56,2,3,0,0,0
01,120247117862750629,PAUSED,100,2.2800000000000002,42,1,1,0,0,0
01,120251239771420586,ACTIVE,134,2.27,32,0,0,0,0,0
01,120246415849650214,ACTIVE,160,2.27,43,2,3,1,0,0
01,120245964184870707,ACTIVE,100,2.26,54,1,2,0,0,0
01,120243335632250705,ACTIVE,80,2.25,26,0,0,0,0,0
01,120249528844270064,ACTIVE,100,2.2199999999999998,45,3,2,0,0,0
01,120249115230940100,ACTIVE,399,2.2,36,1,0,0,0,0
01,120246632417260097,ACTIVE,80,2.2,87,1,1,0,0,0
01,120249409076720589,PAUSED,100,2.18,20,0,0,0,0,0
01,120246213764990470,ACTIVE,90,2.1799999999999997,94,2,3,0,0,0
01,120247823215090168,ACTIVE,100,2.16,44,0,0,0,0,0
01,120248025171210561,ACTIVE,97,2.15,70,2,3,0,0,0
01,120246313721000752,PAUSED,100,2.14,65,2,2,0,0,0
01,120244915930060436,ACTIVE,100,2.13,59,0,2,0,0,0
01,120249824676430057,ACTIVE,100,2.13,28,0,1,0,0,0
01,120245602350460032,ACTIVE,200,2.11,76,2,4,1,1,50.86
01,120247246948530509,ACTIVE,100,2.0999999999999996,97,3,3,0,0,0
01,120247616942850561,ACTIVE,100,2.08,50,0,2,0,0,0
01,120246023777450751,ACTIVE,850,2.05,64,4,6,1,0,0
01,120242700474080358,ACTIVE,100,2.04,50,1,1,0,0,0
01,120257559013880586,ACTIVE,30,2.04,39,1,1,0,0,0
01,120243832687650146,ACTIVE,100,2.04,62,1,1,0,0,0
01,120245899907890065,ACTIVE,115,2.0300000000000002,34,2,1,0,0,0
01,120256546977430586,ACTIVE,126,2.0300000000000002,103,0,1,0,0,0
01,120248536188000100,ACTIVE,500,2.03,40,0,0,0,0,0
01,120246686798620214,ACTIVE,100,2,44,1,1,0,0,0
01,23857331534270799,ACTIVE,50,2,10,1,1,0,0,0
01,120246880890560629,ACTIVE,100,1.99,38,2,2,0,0,0
01,120249646481980279,ACTIVE,80,1.99,145,2,1,0,0,0
01,120246107483730752,ACTIVE,169,1.9899999999999998,70,3,3,0,0,0
01,120248204881090455,ACTIVE,135,1.98,51,2,2,0,0,0
01,120248204881060455,ACTIVE,135,1.9700000000000002,63,2,4,2,2,207.69
01,120246522122340677,ACTIVE,100,1.97,36,1,2,0,0,0
01,120246733877000065,ACTIVE,80,1.94,33,1,1,0,0,0
01,120248774488970725,ACTIVE,100,1.9300000000000002,50,2,2,0,0,0
01,120246396517520674,ACTIVE,300,1.93,42,1,1,0,0,0
01,120245899430510065,ACTIVE,325,1.92,45,2,5,0,0,0
01,120252003446420054,ACTIVE,100,1.91,57,2,2,0,0,0
01,120245490989600133,ACTIVE,80,1.8900000000000001,34,2,2,0,0,0
01,120249178308050725,ACTIVE,100,1.8900000000000001,33,1,2,0,0,0
01,120248288633270389,ACTIVE,81,1.87,27,1,0,0,0,0
01,120247418004300509,PAUSED,100,1.87,55,0,0,0,0,0
01,120245535022630455,ACTIVE,425,1.87,28,1,2,1,0,0
01,120246087968610032,ACTIVE,72,1.86,48,3,2,0,0,0
01,120248074673620462,ACTIVE,105,1.86,39,0,0,0,0,0
01,120244883028360686,ACTIVE,80,1.8599999999999999,32,0,0,0,0,0
01,120247389356380455,ACTIVE,100,1.85,44,0,0,0,0,0
01,120243205951310642,ACTIVE,100,1.85,83,0,1,0,0,0
01,120247453928360065,ACTIVE,100,1.85,80,1,1,0,0,0
01,120244783755130320,ACTIVE,300,1.8199999999999998,129,2,2,0,0,0
01,120246313524390752,PAUSED,100,1.81,46,2,1,0,0,0
01,120246343722040707,ACTIVE,82,1.8,20,1,2,0,0,0
01,120248565223490152,PAUSED,100,1.79,28,0,0,0,0,0
01,120248299568480431,ACTIVE,130,1.79,47,2,3,1,1,28.98
01,120247558121560065,ACTIVE,94,1.79,55,0,0,0,0,0
01,120245500027320032,ACTIVE,100,1.78,50,1,3,1,0,0
01,120247238927160043,ACTIVE,140,1.77,24,0,0,0,0,0
01,120249062217790019,ACTIVE,50,1.7599999999999998,50,1,1,0,0,0
01,120243593808880146,ACTIVE,100,1.7400000000000002,33,1,1,1,0,0
01,120245224035350179,ACTIVE,120,1.74,91,0,0,0,0,0
01,120244079033450320,ACTIVE,120,1.74,59,2,2,0,0,0
01,120249754760810019,ACTIVE,200,1.71,31,0,0,0,0,0
01,120246178127590241,ACTIVE,100,1.71,52,1,3,0,0,0
01,120248224810100389,ACTIVE,80,1.7,40,2,2,0,0,0
01,120246145506950470,ACTIVE,50,1.6900000000000002,60,0,1,0,0,0
01,120244918988320303,ACTIVE,40,1.69,45,1,2,0,0,0
01,120247370270360509,ACTIVE,101,1.69,66,3,3,0,0,0
01,120250005173420404,ACTIVE,111,1.69,19,0,0,0,0,0
01,120248270609930152,ACTIVE,200,1.6800000000000002,56,1,1,0,0,0
01,120244389916660436,ACTIVE,100,1.67,91,2,2,0,0,0
01,120249073752900725,ACTIVE,100,1.6600000000000001,44,0,0,0,0,0
01,120247547590960642,ACTIVE,200,1.65,37,2,2,3,0,0
01,120248490741000152,ACTIVE,120,1.6400000000000001,64,0,0,0,0,0
01,120244581910630686,ACTIVE,80,1.62,35,1,1,1,1,29.98
01,120248151509310425,ACTIVE,200,1.6099999999999999,54,1,2,0,0,0
01,120250554304290404,ACTIVE,300,1.6099999999999999,14,0,0,0,0,0
01,120249411708990589,PAUSED,100,1.6099999999999999,34,1,1,0,0,0
01,120244793522550320,ACTIVE,120,1.6,62,4,3,0,0,0
01,120245063703470133,ACTIVE,80,1.5899999999999999,54,1,1,0,0,0
01,120247061773550509,ACTIVE,100,1.58,82,3,3,0,0,0
01,120247073165120090,ACTIVE,523,1.58,38,0,1,0,0,0
01,120244911557470436,ACTIVE,100,1.57,82,5,6,0,0,0
01,120246777147100214,ACTIVE,80,1.57,11,0,0,0,0,0
01,120244691045040320,ACTIVE,120,1.57,80,2,2,0,0,0
01,23857304059050799,ACTIVE,50,1.56,20,0,1,0,0,0
01,120248056801430561,ACTIVE,60,1.53,14,1,1,0,0,0
01,120246733854740065,ACTIVE,80,1.53,17,0,0,0,0,0
01,120247324556450065,ACTIVE,100,1.53,24,0,0,0,0,0
01,120245435760750780,ACTIVE,200,1.5,45,0,1,0,0,0
01,120244674407170788,ACTIVE,50,1.5,29,1,1,0,0,0
01,120250201697380577,ACTIVE,100,1.5,45,0,2,0,0,0
01,120246313814250752,PAUSED,100,1.5,49,1,1,0,0,0
01,120245606890820025,ACTIVE,100,1.49,17,3,3,0,0,0
01,120246733902040065,ACTIVE,80,1.48,36,0,1,0,0,0
01,120251063107220166,ACTIVE,30,1.48,53,1,1,0,0,0
01,120244794017770320,ACTIVE,120,1.47,44,2,2,0,0,0
01,120247246948670509,ACTIVE,100,1.4500000000000002,69,1,2,0,0,0
01,120250596505340709,ACTIVE,100,1.43,34,2,2,0,0,0
01,120245823079650320,ACTIVE,100,1.43,36,1,0,0,0,0
01,120246178825710752,ACTIVE,169,1.41,53,0,0,0,0,0
01,6995131005895,ACTIVE,50,1.4000000000000001,20,3,1,1,0,0
01,120247890133980642,ACTIVE,124,1.4000000000000001,71,0,2,0,0,0
01,120254529951930197,ACTIVE,100,1.39,21,0,0,0,0,0
01,120248292161180455,PAUSED,100,1.38,22,0,0,0,0,0
01,120246754801740509,ACTIVE,400,1.36,53,1,1,0,0,0
01,120250445767170166,ACTIVE,50,1.35,18,0,0,0,0,0
01,120247418199130509,PAUSED,100,1.34,40,0,0,0,0,0
01,120245923045620168,ACTIVE,100,1.31,42,0,1,0,0,0
01,120246804547700175,ACTIVE,100,1.3,91,0,1,0,0,0
01,120247508094040725,ACTIVE,100,1.3,36,1,0,1,1,124.57000000000001
01,120246447361050303,ACTIVE,120,1.29,21,0,1,1,1,43.97
01,120244349823030686,ACTIVE,100,1.29,39,1,1,0,0,0
01,120248974670400019,ACTIVE,50,1.28,14,1,2,0,0,0
01,120243142609020146,ACTIVE,200,1.27,23,0,1,0,0,0
01,120249009593350565,ACTIVE,100,1.27,21,0,0,0,0,0
01,120245622959500630,ACTIVE,102,1.26,33,0,0,0,0,0
01,120244995263710686,PAUSED,100,1.26,16,3,2,0,0,0
01,120244014047710146,ACTIVE,100,1.26,25,1,1,0,0,0
01,120246733876960065,ACTIVE,80,1.24,27,1,2,0,0,0
01,120244242496990780,ACTIVE,200,1.24,45,3,2,0,0,0
01,120248535565040229,ACTIVE,156,1.24,18,0,0,0,0,0
01,120246802025580509,ACTIVE,42,1.23,10,0,0,0,0,0
01,120247322351400090,ACTIVE,60,1.23,23,0,0,0,0,0
01,120243458344240129,ACTIVE,100,1.21,17,0,1,0,0,0
01,120244823852300686,ACTIVE,100,1.21,26,1,1,1,1,51.22
01,120246069254050470,ACTIVE,98,1.21,38,0,0,0,0,0
01,120247040934670629,ACTIVE,100,1.2,51,0,1,0,0,0
01,120249013372050100,ACTIVE,100,1.19,19,0,0,0,0,0
01,120246299672700751,ACTIVE,195,1.19,27,1,1,1,0,0
01,120244477400200678,ACTIVE,100,1.1700000000000002,8,0,0,0,0,0
01,120247541912960469,ACTIVE,80,1.17,12,1,0,0,0,0
01,120249179865340725,ACTIVE,100,1.15,39,0,0,0,0,0
01,120247799916380462,ACTIVE,35,1.1400000000000001,18,0,0,0,0,0
01,120249222913640100,ACTIVE,100,1.12,19,1,1,1,1,38.17
01,120248137514550561,ACTIVE,100,1.1,31,2,2,0,0,0
01,120248299568450431,ACTIVE,130,1.1,26,0,0,0,0,0
01,120248615909580019,ACTIVE,50,1.09,17,0,0,0,0,0
01,120249438611220064,ACTIVE,100,1.09,21,0,0,0,0,0
01,120244017128390686,ACTIVE,100,1.09,31,1,1,0,0,0
01,120246299721450751,ACTIVE,115,1.09,21,1,1,0,0,0
01,120248056978460544,ACTIVE,80,1.09,29,0,0,0,0,0
01,120248201085040469,ACTIVE,80,1.08,43,0,1,0,0,0
01,120246169445720320,ACTIVE,108,1.08,30,2,1,0,0,0
01,120247280578260065,ACTIVE,100,1.05,29,0,1,0,0,0
01,120246770835970175,ACTIVE,110,1.05,17,2,2,1,0,0
01,120247114547280509,ACTIVE,85,1.04,50,1,1,0,0,0
01,120245889270720065,ACTIVE,40,1.04,21,0,1,0,0,0
01,120257487343530586,ACTIVE,25,1.04,31,0,0,0,0,0
01,120247418407680509,PAUSED,100,1.03,31,1,1,0,0,0
01,120249415811790589,PAUSED,100,1.03,18,0,0,0,0,0
01,120245463311260177,PAUSED,100,1.02,9,0,0,0,0,0
01,120246191098790320,ACTIVE,120,1.01,44,0,2,1,0,0
01,120249105110140210,ACTIVE,111,1.01,60,1,1,0,0,0
01,120245514271740065,ACTIVE,115,1.01,24,2,3,0,0,0
01,120247865520180544,ACTIVE,80,1.01,13,0,0,0,0,0
01,120245306349070462,ACTIVE,100,1,18,0,0,0,0,0
01,120247601292310065,ACTIVE,50,1,23,0,1,0,0,0
01,120246299721480751,ACTIVE,195,1,15,0,0,0,0,0
01,120245651364090303,ACTIVE,80,0.98,34,0,0,0,0,0
01,120246558672090097,ACTIVE,152,0.97,31,1,1,0,1,61.970000000000006
01,120245205425940677,ACTIVE,100,0.97,40,0,0,0,0,0
01,120242776941930146,ACTIVE,100,0.96,28,1,1,0,0,0
01,120246697447950610,ACTIVE,80,0.96,13,0,1,0,0,0
01,120246382556450462,ACTIVE,195,0.95,29,0,1,0,0,0
01,120248911416770577,ACTIVE,501,0.95,45,0,1,1,1,28.98
01,120245889270610065,ACTIVE,40,0.9400000000000001,32,0,0,0,0,0
01,120246232598650090,ACTIVE,132,0.93,19,1,1,0,0,0
01,120245511607120780,ACTIVE,80,0.9299999999999999,15,0,1,0,0,0
01,120248802175730319,ACTIVE,200,0.91,36,0,2,0,0,0
01,120246643142870065,ACTIVE,104,0.9099999999999999,25,0,0,0,0,0
01,120247829146440561,ACTIVE,114,0.9099999999999999,27,0,0,0,0,0
01,120246191098970320,ACTIVE,120,0.8999999999999999,28,0,0,0,0,0
01,120245617791190630,ACTIVE,111,0.88,27,1,3,0,0,0
01,120243843991710129,ACTIVE,200,0.88,51,0,2,2,0,0
01,120251037305040166,ACTIVE,30,0.88,16,0,0,0,0,0
01,120247109115250389,ACTIVE,100,0.8799999999999999,21,3,4,0,0,0
01,120248291873350455,PAUSED,100,0.87,28,0,0,0,0,0
01,120248974670480019,ACTIVE,50,0.87,17,0,0,0,0,0
01,120251769553070054,ACTIVE,73,0.86,29,1,1,0,0,0
01,120249179840870725,ACTIVE,100,0.86,25,0,0,0,0,0
01,120246024108390751,ACTIVE,355,0.86,20,0,1,1,0,0
01,120246818759010303,ACTIVE,40,0.8500000000000001,18,0,0,0,0,0
01,120245541619240177,ACTIVE,100,0.85,9,2,2,1,0,0
01,120244216235640630,ACTIVE,52,0.84,23,0,1,0,0,0
01,120244678961010788,ACTIVE,50,0.84,17,1,1,0,0,0
01,120246625421570097,ACTIVE,92,0.84,23,0,0,0,0,0
01,120246666123990477,ACTIVE,100,0.83,12,1,2,0,0,0
01,120248698801690127,ACTIVE,100,0.8200000000000001,20,1,1,0,0,0
01,120255653285300586,ACTIVE,100,0.8,24,1,1,0,0,0
01,120248764599250589,ACTIVE,100,0.7999999999999999,15,0,0,0,0,0
01,120249263766000247,ACTIVE,100,0.79,22,0,0,0,0,0
01,120246699106190629,ACTIVE,100,0.79,25,0,0,0,0,0
01,120245622959400630,ACTIVE,127,0.76,11,0,0,0,0,0
01,120249533679040019,ACTIVE,150,0.75,32,2,0,0,0,0
01,120256572736650586,ACTIVE,500,0.75,21,0,0,0,0,0
01,120256254668930586,ACTIVE,50,0.75,33,1,1,0,0,0
01,120247199911460090,ACTIVE,122,0.74,22,0,0,0,0,0
01,120247858934130544,ACTIVE,76,0.73,25,0,1,0,0,0
01,120249300729780589,ACTIVE,100,0.73,25,0,1,0,0,0
01,120246551175210674,ACTIVE,100,0.73,16,1,1,0,0,0
01,120247366315930509,ACTIVE,100,0.73,51,1,0,0,0,0
01,120245380678000025,ACTIVE,100,0.72,21,0,0,0,0,0
01,120248582638620152,PAUSED,100,0.7,24,1,1,0,0,0
01,120245327669090320,ACTIVE,120,0.7,18,1,1,0,0,0
01,120248056801340561,ACTIVE,60,0.6900000000000001,29,0,0,0,0,0
01,120249447732030577,ACTIVE,68,0.69,37,0,0,0,0,0
01,120248557488550695,ACTIVE,80,0.67,27,1,1,0,0,0
01,120245825263430533,ACTIVE,100,0.67,36,1,2,0,0,0
01,120246471244730065,ACTIVE,135,0.65,31,2,2,0,0,0
01,6968638622626,ACTIVE,50,0.64,23,0,0,0,0,0
01,120249151139280057,ACTIVE,100,0.64,16,0,0,0,0,0
01,120245466475590630,ACTIVE,110,0.64,34,2,3,1,1,24.98
01,120251026838540210,ACTIVE,84,0.6399999999999999,29,1,1,0,0,0
01,120246270030620320,ACTIVE,120,0.6399999999999999,21,0,1,0,0,0
01,120244995599860686,PAUSED,100,0.63,14,0,0,0,0,0
01,120248248634970455,ACTIVE,132,0.63,26,0,0,0,0,0
01,120249533650850019,ACTIVE,50,0.62,5,1,2,0,0,0
01,120246522442100677,ACTIVE,100,0.62,16,0,0,0,0,0
01,120249410938120589,PAUSED,100,0.62,9,0,0,0,0,0
01,120249447732060577,ACTIVE,68,0.62,27,0,1,0,0,0
01,120248823290310722,ACTIVE,40,0.61,12,1,1,0,0,0
01,120247633428650725,ACTIVE,100,0.6,18,0,0,0,0,0
01,120247040711430629,ACTIVE,100,0.5900000000000001,16,1,1,0,0,0
01,120249347498540100,ACTIVE,91,0.59,12,0,1,0,0,0
01,120249057669240663,ACTIVE,50,0.59,13,1,1,0,0,0
01,120246299672680751,ACTIVE,68,0.5800000000000001,15,0,0,0,0,0
01,120247482195350544,ACTIVE,74,0.5800000000000001,22,1,1,0,0,0
01,120247597780010751,ACTIVE,40,0.58,5,0,1,0,0,0
01,120246299721620751,ACTIVE,68,0.5700000000000001,20,1,1,0,0,0
01,120247601538900425,ACTIVE,150,0.57,11,0,2,0,0,0
01,120242301213170065,ACTIVE,300,0.56,25,0,1,0,0,0
01,120247815782080642,ACTIVE,122,0.56,19,0,1,0,0,0
01,120244349822900686,ACTIVE,100,0.53,13,1,1,0,0,0
01,120244963676310686,ACTIVE,80,0.53,8,1,1,0,0,0
01,120257469008460586,ACTIVE,30,0.52,10,0,0,0,0,0
01,120245380137820707,ACTIVE,200,0.52,19,2,2,0,0,0
01,6966949200895,ACTIVE,250,0.52,6,1,1,1,0,0
01,120250838901590404,ACTIVE,50,0.52,12,0,0,0,0,0
01,120242847129030686,ACTIVE,100,0.51,19,1,1,0,0,0
01,120248151945870425,ACTIVE,100,0.51,22,0,0,0,0,0
01,120246619814540549,ACTIVE,55,0.5,17,1,1,0,0,0
01,120247391019010168,ACTIVE,78,0.49,20,0,0,0,0,0
01,120248025171070561,ACTIVE,86,0.49,10,0,0,0,0,0
01,120248302912110389,ACTIVE,100,0.48,1,0,0,0,0,0
01,120247970574920126,ACTIVE,80,0.48,17,0,0,0,0,0
01,120246707623720509,ACTIVE,117,0.48,22,1,1,0,0,0
01,120248248635000455,ACTIVE,132,0.48,20,2,1,0,0,0
01,120246619814510549,ACTIVE,85,0.47,18,0,0,0,0,0
01,120252003268490054,ACTIVE,100,0.47,6,0,0,0,0,0
01,120249251074290319,ACTIVE,120,0.47,15,0,0,0,0,0
01,120244995090060686,PAUSED,100,0.45999999999999996,7,0,0,0,0,0
01,120246270030590320,ACTIVE,120,0.45,17,0,0,0,0,0
01,120243465250350705,ACTIVE,80,0.44999999999999996,20,0,0,0,0,0
01,120251150600140210,ACTIVE,82,0.44999999999999996,12,2,2,0,0,0
01,120244566743700788,ACTIVE,50,0.44,6,0,0,0,0,0
01,120245687813040097,ACTIVE,81,0.44,25,0,0,0,0,0
01,120246145595780470,ACTIVE,20,0.44,8,2,2,0,0,0
01,120247866597100389,ACTIVE,100,0.43000000000000005,18,1,0,0,0,0
01,120251726188120210,ACTIVE,119,0.43,36,0,0,0,0,0
01,120244431777030751,ACTIVE,680,0.42000000000000004,26,0,1,0,0,0
01,120246145189280470,ACTIVE,50,0.42000000000000004,27,0,0,0,0,0
01,120244077730640146,ACTIVE,100,0.41000000000000003,11,0,0,0,0,0
01,6993911140695,ACTIVE,100,0.41000000000000003,2,0,0,0,0,0
01,120248582757250152,PAUSED,100,0.41,10,0,0,0,0,0
01,120244404574840678,ACTIVE,118,0.39,18,0,0,0,0,0
01,120242870748820133,ACTIVE,80,0.38999999999999996,13,0,0,0,0,0
01,120246733854770065,ACTIVE,80,0.38,16,0,0,0,0,0
01,120247487024380065,PAUSED,100,0.38,11,0,0,0,0,0
01,120248694175490365,ACTIVE,100,0.33,20,1,2,0,0,0
01,120248604432660663,ACTIVE,80,0.32999999999999996,15,0,1,0,0,0
01,120243734745510129,ACTIVE,100,0.32,6,0,1,0,0,0
01,120257559013710586,ACTIVE,30,0.32,8,0,0,0,0,0
01,120247601292330065,ACTIVE,50,0.31,11,0,0,0,0,0
01,120248204610010425,ACTIVE,134,0.3,8,0,0,0,0,0
01,120248565368580152,PAUSED,100,0.3,9,0,0,0,0,0
01,120257487876160586,ACTIVE,50,0.29000000000000004,11,1,1,0,0,0
01,120245899907660065,ACTIVE,115,0.29000000000000004,9,0,0,0,0,0
01,120246471244780065,ACTIVE,135,0.29000000000000004,10,0,1,0,0,0
01,120244566507460788,ACTIVE,50,0.29000000000000004,10,0,0,0,0,0
01,120249416146940589,PAUSED,100,0.29,7,2,2,0,0,0
01,120247333999410425,ACTIVE,100,0.27,6,0,1,1,0,0
01,120240258763950179,ACTIVE,140,0.26,14,0,0,0,0,0
01,120245622959630630,ACTIVE,73,0.24,14,0,0,0,0,0
01,120247799916320462,ACTIVE,35,0.24,11,1,1,0,0,0
01,120249415903450589,PAUSED,100,0.23,6,0,0,0,0,0
01,120245044044870686,ACTIVE,80,0.22000000000000003,11,0,0,0,0,0
01,120250501589950722,ACTIVE,68,0.22000000000000003,8,0,0,0,0,0
01,120247378425210561,ACTIVE,180,0.22,14,0,0,0,0,0
01,120246818759970303,ACTIVE,40,0.22,9,0,0,0,0,0
01,120249179840900725,ACTIVE,100,0.21000000000000002,13,0,0,0,0,0
01,120243482214180129,ACTIVE,100,0.21,11,0,0,0,0,0
01,120245292235740179,ACTIVE,100,0.21,6,0,0,0,0,0
01,120245099365240470,ACTIVE,5,0.2,2,0,0,0,0,0
01,120242973433800146,ACTIVE,200,0.19,11,0,0,0,0,0
01,120257469008430586,ACTIVE,30,0.19,6,0,0,0,0,0
01,120245124026530686,ACTIVE,80,0.18,6,0,0,0,0,0
01,120246178929760752,ACTIVE,100,0.18,4,0,0,0,0,0
01,120246870229730642,ACTIVE,105,0.17,12,0,0,0,0,0
01,120251014701570404,ACTIVE,50,0.17,1,0,0,0,0,0
01,120249134484060166,ACTIVE,30,0.17,10,1,1,0,0,0
01,120244076954630146,ACTIVE,100,0.16999999999999998,11,0,0,0,0,0
01,120246570408620477,ACTIVE,100,0.16,10,0,1,0,0,0
01,120244194695070177,ACTIVE,100,0.15000000000000002,5,0,0,0,0,0
01,120235336090360210,ACTIVE,200,0.15,10,0,0,0,0,0
01,120245124561510686,ACTIVE,80,0.15,3,0,0,0,0,0
01,120248204609980425,ACTIVE,134,0.15,5,0,0,0,0,0
01,120248880534940100,ACTIVE,100,0.14,8,0,0,0,0,0
01,120246733901990065,ACTIVE,80,0.14,4,0,1,0,0,0
01,120246377047690097,ACTIVE,150,0.13,9,0,0,0,0,0
01,120246551175300674,ACTIVE,100,0.13,9,0,0,0,0,0
01,120249179367710725,ACTIVE,100,0.12,6,0,0,0,0,0
01,120250747283060166,ACTIVE,30,0.12,6,0,0,0,0,0
01,120251168871300404,ACTIVE,90,0.11,4,0,0,0,0,0
01,120249057598540663,ACTIVE,50,0.1,5,0,0,0,0,0
01,120251063106910166,ACTIVE,30,0.1,3,0,0,0,0,0
01,120246299672740751,ACTIVE,115,0.1,10,0,1,0,0,0
01,120245136181790470,ACTIVE,5,0.09,5,0,0,0,0,0
01,120243734466660129,ACTIVE,100,0.09,7,0,0,0,0,0
01,120246283838280097,ACTIVE,110,0.09,6,0,0,0,0,0
01,120244880653330686,ACTIVE,133,0.08,2,0,0,0,0,0
01,120245481989400065,ACTIVE,40,0.08,5,0,0,0,0,0
01,120247799916400462,ACTIVE,35,0.08,6,0,0,0,0,0
01,120246040085600751,ACTIVE,370,0.07,8,0,0,0,0,0
01,120244076631420146,ACTIVE,100,0.07,6,0,0,0,0,0
01,120245481989440065,ACTIVE,40,0.07,8,0,0,0,0,0
01,120235701428420210,ACTIVE,200,0.07,10,0,0,0,0,0
01,120251014701600404,ACTIVE,50,0.07,2,0,0,0,0,0
01,120244505803880686,ACTIVE,80,0.06,3,0,0,0,0,0
01,120244076500250146,ACTIVE,100,0.06,5,0,0,0,0,0
01,120246286484520097,ACTIVE,120,0.05,3,0,0,0,0,0
01,120244761515050455,ACTIVE,1235,0.05,4,0,3,0,0,0
01,120249283732990100,ACTIVE,90,0.05,1,0,0,0,0,0
01,120245691728160470,ACTIVE,5,0.04,1,0,0,0,0,0
01,120244566387920788,ACTIVE,50,0.04,1,0,0,0,0,0
01,120244165647870788,ACTIVE,50,0.03,4,0,0,0,0,0
01,120249120674110404,ACTIVE,300,0.02,2,0,0,0,0,0
01,120245292365960179,ACTIVE,100,0.02,2,0,0,0,0,0
01,120248582698040152,PAUSED,100,0.02,2,0,0,0,0,0
01,120249179003180725,ACTIVE,100,0.02,2,0,0,0,0,0
01,120246145719630470,ACTIVE,20,0.01,1,0,0,0,0,0
01,120246024108440751,ACTIVE,195,0.01,1,0,1,0,0,0
01,120247653059200586,ACTIVE,25,0.01,3,0,0,0,0,0
01,120250837944350404,ACTIVE,50,0.01,1,0,0,0,0,0
01,120246145791530470,ACTIVE,20,0.01,1,0,0,0,0,0
01,120248207465980561,ACTIVE,60,0.01,1,0,0,0,0,0
01,120246549338880065,ACTIVE,50,0.01,1,0,0,0,0,0
01,120248357015380469,ACTIVE,80,0,0,0,0,0,0,0
01,120246436979690241,ACTIVE,100,0,0,0,0,0,0,0
01,120248356937930469,ACTIVE,80,0,0,0,0,0,0,0
01,120244724274460678,ACTIVE,100,0,0,0,0,0,0,0
01,120248182989100544,ACTIVE,80,0,0,0,0,0,0,0
01,120248182989160544,ACTIVE,80,0,0,0,0,0,0,0
01,120248183102250544,ACTIVE,80,0,0,0,0,0,0,0
01,120248183102370544,ACTIVE,80,0,0,0,0,0,0,0
01,120248183670520544,ACTIVE,80,0,0,0,0,0,0,0
01,120248183672960544,ACTIVE,80,0,0,0,0,0,0,0
01,120246054251240173,PAUSED,100,0,0,0,0,0,0,0
01,120246054251210173,PAUSED,100,0,0,0,0,0,0,0
01,120240849899190788,ACTIVE,10,0,1,0,0,0,0,0
01,120247322351430090,ACTIVE,60,0,0,0,0,0,0,0
01,120244023784200129,ACTIVE,100,0,0,0,0,0,0,0
01,120247306268430043,ACTIVE,70,0,0,0,0,0,0,0
01,120244023784170129,ACTIVE,100,0,0,0,0,0,0,0
01,120247306268350043,ACTIVE,70,0,0,0,0,0,0,0
01,120247483865740100,PAUSED,1000,0,0,0,1,0,0,0
01,120247176514850629,ACTIVE,100,0,0,0,0,0,0,0
01,120252002776770054,ACTIVE,100,0,0,0,0,0,0,0
01,120247176514010629,ACTIVE,100,0,0,0,0,0,0,0
01,120245736523970177,ACTIVE,100,0,0,0,0,0,0,0
01,120249497563510589,ACTIVE,100,0,0,0,0,0,0,0
01,120249497960740589,ACTIVE,100,0,0,0,0,0,0,0
01,120249498266450589,ACTIVE,100,0,0,0,0,0,0,0
01,120243959700120146,PAUSED,100,0,0,0,1,0,0,0
01,120248996649810116,ACTIVE,100,0,0,0,0,0,0,0
01,120246962698830090,PAUSED,135,0,0,0,1,0,0,0
01,120245990795590533,ACTIVE,100,0,0,0,0,0,0,0
01,120245993145890533,ACTIVE,100,0,0,0,0,0,0,0
01,120245993677040533,PAUSED,100,0,0,0,0,0,0,0
01,120250201548880577,ACTIVE,100,0,0,0,0,0,0,0
01,120245124052890686,ACTIVE,80,0,2,0,0,0,0,0
01,120246704886540453,ACTIVE,80,0,0,0,0,0,0,0
01,120246704886530453,ACTIVE,80,0,0,0,0,0,0,0
01,120246145189200470,ACTIVE,50,0,1,0,0,0,0,0
01,120245049415260032,PAUSED,100,0,0,0,1,0,0,0
01,120248621604700283,PAUSED,500,0,0,0,1,0,0,0
01,120247890206850725,PAUSED,100,0,0,0,0,0,0,0
01,120246631674870097,ACTIVE,80,0,0,0,0,0,0,0
01,120247995051750695,PAUSED,105,0,0,0,0,0,0,0
01,120246631635420097,ACTIVE,80,0,0,0,0,0,0,0
01,120248139130280455,ACTIVE,155,0,0,0,0,0,0,0
01,120248182649160544,ACTIVE,80,0,0,0,0,0,0,0
01,120244723758020678,ACTIVE,100,0,0,0,0,0,0,0
01,120248182725790544,ACTIVE,80,0,0,0,0,0,0,0
01,120246599961620214,PAUSED,200,0,0,0,1,0,0,0
01,120246599453520674,ACTIVE,100,0,0,0,0,0,0,0
01,120248182829690544,ACTIVE,80,0,0,0,0,0,0,0
01,120246599453500674,ACTIVE,100,0,0,0,0,0,0,0
01,120248207466280561,ACTIVE,60,0,1,0,0,0,0,0
01,120252003064780054,PAUSED,100,0,0,0,0,0,0,0
01,120248182829700544,ACTIVE,80,0,0,0,0,0,0,0
01,120246559951150097,PAUSED,80,0,0,0,0,0,0,0
01,120252016811530054,ACTIVE,50,0,0,0,0,0,0,0
01,120244724007800678,ACTIVE,100,0,0,0,0,0,0,0
01,120248358470430469,ACTIVE,80,0,0,0,0,0,0,0
01,120248358214470469,ACTIVE,80,0,0,0,0,0,0,0
01,120246437959560241,ACTIVE,100,0,0,0,0,0,0,0
01,120248357292800469,ACTIVE,80,0,0,0,0,0,0,0
02,6966949200095,ACTIVE,100,73.28,2186,64,60,4,2,109.96
02,120244761233710455,ACTIVE,1135,58.919999999999995,1754,29,41,2,0,0
02,120245800978960674,ACTIVE,1000,55.83,1199,29,36,3,2,112.42999999999999
02,120244761515050455,ACTIVE,1235,46.7,1476,36,42,3,1,34.949999999999996
02,120249005372660589,ACTIVE,571,42.620000000000005,912,13,22,4,1,49.51
02,120243928954880129,ACTIVE,600,40.62,1560,33,35,1,0,0
02,120244749532720686,ACTIVE,1000,39.67,751,14,19,4,2,141.17
02,120243458344350129,ACTIVE,600,38.07,1577,32,41,2,1,41.98
02,120247780766070455,ACTIVE,565,37.730000000000004,1197,21,32,1,1,127.81
02,120247245864910389,ACTIVE,1000,37.67,1083,34,45,2,3,105.34000000000002
02,120247136451350725,ACTIVE,1000,36.51,932,13,19,4,1,49.370000000000005
02,120248162820950389,ACTIVE,1000,36.17,1307,33,39,7,1,37.06
02,120246791587200455,ACTIVE,654,35.79,427,19,21,1,1,34.95
02,120240679404390629,ACTIVE,400,32.65,899,17,17,2,1,63.91
02,120244691045450320,ACTIVE,700,32.04,1392,20,26,1,0,0
02,120245848127390707,ACTIVE,500,28.45,627,21,25,3,1,22.98
02,120245283264760677,ACTIVE,438,28.43,1095,15,25,2,0,0
02,120248155192490455,ACTIVE,1055,25.619999999999997,786,25,27,3,2,95.36
02,120243276755660065,ACTIVE,500,24.15,729,12,12,1,0,0
02,120248204609980425,ACTIVE,134,24.040000000000003,276,8,7,0,0,0
02,120247184054680509,ACTIVE,300,24.03,461,6,10,2,0,0
02,120247868045210695,ACTIVE,360,23.71,706,19,17,2,1,37.980000000000004
02,120248204610010425,ACTIVE,134,23.22,373,4,4,0,0,0
02,120247114934220455,ACTIVE,434,22.939999999999998,654,17,19,2,1,34.95
02,120245583666590533,ACTIVE,100,22.43,634,0,19,0,0,0
02,120251170246950404,PAUSED,80,22.05,189,4,6,0,0,0
02,120239930892250650,ACTIVE,800,21.87,345,15,15,1,0,0
02,120246054202590173,ACTIVE,200,21.700000000000003,375,13,15,0,0,0
02,120246007921740320,ACTIVE,318,21.479999999999997,631,21,22,1,0,0
02,120244749327030686,ACTIVE,500,21.450000000000003,500,8,12,0,0,0
02,120247678231050065,ACTIVE,93,21.15,391,7,7,1,1,29.979999999999997
02,120248959176740725,ACTIVE,1000,20.94,585,11,12,2,2,137.11999999999998
02,120246191098540320,ACTIVE,400,20.759999999999998,723,14,19,0,0,0
02,120245980788570752,ACTIVE,279,20.59,901,13,13,2,0,0
02,120246191098590320,ACTIVE,400,20.57,655,18,19,2,1,34.07
02,120247678231030065,ACTIVE,93,20.44,330,12,11,1,1,49.52
02,120242694742870146,ACTIVE,445,19.12,699,15,17,5,2,117.18999999999998
02,120243986668280589,ACTIVE,1200,19.060000000000002,628,14,23,1,0,0
02,120247312196970090,ACTIVE,123,18.7,281,8,5,0,0,0
02,120245250322490642,ACTIVE,950,18.64,550,6,8,0,0,0
02,120245334049540065,ACTIVE,370,18.61,366,10,13,1,1,49.510000000000005
02,120249300729750589,ACTIVE,330,18.3,371,11,14,3,2,93.89
02,120246615285510642,ACTIVE,650,18.22,516,11,11,0,0,0
02,120247558121530065,ACTIVE,94,17.8,491,7,8,1,1,49.519999999999996
02,120249140601980100,ACTIVE,300,17.54,462,9,6,1,1,78.94
02,120244486325980436,ACTIVE,500,17.159999999999997,627,17,20,0,0,0
02,120248819218450019,ACTIVE,500,17.07,284,10,13,1,0,0
02,120248893532100100,ACTIVE,500,16.41,363,6,8,0,0,0
02,120249086109210100,ACTIVE,500,16.29,548,14,20,3,1,52.559999999999995
02,120248641712650319,ACTIVE,440,16.24,512,8,13,2,1,64.19
02,120247391144430509,ACTIVE,200,16.18,664,16,16,1,0,0
02,120245334049460065,ACTIVE,400,16.01,266,12,17,2,1,49.51
02,120250413795050709,ACTIVE,500,15.99,382,9,10,3,2,74.35
02,120244177553830678,ACTIVE,200,15.899999999999999,298,6,8,0,0,0
02,120246962698770090,ACTIVE,322,15.88,355,14,13,0,0,0
02,120249286682560368,ACTIVE,300,15.879999999999999,500,7,10,1,1,38.980000000000004
02,120250790045220586,ACTIVE,500,15.85,502,3,4,3,2,80.55
02,120246375737140674,ACTIVE,200,15.77,337,7,7,1,0,0
02,120245823919130320,ACTIVE,360,15.74,611,18,17,1,0,0
02,120244270293390320,ACTIVE,510,15.629999999999999,453,14,18,0,0,0
02,120248535997930100,ACTIVE,500,15.600000000000001,404,8,10,0,0,0
02,120250368595830404,ACTIVE,100,15.350000000000001,205,5,3,0,0,0
02,120249985748090577,ACTIVE,201,15.309999999999999,321,14,15,0,1,28.98
02,120244164847370788,ACTIVE,50,15.25,97,3,3,0,0,0
02,120246850329040065,ACTIVE,186,15.229999999999999,451,10,10,1,0,0
02,120243986595710788,ACTIVE,50,15.19,205,3,4,0,0,0
02,120240901145360175,ACTIVE,745,15.13,451,16,16,6,3,124.79000000000002
02,120245859755050173,ACTIVE,500,15,537,16,25,1,1,39.94
02,120246657519770455,ACTIVE,263,14.83,407,6,9,0,0,0
02,120248299218060431,ACTIVE,220,14.790000000000001,293,9,10,1,1,28.98
02,120246273720740455,ACTIVE,455,14.77,333,6,18,1,1,34.949999999999996
02,120249073800120725,ACTIVE,500,14.7,512,7,10,0,0,0
02,120243335632250705,ACTIVE,80,14.65,243,0,4,0,0,0
02,120245848127430707,ACTIVE,300,14.52,382,10,13,2,1,50.96
02,120246338179300642,ACTIVE,340,14.48,521,11,11,0,0,0
02,120246828454030629,ACTIVE,390,14.32,435,15,15,2,1,36.95
02,120243227249480177,ACTIVE,150,13.969999999999999,304,6,8,0,0,0
02,120247813840340065,ACTIVE,93,13.879999999999999,202,11,9,0,0,0
02,120246302058490389,ACTIVE,500,13.850000000000001,587,15,17,1,1,37.05
02,120250066594120577,ACTIVE,201,13.78,318,8,8,1,0,0
02,120250201548880577,ACTIVE,100,13.770000000000001,256,6,5,0,0,0
02,120243844958690129,ACTIVE,300,13.77,537,16,19,1,1,66.47999999999999
02,120246841599550477,ACTIVE,90,13.7,154,5,5,0,0,0
02,120244823852370686,ACTIVE,100,13.54,236,6,7,2,2,81.19
02,120246459062250674,ACTIVE,200,13.48,369,5,5,0,0,0
02,120247489931670431,ACTIVE,220,13.27,273,6,8,0,0,0
02,120251170246880404,ACTIVE,80,12.88,129,6,6,0,0,0
02,120250812820290709,ACTIVE,100,12.85,302,3,4,0,0,0
02,120245201694450686,ACTIVE,80,12.73,170,5,6,1,0,0
02,120243753190540054,ACTIVE,201,12.56,341,8,9,1,0,0
02,120245833631150707,ACTIVE,450,12.38,240,10,6,1,1,23.77
02,120243211247840146,ACTIVE,500,12.350000000000001,502,6,7,1,0,0
02,120245011207100320,ACTIVE,360,12.330000000000002,360,1,2,0,0,0
02,120245436310880780,ACTIVE,400,12.290000000000001,220,5,6,1,0,0
02,120245686749070320,ACTIVE,320,12.26,314,9,17,2,1,34.07
02,120247583319740586,ACTIVE,500,12.219999999999999,444,5,5,0,0,0
02,120245010772960663,ACTIVE,301,12.190000000000001,187,9,10,1,0,0
02,120242301213710065,ACTIVE,370,12.14,345,5,6,1,1,29.98
02,120248299218010431,ACTIVE,220,12.120000000000001,297,4,4,0,0,0
02,120248698800290127,ACTIVE,100,12.07,134,2,4,1,1,34.98
02,120246754801740509,ACTIVE,400,12.069999999999999,350,8,12,1,1,29.98
02,120248596343100048,ACTIVE,200,12.05,172,4,7,0,0,0
02,120251168871300404,ACTIVE,90,11.96,155,4,5,0,0,0
02,120247974813890642,ACTIVE,125,11.71,300,1,2,0,0,0
02,120245460221520177,ACTIVE,100,11.700000000000001,194,9,9,0,0,0
02,120248006730320100,ACTIVE,500,11.68,373,9,10,0,0,0
02,120244428953840686,ACTIVE,100,11.67,270,5,5,0,0,0
02,120248326394910455,ACTIVE,133,11.46,255,8,9,0,0,0
02,120248025748300126,ACTIVE,87,11.43,273,3,6,0,0,0
02,120247324556450065,ACTIVE,100,11.41,190,3,7,0,0,0
02,120247757020520725,ACTIVE,500,11.350000000000001,281,4,4,0,0,0
02,120251726188120210,ACTIVE,119,11.28,264,9,10,2,0,0
02,120245610768940032,ACTIVE,200,11.27,277,9,10,1,0,0
02,120249438611310064,ACTIVE,600,11.190000000000001,211,5,10,2,0,0
02,120248139130260455,ACTIVE,325,11.17,282,3,7,0,0,0
02,6988605850626,ACTIVE,100,11.100000000000001,236,2,2,0,0,0
02,120246008618270241,ACTIVE,200,11.030000000000001,486,13,14,0,0,0
02,120248703982780229,ACTIVE,80,11.02,150,3,4,0,0,0
02,120246312788110126,ACTIVE,200,10.98,287,7,9,0,0,0
02,120241066464020065,ACTIVE,289,10.97,371,7,9,1,0,0
02,120246338028120241,ACTIVE,200,10.969999999999999,827,17,20,0,0,0
02,120247040934570629,ACTIVE,400,10.88,432,4,7,0,0,0
02,120243466971930678,ACTIVE,100,10.84,219,5,4,1,1,41.72
02,120249251074180319,ACTIVE,350,10.77,401,7,11,1,1,64.19
02,120246560566740477,ACTIVE,139,10.760000000000002,269,10,11,1,0,0
02,120256572736720586,ACTIVE,100,10.64,268,9,6,0,0,0
02,120246221877410629,ACTIVE,335,10.629999999999999,202,4,7,1,2,100.86
02,120241671273870455,ACTIVE,267,10.56,287,7,7,0,0,0
02,120246396517520674,ACTIVE,300,10.510000000000002,228,6,6,1,1,29.98
02,120247312197200090,ACTIVE,123,10.45,191,6,8,0,0,0
02,120245693759670630,ACTIVE,80,10.44,287,3,4,1,0,0
02,120249009593320565,ACTIVE,100,10.379999999999999,130,5,5,0,0,0
02,120247139572780564,ACTIVE,600,10.36,258,2,3,0,0,0
02,120246666161080477,ACTIVE,100,10.34,156,8,6,0,0,0
02,120246562589300629,ACTIVE,100,10.29,132,0,2,0,0,0
02,120242756170960358,ACTIVE,100,10.17,163,1,1,0,0,0
02,120244070206100125,ACTIVE,250,10.120000000000001,282,4,6,0,0,0
02,120245602350460032,ACTIVE,200,10.100000000000001,301,11,14,3,1,50.86
02,120244761350620455,ACTIVE,135,10.100000000000001,297,6,8,1,0,0
02,120244618043630436,ACTIVE,153,10.09,289,5,8,0,0,0
02,120242031621370065,ACTIVE,229,10.06,338,3,7,1,0,0
02,120248326394610455,ACTIVE,133,10.01,254,7,5,0,0,0
02,120248703982740229,ACTIVE,80,10.01,150,6,4,2,2,70.95
02,120245612998430455,ACTIVE,195,9.97,299,9,9,0,0,0
02,120244083558220146,ACTIVE,100,9.93,402,10,10,1,0,0
02,120246643142900065,ACTIVE,168,9.9,261,6,7,0,0,0
02,120247322946650509,ACTIVE,200,9.85,368,7,7,0,0,0
02,120247862754470462,PAUSED,73,9.84,96,2,2,0,0,0
02,120246907642230291,ACTIVE,300,9.77,239,9,8,1,0,0
02,120246483406720564,ACTIVE,300,9.71,447,10,10,0,0,0
02,120247193573040509,ACTIVE,200,9.68,457,12,11,0,0,0
02,120246330272120320,ACTIVE,109,9.65,312,6,5,0,0,0
02,120245232977300320,ACTIVE,134,9.63,378,4,6,0,0,0
02,120244083558180146,ACTIVE,100,9.629999999999999,309,7,9,2,1,41.98
02,120248180636520589,ACTIVE,100,9.61,264,7,7,1,0,0
02,120249009593350565,ACTIVE,100,9.57,122,1,1,0,0,0
02,120245693759830630,ACTIVE,80,9.54,254,5,6,1,0,0
02,120247813840280065,ACTIVE,93,9.49,222,5,4,0,0,0
02,120245693709840630,ACTIVE,80,9.49,225,4,5,0,0,0
02,120247547642310642,ACTIVE,570,9.489999999999998,219,4,6,0,0,0
02,120245057027780564,ACTIVE,300,9.42,435,8,9,2,0,0
02,120246242129020477,ACTIVE,100,9.41,226,15,10,0,0,0
02,120246643142870065,ACTIVE,104,9.370000000000001,239,5,8,1,0,0
02,120246374707600097,ACTIVE,124,9.350000000000001,243,4,6,0,0,0
02,120247084134340065,ACTIVE,100,9.340000000000002,178,6,7,0,0,0
02,120247479945600065,ACTIVE,300,9.34,286,6,7,1,0,0
02,120247175023780065,ACTIVE,100,9.32,277,9,8,0,1,29.98
02,120250201442440577,ACTIVE,100,9.32,201,10,9,2,1,28.98
02,120248923191120589,ACTIVE,155,9.309999999999999,185,3,2,0,0,0
02,120245201694370686,ACTIVE,80,9.27,182,8,8,2,1,51.22
02,120248556140990663,ACTIVE,200,9.26,163,5,5,1,1,37.98
02,120247445963200509,ACTIVE,103,9.25,346,3,3,2,2,102.65
02,120250789469770586,ACTIVE,500,9.200000000000001,325,19,19,2,0,0
02,120247445963560509,ACTIVE,103,9.15,296,6,6,1,0,0
02,120249052890110100,ACTIVE,500,9.110000000000001,213,7,9,1,1,66.15
02,120249525957160319,ACTIVE,360,9.08,271,2,4,1,0,0
02,120245931951070650,ACTIVE,300,9.059999999999999,111,10,6,1,0,0
02,120250703936480404,ACTIVE,104,9.040000000000001,164,4,6,0,0,0
02,120245119189080630,ACTIVE,124,9.030000000000001,351,13,16,3,1,40.97
02,120248318268940152,ACTIVE,200,9.010000000000002,241,6,6,1,0,0
02,120247026467610090,ACTIVE,168,8.989999999999998,191,5,7,1,0,0
02,120247687263440425,ACTIVE,200,8.96,178,1,2,0,0,0
02,6988605843426,ACTIVE,100,8.96,194,4,4,2,2,83.96000000000001
02,120242746886630788,ACTIVE,350,8.93,180,1,3,0,0,0
02,120245693709760630,ACTIVE,80,8.89,243,4,5,0,0,0
02,120245736607120177,ACTIVE,100,8.89,182,5,6,0,0,0
02,120246070715810752,ACTIVE,100,8.85,206,6,6,1,1,40.97
02,120247311647030509,ACTIVE,100,8.84,269,8,9,0,0,0
02,120248074673620462,ACTIVE,105,8.73,139,1,1,0,0,0
02,120245435760750780,ACTIVE,200,8.69,155,3,3,0,0,0
02,120248536187780100,ACTIVE,500,8.620000000000001,169,1,3,0,0,0
02,120245198116820177,ACTIVE,100,8.62,218,7,10,0,0,0
02,120247876590550126,ACTIVE,90,8.600000000000001,259,5,6,0,0,0
02,120248922585490210,ACTIVE,200,8.540000000000001,279,8,11,0,0,0
02,120244566507460788,ACTIVE,50,8.54,122,3,6,2,1,92.30000000000001
02,120247974813980642,ACTIVE,125,8.52,309,4,3,0,0,0
02,120242756171170358,ACTIVE,100,8.459999999999999,131,4,7,0,0,0
02,120246819645500629,ACTIVE,100,8.43,211,4,3,1,0,0
02,120246625421570097,ACTIVE,92,8.42,207,2,3,0,0,0
02,120243772698800146,ACTIVE,100,8.39,283,8,8,1,0,0
02,120244581910350686,ACTIVE,300,8.38,92,0,0,0,0,0
02,120245487786040032,ACTIVE,121,8.36,204,8,9,1,0,0
02,6995238695495,ACTIVE,50,8.35,85,1,1,0,0,0
02,120247453928360065,ACTIVE,100,8.32,232,6,6,1,0,0
02,120246736742480477,ACTIVE,90,8.29,103,1,5,1,0,0
02,120248717970160229,ACTIVE,80,8.25,140,1,3,0,0,0
02,120248622152780695,ACTIVE,131,8.22,288,6,5,1,1,140.23
02,120247124966060090,ACTIVE,119,8.16,183,0,7,1,0,0
02,120245662338590780,ACTIVE,80,8.120000000000001,148,1,0,0,0,0
02,6995238696095,ACTIVE,50,8.040000000000001,81,4,4,0,0,0
02,120246710213410090,ACTIVE,560,8,232,4,5,0,0,0
02,120244967217550436,ACTIVE,106,7.999999999999999,334,7,8,0,0,0
02,120246023777450751,ACTIVE,850,7.99,213,10,14,2,1,38.27
02,120244965177310686,ACTIVE,100,7.96,136,2,2,0,0,0
02,120246286465380752,ACTIVE,100,7.93,192,7,7,2,0,0
02,120247026467550090,ACTIVE,168,7.85,140,7,9,0,0,0
02,120243832687650146,ACTIVE,100,7.840000000000001,194,4,3,0,0,0
02,120248299568480431,ACTIVE,130,7.83,178,8,9,1,1,28.98
02,120245943231800173,ACTIVE,150,7.82,198,8,10,0,0,0
02,120244824582450436,ACTIVE,90,7.790000000000001,250,6,8,0,0,0
02,120244883028360686,ACTIVE,80,7.76,136,1,3,0,0,0
02,120251502157250054,ACTIVE,100,7.73,97,4,5,1,0,0
02,120248698801690127,ACTIVE,100,7.69,109,2,4,0,0,0
02,120246631674810097,ACTIVE,80,7.68,201,2,4,1,1,61.97
02,120245592542820133,ACTIVE,60,7.66,80,3,3,0,0,0
02,120248359442970589,ACTIVE,200,7.62,174,3,5,0,0,0
02,120251769553160054,ACTIVE,104,7.55,169,4,4,0,0,0
02,120245170581670686,PAUSED,100,7.53,61,1,1,0,0,0
02,120248151509310425,ACTIVE,200,7.470000000000001,191,4,4,1,1,69.67
02,120249222913640100,ACTIVE,100,7.45,119,2,3,1,1,38.17
02,120246259925420674,ACTIVE,200,7.41,134,3,3,0,0,0
02,120250201697380577,ACTIVE,100,7.380000000000001,160,3,4,0,0,0
02,120247238927160043,ACTIVE,140,7.369999999999999,106,3,4,0,0,0
02,120248536188000100,ACTIVE,500,7.369999999999999,159,2,4,0,0,0
02,120249412510530100,ACTIVE,91,7.300000000000001,210,5,6,0,0,0
02,120248540698960725,ACTIVE,100,7.3,150,3,4,0,0,0
02,120245899430510065,ACTIVE,325,7.28,163,6,10,1,0,0
02,120244967217480436,ACTIVE,106,7.28,299,11,12,2,1,99.72
02,120244783755130320,ACTIVE,300,7.19,354,5,6,1,0,0
02,120245662338460780,ACTIVE,80,7.140000000000001,154,3,3,1,1,58.96
02,120248108038930561,ACTIVE,96,7.1000000000000005,220,9,8,1,0,0
02,120245514271720065,ACTIVE,115,7.08,111,2,4,0,0,0
02,120247467570380455,ACTIVE,100,7.029999999999999,129,8,8,1,1,60.41
02,120244823852300686,ACTIVE,100,6.999999999999999,144,3,4,1,1,51.22
02,120244581454670686,ACTIVE,100,6.99,116,0,0,0,0,0
02,120249412510510100,ACTIVE,91,6.949999999999999,174,3,3,0,0,0
02,120245606890820025,ACTIVE,100,6.9399999999999995,78,7,7,0,0,0
02,120251856003590054,ACTIVE,100,6.92,122,6,6,1,0,0
02,120247504003780425,ACTIVE,100,6.83,158,4,4,1,1,97.71
02,120247293642140642,ACTIVE,500,6.81,192,2,2,1,0,0
02,120246343721680707,ACTIVE,82,6.790000000000001,110,6,5,0,0,0
02,120243772698880146,ACTIVE,100,6.779999999999999,295,5,4,0,0,0
02,120244878279420125,ACTIVE,400,6.77,253,5,7,0,0,0
02,120247306268350043,ACTIVE,70,6.76,81,2,2,0,0,0
02,120244662020140686,ACTIVE,100,6.720000000000001,85,2,4,0,0,0
02,120243673094650146,ACTIVE,100,6.72,195,11,9,1,0,0
02,120244566743700788,ACTIVE,50,6.7,92,3,5,0,0,0
02,120250691304310722,ACTIVE,68,6.69,100,2,2,0,0,0
02,23857304059010799,ACTIVE,50,6.68,57,2,2,1,1,27.979999999999997
02,120246946458510629,ACTIVE,100,6.68,145,3,3,1,0,0
02,120245736385440177,ACTIVE,100,6.66,140,3,2,1,1,29.980000000000004
02,120243951377020125,ACTIVE,500,6.66,210,4,4,0,0,0
02,120247322669120509,ACTIVE,100,6.609999999999999,274,3,5,1,1,85.96000000000001
02,120249528844270064,ACTIVE,100,6.6000000000000005,123,4,4,0,0,0
02,120250678039650651,ACTIVE,80,6.58,181,5,10,1,0,0
02,120246213764990470,ACTIVE,90,6.579999999999999,227,4,5,0,0,0
02,120250905694920651,ACTIVE,80,6.550000000000001,147,6,8,0,0,0
02,120247073165120090,ACTIVE,523,6.48,134,3,5,0,0,0
02,120244713213750177,ACTIVE,100,6.47,160,1,1,0,0,0
02,120248474785690152,ACTIVE,105,6.47,286,5,7,0,0,0
02,120245251316060477,ACTIVE,100,6.44,79,2,2,0,0,0
02,120246599890040214,ACTIVE,120,6.4399999999999995,83,3,3,1,1,59.93
02,120246631717240097,ACTIVE,80,6.4399999999999995,211,4,5,0,0,0
02,120243144633320146,ACTIVE,100,6.43,160,8,6,1,0,0
02,120244360843810065,ACTIVE,135,6.43,108,2,4,1,0,0
02,120246107483730752,ACTIVE,169,6.42,205,5,7,0,0,0
02,120246581316290126,ACTIVE,80,6.41,228,10,6,1,1,51.209999999999994
02,120246343722040707,ACTIVE,82,6.4,90,3,5,0,0,0
02,120248252434110561,ACTIVE,87,6.379999999999999,141,4,4,0,0,0
02,120247040711030629,ACTIVE,100,6.37,97,3,3,0,0,0
02,120235701428400210,ACTIVE,200,6.29,214,1,2,0,0,0
02,120247645229990642,ACTIVE,100,6.27,227,6,5,0,0,0
02,120246286557160752,ACTIVE,100,6.26,177,4,7,0,0,0
02,120248082904030663,ACTIVE,80,6.15,76,4,3,1,1,37.98
02,120247558121560065,ACTIVE,94,6.11,192,1,1,0,0,0
02,120245964184870707,ACTIVE,100,6.1,137,5,8,2,2,74.74
02,120249115231040100,ACTIVE,100,6.09,138,7,7,1,0,0
02,120246631717220097,ACTIVE,80,6.09,175,3,5,1,0,0
02,120247829243430751,PAUSED,100,6.0600000000000005,94,1,1,0,0,0
02,120245535022630455,ACTIVE,425,6.03,81,1,4,1,0,0
02,120247901344790425,ACTIVE,300,6.03,138,1,0,0,0,0
02,120244724274460678,ACTIVE,100,6,99,4,4,0,0,0
02,120251037305290166,ACTIVE,100,5.98,119,4,6,2,1,24.98
02,120246773871740629,ACTIVE,100,5.95,137,3,3,1,1,36.95
02,120245881655400509,ACTIVE,92,5.87,174,5,4,1,0,0
02,120247605280040425,ACTIVE,300,5.869999999999999,194,3,5,0,0,0
02,120256546977430586,ACTIVE,126,5.84,238,4,3,0,0,0
02,120248151239370425,ACTIVE,100,5.819999999999999,57,3,4,0,0,0
02,120250139945670577,ACTIVE,100,5.800000000000001,45,1,1,0,0,0
02,120246100582600173,ACTIVE,80,5.79,169,6,5,1,0,0
02,120248318269050152,ACTIVE,80,5.75,102,3,1,0,0,0
02,120246286382660752,ACTIVE,100,5.74,145,7,9,2,1,24.98
02,120247828626130751,PAUSED,100,5.73,85,2,2,1,1,22.98
02,120245224035350179,ACTIVE,120,5.720000000000001,240,3,3,1,0,0
02,120243142609020146,ACTIVE,200,5.72,102,0,2,0,0,0
02,120246666193770477,ACTIVE,100,5.640000000000001,106,6,5,0,0,0
02,120244618043570436,ACTIVE,100,5.640000000000001,197,10,10,1,1,99.71
02,120245649056680177,PAUSED,100,5.64,71,2,1,0,0,0
02,120248025171210561,ACTIVE,97,5.63,176,4,5,0,0,0
02,120247392329370509,ACTIVE,100,5.58,239,4,5,0,0,0
02,120243205951310642,ACTIVE,100,5.56,270,3,3,0,0,0
02,120245825448150533,ACTIVE,100,5.529999999999999,168,4,6,0,0,0
02,120245170402820686,PAUSED,100,5.510000000000001,50,1,1,0,0,0
02,120247389356380455,ACTIVE,100,5.49,114,3,2,0,0,0
02,120249062394160019,ACTIVE,150,5.48,139,1,2,1,0,0
02,120246087968610032,ACTIVE,72,5.46,129,3,2,0,0,0
02,120246399807540674,ACTIVE,100,5.37,75,6,6,1,0,0
02,120246632417260097,ACTIVE,80,5.3500000000000005,178,1,1,0,0,0
02,120243071308620125,ACTIVE,300,5.33,189,4,5,0,0,0
02,120247705045190564,ACTIVE,300,5.32,193,0,1,0,0,0
02,120246597569540214,ACTIVE,160,5.27,119,3,5,2,1,24.97
02,120247616942850561,ACTIVE,100,5.24,148,2,3,0,0,0
02,120247110428960175,PAUSED,100,5.239999999999999,71,3,3,0,0,0
02,120248448870780725,ACTIVE,100,5.23,121,5,4,1,1,49.37
02,120244349823030686,ACTIVE,100,5.220000000000001,101,2,2,0,0,0
02,120246100566560173,ACTIVE,100,5.220000000000001,105,6,6,0,0,0
02,120246178929760752,ACTIVE,100,5.220000000000001,70,3,3,1,0,0
02,6995131005895,ACTIVE,50,5.22,92,4,2,1,0,0
02,120244691045040320,ACTIVE,120,5.17,203,3,4,0,0,0
02,120248111423590168,ACTIVE,101,5.13,128,4,5,2,0,0
02,120246270264070320,ACTIVE,120,5.13,187,5,5,1,1,34.07
02,120245662434130780,ACTIVE,80,5.1000000000000005,135,1,3,0,0,0
02,120246382556450462,ACTIVE,195,5.03,88,4,5,0,0,0
02,120245170492570686,PAUSED,100,5.01,59,0,0,0,0,0
02,120247107054620509,ACTIVE,100,4.98,88,3,4,0,0,0
02,120247246948530509,ACTIVE,100,4.96,241,4,5,0,0,0
02,120252003555230054,ACTIVE,100,4.9399999999999995,67,1,1,0,0,0
02,120242301213170065,ACTIVE,300,4.9399999999999995,172,6,5,0,0,0
02,120244389916630436,ACTIVE,100,4.91,201,3,4,0,0,0
02,120251701953330054,ACTIVE,100,4.91,83,2,2,2,2,63.959999999999994
02,120251642537180054,ACTIVE,80,4.9,93,1,2,0,0,0
02,120248204881090455,ACTIVE,135,4.84,128,2,2,0,0,0
02,120250596505340709,ACTIVE,100,4.83,144,7,10,0,0,0
02,120249754760810019,ACTIVE,200,4.79,95,0,1,0,0,0
02,120248965302070064,ACTIVE,600,4.72,66,5,5,0,0,0
02,120244674407170788,ACTIVE,50,4.67,63,3,4,0,0,0
02,120249347498580100,ACTIVE,91,4.64,94,3,2,1,1,22.98
02,120246299672700751,ACTIVE,195,4.630000000000001,98,5,7,2,0,0
02,120246178825710752,ACTIVE,169,4.63,133,2,2,1,1,54.96
02,120248056801340561,ACTIVE,60,4.6,81,2,2,0,0,0
02,120246396470350674,ACTIVE,100,4.59,90,1,1,0,0,0
02,120248139130280455,ACTIVE,155,4.59,127,2,2,0,0,0
02,120244242496990780,ACTIVE,200,4.56,139,3,3,0,0,0
02,120248774488970725,ACTIVE,100,4.54,118,5,6,0,0,0
02,120245899907890065,ACTIVE,115,4.53,87,2,1,0,0,0
02,120246686798620214,ACTIVE,100,4.529999999999999,80,1,4,1,1,24.97
02,120243844678990129,ACTIVE,200,4.51,143,3,4,1,1,66.48
02,120246522122340677,ACTIVE,100,4.5,105,3,4,0,0,0
02,120244389916660436,ACTIVE,100,4.470000000000001,263,2,3,1,0,0
02,120247061773550509,ACTIVE,100,4.45,221,4,4,0,0,0
02,120247322351430090,ACTIVE,60,4.45,67,3,3,1,0,0
02,120243593808880146,ACTIVE,100,4.45,100,2,3,1,0,0
02,120247306268430043,ACTIVE,70,4.44,84,1,1,0,0,0
02,120249824676430057,ACTIVE,100,4.41,59,1,1,1,1,156.64000000000001
02,120244915930060436,ACTIVE,100,4.3999999999999995,136,5,6,0,0,0
02,120246733854740065,ACTIVE,80,4.38,74,3,3,0,0,0
02,120246191098790320,ACTIVE,120,4.37,184,3,3,1,0,0
02,120244079033450320,ACTIVE,120,4.369999999999999,166,4,5,0,0,0
02,120245649000800177,PAUSED,100,4.36,106,1,1,0,0,0
02,120247322351400090,PAUSED,60,4.34,46,0,0,0,0,0
02,23857304059050799,ACTIVE,50,4.33,52,2,2,0,0,0
02,120251239771420586,ACTIVE,134,4.33,84,0,1,0,0,0
02,120257559013880586,ACTIVE,30,4.33,84,1,1,0,0,0
02,120244911557470436,ACTIVE,100,4.3100000000000005,192,10,12,0,0,0
02,120247829716040751,PAUSED,100,4.31,63,0,0,0,0,0
02,120244428953860686,ACTIVE,100,4.29,84,5,3,1,1,29.98
02,120243843991710129,ACTIVE,200,4.29,162,4,4,2,0,0
02,120246880890560629,ACTIVE,100,4.28,100,3,3,0,0,0
02,120249152473440247,ACTIVE,100,4.27,77,2,3,0,0,0
02,120244349822900686,ACTIVE,100,4.25,60,2,2,0,0,0
02,120247890133980642,ACTIVE,124,4.23,170,2,4,2,1,37.95
02,120249115230940100,ACTIVE,399,4.23,80,3,3,0,0,0
02,120248996649810116,ACTIVE,100,4.21,77,1,2,1,0,0
02,120247770552340065,PAUSED,100,4.2,88,2,1,0,0,0
02,120248270609930152,ACTIVE,200,4.15,175,2,2,0,0,0
02,120246632417160097,ACTIVE,80,4.12,135,5,3,0,0,0
02,120244794017770320,ACTIVE,120,4.07,223,3,4,0,0,0
02,120245649136960177,PAUSED,100,4.06,85,1,1,0,0,0
02,120246491099340090,ACTIVE,100,4.04,87,5,4,0,0,0
02,120244793522550320,ACTIVE,120,4.02,134,4,3,0,0,0
02,120244581910630686,ACTIVE,80,3.99,80,2,2,2,2,59.959999999999994
02,120246710213420090,ACTIVE,325,3.99,63,2,7,0,0,0
02,120249073752900725,ACTIVE,100,3.9899999999999998,83,1,2,0,0,0
02,120246069254050470,ACTIVE,98,3.9800000000000004,87,3,3,0,0,0
02,120247370270360509,ACTIVE,101,3.9800000000000004,147,3,5,0,0,0
02,120252003446420054,ACTIVE,100,3.98,103,2,4,1,1,31.979999999999997
02,120245514271740065,ACTIVE,115,3.97,85,5,5,0,0,0
02,120245466475870630,ACTIVE,110,3.9299999999999997,103,0,2,1,1,99.39999999999999
02,120247114547280509,ACTIVE,85,3.8899999999999997,150,3,4,0,0,0
02,120247058049910303,ACTIVE,120,3.88,82,4,5,0,0,0
02,120246169445720320,ACTIVE,108,3.88,104,3,3,0,0,0
02,120246733877000065,ACTIVE,80,3.87,72,3,3,0,0,0
02,120249283733020100,ACTIVE,90,3.8599999999999994,80,3,5,1,0,0
02,120244963676310686,ACTIVE,80,3.85,67,2,4,0,0,0
02,120243593315080146,ACTIVE,224,3.84,83,0,1,0,0,0
02,120248137514550561,ACTIVE,100,3.83,90,4,4,0,0,0
02,120245750558170707,ACTIVE,100,3.8200000000000003,75,1,1,0,0,0
02,120245466475590630,ACTIVE,110,3.8000000000000003,96,4,3,1,1,24.98
02,120252003268490054,ACTIVE,100,3.8,40,1,3,1,0,0
02,120246773871680629,ACTIVE,100,3.8,103,1,1,0,0,0
02,120246804547700175,ACTIVE,100,3.8,219,3,3,0,0,0
02,120249646481980279,ACTIVE,80,3.7700000000000005,203,3,2,0,0,0
02,120248565530720152,PAUSED,100,3.77,65,2,2,0,0,0
02,120246191098970320,ACTIVE,120,3.75,126,1,3,1,0,0
02,120244008702660129,ACTIVE,100,3.74,103,1,3,1,1,41.980000000000004
02,23857331534270799,ACTIVE,50,3.7,24,2,2,0,0,0
02,120248204881060455,ACTIVE,135,3.6799999999999997,132,4,7,2,2,207.69
02,120249062217790019,ACTIVE,50,3.6799999999999997,125,3,4,0,0,0
02,120247769726800065,PAUSED,100,3.64,57,1,1,0,0,0
02,120248299568450431,ACTIVE,130,3.6399999999999997,76,3,5,2,0,0
02,120248056801430561,ACTIVE,60,3.62,66,2,2,0,0,0
02,120246733876960065,ACTIVE,80,3.61,67,4,6,0,0,0
02,120242700474080358,ACTIVE,100,3.6,88,2,2,0,0,0
02,120248490741000152,ACTIVE,120,3.59,158,2,2,1,0,0
02,120244114789840146,PAUSED,100,3.5700000000000003,73,2,1,0,0,0
02,120246733854770065,ACTIVE,80,3.5599999999999996,68,0,0,0,0,0
02,120245205425940677,ACTIVE,100,3.55,114,0,0,0,0,0
02,120249178308050725,ACTIVE,100,3.5100000000000002,76,2,4,0,0,0
02,120245044044890686,ACTIVE,80,3.5000000000000004,53,1,1,0,0,0
02,120245823079650320,ACTIVE,100,3.5,107,2,1,0,0,0
02,120245381315950677,ACTIVE,100,3.4699999999999998,74,0,0,0,0,0
02,120246465900910677,ACTIVE,100,3.4599999999999995,65,2,1,0,0,0
02,120248604432660663,ACTIVE,80,3.4,62,1,3,1,0,0
02,120248802175730319,ACTIVE,200,3.37,81,2,4,0,0,0
02,120248892319580365,ACTIVE,100,3.3699999999999997,204,1,1,0,0,0
02,120247118332680629,PAUSED,100,3.31,63,1,1,1,0,0
02,120242847129030686,ACTIVE,100,3.3,81,1,1,0,0,0
02,120247110764820175,PAUSED,100,3.29,70,2,2,0,0,0
02,120245899907660065,ACTIVE,115,3.2699999999999996,57,1,1,0,0,0
02,120245946244180126,ACTIVE,100,3.25,60,3,1,1,0,0
02,120248224810100389,ACTIVE,80,3.2300000000000004,85,5,4,0,0,0
02,120244014047710146,ACTIVE,100,3.2199999999999998,75,2,2,1,0,0
02,120246415849650214,ACTIVE,160,3.2199999999999998,58,2,3,1,0,0
02,120245298343980752,ACTIVE,100,3.21,55,0,0,0,0,0
02,120247771242110065,PAUSED,100,3.2,64,1,1,0,0,0
02,120256254668930586,ACTIVE,50,3.2,111,4,6,1,0,0
02,120247482195350544,ACTIVE,74,3.18,82,1,1,0,0,0
02,120245490989600133,ACTIVE,80,3.16,63,3,3,0,0,0
02,120251062504040166,ACTIVE,30,3.1599999999999997,69,1,1,0,0,0
02,120244115059620146,PAUSED,100,3.1100000000000003,65,1,0,0,0,0
02,120247365940320642,ACTIVE,100,3.11,55,0,1,0,0,0
02,120247110512200175,PAUSED,100,3.0999999999999996,75,2,1,0,0,0
02,120246770835970175,ACTIVE,110,3.08,72,2,2,1,0,0
02,120254368844950197,ACTIVE,100,3.06,82,1,2,0,0,0
02,120245500027320032,ACTIVE,100,3.06,91,4,5,3,0,0
02,120257487343530586,ACTIVE,25,3.05,82,2,2,0,0,0
02,120247597779990751,ACTIVE,40,3.05,36,1,0,1,0,0
02,120249533679040019,ACTIVE,150,3.02,80,4,2,0,0,0
02,120247815782080642,ACTIVE,122,3.01,59,2,2,0,0,0
02,120245651364090303,ACTIVE,80,3,74,1,2,0,0,0
02,120249739079790279,ACTIVE,80,3,137,1,2,0,0,0
02,120246733902040065,ACTIVE,80,2.9899999999999998,76,1,1,0,0,0
02,120246558672090097,ACTIVE,152,2.9899999999999998,94,2,3,0,1,61.970000000000006
02,120247823215090168,ACTIVE,100,2.98,70,1,1,0,0,0
02,120250005173420404,ACTIVE,111,2.9699999999999998,57,0,0,0,0,0
02,120248288633270389,ACTIVE,81,2.93,76,2,1,0,0,0
02,120244678961010788,ACTIVE,50,2.91,67,2,3,0,0,0
02,120255653285300586,ACTIVE,100,2.91,70,2,2,0,0,0
02,120249431214310100,ACTIVE,100,2.91,63,0,4,0,0,0
02,120247109115250389,ACTIVE,100,2.9,70,8,10,1,0,0
02,120247508094040725,ACTIVE,100,2.89,100,3,2,1,1,124.57000000000001
02,120247117519720629,PAUSED,100,2.89,67,1,0,0,0,0
02,120246867532780629,ACTIVE,100,2.8899999999999997,56,2,3,0,0,0
02,120246338247960241,ACTIVE,100,2.8899999999999997,276,3,3,0,0,0
02,120246447361050303,ACTIVE,120,2.8600000000000003,48,1,2,1,1,43.97
02,120248291651510455,PAUSED,100,2.85,54,1,1,0,0,0
02,120245380678000025,ACTIVE,100,2.8400000000000003,50,0,1,0,0,0
02,120248764599250589,ACTIVE,100,2.84,62,0,1,0,0,0
02,120249179840870725,ACTIVE,100,2.8299999999999996,79,0,0,0,0,0
02,120243458344240129,ACTIVE,100,2.82,75,1,3,1,1,66.48
02,120247267358630509,PAUSED,70,2.82,48,1,1,0,0,0
02,120246299721620751,ACTIVE,68,2.7800000000000002,45,2,2,0,0,0
02,120244006723720129,ACTIVE,100,2.77,80,1,4,0,0,0
02,120244918988320303,ACTIVE,40,2.7699999999999996,72,2,2,0,0,0
02,120243482214180129,ACTIVE,100,2.74,110,3,4,0,0,0
02,120247858934130544,ACTIVE,76,2.7399999999999998,81,3,3,0,0,0
02,120248974670400019,ACTIVE,50,2.7300000000000004,40,1,2,0,0,0
02,120248974670480019,ACTIVE,50,2.73,42,1,1,0,0,0
02,120244006723850129,ACTIVE,100,2.71,95,3,4,0,0,0
02,120246178127590241,ACTIVE,100,2.69,95,4,5,0,0,0
02,120249105110140210,ACTIVE,111,2.67,137,1,1,0,0,0
02,120248535565040229,ACTIVE,156,2.66,46,1,2,0,0,0
02,120246697447950610,ACTIVE,80,2.6500000000000004,38,3,3,0,0,0
02,120249179865340725,ACTIVE,100,2.65,91,2,2,0,0,0
02,120245825263430533,ACTIVE,100,2.61,110,5,4,0,0,0
02,120254529951930197,ACTIVE,100,2.5999999999999996,45,1,1,0,0,0
02,120247040711430629,ACTIVE,100,2.58,48,1,1,0,0,0
02,120245306349070462,ACTIVE,100,2.55,59,0,0,0,0,0
02,120247246948670509,ACTIVE,100,2.53,130,2,3,0,0,0
02,120251769553070054,ACTIVE,73,2.5100000000000002,63,1,2,0,0,0
02,120245889270720065,ACTIVE,40,2.5,61,1,1,0,0,0
02,120251026838540210,ACTIVE,84,2.48,71,1,1,0,0,0
02,120248911416770577,ACTIVE,501,2.4699999999999998,88,1,3,1,1,28.98
02,120247601538900425,ACTIVE,150,2.44,34,1,2,0,0,0
02,120242870748820133,ACTIVE,80,2.43,58,1,1,0,0,0
02,120246299721480751,ACTIVE,195,2.41,46,0,0,0,0,0
02,120244114929610146,PAUSED,100,2.39,63,4,4,0,0,0
02,120246299721450751,ACTIVE,115,2.37,54,1,1,0,0,0
02,120245380137820707,ACTIVE,200,2.36,38,2,2,0,0,0
02,120246777147100214,ACTIVE,80,2.36,34,0,0,0,0,0
02,120247117862750629,PAUSED,100,2.36,44,1,1,0,0,0
02,120250554304290404,ACTIVE,300,2.3400000000000003,35,0,0,0,0,0
02,120254368844920197,ACTIVE,100,2.33,62,1,2,0,0,0
02,120244017128390686,ACTIVE,100,2.3,59,1,2,0,0,0
02,120244477400200678,ACTIVE,100,2.29,34,0,0,0,0,0
02,120242776941930146,ACTIVE,100,2.2800000000000002,59,1,1,0,0,0
02,120246270030620320,ACTIVE,120,2.25,51,1,3,0,0,0
02,120249409076720589,PAUSED,100,2.23,21,0,0,0,0,0
02,120246024108390751,ACTIVE,355,2.23,63,0,3,1,0,0
02,120244216235640630,ACTIVE,52,2.22,52,4,4,0,0,0
02,120246707623720509,ACTIVE,117,2.2199999999999998,79,2,4,1,0,0
02,120246802025580509,ACTIVE,42,2.21,38,1,2,0,0,0
02,120256572736650586,ACTIVE,500,2.2,82,1,1,0,0,0
02,120245617791190630,ACTIVE,111,2.2,67,2,4,0,0,0
02,120245622959400630,ACTIVE,127,2.19,54,0,0,0,0,0
02,120249179840900725,ACTIVE,100,2.18,35,0,0,0,0,0
02,120254284171910197,ACTIVE,100,2.17,46,2,1,0,0,0
02,120242907734560129,ACTIVE,100,2.15,46,5,5,0,0,0
02,120246313721000752,PAUSED,100,2.15,67,2,2,0,0,0
02,120249251074290319,ACTIVE,120,2.12,70,1,1,0,0,0
02,120245889270610065,ACTIVE,40,2.12,63,0,0,0,0,0
02,120246471244730065,ACTIVE,135,2.11,90,3,3,0,0,0
02,120245622959500630,ACTIVE,102,2.09,69,2,5,0,0,0
02,120251150600140210,ACTIVE,82,2.07,44,4,4,0,0,0
02,120246522442100677,ACTIVE,100,2.05,39,2,2,0,0,0
02,120246270030590320,ACTIVE,120,2.04,76,1,2,0,0,0
02,120247040934670629,ACTIVE,100,2.0300000000000002,97,2,3,0,0,0
02,120247366315930509,ACTIVE,100,2.03,113,2,1,0,0,0
02,120246232598650090,ACTIVE,132,2,46,1,1,0,0,0
02,120245063703470133,ACTIVE,80,1.9999999999999998,74,1,1,0,0,0
02,120247547590960642,ACTIVE,200,1.99,49,3,2,3,0,0
02,120245010386240709,ACTIVE,250,1.99,50,0,1,0,0,0
02,120246313524390752,PAUSED,100,1.95,48,2,1,0,0,0
02,120243602902170032,ACTIVE,100,1.94,71,0,0,0,0,0
02,120245923045620168,ACTIVE,100,1.9200000000000002,59,0,1,0,0,0
02,120246733901990065,ACTIVE,80,1.92,51,2,2,0,0,0
02,120246145506950470,ACTIVE,50,1.9100000000000001,71,1,1,0,0,0
02,120244165647870788,ACTIVE,50,1.9100000000000001,19,1,1,0,0,0
02,120246619814540549,ACTIVE,55,1.8800000000000001,51,1,1,0,0,0
02,120247418004300509,PAUSED,100,1.87,55,0,0,0,0,0
02,120247199911460090,ACTIVE,122,1.86,46,1,0,0,0,0
02,120245511607120780,ACTIVE,80,1.86,38,2,2,0,0,0
02,120247601292310065,ACTIVE,50,1.8499999999999999,47,0,1,0,0,0
02,120245541619240177,ACTIVE,100,1.8299999999999998,45,3,3,1,0,0
02,120246666123990477,ACTIVE,100,1.8199999999999998,36,1,2,0,0,0
02,120248565223490152,PAUSED,100,1.79,28,0,0,0,0,0
02,120248248634970455,ACTIVE,132,1.7600000000000002,54,0,0,0,0,0
02,120244194695070177,ACTIVE,100,1.74,31,0,2,0,0,0
02,120244431777030751,ACTIVE,680,1.73,81,0,2,0,0,0
02,120244404574840678,ACTIVE,118,1.71,47,0,0,0,0,0
02,120247601292330065,ACTIVE,50,1.7,42,1,1,0,0,0
02,120242972188130146,ACTIVE,100,1.68,58,0,3,0,0,0
02,120247799916380462,ACTIVE,35,1.68,29,0,0,0,0,0
02,120246313814250752,PAUSED,100,1.67,54,1,1,0,0,0
02,120250445767170166,ACTIVE,50,1.6500000000000001,35,0,0,0,0,0
02,120249013372050100,ACTIVE,100,1.65,22,0,0,0,0,0
02,120249447732030577,ACTIVE,68,1.6400000000000001,82,1,1,0,0,0
02,120247280578260065,ACTIVE,100,1.64,62,0,2,0,0,0
02,120246040085600751,ACTIVE,370,1.62,37,0,0,0,0,0
02,120249057669240663,ACTIVE,50,1.62,34,1,2,0,0,0
02,120248823290310722,ACTIVE,40,1.62,36,1,1,0,0,0
02,120249411708990589,PAUSED,100,1.6099999999999999,34,1,1,0,0,0
02,120248292161180455,PAUSED,100,1.58,23,0,0,0,0,0
02,120247534964830642,ACTIVE,100,1.57,35,0,3,0,0,0
02,120246699106190629,ACTIVE,100,1.5499999999999998,46,1,0,0,0,0
02,120250838901590404,ACTIVE,50,1.54,21,1,1,0,0,0
02,120248201085040469,ACTIVE,80,1.5100000000000002,54,0,1,0,0,0
02,120243465250350705,ACTIVE,80,1.5,51,0,0,0,0,0
02,120249300729780589,ACTIVE,100,1.5,52,1,1,0,0,0
02,120243734745510129,ACTIVE,100,1.49,34,3,2,1,0,0
02,120251063107220166,ACTIVE,30,1.48,53,1,1,0,0,0
02,6968638622626,ACTIVE,50,1.47,62,1,1,0,0,0
02,120247865520180544,ACTIVE,80,1.46,29,0,1,0,0,0
02,120247866597100389,ACTIVE,100,1.46,53,1,0,0,0,0
02,120249263766000247,ACTIVE,100,1.44,38,0,0,0,0,0
02,120248557488550695,ACTIVE,80,1.44,72,3,3,0,0,0
02,120246619814510549,ACTIVE,85,1.42,44,0,0,0,0,0
02,120247453929680065,ACTIVE,182,1.4100000000000001,64,0,0,0,0,0
02,120243771828200436,ACTIVE,100,1.41,48,2,4,0,0,0
02,120246570408620477,ACTIVE,100,1.4,24,0,1,0,0,0
02,120246145189280470,ACTIVE,50,1.4,76,2,2,0,0,0
02,120246818759010303,ACTIVE,40,1.4,34,0,1,0,0,0
02,120247418199130509,PAUSED,100,1.3900000000000001,41,0,0,0,0,0
02,120245044044870686,ACTIVE,80,1.38,40,1,3,0,0,0
02,120247970574920126,ACTIVE,80,1.3399999999999999,44,0,1,0,0,0
02,120247728967380642,ACTIVE,100,1.32,30,0,1,1,0,0
02,120247541912960469,ACTIVE,80,1.3199999999999998,16,1,0,0,0,0
02,120248429859550116,ACTIVE,101,1.3,8,0,0,0,0,0
02,120249347498540100,ACTIVE,91,1.2999999999999998,37,1,2,1,0,0
02,120246145595780470,ACTIVE,20,1.27,31,2,2,0,0,0
02,120244995263710686,PAUSED,100,1.26,16,3,2,0,0,0
02,120249447732060577,ACTIVE,68,1.25,49,1,2,0,0,0
02,120247391019010168,ACTIVE,78,1.25,48,2,1,0,0,0
02,120247829146440561,ACTIVE,114,1.2399999999999998,41,0,1,0,0,0
02,120249151139280057,ACTIVE,100,1.23,30,1,1,0,0,0
02,120248151945870425,ACTIVE,100,1.2,56,0,0,0,0,0
02,120247633428650725,ACTIVE,100,1.1999999999999997,40,1,1,1,0,0
02,120246870229730642,ACTIVE,105,1.1900000000000002,35,1,1,0,0,0
02,120245327669090320,ACTIVE,120,1.19,40,1,2,0,0,0
02,120249057598540663,ACTIVE,50,1.1800000000000002,24,0,1,0,0,0
02,120249415811790589,PAUSED,100,1.16,19,0,0,0,0,0
02,120245686006250032,ACTIVE,100,1.15,17,0,2,1,0,0
02,120248615909580019,ACTIVE,50,1.14,18,0,0,0,0,0
02,120246471244780065,ACTIVE,135,1.12,38,0,2,0,0,0
02,120246818759970303,ACTIVE,40,1.11,35,1,2,1,0,0
02,120248056978460544,ACTIVE,80,1.1,30,0,0,0,0,0
02,120249438611220064,ACTIVE,100,1.09,21,0,0,0,0,0
02,120244077730640146,ACTIVE,100,1.07,28,0,0,0,0,0
02,120250501589950722,ACTIVE,68,1.04,24,0,0,0,0,0
02,120247418407680509,PAUSED,100,1.03,32,1,1,0,0,0
02,120245463311260177,PAUSED,100,1.02,9,0,0,0,0,0
02,120247378425210561,ACTIVE,180,1,34,1,0,0,0,0
02,120249179367710725,ACTIVE,100,1,35,0,1,0,0,0
02,120240258763950179,ACTIVE,140,0.98,42,2,2,1,0,0
02,120242973433800146,ACTIVE,200,0.9600000000000001,44,1,1,0,0,0
02,120244011865020146,ACTIVE,100,0.95,29,0,0,0,0,0
02,120246551175210674,ACTIVE,100,0.9400000000000001,27,1,1,0,0,0
02,120247597780010751,ACTIVE,40,0.91,14,0,1,0,0,0
02,120247333999410425,ACTIVE,100,0.91,18,0,1,1,0,0
02,120246299672680751,ACTIVE,68,0.9,35,1,1,0,0,0
02,120247483865740100,ACTIVE,300,0.9,13,1,2,0,0,0
02,120251037305040166,ACTIVE,30,0.88,16,0,0,0,0,0
02,120245622959630630,ACTIVE,73,0.87,31,0,1,0,0,0
02,120248291873350455,PAUSED,100,0.87,28,0,0,0,0,0
02,120245124561510686,ACTIVE,80,0.8300000000000001,13,1,2,1,0,0
02,120248248635000455,ACTIVE,132,0.8,33,2,1,0,0,0
02,120257487876160586,ACTIVE,50,0.79,27,1,1,0,0,0
02,120248302912110389,ACTIVE,100,0.7899999999999999,7,1,1,0,0,0
02,120245687813040097,ACTIVE,81,0.78,39,0,0,0,0,0
02,120249533650850019,ACTIVE,50,0.77,8,2,2,0,0,0
02,6993911140695,ACTIVE,100,0.76,4,0,0,0,0,0
02,120244076954630146,ACTIVE,100,0.76,32,0,0,0,0,0
02,120245292235740179,ACTIVE,100,0.73,33,2,2,0,0,0
02,120248025171070561,ACTIVE,86,0.72,21,1,1,0,0,0
02,120243928955960129,ACTIVE,100,0.71,28,1,0,0,0,0
02,6966949200895,ACTIVE,250,0.7000000000000001,19,1,1,1,0,0
02,120247799916320462,ACTIVE,35,0.7,20,2,1,0,0,0
02,120248582638620152,PAUSED,100,0.7,24,1,1,0,0,0
02,120244163991370436,ACTIVE,100,0.68,25,0,0,0,0,0
02,120243734466660129,ACTIVE,100,0.6699999999999999,38,0,0,0,0,0
02,120246299672740751,ACTIVE,115,0.6600000000000001,48,0,2,0,0,0
02,120246465927950677,ACTIVE,100,0.65,21,1,0,0,0,0
02,120257469008460586,ACTIVE,30,0.64,25,0,0,0,0,0
02,120244995599860686,PAUSED,100,0.63,14,0,0,0,0,0
02,120245124052890686,ACTIVE,80,0.63,6,0,0,0,0,0
02,120246672624130642,ACTIVE,100,0.62,15,0,0,0,0,0
02,120247199911470090,ACTIVE,122,0.62,10,0,2,0,0,0
02,120249410938120589,PAUSED,100,0.62,9,0,0,0,0,0
02,120247322861560509,ACTIVE,100,0.59,30,0,1,0,0,0
02,120251014701570404,ACTIVE,50,0.59,4,0,0,0,0,0
02,120244566743750788,ACTIVE,50,0.5800000000000001,13,0,0,0,0,0
02,120248694175490365,ACTIVE,100,0.53,29,1,2,0,0,0
02,120248880534940100,ACTIVE,100,0.53,14,0,0,0,0,0
02,120257559013710586,ACTIVE,30,0.5299999999999999,16,1,1,0,0,0
02,120247390339080509,ACTIVE,100,0.52,24,0,2,0,0,0
02,120244995090060686,PAUSED,100,0.52,8,0,0,0,0,0
02,120245481989440065,ACTIVE,40,0.47000000000000003,30,0,0,0,0,0
02,120244312405140436,ACTIVE,100,0.47,5,0,0,0,0,0
02,120246226742380674,ACTIVE,100,0.47,11,0,0,0,0,0
02,120248532436300048,ACTIVE,100,0.46,8,0,3,1,0,0
02,120247487024380065,PAUSED,100,0.46,12,0,0,0,0,0
02,120244480112510436,ACTIVE,100,0.45,21,0,0,0,0,0
02,120249416146940589,PAUSED,100,0.44,8,2,2,0,0,0
02,120251275180530054,ACTIVE,100,0.44,15,1,1,1,1,73.21
02,120247799916400462,ACTIVE,35,0.44,23,0,0,0,0,0
02,120244034916020436,ACTIVE,100,0.43,22,0,0,0,0,0
02,120244566387920788,ACTIVE,50,0.42,6,0,0,0,0,0
02,120245124026530686,ACTIVE,80,0.42,13,0,0,0,0,0
02,120249061328590589,ACTIVE,100,0.42,15,0,0,0,0,0
02,120248582757250152,PAUSED,100,0.41,10,0,0,0,0,0
02,120257469008430586,ACTIVE,30,0.39999999999999997,20,0,0,0,0,0
02,120254529951780197,ACTIVE,100,0.39,7,0,0,0,0,0
02,120245099365240470,ACTIVE,5,0.38,5,0,0,0,0,0
02,120244076500250146,ACTIVE,100,0.35000000000000003,19,0,1,0,0,0
02,120243734745460129,ACTIVE,100,0.35,18,2,2,0,0,0
02,120248923191070589,ACTIVE,100,0.35,8,0,2,0,0,0
02,120244011864950146,ACTIVE,100,0.34,10,0,2,0,0,0
02,120247591966310642,ACTIVE,100,0.33,11,0,0,0,0,0
02,120248960171180100,ACTIVE,100,0.33,13,0,1,0,0,0
02,120246522937100677,ACTIVE,100,0.32,7,0,0,0,0,0
02,120247370270380509,ACTIVE,101,0.32,16,0,1,0,0,0
02,120245481989400065,ACTIVE,40,0.32,19,0,0,0,0,0
02,120254284171970197,ACTIVE,100,0.31,4,0,0,0,0,0
02,120246024108440751,ACTIVE,195,0.30000000000000004,7,1,1,0,0,0
02,120244076631420146,ACTIVE,100,0.3,20,0,0,0,0,0
02,120248565368580152,PAUSED,100,0.3,9,0,0,0,0,0
02,120246283838280097,ACTIVE,110,0.29000000000000004,12,0,0,0,0,0
02,120243929504970146,ACTIVE,100,0.29,14,0,1,0,0,0
02,120235336090360210,ACTIVE,200,0.29,18,0,1,0,0,0
02,120244880653330686,ACTIVE,133,0.28,11,0,0,0,0,0
02,120244505803880686,ACTIVE,80,0.27,8,0,0,0,0,0
02,120244895488610436,ACTIVE,119,0.27,13,0,0,0,0,0
02,120246551175300674,ACTIVE,100,0.27,16,1,1,0,0,0
02,120246549338880065,ACTIVE,50,0.26,5,0,0,0,0,0
02,120249415903450589,PAUSED,100,0.23,6,0,0,0,0,0
02,120245292365960179,ACTIVE,100,0.21000000000000002,22,0,0,0,0,0
02,120257221973410586,ACTIVE,25,0.18,10,0,0,0,0,0
02,120249134484060166,ACTIVE,30,0.17,10,1,1,0,0,0
02,120246054157300173,ACTIVE,100,0.16,12,1,1,0,0,0
02,120246286484520097,ACTIVE,120,0.13,7,0,0,0,0,0
02,120246377047690097,ACTIVE,150,0.13,9,0,0,0,0,0
02,120250747283060166,ACTIVE,30,0.12,6,0,0,0,0,0
02,120247061936980509,ACTIVE,100,0.12,6,0,0,0,0,0
02,120251063106910166,ACTIVE,30,0.1,3,0,0,0,0,0
02,120251014701600404,ACTIVE,50,0.1,3,0,0,0,0,0
02,120245136181790470,ACTIVE,5,0.09,6,0,0,0,0,0
02,120249179003180725,ACTIVE,100,0.09,6,1,1,0,0,0
02,120247653059200586,ACTIVE,25,0.09,8,0,0,0,0,0
02,120248359764410589,ACTIVE,100,0.08,11,0,0,0,0,0
02,120250895021460586,ACTIVE,25,0.07,2,0,0,0,0,0
02,120235701428420210,ACTIVE,200,0.07,10,0,0,0,0,0
02,120243727386670470,ACTIVE,5,0.06999999999999999,3,0,0,0,0,0
02,120245825367300533,ACTIVE,100,0.06,7,0,0,0,0,0
02,120245136181480470,ACTIVE,5,0.06,1,0,0,0,0,0
02,120249283732990100,ACTIVE,90,0.05,1,0,0,0,0,0
02,120246145791530470,ACTIVE,20,0.04,5,0,1,0,0,0
02,120244566548030788,ACTIVE,50,0.04,2,0,0,0,0,0
02,120245691728160470,ACTIVE,5,0.04,1,0,0,0,0,0
02,120248207466280561,ACTIVE,60,0.03,2,0,0,0,0,0
02,120250837944350404,ACTIVE,50,0.02,2,0,1,0,0,0
02,120249120674110404,ACTIVE,300,0.02,2,0,0,0,0,0
02,120248582698040152,PAUSED,100,0.02,2,0,0,0,0,0
02,120246145719630470,ACTIVE,20,0.01,1,0,0,0,0,0
02,120248207465980561,ACTIVE,60,0.01,2,0,0,0,0,0
02,120245097017710677,ACTIVE,100,0.01,2,0,0,0,0,0
02,120247176514010629,ACTIVE,100,0,0,0,0,0,0,0
02,120247176514850629,ACTIVE,100,0,0,0,0,0,0,0
02,120248182649160544,ACTIVE,80,0,0,0,0,0,0,0
02,120248182725790544,ACTIVE,80,0,0,0,0,0,0,0
02,120244023784200129,PAUSED,100,0,0,0,0,0,0,0
02,120247995051750695,PAUSED,105,0,0,0,0,0,0,0
02,120248182829690544,ACTIVE,80,0,0,0,0,0,0,0
02,120248182829700544,ACTIVE,80,0,0,0,0,0,0,0
02,120244023784170129,PAUSED,100,0,0,0,0,0,0,0
02,120244723758020678,ACTIVE,100,0,0,0,0,0,0,0
02,120248182989100544,ACTIVE,80,0,0,0,0,0,0,0
02,120244724007800678,ACTIVE,100,0,0,0,0,0,0,0
02,120247234597490455,PAUSED,1617,0,0,0,0,0,0,0
02,120248182989160544,ACTIVE,80,0,0,0,0,0,0,0
02,120246559951150097,PAUSED,80,0,0,0,0,0,0,0
02,120246309078150032,ACTIVE,100,0,0,0,0,0,0,0
02,120246599453500674,PAUSED,100,0,0,0,0,0,0,0
02,120246309078080032,ACTIVE,100,0,0,0,0,0,0,0
02,120246599453520674,PAUSED,100,0,0,0,0,0,0,0
02,120248183102250544,ACTIVE,80,0,0,0,0,0,0,0
02,120243959700120146,PAUSED,100,0,0,0,1,0,0,0
02,120246308997790032,ACTIVE,100,0,0,0,0,0,0,0
02,120245453935690025,PAUSED,100,0,0,0,0,0,0,0
02,120247890206850725,PAUSED,100,0,0,0,0,0,0,0
02,120246308997710032,ACTIVE,100,0,0,0,0,0,0,0
02,120248183102370544,ACTIVE,80,0,0,0,0,0,0,0
02,120247315036090043,ACTIVE,70,0,0,0,0,0,0,0
02,120245736523970177,ACTIVE,100,0,0,0,0,0,0,0
02,120251190551100651,PAUSED,80,0,0,0,0,0,0,0
02,120251190551110651,PAUSED,80,0,0,0,0,0,0,0
02,120251190872470651,PAUSED,80,0,0,0,0,0,0,0
02,120251190872850651,PAUSED,80,0,0,0,0,0,0,0
02,120251191169790651,ACTIVE,80,0,0,0,0,0,0,0
02,120251191170020651,ACTIVE,80,0,0,0,0,0,0,0
02,120246145189200470,ACTIVE,50,0,2,0,0,0,0,0
02,120248183670520544,ACTIVE,80,0,0,0,0,0,0,0
02,120245049415260032,ACTIVE,100,0,0,0,1,0,0,0
02,120248183672960544,ACTIVE,80,0,0,0,0,0,0,0
02,120251692404070054,PAUSED,78,0,0,0,1,0,0,0
02,120246054251240173,PAUSED,100,0,0,0,0,0,0,0
02,120246054251210173,PAUSED,100,0,0,0,0,0,0,0
02,120246599961620214,PAUSED,200,0,0,0,1,0,0,0
02,120252002776770054,ACTIVE,100,0,0,0,0,0,0,0
02,120252003064780054,PAUSED,100,0,0,0,0,0,0,0
02,120248621604700283,PAUSED,500,0,0,0,1,0,0,0
02,120252016811530054,ACTIVE,50,0,0,0,0,0,0,0
02,120247804598860431,PAUSED,220,0,0,0,1,0,0,0
02,120247802943620389,PAUSED,100,0,0,0,1,0,0,0
02,120246631635420097,ACTIVE,80,0,0,0,0,0,0,0
02,120245124074660686,PAUSED,80,0,0,0,1,0,0,0
02,120246631674870097,ACTIVE,80,0,0,0,0,0,0,0
02,120246705394270453,ACTIVE,80,0,0,0,0,0,0,0
02,120248398352060389,ACTIVE,100,0,0,0,0,0,0,0
02,120248398351970389,ACTIVE,100,0,0,0,0,0,0,0
02,120248358470430469,ACTIVE,80,0,0,0,0,0,0,0
02,120246705394200453,ACTIVE,80,0,0,0,0,0,0,0
02,120248358214470469,ACTIVE,80,0,0,0,0,0,0,0
02,120248357292800469,ACTIVE,80,0,0,0,0,0,0,0
02,120248357015380469,ACTIVE,80,0,0,0,0,0,0,0
02,120248356937930469,ACTIVE,80,0,0,0,0,0,0,0
02,120246704886540453,ACTIVE,80,0,0,0,0,0,0,0
02,120246704886530453,ACTIVE,80,0,0,0,0,0,0,0
02,120245329462560320,PAUSED,200,0,0,0,0,0,0,0
02,120245990795590533,ACTIVE,100,0,0,0,0,0,0,0
02,6974140608826,PAUSED,50,0,0,0,0,0,0,0
02,120245993145890533,ACTIVE,100,0,0,0,0,0,0,0
02,120245993677040533,PAUSED,100,0,0,0,0,0,0,0
02,120248302852090389,PAUSED,100,0,0,0,1,0,0,0
02,120240849899190788,ACTIVE,10,0,1,0,0,0,0,0
02,120249433591380100,ACTIVE,100,0,0,0,0,0,0,0
02,120249433591590100,ACTIVE,100,0,0,0,0,0,0,0
02,120248040382930126,ACTIVE,80,0,0,0,0,0,0,0
02,120248040060750126,ACTIVE,80,0,0,0,0,0,0,0
02,120248040382960126,ACTIVE,80,0,0,0,0,0,0,0
02,120249456377680127,ACTIVE,100,0,0,0,0,0,0,0
02,120249456659560127,PAUSED,100,0,0,0,0,0,0,0
02,120249456772820127,PAUSED,100,0,0,0,0,0,0,0
02,120249457081750127,PAUSED,100,0,0,0,0,0,0,0
02,120249457298140127,ACTIVE,100,0,0,0,0,0,0,0
02,120249457460140127,ACTIVE,100,0,0,0,2,0,0,0
02,120249497563510589,ACTIVE,100,0,0,0,0,0,0,0
02,120249497960740589,ACTIVE,100,0,0,0,0,0,0,0
02,120249498266450589,ACTIVE,100,0,0,0,0,0,0,0
02,120248040060730126,ACTIVE,80,0,0,0,0,0,0,0
02,120245608347680133,ACTIVE,60,0,0,0,0,0,0,0
02,120245608347630133,ACTIVE,60,0,0,0,0,0,0,0
02,120249179367830725,PAUSED,100,0,0,0,0,0,1,28.98
02,120246962698830090,PAUSED,135,0,0,0,1,0,0,0
02,120246437959560241,ACTIVE,100,0,0,0,0,0,0,0
02,120246436979690241,ACTIVE,100,0,0,0,0,0,0,0
03,120244761233710455,ACTIVE,1135,133.32,4135,83,98,7,1,60.41
03,120245800978960674,ACTIVE,1000,132.47,2980,78,90,8,6,301.09000000000003
03,120244761515050455,ACTIVE,1235,126.36000000000001,4112,91,99,5,1,34.949999999999996
03,120247245864910389,ACTIVE,1000,99.78,2931,118,119,10,6,258.07000000000005
03,120244749532720686,ACTIVE,1000,87.3,1676,40,52,6,3,171.15
03,120248162820950389,ACTIVE,1000,84.6,3306,98,113,10,4,142.4
03,120249005372660589,ACTIVE,286,84.19,1772,40,37,5,1,49.51
03,6966949200095,ACTIVE,100,83.41,2348,69,64,4,2,109.96
03,120243986668280589,ACTIVE,1200,75.87,2187,38,46,7,4,119.91999999999999
03,120246791587200455,ACTIVE,327,74.32,1026,45,49,1,1,34.95
03,120247136451350725,ACTIVE,1000,72.56,2023,45,50,8,2,117.93
03,120248155192490455,ACTIVE,1055,71.61,2182,56,66,6,3,130.31
03,120247780766070455,ACTIVE,565,71.22,2145,53,57,2,1,127.81
03,120245201563430686,ACTIVE,80,71.18,2775,51,50,5,3,153.65
03,120248965302070064,PAUSED,600,69.05,920,34,29,1,1,41.980000000000004
03,120243458344350129,ACTIVE,600,67.88,2809,65,62,5,3,262.41
03,120243276755660065,ACTIVE,500,63.150000000000006,1924,32,34,3,1,49.52
03,120243928954880129,PAUSED,600,60.83,2459,59,54,1,0,0
03,120244691045450320,ACTIVE,700,54.28999999999999,2392,40,45,2,0,0
03,120245848127390707,ACTIVE,500,49.81999999999999,1183,45,55,4,1,22.98
03,120245201563520686,ACTIVE,80,49.32,3139,55,56,6,4,142.39999999999998
03,120245283264760677,ACTIVE,438,48.68,1962,30,37,4,1,41.98
03,120247184054680509,ACTIVE,300,48.35,954,19,21,3,0,0
03,120247114934220455,ACTIVE,434,47.480000000000004,1469,33,37,2,1,34.95
03,120246191098540320,ACTIVE,400,47.37,1657,37,42,1,1,58.77
03,120248959176740725,ACTIVE,1000,47.34,1355,26,32,7,2,137.11999999999998
03,120250413795050709,ACTIVE,500,45.46,1014,22,24,4,2,74.35
03,120244749327030686,ACTIVE,500,45.36,1079,24,28,1,1,51.22
03,120248893532100100,ACTIVE,500,45.03,964,21,22,2,2,76.33999999999999
03,120245334049540065,ACTIVE,370,44.809999999999995,958,28,37,6,2,79.49
03,120242694742870146,ACTIVE,445,44.5,1700,48,54,6,2,117.18999999999998
03,120246191098590320,ACTIVE,400,42.91,1419,29,31,2,1,34.07
03,120245250322490642,ACTIVE,950,42.58,1162,18,23,1,1,68.99
03,120239930892250650,ACTIVE,800,42.55,690,23,26,2,1,34.98
03,120247234597490455,ACTIVE,1617,41.04,1042,11,29,3,1,127.81
03,120246754801740509,ACTIVE,400,40.129999999999995,1147,28,28,4,3,127.87
03,120248535997930100,ACTIVE,500,39.95,1144,27,29,3,2,89.13000000000001
03,120247868045210695,ACTIVE,360,38.79,1115,28,30,2,1,37.980000000000004
03,120246273720740455,ACTIVE,455,38.72,960,33,41,2,2,119.32
03,120245334049460065,ACTIVE,400,38.06,704,28,33,5,3,129.01
03,120246007921740320,ACTIVE,318,37.769999999999996,1203,36,40,3,1,58.769999999999996
03,120246023777450751,ACTIVE,850,37.70000000000001,1059,29,37,6,3,114.81
03,120249086109210100,ACTIVE,500,37.59,1144,30,37,6,2,118.71
03,120246615285510642,ACTIVE,650,36.9,1120,21,24,2,0,0
03,120240901145360175,ACTIVE,745,36.66,1185,38,39,7,4,197.66000000000003
03,120245980788570752,ACTIVE,279,36.47,1525,27,33,3,0,0
03,120242301213170065,ACTIVE,300,36.17,1613,20,22,4,3,129.01000000000002
03,120250368595830404,ACTIVE,100,35.83,481,11,11,0,0,0
03,120244486325980436,ACTIVE,500,35.72,1283,34,37,2,1,68.23
03,120250790045220586,ACTIVE,500,35.35,1151,14,17,7,3,129.92
03,120248819218450019,ACTIVE,100,35.18,575,19,21,2,0,0
03,120247757020520725,ACTIVE,500,34.49,668,8,8,1,0,0
03,120244270293390320,ACTIVE,510,34.28999999999999,951,28,34,2,0,0
03,120248641712650319,ACTIVE,440,34.07,1102,23,26,6,5,293.76000000000005
03,120246054202590173,ACTIVE,100,34.07,606,26,23,2,1,101.09
03,120245583666590533,ACTIVE,50,33.97,1347,28,30,1,0,0
03,120244566507460788,ACTIVE,150,33.87,417,11,10,2,1,92.30000000000001
03,120249300729750589,ACTIVE,330,33.71,654,19,23,4,3,123.86999999999999
03,120245859755050173,ACTIVE,200,33.44,1145,31,35,2,2,79.88
03,120249265764580725,ACTIVE,100,33.39,6981,87,123,9,3,166.10000000000002
03,120246962698770090,ACTIVE,322,33.37,768,29,29,1,0,0
03,120240679404390629,ACTIVE,400,33.3,931,18,18,2,1,63.91
03,120245436310880780,ACTIVE,400,32.49,568,14,16,2,1,24.98
03,6966949200895,ACTIVE,250,32.449999999999996,526,13,19,3,2,78.95
03,120248204610010425,ACTIVE,134,32.410000000000004,570,7,9,2,2,109.65
03,120243211247840146,ACTIVE,500,32.06,1299,22,30,1,0,0
03,120246302058490389,ACTIVE,500,31.999999999999996,1315,31,34,1,1,37.05
03,120245899430510065,ACTIVE,325,31.909999999999997,573,21,25,1,0,0
03,120245251316060477,ACTIVE,100,31.5,449,16,14,0,0,0
03,120246828454030629,ACTIVE,390,31.47,899,25,26,2,1,36.95
03,120245848127430707,ACTIVE,300,31.34,809,27,34,3,2,91.82
03,120247547642310642,ACTIVE,570,31.27,648,18,25,1,0,0
03,120248139130260455,ACTIVE,325,31.16,677,11,20,0,0,0
03,120248299218060431,ACTIVE,220,30.799999999999997,619,13,17,2,1,28.98
03,120248204609980425,ACTIVE,134,30.54,391,10,8,0,0,0
03,120242301213710065,ACTIVE,370,30.46,834,11,20,1,1,29.98
03,120247312196970090,ACTIVE,123,30.32,528,17,13,0,0,0
03,120247583319740586,ACTIVE,100,30.25,1192,24,26,1,1,28.98
03,120246459062250674,ACTIVE,200,30.14,869,12,14,0,0,0
03,120249140601980100,ACTIVE,300,30.06,885,21,20,2,2,117.11
03,120247687263440425,ACTIVE,100,30.029999999999998,644,8,12,0,0,0
03,120248006730320100,ACTIVE,500,30.01,930,18,22,1,1,52.56
03,120245823919130320,ACTIVE,360,29.93,1187,25,26,1,0,0
03,120246396517520674,ACTIVE,300,29.73,627,13,13,2,2,76.21000000000001
03,120245010772960663,ACTIVE,301,29.490000000000002,408,16,15,3,2,104
03,120246178929760752,ACTIVE,100,29.26,567,17,22,5,3,116.91000000000001
03,120246850329040065,ACTIVE,186,28.87,949,21,20,2,0,0
03,120249286682560368,ACTIVE,300,28.77,962,20,20,2,2,77.96
03,120248299218010431,ACTIVE,220,28.44,722,14,17,4,3,106.13000000000001
03,120243844958690129,ACTIVE,300,28.36,1122,31,44,2,2,132.96
03,120246375737140674,ACTIVE,200,28.34,633,15,17,1,0,0
03,120249073800120725,ACTIVE,500,28.279999999999998,1027,15,19,2,1,28.98
03,120244017128390686,ACTIVE,50,27.8,466,10,10,3,1,29.98
03,120246657519770455,ACTIVE,263,27.64,845,13,18,1,1,60.41
03,120243227249480177,ACTIVE,150,27.3,578,16,18,3,2,59.959999999999994
03,120248596343100048,ACTIVE,200,26.99,354,10,15,0,0,0
03,120245011207100320,ACTIVE,360,26.86,748,6,7,0,0,0
03,120247040934570629,ACTIVE,400,26.84,967,14,15,2,0,0
03,120247678231050065,ACTIVE,93,26.68,489,9,9,1,1,29.979999999999997
03,120249251074180319,ACTIVE,350,26.68,903,14,18,2,2,128.38
03,120247678231030065,ACTIVE,93,26.66,448,15,15,2,2,99.04
03,120249985748090577,ACTIVE,201,26.560000000000002,625,23,22,0,1,28.98
03,120246221877410629,ACTIVE,335,26.42,531,10,18,2,3,137.81
03,120244783755130320,ACTIVE,300,25.87,1157,15,22,1,0,0
03,120250066594120577,ACTIVE,201,25.68,593,18,17,2,0,0
03,120252003268490054,ACTIVE,100,25.669999999999998,364,8,8,1,0,0
03,120245686749070320,ACTIVE,320,25.660000000000004,661,23,28,2,1,34.07
03,120247558121530065,ACTIVE,94,25.51,684,9,10,1,1,49.519999999999996
03,120249438611220064,ACTIVE,100,25.080000000000002,344,3,13,0,0,0
03,120241066464020065,ACTIVE,289,25.040000000000003,826,10,18,2,1,29.98
03,120252003555230054,ACTIVE,100,25.04,290,4,4,0,0,0
03,120245946244180126,ACTIVE,100,24.95,433,11,9,1,0,0
03,120243951377020125,ACTIVE,500,24.67,681,13,15,2,0,0
03,120246907642230291,ACTIVE,300,24.67,586,20,22,2,0,0
03,120251170246950404,PAUSED,80,24.61,254,8,7,0,0,0
03,120245833631150707,ACTIVE,450,24.59,520,19,14,2,2,80.67
03,120243753190540054,ACTIVE,201,24.07,655,16,12,2,1,31.98
03,120244177553830678,ACTIVE,200,23.88,513,11,13,0,0,0
03,120241671273870455,ACTIVE,267,23.849999999999998,651,14,14,1,1,60.410000000000004
03,120244965177310686,ACTIVE,100,23.71,356,7,7,1,1,29.979999999999997
03,120247391144430509,ACTIVE,200,23.709999999999997,908,20,19,1,0,0
03,120248536188000100,ACTIVE,500,23.39,544,13,16,1,0,0
03,120249438611310064,ACTIVE,600,23.200000000000003,463,11,14,2,0,0
03,120248922585490210,ACTIVE,200,23,776,16,15,0,0,0
03,120246560566740477,ACTIVE,139,22.93,504,21,17,2,0,0
03,120249052890110100,ACTIVE,500,22.67,639,18,26,2,2,104.32
03,120247026467610090,ACTIVE,168,22.61,484,16,12,3,1,62.39000000000001
03,120245057027780564,ACTIVE,300,22.5,982,17,17,3,0,0
03,120248056978460544,PAUSED,80,22.5,613,7,8,0,0,0
03,120247293642140642,ACTIVE,500,22.340000000000003,549,9,10,1,0,0
03,120246483406720564,ACTIVE,300,22.270000000000003,1048,17,24,1,1,39.980000000000004
03,120247813840340065,ACTIVE,93,22.049999999999997,365,18,14,0,0,0
03,120246643142870065,ACTIVE,104,21.990000000000002,544,14,13,2,0,0
03,120247312197200090,ACTIVE,123,21.990000000000002,355,16,16,2,1,86.35
03,120245201197560686,ACTIVE,80,21.8,305,11,11,0,0,0
03,120249347498580100,ACTIVE,91,21.79,409,10,13,2,2,75.54
03,120250201548880577,ACTIVE,100,21.79,384,12,12,0,0,0
03,120250789469770586,ACTIVE,500,21.67,806,29,32,3,0,0
03,120245610768940032,ACTIVE,200,21.389999999999997,565,17,18,2,1,22.98
03,120245435760750780,ACTIVE,200,21.38,341,8,9,1,1,42.97
03,120247026467550090,ACTIVE,168,21.36,377,14,18,0,0,0
03,120245535022630455,ACTIVE,425,21.35,287,7,11,1,0,0
03,120251168871300404,ACTIVE,90,21.310000000000002,266,9,7,0,0,0
03,120247139572780564,ACTIVE,600,21.259999999999998,522,5,6,0,0,0
03,120244662020140686,ACTIVE,100,21.15,289,10,9,0,0,0
03,120247322946650509,ACTIVE,200,21.14,752,19,20,1,0,0
03,120242031621370065,ACTIVE,229,20.85,690,13,14,2,0,0
03,120251726188120210,ACTIVE,119,20.82,551,17,18,4,1,41.98
03,120246312788110126,ACTIVE,200,20.79,554,17,22,1,0,0
03,120245612998430455,ACTIVE,195,20.64,665,19,22,2,1,60.41
03,120248536187780100,ACTIVE,500,20.54,514,7,12,1,1,38.17
03,120244164847370788,ACTIVE,50,20.5,197,7,8,1,1,65.95
03,120246710213420090,ACTIVE,325,20.200000000000003,337,14,17,0,0,0
03,120245602350460032,ACTIVE,200,20.200000000000003,579,26,26,6,3,110.11
03,120242756170960358,ACTIVE,100,19.99,328,5,6,1,1,48.17
03,120247124966060090,ACTIVE,119,19.98,448,12,11,1,1,86.35
03,120246710213410090,ACTIVE,560,19.85,548,11,17,1,1,36.940000000000005
03,120248326394910455,ACTIVE,133,19.77,468,14,17,1,0,0
03,120244070206100125,ACTIVE,250,19.66,526,13,13,1,0,0
03,120248074673620462,ACTIVE,105,19.66,260,2,3,0,0,0
03,120249115230940100,ACTIVE,399,19.62,448,12,11,1,1,38.17
03,120251170246880404,ACTIVE,80,19.6,206,9,10,0,0,0
03,120246841599550477,ACTIVE,90,19.6,280,8,8,0,0,0
03,120248622152780695,ACTIVE,131,19.53,524,16,16,1,1,140.23
03,120247489931670431,PAUSED,220,19.52,393,13,12,0,0,0
03,120245201189650686,ACTIVE,80,19.52,291,10,9,3,2,59.96
03,120246008618270241,ACTIVE,200,19.389999999999997,979,22,25,0,0,0
03,120245685799910707,ACTIVE,100,19.2,892,23,25,3,2,61.239999999999995
03,120245943231800173,ACTIVE,150,19.16,476,21,19,1,0,0
03,120244155465260146,ACTIVE,100,19.05,894,22,23,4,2,83.96000000000001
03,120244823852300686,ACTIVE,100,19.02,345,11,10,2,1,51.22
03,120235701428400210,ACTIVE,200,19,484,7,9,0,0,0
03,120243986595710788,ACTIVE,50,19,270,6,5,0,0,0
03,120245201223530686,ACTIVE,80,18.94,247,4,6,2,0,0
03,120244581454670686,ACTIVE,100,18.939999999999998,339,5,6,0,0,0
03,120244878279420125,ACTIVE,400,18.91,685,10,13,0,0,0
03,120243335632250705,ACTIVE,80,18.79,352,5,6,0,0,0
03,120247324556450065,ACTIVE,100,18.789999999999996,289,15,17,3,0,0
03,120252003446420054,ACTIVE,100,18.75,382,8,8,2,2,85.2
03,120248326394610455,ACTIVE,133,18.65,506,15,17,1,0,0
03,120256572736720586,ACTIVE,100,18.61,542,13,13,1,0,0
03,120250812820290709,ACTIVE,100,18.57,500,7,10,0,0,0
03,120248698800290127,ACTIVE,100,18.48,221,7,9,1,1,34.98
03,120249009593350565,ACTIVE,100,18.419999999999998,235,4,5,0,0,0
03,120247193573040509,ACTIVE,200,18.35,841,19,20,1,0,0
03,120249009593320565,ACTIVE,100,18.3,255,10,9,0,0,0
03,120244713213750177,ACTIVE,100,18.28,372,8,9,0,0,0
03,120245298343980752,ACTIVE,100,18.19,366,3,3,1,1,24.98
03,120245460221520177,ACTIVE,100,18.12,311,16,19,1,0,0
03,120244581910350686,ACTIVE,300,18.02,210,5,6,0,0,0
03,120246631717220097,ACTIVE,80,17.91,346,10,10,2,1,90.46000000000001
03,120246100566560173,PAUSED,100,17.869999999999997,310,12,12,0,0,0
03,120246338028120241,ACTIVE,200,17.759999999999998,1491,28,32,2,0,0
03,120247479945600065,ACTIVE,300,17.74,642,11,12,1,0,0
03,120249265471800725,ACTIVE,100,17.73,1806,19,31,0,0,0
03,120248025748300126,ACTIVE,87,17.720000000000002,467,8,12,0,0,0
03,6988605850626,ACTIVE,100,17.64,441,3,3,0,0,0
03,120248318268940152,ACTIVE,200,17.53,493,7,10,1,0,0
03,120243508760940146,ACTIVE,143,17.490000000000002,398,7,7,1,1,41.980000000000004
03,120244823852370686,ACTIVE,100,17.47,309,6,8,2,2,81.19
03,6988605843426,ACTIVE,100,17.41,423,7,8,2,2,83.96000000000001
03,120244428953840686,ACTIVE,100,17.39,452,9,13,0,0,0
03,120248299568480431,ACTIVE,130,17.34,329,13,15,2,1,28.98
03,120245232977300320,ACTIVE,134,17.21,638,15,14,0,0,0
03,120247974813890642,ACTIVE,125,17.18,512,9,9,0,0,0
03,120246338179300642,ACTIVE,340,17.13,616,13,13,1,0,0
03,120248556140990663,ACTIVE,200,17.07,337,12,10,1,1,37.98
03,120245381315950677,ACTIVE,100,17.060000000000002,435,3,3,0,0,0
03,120244428953860686,ACTIVE,100,17.05,403,12,11,2,2,59.96000000000001
03,120249525957160319,ACTIVE,360,16.9,557,9,13,1,0,0
03,120248717970160229,ACTIVE,80,16.87,266,9,11,1,0,0
03,120245201694450686,ACTIVE,80,16.85,244,8,7,1,0,0
03,120244794017770320,ACTIVE,120,16.76,813,11,15,0,0,0
03,120246880890560629,ACTIVE,100,16.74,301,7,7,0,0,0
03,120246643142900065,ACTIVE,168,16.6,466,9,9,0,0,0
03,120247993581120462,ACTIVE,104,16.54,332,3,6,0,0,0
03,120246562589300629,ACTIVE,100,16.52,214,3,5,1,1,113.33000000000001
03,120245201303000686,ACTIVE,80,16.49,334,10,11,2,0,0
03,120244083558180146,ACTIVE,100,16.439999999999998,519,14,15,2,1,41.98
03,120247175023780065,ACTIVE,100,16.419999999999998,473,14,10,1,1,29.98
03,120243466971930678,ACTIVE,100,16.36,365,7,6,1,1,41.72
03,120246242129020477,ACTIVE,100,16.29,399,19,16,0,0,0
03,120248299568450431,ACTIVE,130,16.189999999999998,325,9,10,3,0,0
03,120247084134340065,ACTIVE,100,16.14,315,11,11,1,0,0
03,120245119189080630,ACTIVE,124,16.12,633,24,24,4,1,40.97
03,120248180636520589,ACTIVE,100,16.05,460,8,9,1,0,0
03,120246343722040707,ACTIVE,82,15.989999999999998,259,9,9,0,0,0
03,120247238927160043,ACTIVE,140,15.95,260,8,9,0,0,0
03,120245662338590780,ACTIVE,80,15.930000000000001,256,5,4,1,1,24.98
03,120248082904030663,ACTIVE,150,15.930000000000001,204,9,8,1,1,37.98
03,120246011193300707,ACTIVE,100,15.91,311,8,8,2,0,0
03,120246374707600097,ACTIVE,124,15.900000000000002,377,10,9,1,1,63.47
03,120248359442970589,ACTIVE,200,15.85,372,7,8,1,1,29.98
03,120244761350620455,ACTIVE,135,15.81,487,11,11,1,0,0
03,120247813840280065,ACTIVE,93,15.790000000000001,341,14,12,3,0,0
03,120245736607120177,ACTIVE,100,15.700000000000001,318,10,10,0,0,0
03,120245622959630630,ACTIVE,73,15.69,331,6,6,0,0,0
03,120247453928360065,ACTIVE,100,15.66,490,9,8,1,0,0
03,120245198116820177,ACTIVE,100,15.65,343,11,11,1,1,71.21
03,120242756171170358,ACTIVE,100,15.64,288,8,9,0,0,0
03,120244967217550436,ACTIVE,106,15.610000000000001,599,11,11,1,0,0
03,120243593315080146,ACTIVE,224,15.58,291,5,9,0,0,0
03,120250201442440577,ACTIVE,100,15.58,316,11,10,2,1,28.98
03,120245010386240709,ACTIVE,250,15.49,286,2,3,0,0,0
03,120245514271740065,ACTIVE,115,15.49,326,14,13,2,1,49.52
03,120247974813980642,ACTIVE,125,15.47,527,7,7,0,0,0
03,120246666161080477,ACTIVE,100,15.459999999999999,280,15,14,1,0,0
03,120248698801690127,ACTIVE,100,15.43,221,6,7,0,0,0
03,120246583098270674,ACTIVE,100,15.4,346,7,8,0,0,0
03,120247705045190564,ACTIVE,300,15.350000000000001,501,4,7,0,0,0
03,120244360843810065,ACTIVE,135,15.28,388,10,11,1,0,0
03,120245205425940677,ACTIVE,100,15.25,417,3,3,1,1,70.02
03,120245201694370686,ACTIVE,80,15.200000000000001,285,12,10,2,1,51.22
03,120245736385440177,ACTIVE,100,15.180000000000001,283,4,4,1,1,29.980000000000004
03,120245487786040032,ACTIVE,121,15.149999999999999,409,12,14,2,0,0
03,120251769553160054,ACTIVE,104,15.120000000000001,299,7,7,0,0,0
03,120245514271720065,ACTIVE,115,14.99,246,9,12,0,0,0
03,120247073165120090,ACTIVE,523,14.97,365,9,15,0,0,0
03,120250703936480404,ACTIVE,104,14.950000000000001,236,5,10,0,0,0
03,120244083558220146,ACTIVE,100,14.95,670,16,18,2,1,75.21
03,120245606890820025,ACTIVE,100,14.93,180,8,9,1,0,0
03,120244618043630436,ACTIVE,153,14.89,478,8,13,1,0,0
03,120245931951070650,ACTIVE,300,14.889999999999999,211,13,9,1,0,0
03,120244566743700788,ACTIVE,50,14.81,193,5,5,0,0,0
03,120246330272120320,ACTIVE,109,14.77,457,8,9,0,0,0
03,120246597569540214,ACTIVE,160,14.719999999999999,288,8,9,2,1,24.97
03,120247901344790425,ACTIVE,300,14.719999999999999,315,5,8,1,0,0
03,120249457460140127,ACTIVE,100,14.67,168,10,10,1,0,0
03,120247445963560509,ACTIVE,103,14.649999999999999,521,8,7,1,0,0
03,120248974670400019,ACTIVE,50,14.62,192,3,8,0,0,0
03,120248923191120589,ACTIVE,155,14.52,302,6,7,0,0,0
03,120246024108390751,ACTIVE,355,14.51,415,6,13,4,1,22.98
03,120247876590550126,ACTIVE,90,14.5,440,11,11,0,0,0
03,120246308997790032,ACTIVE,100,14.47,319,8,9,1,0,0
03,120248703982780229,ACTIVE,80,14.44,222,9,8,0,0,0
03,120251502157250054,ACTIVE,100,14.39,222,12,11,1,0,0
03,120246632417160097,ACTIVE,80,14.320000000000002,409,6,5,0,0,0
03,120245693759670630,ACTIVE,80,14.279999999999998,397,6,5,1,1,78.94
03,120246107483730752,ACTIVE,169,14.2,434,10,12,0,0,0
03,120246222498150752,ACTIVE,75,14.16,303,2,12,0,0,0
03,120248703982740229,ACTIVE,80,14.129999999999999,260,12,11,2,2,70.95
03,120242746886630788,ACTIVE,135,14.05,318,2,4,0,0,0
03,120244967217480436,ACTIVE,106,14.030000000000001,504,14,14,2,1,99.72
03,120249062394160019,ACTIVE,150,14.02,316,6,7,3,2,83.94
03,120248151509310425,ACTIVE,200,14.01,400,7,9,1,1,69.67
03,120243772698800146,ACTIVE,100,13.87,485,20,17,1,0,0
03,120245693759830630,ACTIVE,80,13.860000000000001,360,6,7,1,0,0
03,120249412510510100,ACTIVE,91,13.68,355,8,9,1,1,52.56
03,120246631717240097,ACTIVE,80,13.67,444,11,11,0,0,0
03,120246309078080032,ACTIVE,100,13.63,263,7,7,1,1,22.98
03,120244883028360686,ACTIVE,80,13.57,219,7,9,1,1,29.98
03,120247453929680065,ACTIVE,182,13.430000000000001,419,5,7,2,1,29.98
03,120249222913640100,ACTIVE,100,13.39,211,8,9,1,1,38.17
03,120247445963200509,ACTIVE,103,13.39,529,6,7,2,2,102.65
03,120249013372050100,ACTIVE,100,13.34,238,4,5,0,0,0
03,120248204881060455,ACTIVE,135,13.3,414,9,11,3,3,268.1
03,120243832687650146,ACTIVE,100,13.23,370,8,9,0,0,0
03,120245693709760630,ACTIVE,80,13.190000000000001,360,8,9,0,0,0
03,120247605280040425,ACTIVE,300,13.14,397,10,15,0,0,0
03,120246625421570097,ACTIVE,92,13.07,358,5,6,2,1,61.96999999999999
03,6995238695495,ACTIVE,50,13.06,150,5,7,0,0,0
03,120246213764990470,ACTIVE,90,13.040000000000001,399,7,8,0,0,0
03,120245693709840630,ACTIVE,80,13.020000000000001,353,6,6,0,0,0
03,120243142609020146,ACTIVE,200,12.98,258,7,10,1,1,41.980000000000004
03,120245592542820133,ACTIVE,60,12.89,177,6,7,2,1,66.02
03,120256572736650586,ACTIVE,500,12.79,417,5,8,1,1,28.98
03,120246382556450462,ACTIVE,195,12.78,269,8,7,0,0,0
03,120246736742480477,ACTIVE,90,12.74,207,9,9,1,0,0
03,120248139130280455,ACTIVE,155,12.71,382,10,9,0,0,0
03,120249528844270064,ACTIVE,100,12.69,225,9,8,0,0,0
03,120245662338460780,ACTIVE,80,12.6,256,4,5,2,2,101.92999999999999
03,120248270609930152,ACTIVE,200,12.57,581,7,7,0,0,0
03,120246819645500629,ACTIVE,100,12.55,327,5,4,1,0,0
03,120244724274460678,ACTIVE,100,12.54,215,7,6,0,0,0
03,120246343721680707,ACTIVE,82,12.53,242,11,8,0,0,0
03,120249457298140127,ACTIVE,100,12.46,160,6,8,1,0,0
03,120249754760810019,ACTIVE,100,12.43,257,5,7,0,0,0
03,120246631674810097,ACTIVE,80,12.420000000000002,388,6,7,1,1,61.97
03,120246773871740629,ACTIVE,100,12.27,295,4,4,1,1,36.95
03,120243205951310642,ACTIVE,100,12.24,532,4,7,0,0,0
03,120246070715810752,ACTIVE,100,12.200000000000001,342,8,8,1,1,40.97
03,120247311647030509,ACTIVE,100,12.190000000000001,439,13,13,0,0,0
03,120245964184870707,ACTIVE,100,12.139999999999999,229,10,12,3,3,131.64
03,120248880534940100,ACTIVE,100,12.09,274,4,2,0,0,0
03,120246259925420674,ACTIVE,200,12.09,194,7,7,0,0,0
03,120248204881090455,ACTIVE,135,12.01,306,3,3,1,0,0
03,120246178825710752,ACTIVE,169,11.99,367,6,9,2,1,54.96
03,120246308997710032,ACTIVE,100,11.96,299,12,12,1,0,0
03,120248108038930561,ACTIVE,96,11.96,410,15,15,1,0,0
03,120248540698960725,ACTIVE,100,11.940000000000001,271,8,8,0,0,0
03,120244011865020146,ACTIVE,100,11.879999999999999,252,3,2,0,0,0
03,120244155464650146,ACTIVE,100,11.83,292,6,7,0,0,0
03,120256546977430586,ACTIVE,126,11.79,494,6,9,1,1,86.55
03,120250201697380577,ACTIVE,100,11.75,270,4,6,0,0,0
03,120251037305290166,ACTIVE,100,11.67,252,9,9,2,1,24.98
03,120246599890040214,ACTIVE,120,11.64,155,3,3,1,1,59.93
03,120246773871680629,ACTIVE,100,11.639999999999999,215,2,2,0,0,0
03,120250554304290404,ACTIVE,300,11.600000000000001,151,2,3,1,0,0
03,6995238696095,ACTIVE,50,11.57,151,8,10,1,1,54.980000000000004
03,120250678039650651,ACTIVE,80,11.54,280,12,15,1,0,0
03,120247616942850561,ACTIVE,100,11.510000000000002,317,9,11,0,0,0
03,120244618043570436,ACTIVE,100,11.5,366,15,16,3,1,99.71
03,120243673094650146,ACTIVE,100,11.49,339,14,12,1,0,0
03,120244242496990780,ACTIVE,200,11.49,285,6,7,0,0,0
03,120248911416770577,ACTIVE,501,11.38,319,9,11,3,2,77.14999999999999
03,120246804547700175,ACTIVE,100,11.379999999999999,557,6,6,0,0,0
03,120245899907660065,ACTIVE,115,11.28,219,5,5,0,0,0
03,120244880653330686,ACTIVE,133,11.28,287,8,8,1,2,102.44
03,120249412510530100,ACTIVE,91,11.26,333,10,9,0,0,0
03,120246286465380752,ACTIVE,100,11.18,283,9,9,2,1,54.96
03,120246100582600173,ACTIVE,80,11.149999999999999,337,9,11,2,0,0
03,120246581316290126,ACTIVE,80,11.129999999999999,379,14,10,1,1,51.209999999999994
03,120249115231040100,ACTIVE,100,11.11,238,9,9,1,1,22.979999999999997
03,120247306268350043,ACTIVE,70,11.1,148,6,5,0,0,0
03,120251856003590054,ACTIVE,100,11.030000000000001,231,10,9,1,0,0
03,120243071308620125,ACTIVE,300,11.02,360,5,6,0,0,0
03,120250691304310722,ACTIVE,68,11,176,4,5,0,0,0
03,120246191098790320,ACTIVE,120,10.920000000000002,385,4,8,2,1,58.77
03,120247322669120509,ACTIVE,100,10.89,430,8,9,1,1,85.96000000000001
03,120247040711030629,ACTIVE,100,10.89,155,5,4,1,1,63.91
03,120250596505340709,ACTIVE,100,10.82,359,14,14,1,0,0
03,120243772698880146,ACTIVE,100,10.799999999999999,515,7,6,0,0,0
03,120247483865740100,ACTIVE,300,10.790000000000001,264,6,10,1,0,0
03,120242700474080358,ACTIVE,100,10.770000000000001,218,4,3,0,0,0
03,120245224035350179,ACTIVE,120,10.73,464,6,5,1,0,0
03,120247389356380455,ACTIVE,100,10.700000000000001,242,6,6,0,0,0
03,120247862754470462,PAUSED,73,10.67,103,2,2,0,0,0
03,120244079033450320,ACTIVE,120,10.65,404,13,14,1,1,82.02000000000001
03,120246491099340090,ACTIVE,100,10.58,213,6,7,0,0,0
03,120247467570380455,ACTIVE,100,10.530000000000001,208,9,11,1,1,60.41
03,120243144633320146,ACTIVE,100,10.53,287,13,13,1,0,0
03,120245899907890065,ACTIVE,115,10.47,215,2,4,0,0,0
03,120248448870780725,ACTIVE,100,10.43,223,5,4,1,1,49.37
03,120248252434110561,ACTIVE,87,10.4,249,12,11,2,0,0
03,120248025171210561,ACTIVE,97,10.399999999999999,356,7,10,0,0,0
03,120247645229990642,ACTIVE,100,10.39,389,10,10,0,0,0
03,120246733902040065,ACTIVE,80,10.39,211,3,4,0,0,0
03,120248474785690152,ACTIVE,105,10.360000000000001,461,13,12,0,0,0
03,120244006723720129,ACTIVE,100,10.17,275,9,10,0,0,0
03,120247392329370509,ACTIVE,100,10.14,399,9,10,1,0,0
03,120247109115250389,ACTIVE,100,10.120000000000001,275,15,23,1,0,0
03,120246632417260097,ACTIVE,80,10.020000000000001,341,2,2,0,0,0
03,120244008702660129,ACTIVE,100,10.02,307,5,8,1,1,41.980000000000004
03,120244824582450436,ACTIVE,90,10.02,328,10,12,1,1,68.22999999999999
03,120248974670480019,ACTIVE,50,9.99,148,2,5,0,0,0
03,120246946458510629,ACTIVE,100,9.989999999999998,243,4,4,1,0,0
03,120244194695070177,ACTIVE,100,9.95,199,13,11,1,1,29.98
03,120250905694920651,ACTIVE,80,9.92,219,9,10,0,0,0
03,120247504003780425,ACTIVE,100,9.84,258,4,6,1,1,97.71
03,120246583047400674,ACTIVE,100,9.82,241,8,10,0,0,0
03,120245825448150533,ACTIVE,100,9.82,343,8,8,1,0,0
03,120247061773550509,ACTIVE,100,9.81,479,10,13,0,0,0
03,120246286557160752,ACTIVE,100,9.8,315,8,11,1,0,0
03,120251239771420586,ACTIVE,134,9.780000000000001,270,5,6,0,0,0
03,120245541619240177,ACTIVE,100,9.68,218,7,6,1,0,0
03,120246733854740065,ACTIVE,80,9.649999999999999,155,8,9,0,0,0
03,120246309078150032,ACTIVE,100,9.620000000000001,209,10,7,1,0,0
03,120246270264070320,ACTIVE,120,9.6,346,6,7,1,1,34.07
03,120246286382660752,ACTIVE,100,9.58,272,11,10,2,1,24.98
03,120246733854770065,ACTIVE,80,9.58,201,10,13,0,0,0
03,120247107054620509,ACTIVE,100,9.55,180,4,6,1,1,29.979999999999997
03,120244793522550320,ACTIVE,120,9.47,300,4,3,0,0,0
03,120245750558170707,ACTIVE,100,9.44,212,3,4,0,0,0
03,120245881655400509,ACTIVE,92,9.44,293,10,8,2,1,61.97
03,120247322351430090,ACTIVE,60,9.41,141,4,7,1,0,0
03,23857304059010799,ACTIVE,50,9.4,109,6,5,1,1,27.979999999999997
03,120246299672700751,ACTIVE,195,9.37,313,8,10,2,0,0
03,120244431777030751,ACTIVE,680,9.36,404,5,11,0,0,0
03,120246169445720320,ACTIVE,108,9.32,246,10,8,1,1,82.02
03,120249073752900725,ACTIVE,100,9.26,162,6,5,0,0,0
03,120247558121560065,ACTIVE,94,9.239999999999998,285,3,3,0,0,0
03,120244153199490146,ACTIVE,100,9.2,177,0,0,0,0,0
03,120245662434130780,ACTIVE,80,9.18,203,6,7,1,1,24.98
03,120248318269050152,ACTIVE,80,9.16,204,6,4,0,0,0
03,120246522122340677,ACTIVE,100,9.16,199,4,6,1,0,0
03,6995131005895,ACTIVE,50,9.08,164,5,3,2,0,0
03,120246666123990477,ACTIVE,100,9.04,135,3,6,0,0,0
03,120248996649810116,ACTIVE,100,9.02,142,4,4,1,0,0
03,120246415849650214,ACTIVE,160,8.96,136,2,3,1,0,0
03,120249061328590589,ACTIVE,100,8.96,126,2,2,0,0,0
03,120247199911470090,ACTIVE,122,8.96,222,7,8,0,0,0
03,120251642537180054,ACTIVE,80,8.94,181,5,5,0,0,0
03,120246666193770477,ACTIVE,100,8.91,176,6,5,0,0,0
03,120249062217790019,ACTIVE,50,8.850000000000001,230,9,8,2,1,29.979999999999997
03,120248802175730319,ACTIVE,200,8.85,225,5,7,0,0,0
03,120246087968610032,ACTIVE,72,8.84,252,7,5,1,1,21.98
03,120246178127590241,ACTIVE,100,8.82,382,8,11,0,0,0
03,120249431214270100,ACTIVE,100,8.79,223,2,2,1,1,38.17
03,120248532436300048,ACTIVE,100,8.77,89,3,3,1,0,0
03,120244006723850129,ACTIVE,100,8.73,303,8,8,0,0,0
03,120249265523540725,ACTIVE,100,8.71,230,4,4,0,0,0
03,120246583070910674,ACTIVE,100,8.68,226,4,5,1,0,0
03,120244389916660436,ACTIVE,100,8.68,465,9,10,2,0,0
03,120248111423590168,ACTIVE,101,8.68,242,7,8,2,0,0
03,120242870748820133,ACTIVE,80,8.64,148,2,4,1,1,37.980000000000004
03,120247547590960642,ACTIVE,200,8.6,209,3,3,4,1,92.3
03,120246686798620214,ACTIVE,100,8.6,135,5,5,1,1,24.97
03,120249433591590100,ACTIVE,100,8.57,210,2,0,0,0,0
03,120247306268430043,PAUSED,70,8.540000000000001,131,2,2,0,0,0
03,120247444123640509,ACTIVE,100,8.53,270,5,5,0,0,0
03,120243929504820146,ACTIVE,100,8.5,123,2,1,1,1,75.22
03,120248764599250589,ACTIVE,100,8.49,192,5,7,1,1,29.98
03,120244691045040320,ACTIVE,120,8.459999999999999,348,5,7,0,0,0
03,120244938793740663,ACTIVE,210,8.44,161,7,9,1,1,37.980000000000004
03,120249824676430057,ACTIVE,100,8.43,116,4,5,1,1,156.64000000000001
03,120249286765290368,ACTIVE,400,8.41,249,10,11,1,0,0
03,120245466475870630,ACTIVE,110,8.41,247,5,7,4,4,184.33999999999997
03,120246867532780629,ACTIVE,100,8.37,211,5,6,0,0,0
03,120244349822900686,ACTIVE,100,8.350000000000001,122,3,3,0,0,0
03,120246770835970175,ACTIVE,110,8.32,234,6,5,2,0,0
03,120249265909030725,ACTIVE,100,8.32,176,3,3,0,0,0
03,120249456377680127,ACTIVE,100,8.32,130,3,3,0,0,0
03,120247444104590509,ACTIVE,100,8.3,262,10,11,1,0,0
03,120247443894310509,ACTIVE,100,8.3,286,10,8,0,0,0
03,120244389916630436,ACTIVE,100,8.29,341,7,8,0,0,0
03,120247246948530509,ACTIVE,100,8.280000000000001,435,5,5,0,0,0
03,120244581910630686,ACTIVE,80,8.260000000000002,146,6,5,3,3,131.16000000000003
03,120249433591380100,ACTIVE,100,8.26,191,8,9,2,1,52.56
03,120248224810100389,ACTIVE,80,8.25,227,15,14,1,0,0
03,120245823079650320,ACTIVE,100,8.23,240,4,3,0,0,0
03,120248774488970725,ACTIVE,100,8.22,230,7,9,0,0,0
03,120249431214310100,ACTIVE,100,8.190000000000001,203,4,4,0,0,0
03,120246465900910677,ACTIVE,100,8.19,165,4,2,1,0,0
03,120246270030620320,ACTIVE,120,8.19,159,3,4,0,0,0
03,120246733901990065,ACTIVE,80,8.18,212,7,9,0,0,0
03,120246583142050674,ACTIVE,100,8.15,192,5,5,0,0,0
03,120248085583660127,ACTIVE,100,8.14,102,2,3,0,0,0
03,120256254668930586,ACTIVE,50,8.11,221,6,9,1,0,0
03,120249105110140210,ACTIVE,111,8.05,315,3,3,0,0,0
03,120247058049910303,ACTIVE,120,8.04,156,6,6,1,1,43.97
03,120247534964830642,ACTIVE,100,7.98,187,4,5,1,1,37.95
03,120248923191070589,ACTIVE,100,7.96,149,3,3,0,0,0
03,120247728967380642,ACTIVE,100,7.94,133,2,2,1,0,0
03,120243602902170032,ACTIVE,100,7.92,260,3,3,0,0,0
03,120246191098970320,ACTIVE,120,7.92,297,5,6,1,0,0
03,120248056801340561,ACTIVE,60,7.91,181,5,6,0,0,0
03,120247114547280509,ACTIVE,85,7.909999999999999,312,5,7,1,1,34.98
03,120243593808880146,ACTIVE,100,7.9,216,4,6,1,0,0
03,120250139945670577,ACTIVE,100,7.86,78,2,4,0,0,0
03,120246399807540674,ACTIVE,100,7.840000000000001,123,8,8,1,0,0
03,120247970574920126,ACTIVE,80,7.840000000000001,269,4,4,0,0,0
03,120247442486870509,ACTIVE,100,7.8,142,1,1,0,0,0
03,120247365940320642,ACTIVE,100,7.79,149,3,4,1,0,0
03,120244566743750788,ACTIVE,50,7.77,83,0,1,0,0,0
03,120248056801430561,ACTIVE,60,7.739999999999999,139,4,6,0,0,0
03,120246583142090674,ACTIVE,100,7.73,192,5,3,0,0,0
03,120246733877000065,ACTIVE,80,7.68,153,5,6,0,0,0
03,120242847129030686,ACTIVE,100,7.68,247,4,5,1,1,29.979999999999997
03,120255653285300586,ACTIVE,100,7.67,166,3,5,1,0,0
03,120248490741000152,ACTIVE,120,7.63,357,8,9,1,0,0
03,120247601538900425,ACTIVE,150,7.609999999999999,152,3,6,0,0,0
03,120251701953330054,ACTIVE,100,7.59,161,3,3,2,2,63.959999999999994
03,120247443894130509,ACTIVE,100,7.54,260,4,4,0,0,0
03,120245170581670686,PAUSED,100,7.53,61,1,1,0,0,0
03,120247370270360509,ACTIVE,101,7.499999999999999,300,6,9,0,0,0
03,120247890133980642,ACTIVE,124,7.48,310,4,6,2,1,37.95
03,120249283733020100,ACTIVE,90,7.47,153,5,7,1,1,52.56
03,120246396470350674,ACTIVE,100,7.43,113,2,1,0,0,0
03,120245466475590630,ACTIVE,110,7.3999999999999995,202,5,4,1,1,24.98
03,120246707623720509,ACTIVE,117,7.38,223,5,5,1,0,0
03,120247442725770509,ACTIVE,100,7.37,273,5,5,1,1,34.98
03,120245306349070462,ACTIVE,100,7.35,175,1,2,1,1,39.98
03,120247443636720509,ACTIVE,100,7.34,282,6,5,1,1,36.47
03,120244963676310686,ACTIVE,80,7.3,136,7,6,0,0,0
03,120245500027320032,ACTIVE,100,7.199999999999999,196,8,10,3,0,0
03,120245847712420650,ACTIVE,114,7.18,69,2,2,0,0,0
03,120244911557470436,ACTIVE,100,7.16,326,18,20,2,1,68.22
03,120246733876960065,ACTIVE,80,7.15,138,5,9,1,0,0
03,120245380678000025,ACTIVE,100,7.140000000000001,102,8,4,0,0,0
03,120246377047690097,ACTIVE,150,7.09,256,4,8,0,0,0
03,120245044044890686,ACTIVE,80,7.03,138,3,2,0,0,0
03,23857304059050799,ACTIVE,50,7.0200000000000005,75,3,3,0,0,0
03,120249178308050725,ACTIVE,100,7,146,3,4,0,0,0
03,120246570408620477,ACTIVE,100,6.949999999999999,124,2,4,1,0,0
03,120249533679040019,ACTIVE,150,6.91,166,6,4,0,0,0
03,120248151239370425,ACTIVE,100,6.91,81,4,5,0,0,0
03,120246619814510549,ACTIVE,85,6.800000000000001,162,1,2,0,0,0
03,120246299721480751,ACTIVE,195,6.78,175,3,4,0,0,0
03,120248248635000455,ACTIVE,132,6.779999999999999,112,5,3,0,0,0
03,120244014047710146,ACTIVE,100,6.7700000000000005,170,2,2,1,0,0
03,120247866597100389,ACTIVE,100,6.74,236,4,3,0,0,0
03,120246069254050470,ACTIVE,98,6.73,173,7,6,1,0,0
03,120243844678990129,ACTIVE,200,6.6899999999999995,184,3,4,1,1,66.48
03,120249251074290319,ACTIVE,120,6.66,218,3,5,0,0,0
03,120249265837020725,ACTIVE,100,6.64,174,3,4,0,0,0
03,120245825263430533,ACTIVE,100,6.62,241,8,7,0,0,0
03,120247040711430629,ACTIVE,100,6.540000000000001,177,3,5,1,1,89.36999999999999
03,120248137514550561,ACTIVE,100,6.54,188,7,7,1,0,0
03,120248288633270389,ACTIVE,81,6.5,187,6,5,0,0,0
03,120246522442100677,ACTIVE,100,6.49,98,3,3,0,0,0
03,120251062504040166,PAUSED,30,6.48,162,2,2,0,0,0
03,120248604432660663,ACTIVE,80,6.47,125,3,4,2,1,66.02
03,120245622959400630,ACTIVE,127,6.4399999999999995,162,0,1,0,0,0
03,120247829146440561,ACTIVE,114,6.43,161,5,8,0,0,0
03,120247444805610509,ACTIVE,100,6.33,227,3,3,0,0,0
03,120247858934130544,ACTIVE,76,6.32,168,5,5,1,1,27.98
03,120249179840870725,ACTIVE,100,6.28,160,0,1,0,0,0
03,120247444123290509,ACTIVE,100,6.27,182,3,3,0,0,0
03,120245651364090303,ACTIVE,80,6.1899999999999995,127,3,5,0,0,0
03,120247280578260065,ACTIVE,100,6.18,169,1,4,1,0,0
03,120244154844240146,ACTIVE,100,6.17,194,5,4,1,0,0
03,120246672624130642,ACTIVE,100,6.16,112,1,1,0,0,0
03,120245063703470133,ACTIVE,80,6.15,135,1,1,0,0,0
03,120244154320860146,ACTIVE,100,6.14,167,4,4,1,0,0
03,120245583667780533,ACTIVE,100,6.130000000000001,196,1,2,0,0,0
03,120251769553070054,ACTIVE,73,6.11,146,3,4,1,1,73.21
03,120244349823030686,ACTIVE,100,6.09,123,2,2,0,0,0
03,120245380137820707,ACTIVE,200,6.07,102,4,3,0,0,0
03,120247829243430751,PAUSED,100,6.0600000000000005,94,1,1,0,0,0
03,120246699106190629,ACTIVE,100,6.039999999999999,185,2,3,0,0,0
03,120248129114130695,ACTIVE,150,6.03,148,5,5,0,0,0
03,120244674407170788,ACTIVE,50,6.01,107,4,4,0,0,0
03,120250005173420404,ACTIVE,111,5.99,116,4,4,0,0,0
03,120247442725840509,ACTIVE,100,5.98,269,6,6,0,0,0
03,120246471244730065,ACTIVE,135,5.98,212,5,5,0,0,0
03,120248535565040229,ACTIVE,156,5.98,126,3,3,0,0,0
03,120247444105020509,ACTIVE,100,5.95,229,5,4,0,0,0
03,120244156313240146,ACTIVE,100,5.95,155,1,1,0,0,0
03,120244566548030788,ACTIVE,50,5.94,78,5,4,0,0,0
03,120246870229730642,ACTIVE,105,5.870000000000001,119,2,1,0,0,0
03,120247508094040725,ACTIVE,100,5.85,222,6,6,1,1,124.57000000000001
03,120247482195350544,ACTIVE,74,5.8100000000000005,190,3,2,1,0,0
03,120247795310860126,ACTIVE,100,5.79,90,0,2,0,0,0
03,120244153272430146,ACTIVE,100,5.77,113,2,3,0,0,0
03,120254529951930197,ACTIVE,100,5.76,128,4,3,0,0,0
03,120247828626130751,PAUSED,100,5.73,86,2,2,1,1,22.98
03,120245649056680177,PAUSED,100,5.699999999999999,73,2,1,0,0,0
03,120244300638070032,ACTIVE,100,5.68,125,6,6,0,0,0
03,120246040085600751,ACTIVE,370,5.670000000000001,161,1,4,1,1,22.98
03,120244915930060436,ACTIVE,100,5.640000000000001,177,6,9,0,0,0
03,120247315036090043,PAUSED,70,5.63,71,5,6,0,0,0
03,120245889270720065,ACTIVE,40,5.609999999999999,140,4,3,0,0,0
03,120242972188130146,ACTIVE,100,5.59,185,5,6,0,0,0
03,120244165647870788,ACTIVE,50,5.58,77,2,5,0,0,0
03,120244404574840678,ACTIVE,118,5.53,107,1,0,0,0,0
03,120247815782080642,ACTIVE,122,5.52,145,6,7,0,0,0
03,120245170402820686,PAUSED,100,5.510000000000001,50,1,1,0,0,0
03,120249265837120725,ACTIVE,100,5.48,144,2,2,0,0,0
03,120244154320110146,ACTIVE,100,5.48,178,5,6,0,0,0
03,120246558672090097,ACTIVE,152,5.459999999999999,173,4,5,0,1,61.970000000000006
03,120251037305040166,PAUSED,30,5.45,114,0,1,0,0,0
03,120249152473440247,ACTIVE,100,5.35,127,4,7,0,0,0
03,120243465250350705,ACTIVE,80,5.34,122,2,2,1,0,0
03,120247442428440509,ACTIVE,80,5.34,169,2,3,0,0,0
03,120244480112510436,ACTIVE,100,5.33,191,4,4,0,0,0
03,120247199911460090,ACTIVE,122,5.27,118,3,5,1,1,62.38999999999999
03,120247110428960175,PAUSED,100,5.26,72,3,3,0,0,0
03,120244154844180146,ACTIVE,100,5.24,179,5,9,0,0,0
03,120244156313420146,ACTIVE,100,5.24,125,4,3,0,0,0
03,120247995051750695,ACTIVE,105,5.23,121,0,2,0,0,0
03,120245170492570686,PAUSED,100,5.220000000000001,60,0,0,0,0,0
03,120244678961010788,ACTIVE,50,5.21,137,3,3,0,0,0
03,120245622959500630,ACTIVE,102,5.16,138,8,8,1,0,0
03,120243771828200436,ACTIVE,100,5.140000000000001,150,6,7,1,1,99.72
03,120249646481980279,ACTIVE,80,5.120000000000001,221,3,2,0,0,0
03,120246619814540549,ACTIVE,55,5.119999999999999,113,1,1,0,0,0
03,120247444805690509,ACTIVE,100,5.1,263,4,5,0,0,0
03,120254284171910197,ACTIVE,100,5.1,74,4,3,0,0,0
03,120243458344240129,ACTIVE,100,5.09,158,3,4,1,1,66.48
03,120248357292800469,ACTIVE,80,5.08,90,3,5,0,0,0
03,120247865520180544,ACTIVE,80,5.029999999999999,123,1,4,0,0,0
03,120244153235540146,ACTIVE,100,5.01,197,6,6,0,0,0
03,120244918988320303,ACTIVE,40,5.01,132,6,6,1,0,0
03,120251191169790651,ACTIVE,80,5,99,1,1,0,0,0
03,23857331534270799,ACTIVE,50,5,41,3,3,0,0,0
03,23857454054060799,ACTIVE,50,4.99,55,1,4,1,1,47.51
03,120244011864950146,ACTIVE,100,4.96,135,5,5,1,1,41.980000000000004
03,120249265792310725,ACTIVE,100,4.95,129,5,4,1,1,49.37
03,120247322861560509,ACTIVE,100,4.95,224,2,4,0,0,0
03,120247823215090168,ACTIVE,100,4.949999999999999,131,1,2,0,0,0
03,120246299721450751,ACTIVE,115,4.9399999999999995,113,2,2,0,0,0
03,120250747283060166,PAUSED,30,4.93,99,0,0,0,0,0
03,120247442428390509,ACTIVE,80,4.92,132,3,5,1,0,0
03,120245327669090320,ACTIVE,120,4.92,131,3,4,0,0,0
03,120242776941930146,ACTIVE,100,4.890000000000001,111,1,2,0,0,0
03,120247608650800126,ACTIVE,100,4.88,39,0,2,0,0,0
03,120247163507460509,ACTIVE,100,4.859999999999999,231,3,2,0,0,0
03,120257487343530586,ACTIVE,25,4.82,136,2,4,0,0,0
03,120243929504970146,ACTIVE,100,4.82,121,1,1,0,0,0
03,120244153216170146,ACTIVE,100,4.81,97,1,3,1,0,0
03,120249265471920725,ACTIVE,100,4.78,121,1,2,0,1,68.56
03,120244153235460146,ACTIVE,100,4.74,188,0,3,1,0,0
03,120246447361050303,ACTIVE,120,4.710000000000001,101,3,3,1,1,43.97
03,120247246948670509,ACTIVE,100,4.710000000000001,245,3,4,0,0,0
03,120243843991710129,ACTIVE,200,4.66,179,5,4,2,0,0
03,120247591966310642,ACTIVE,100,4.66,163,2,2,0,0,0
03,120245617791190630,ACTIVE,111,4.66,136,4,5,0,0,0
03,120248358214470469,ACTIVE,80,4.64,136,2,4,0,0,0
03,120246299672740751,ACTIVE,115,4.63,141,2,3,0,0,0
03,120246299672680751,ACTIVE,68,4.62,143,5,6,0,0,0
03,120244034916020436,ACTIVE,100,4.62,164,4,5,1,0,0
03,120248248634970455,ACTIVE,132,4.58,119,3,2,0,0,0
03,120246270030590320,ACTIVE,120,4.56,186,3,4,0,0,0
03,120246777147100214,ACTIVE,80,4.53,74,2,2,0,0,0
03,6968638622626,ACTIVE,50,4.5,161,1,1,0,0,0
03,120244477400200678,ACTIVE,100,4.5,126,2,2,0,0,0
03,120257559013880586,ACTIVE,30,4.46,91,1,1,0,0,0
03,120247467569900455,ACTIVE,100,4.45,78,0,1,0,0,0
03,120243482214180129,ACTIVE,100,4.4399999999999995,162,4,4,0,0,0
03,120245649000800177,PAUSED,100,4.37,107,1,1,0,0,0
03,120247829716040751,PAUSED,100,4.36,64,0,0,0,0,0
03,120245490989600133,ACTIVE,80,4.35,96,6,6,0,0,0
03,120247322351400090,PAUSED,60,4.34,46,0,0,0,0,0
03,120244156901170146,ACTIVE,100,4.23,250,4,7,0,0,0
03,120249347498540100,ACTIVE,91,4.21,82,6,4,1,0,0
03,120246849779610090,ACTIVE,100,4.21,75,1,2,0,0,0
03,120247770552340065,PAUSED,100,4.2,88,2,1,0,0,0
03,120244156901670146,ACTIVE,100,4.16,229,3,2,0,0,0
03,120246802025580509,ACTIVE,42,4.13,116,2,2,0,0,0
03,120244216235640630,ACTIVE,52,4.1,116,4,5,0,0,0
03,120247443012820509,ACTIVE,100,4.09,226,3,3,0,0,0
03,120254368844920197,ACTIVE,100,4.09,96,2,3,0,0,0
03,120245511607120780,ACTIVE,80,4.0600000000000005,76,2,3,0,0,0
03,120245649136960177,PAUSED,100,4.06,85,1,1,0,0,0
03,120246697447950610,ACTIVE,80,4.050000000000001,76,3,4,0,0,0
03,120247597779990751,ACTIVE,40,4.05,50,1,0,1,0,0
03,120249447732060577,ACTIVE,68,4.02,145,5,6,0,0,0
03,23857454054570799,ACTIVE,50,4,51,1,1,0,0,0
03,120244154625130146,ACTIVE,100,3.96,106,3,4,0,0,0
03,120249151139280057,ACTIVE,100,3.8899999999999997,86,2,2,0,0,0
03,120245889270610065,ACTIVE,40,3.87,132,1,1,0,0,0
03,120246196163490707,ACTIVE,80,3.85,93,0,3,0,0,0
03,120251026838540210,ACTIVE,84,3.8499999999999996,126,1,2,0,0,0
03,120247601292330065,ACTIVE,50,3.8,94,2,3,0,0,0
03,23857453831560799,ACTIVE,50,3.8,43,0,1,0,0,0
03,120249390394480054,ACTIVE,71,3.78,91,2,6,2,0,0
03,120248565530720152,PAUSED,100,3.77,65,2,2,0,0,0
03,120248357015380469,ACTIVE,80,3.76,94,0,2,0,0,0
03,120244550853910436,ACTIVE,100,3.72,104,1,1,0,0,0
03,120247769726800065,PAUSED,100,3.69,58,1,1,0,0,0
03,120245686006250032,ACTIVE,100,3.65,56,3,3,1,0,0
03,120245923045620168,ACTIVE,100,3.63,111,0,2,0,0,0
03,120246232598650090,ACTIVE,132,3.6199999999999997,89,3,5,0,0,0
03,120248892319580365,ACTIVE,100,3.6100000000000003,221,1,1,0,0,0
03,120247366315930509,ACTIVE,100,3.59,216,3,2,0,0,0
03,120247040934670629,ACTIVE,100,3.59,183,4,5,1,1,36.949999999999996
03,120244114789840146,PAUSED,100,3.5700000000000003,73,2,1,0,0,0
03,120246145189280470,ACTIVE,50,3.5600000000000005,164,2,2,0,0,0
03,120247391019010168,ACTIVE,78,3.56,100,2,1,0,0,0
03,120249447732030577,ACTIVE,68,3.5599999999999996,149,3,2,0,0,0
03,120246145595780470,ACTIVE,20,3.55,81,2,2,0,0,0
03,120247633428650725,ACTIVE,100,3.54,111,1,5,1,0,0
03,120249179865340725,ACTIVE,100,3.53,116,2,2,0,0,0
03,120248823290310722,ACTIVE,40,3.52,66,1,1,0,0,0
03,120245044044870686,ACTIVE,80,3.51,78,4,6,0,0,0
03,120254368844950197,ACTIVE,100,3.4899999999999998,98,2,2,0,0,0
03,120247815782100642,ACTIVE,122,3.47,70,1,1,0,0,0
03,120248466107650695,ACTIVE,141,3.46,111,0,2,0,0,0
03,120251191170020651,ACTIVE,80,3.43,101,1,4,0,0,0
03,120249179367710725,ACTIVE,100,3.4,88,2,4,2,2,98.74
03,120248358470430469,ACTIVE,80,3.4,89,0,0,0,0,0
03,120242907734560129,ACTIVE,100,3.39,64,5,5,0,0,0
03,120246299721620751,ACTIVE,68,3.3699999999999997,71,3,4,0,0,0
03,120244566387920788,ACTIVE,50,3.36,67,1,2,0,0,0
03,120246338247960241,ACTIVE,100,3.36,330,4,5,0,0,0
03,120247110764820175,PAUSED,100,3.31,71,2,2,0,0,0
03,120247118332680629,PAUSED,100,3.31,63,1,1,1,0,0
03,120244077730640146,ACTIVE,100,3.29,52,0,1,0,0,0
03,120247771242110065,PAUSED,100,3.26,65,1,1,0,0,0
03,120246145506950470,ACTIVE,50,3.23,89,1,1,0,0,0
03,120247403426120126,ACTIVE,100,3.17,60,0,2,0,0,0
03,120244115059620146,PAUSED,100,3.1100000000000003,65,1,0,0,0,0
03,120245532692360630,ACTIVE,77,3.11,82,2,4,0,0,0
03,120247110512200175,PAUSED,100,3.11,76,2,1,0,0,0
03,120244163991370436,ACTIVE,100,3.09,95,1,1,0,0,0
03,120250838901590404,ACTIVE,50,3.06,47,1,1,0,0,0
03,120249739079790279,ACTIVE,80,3.05,142,1,3,0,0,0
03,120249179840900725,ACTIVE,100,3.04,83,1,1,0,0,0
03,120246226742380674,ACTIVE,100,3.0300000000000002,43,0,0,0,0,0
03,120246471244780065,ACTIVE,135,3,88,4,5,0,0,0
03,120247849750130663,ACTIVE,200,2.97,47,1,2,0,0,0
03,120247117519720629,PAUSED,100,2.93,68,1,0,0,0,0
03,120251150600140210,ACTIVE,82,2.92,97,5,10,0,0,0
03,120247370270380509,ACTIVE,101,2.91,130,1,3,0,0,0
03,120247390339080509,ACTIVE,100,2.9,93,4,4,0,1,33.980000000000004
03,120245608347630133,ACTIVE,60,2.87,31,2,3,0,0,0
03,120248291651510455,PAUSED,100,2.85,54,1,1,0,0,0
03,120248025171070561,ACTIVE,86,2.8499999999999996,79,2,5,0,0,0
03,120249057669240663,ACTIVE,50,2.8400000000000003,67,2,2,0,0,0
03,120246196163050707,ACTIVE,80,2.83,40,0,6,1,0,0
03,120248960171180100,ACTIVE,100,2.83,95,4,2,0,1,38.17
03,120247267358630509,PAUSED,70,2.82,48,1,1,0,0,0
03,120247601292310065,ACTIVE,50,2.82,71,1,3,0,0,0
03,120250445767170166,ACTIVE,50,2.79,87,2,2,0,0,0
03,120245481989440065,ACTIVE,40,2.74,88,0,1,1,0,0
03,120250501589950722,ACTIVE,68,2.67,64,3,3,1,1,38.27
03,120248346419460152,ACTIVE,94,2.65,114,0,4,0,0,0
03,120248557488550695,ACTIVE,80,2.62,127,4,5,0,0,0
03,23857453831540799,ACTIVE,50,2.62,21,0,2,0,0,0
03,120249300729780589,ACTIVE,100,2.54,65,1,1,0,0,0
03,120242973433800146,ACTIVE,200,2.51,111,3,2,1,0,0
03,120245481989400065,ACTIVE,40,2.49,87,1,3,0,0,0
03,120247378425210561,ACTIVE,180,2.4699999999999998,72,2,1,0,0,0
03,120247333999410425,ACTIVE,100,2.46,56,1,2,1,0,0
03,120245124561510686,ACTIVE,80,2.4299999999999997,24,5,4,1,0,0
03,120244505803880686,ACTIVE,80,2.4099999999999997,59,2,4,0,0,0
03,120244114929610146,PAUSED,100,2.39,63,4,4,0,0,0
03,120247117862750629,PAUSED,100,2.37,45,1,1,0,0,0
03,120249283732990100,ACTIVE,90,2.36,69,0,3,0,0,0
03,120249263766000247,ACTIVE,100,2.35,57,1,2,0,0,0
03,120245124026530686,ACTIVE,80,2.33,38,1,1,0,0,0
03,120247124966150090,ACTIVE,119,2.3,38,1,0,0,0,0
03,120251063106910166,ACTIVE,30,2.29,65,0,0,0,0,0
03,120248151945870425,ACTIVE,100,2.29,86,1,2,1,0,0
03,120249409076720589,PAUSED,100,2.28,22,0,0,0,0,0
03,120246313721000752,PAUSED,100,2.2600000000000002,69,2,2,0,0,0
03,120247799916380462,ACTIVE,35,2.2600000000000002,61,0,1,0,0,0
03,120245775225080097,ACTIVE,94,2.22,45,0,2,0,0,0
03,120244076954630146,ACTIVE,100,2.2199999999999998,66,0,0,0,0,0
03,120246818759970303,ACTIVE,40,2.2,55,3,2,1,0,0
03,120249533650850019,ACTIVE,50,2.0900000000000003,31,3,3,0,0,0
03,120249179003180725,ACTIVE,100,2.0300000000000002,38,1,1,0,0,0
03,120246551175210674,ACTIVE,100,1.96,51,1,1,0,0,0
03,120246313524390752,PAUSED,100,1.95,48,2,1,0,0,0
03,120250837944350404,ACTIVE,50,1.95,30,0,2,0,0,0
03,120245386481210179,ACTIVE,80,1.94,99,0,0,0,0,0
03,120248503799160116,ACTIVE,74,1.91,36,0,3,0,0,0
03,120246818759010303,ACTIVE,40,1.8900000000000001,53,1,1,0,0,0
03,120249057598540663,ACTIVE,50,1.8800000000000001,52,1,1,0,0,0
03,120247418004300509,PAUSED,100,1.87,55,0,0,0,0,0
03,120246024108440751,ACTIVE,195,1.86,45,1,1,0,0,0
03,120257559013710586,ACTIVE,30,1.83,38,3,2,1,1,28.979999999999997
03,120246551175300674,ACTIVE,100,1.8199999999999998,51,2,4,2,0,0
03,120245687813040097,ACTIVE,81,1.79,68,1,1,0,0,0
03,120248565223490152,PAUSED,100,1.79,28,0,0,0,0,0
03,120246313814250752,PAUSED,100,1.74,56,1,1,0,0,0
03,120249134484060166,ACTIVE,30,1.72,39,1,1,0,0,0
03,120244561628480678,ACTIVE,74,1.71,36,0,2,0,0,0
03,120245124052890686,ACTIVE,80,1.69,31,0,1,0,0,0
03,120247799916320462,ACTIVE,35,1.6800000000000002,50,2,1,0,0,0
03,120243734466660129,ACTIVE,100,1.68,87,0,1,0,0,0
03,120251063107220166,ACTIVE,30,1.64,64,1,1,0,0,0
03,120243734745510129,ACTIVE,100,1.6300000000000001,39,3,3,1,0,0
03,120249411708990589,PAUSED,100,1.6099999999999999,34,1,1,0,0,0
03,120247597780010751,ACTIVE,40,1.59,32,0,1,0,0,0
03,120248292161180455,PAUSED,100,1.58,23,0,0,0,0,0
03,120257469008460586,ACTIVE,30,1.56,57,0,1,0,0,0
03,120243734745460129,ACTIVE,100,1.56,50,3,4,0,0,0
03,120247061936980509,ACTIVE,100,1.52,60,1,1,0,0,0
03,120248201085040469,ACTIVE,80,1.51,54,0,1,0,0,0
03,120257487876160586,ACTIVE,50,1.4900000000000002,54,1,1,0,0,0
03,120248429859550116,ACTIVE,101,1.4700000000000002,12,0,0,0,0,0
03,120248615909580019,ACTIVE,50,1.46,31,0,1,0,0,0
03,120244895488610436,ACTIVE,119,1.46,72,0,0,0,0,0
03,120247311646990509,ACTIVE,100,1.4,65,1,1,0,0,0
03,120246549338880065,ACTIVE,50,1.4,33,1,0,0,0,0
03,120247418199130509,PAUSED,100,1.3900000000000001,41,0,0,0,0,0
03,120251275180530054,ACTIVE,100,1.3900000000000001,38,1,2,1,1,73.21
03,6993911140695,ACTIVE,100,1.37,20,1,1,1,0,0
03,120247541912960469,ACTIVE,80,1.3199999999999998,16,1,0,0,0,0
03,120247799916400462,ACTIVE,35,1.2700000000000002,48,0,0,0,0,0
03,120249415811790589,PAUSED,100,1.26,20,0,0,0,0,0
03,120244995263710686,PAUSED,100,1.26,16,3,2,0,0,0
03,120247570572060455,ACTIVE,100,1.23,33,0,3,0,0,0
03,120247950274740126,ACTIVE,90,1.22,27,0,1,0,0,0
03,120245241360310455,ACTIVE,100,1.19,52,0,1,0,0,0
03,120248889583930116,ACTIVE,90,1.19,8,0,2,0,0,0
03,120245608347680133,ACTIVE,60,1.17,35,1,1,0,0,0
03,120247952380210544,ACTIVE,90,1.15,25,1,0,0,0,0
03,120254529951780197,ACTIVE,100,1.15,19,0,0,0,0,0
03,120240258763950179,ACTIVE,140,1.15,59,2,2,1,0,0
03,120248199130120168,ACTIVE,90,1.15,24,0,1,0,0,0
03,120244312405140436,ACTIVE,100,1.15,33,0,0,0,0,0
03,120246283838280097,ACTIVE,110,1.13,55,0,0,0,0,0
03,120246054157300173,ACTIVE,100,1.12,56,1,1,0,0,0
03,120257469008430586,ACTIVE,30,1.1099999999999999,46,0,0,0,0,0
03,120246533502350368,ACTIVE,211,1.1,32,3,3,1,0,0
03,120257221973410586,ACTIVE,25,1.08,32,0,2,0,0,0
03,120243928955960129,ACTIVE,100,1.07,38,2,1,0,0,0
03,120248694175490365,ACTIVE,100,1.05,44,1,2,0,0,0
03,120255867161890586,ACTIVE,25,1.04,38,0,1,0,0,0
03,120247418407680509,PAUSED,100,1.03,32,1,1,0,0,0
03,120245463311260177,PAUSED,100,1.02,9,0,0,0,0,0
03,120251014701570404,ACTIVE,50,1.01,14,1,0,0,0,0
03,120250057581290368,ACTIVE,80,1.01,25,1,1,0,0,0
03,120245292365960179,ACTIVE,100,0.99,44,0,0,0,0,0
03,120244076500250146,ACTIVE,100,0.9600000000000001,40,0,1,0,0,0
03,120248302912110389,ACTIVE,100,0.95,13,1,1,0,0,0
03,120247890133910642,ACTIVE,124,0.8700000000000001,27,0,0,0,0,0
03,120248291873350455,PAUSED,100,0.87,28,0,0,0,0,0
03,120248414403410695,ACTIVE,150,0.86,50,1,1,0,0,0
03,120251494191110054,ACTIVE,78,0.81,31,0,0,0,0,0
03,120246286484520097,ACTIVE,120,0.79,30,0,0,0,0,0
03,120245292235740179,ACTIVE,100,0.77,37,2,2,0,0,0
03,120248082904020663,ACTIVE,150,0.77,12,1,1,0,0,0
03,120235336090360210,ACTIVE,200,0.77,35,0,1,0,0,0
03,120244745582820125,ACTIVE,80,0.74,13,0,0,0,0,0
03,120246145719630470,ACTIVE,20,0.74,7,0,0,0,0,0
03,120248582638620152,PAUSED,100,0.7,24,1,1,0,0,0
03,120246465927950677,ACTIVE,100,0.68,24,1,0,0,0,0
03,120244995599860686,PAUSED,100,0.63,14,0,0,0,0,0
03,120245825367300533,ACTIVE,100,0.62,32,0,0,0,0,0
03,120249410938120589,PAUSED,100,0.62,9,0,0,0,0,0
03,120246338142390241,ACTIVE,109,0.62,39,0,0,0,0,0
03,120244076631420146,ACTIVE,100,0.5700000000000001,37,0,0,0,0,0
03,120246135470290032,ACTIVE,100,0.54,16,0,0,0,0,0
03,120245136181790470,ACTIVE,5,0.52,10,0,0,0,0,0
03,120244995090060686,PAUSED,100,0.52,8,0,0,0,0,0
03,120245099365240470,ACTIVE,5,0.51,9,0,0,0,0,0
03,120246522937100677,ACTIVE,100,0.51,11,0,0,0,0,0
03,120247487024380065,PAUSED,100,0.46,12,0,0,0,0,0
03,120245460390490177,ACTIVE,100,0.45,14,2,2,0,0,0
03,120249416146940589,PAUSED,100,0.44,8,2,2,0,0,0
03,120246145189200470,ACTIVE,50,0.41000000000000003,28,1,1,0,0,0
03,120248582757250152,PAUSED,100,0.41,10,0,0,0,0,0
03,120235701428420210,ACTIVE,200,0.4,30,0,0,0,0,0
03,120249265247170651,ACTIVE,80,0.4,7,0,0,0,0,0
03,120250448461180210,ACTIVE,74,0.39,17,0,2,0,0,0
03,120243727386670470,ACTIVE,5,0.35000000000000003,6,0,0,0,0,0
03,120248958916870100,ACTIVE,100,0.35,7,1,1,0,0,0
03,120244446224590630,ACTIVE,74,0.34,9,0,0,0,0,0
03,120248176825100455,ACTIVE,131,0.32,11,0,1,0,0,0
03,120254284171970197,ACTIVE,100,0.31,4,0,0,0,0,0
03,120248565368580152,PAUSED,100,0.3,9,0,0,0,0,0
03,120248207466280561,ACTIVE,60,0.29000000000000004,16,0,0,0,0,0
03,120246145791530470,ACTIVE,20,0.29000000000000004,10,0,1,0,0,0
03,120245386481280179,ACTIVE,80,0.26,18,0,1,0,0,0
03,120245045033420177,ACTIVE,100,0.26,10,0,0,0,0,0
03,120249415903450589,PAUSED,100,0.23,6,0,0,0,0,0
03,120257359768220586,ACTIVE,30,0.21000000000000002,4,0,0,0,0,0
03,120251953466380054,ACTIVE,50,0.21,3,0,0,0,0,0
03,120245049415260032,ACTIVE,100,0.19,5,0,1,0,0,0
03,120245911260540650,ACTIVE,120,0.19,10,0,1,1,0,0
03,120251910136180054,ACTIVE,107,0.19,12,0,1,0,0,0
03,120247653059200586,ACTIVE,25,0.18,15,0,0,0,0,0
03,120244634571550678,ACTIVE,105,0.18,3,0,0,0,0,0
03,120250895021460586,ACTIVE,25,0.17,7,0,0,0,0,0
03,120245205078130630,ACTIVE,56,0.17,7,0,1,0,0,0
03,120249120674110404,ACTIVE,300,0.16999999999999998,7,0,0,0,0,0
03,120240849899190788,ACTIVE,10,0.16,3,0,0,0,0,0
03,120243063569770146,ACTIVE,100,0.16,15,0,0,0,0,0
03,120245691728160470,ACTIVE,5,0.15,3,1,1,0,0,0
03,120247702154240544,ACTIVE,73,0.15,6,0,0,0,0,0
03,120248359764410589,ACTIVE,100,0.15,19,1,2,0,0,0
03,120248512806040048,ACTIVE,100,0.13,3,0,0,0,0,0
03,120251014701600404,ACTIVE,50,0.1,3,0,0,0,0,0
03,120250895500810586,ACTIVE,25,0.1,4,0,0,0,0,0
03,120247860181220455,ACTIVE,100,0.09,5,0,0,0,0,0
03,120248207465980561,ACTIVE,60,0.06999999999999999,3,0,0,0,0,0
03,120245136181480470,ACTIVE,5,0.06,1,0,0,0,0,0
03,120248108038860561,ACTIVE,85,0.04,3,0,0,0,0,0
03,120245097017710677,ACTIVE,100,0.04,4,0,0,0,0,0
03,120249805624030404,ACTIVE,92,0.03,3,0,0,0,0,0
03,120248582698040152,PAUSED,100,0.02,2,0,0,0,0,0
03,120245241702630470,ACTIVE,5,0.02,1,0,0,0,0,0
03,120246177720600032,ACTIVE,73,0.01,1,0,0,0,0,0
03,120246145364940470,ACTIVE,50,0.01,2,0,0,0,0,0
03,120246145365240470,ACTIVE,50,0.01,3,0,0,0,0,0
03,120249062394220019,ACTIVE,50,0.01,2,0,0,0,0,0
03,120246145507030470,ACTIVE,50,0.01,4,0,0,0,0,0
03,120249057927140663,ACTIVE,50,0.01,2,0,0,0,0,0
03,120250558361040368,ACTIVE,50,0,0,0,0,0,0,0
03,120250558361100368,ACTIVE,50,0,0,0,0,0,0,0
03,120250558406210368,ACTIVE,86,0,0,0,0,0,0,0
03,120250558406540368,ACTIVE,86,0,0,0,0,0,0,0
03,120248632919860152,ACTIVE,100,0,0,0,0,0,0,0
03,120248621604700283,PAUSED,500,0,0,0,1,0,0,0
03,120248398352060389,ACTIVE,100,0,0,0,0,0,0,0
03,120248398351970389,ACTIVE,100,0,0,0,0,0,0,0
03,120248356937930469,ACTIVE,80,0,0,0,0,0,0,0
03,120248348201500455,ACTIVE,100,0,0,0,0,0,0,0
03,120245736523970177,ACTIVE,100,0,0,0,0,0,0,0
03,120248302852090389,PAUSED,100,0,0,0,1,0,0,0
03,120245762922160177,ACTIVE,100,0,0,0,0,0,0,0
03,120245990795590533,ACTIVE,100,0,0,0,0,0,0,0
03,120245993145890533,ACTIVE,100,0,0,0,0,0,0,0
03,120245993677040533,PAUSED,100,0,0,0,0,0,0,0
03,120248183672960544,ACTIVE,80,0,0,0,0,0,0,0
03,120248183670520544,ACTIVE,80,0,0,0,0,0,0,0
03,120248183102370544,ACTIVE,80,0,0,0,0,0,0,0
03,120244023784200129,PAUSED,100,0,0,0,0,0,0,0
03,120244023784170129,PAUSED,100,0,0,0,0,0,0,0
03,120248183102250544,ACTIVE,80,0,0,0,0,0,0,0
03,120251190551100651,PAUSED,80,0,0,0,0,0,0,0
03,120251190551110651,PAUSED,80,0,0,0,0,0,0,0
03,120251190872470651,PAUSED,80,0,0,0,0,0,0,0
03,120251190872850651,PAUSED,80,0,0,0,0,0,0,0
03,120248182989160544,ACTIVE,80,0,0,0,0,0,0,0
03,120248182989100544,ACTIVE,80,0,0,0,0,0,0,0
03,120248182829700544,ACTIVE,80,0,0,0,0,0,0,0
03,120248182829690544,ACTIVE,80,0,0,0,0,0,0,0
03,120248182725790544,ACTIVE,80,0,0,0,0,0,0,0
03,120243959700120146,PAUSED,100,0,0,0,1,0,0,0
03,120248182649160544,ACTIVE,80,0,0,0,0,0,0,0
03,120251692404070054,PAUSED,78,0,0,0,1,0,0,0
03,120246054251210173,PAUSED,100,0,0,0,0,0,0,0
03,120246054251240173,PAUSED,100,0,0,0,0,0,0,0
03,120246134152350173,ACTIVE,100,0,0,0,0,0,0,0
03,120252002776770054,ACTIVE,100,0,0,0,0,0,0,0
03,120252003064780054,PAUSED,100,0,0,0,0,0,0,0
03,120248040382960126,ACTIVE,80,0,0,0,0,0,0,0
03,120248040382930126,ACTIVE,80,0,0,0,0,0,0,0
03,120248040060750126,ACTIVE,80,0,0,0,0,0,0,0
03,120252016811530054,ACTIVE,50,0,0,0,0,0,0,0
03,120248040060730126,ACTIVE,80,0,0,0,0,0,0,0
03,120247901820950751,ACTIVE,100,0,0,0,0,0,0,0
03,120247890206850725,PAUSED,100,0,0,0,0,0,0,0
03,120247866483700065,ACTIVE,100,0,0,0,0,0,0,0
03,120247866483670065,ACTIVE,100,0,0,0,0,0,0,0
03,120247854884290065,ACTIVE,100,0,0,0,0,0,0,0
03,120247804598860431,PAUSED,220,0,0,0,1,0,0,0
03,120247802943620389,ACTIVE,100,0,0,0,1,0,0,0
03,120243211134690146,PAUSED,100,0,0,0,3,0,0,0
03,120246373210250752,ACTIVE,100,0,0,0,0,0,0,0
03,120246436979690241,ACTIVE,100,0,0,0,0,0,0,0
03,120246437959560241,ACTIVE,100,0,0,0,0,0,0,0
03,120246559951150097,PAUSED,80,0,0,0,0,0,0,0
03,120246599453500674,PAUSED,100,0,0,0,0,0,0,0
03,120247466174250509,ACTIVE,100,0,0,0,0,0,0,0
03,120246599453520674,PAUSED,100,0,0,0,0,0,0,0
03,120246599961620214,PAUSED,200,0,0,0,1,0,0,0
03,120246631635420097,ACTIVE,80,0,0,0,0,0,0,0
03,120246631674870097,ACTIVE,80,0,0,0,0,0,0,0
03,120246704886530453,ACTIVE,80,0,0,0,0,0,0,0
03,120246704886540453,ACTIVE,80,0,0,0,0,0,0,0
03,120246705394200453,ACTIVE,80,0,0,0,0,0,0,0
03,120246705394270453,ACTIVE,80,0,0,0,0,0,0,0
03,120246807795430509,PAUSED,100,0,0,0,1,0,0,0
03,120246962698830090,PAUSED,135,0,0,0,2,0,0,0
03,120247115989130291,PAUSED,300,0,0,0,1,0,0,0
03,6974140608826,PAUSED,50,0,0,0,0,0,0,0
03,120247245095750509,PAUSED,100,0,0,0,1,1,1,87.46
03,120241972248380630,ACTIVE,47,0,0,0,1,0,0,0
03,120247207603660629,ACTIVE,100,0,0,0,0,0,0,0
03,120247176514010629,ACTIVE,100,0,0,0,0,0,0,0
03,120249498266450589,ACTIVE,100,0,0,0,0,0,0,0
03,120247180373660175,ACTIVE,100,0,0,0,0,0,0,0
03,120249511090450589,ACTIVE,100,0,0,0,0,0,0,0
03,120249511121570589,ACTIVE,100,0,0,0,0,0,0,0
03,120249497960740589,ACTIVE,100,0,0,0,0,0,0,0
03,120249497563510589,ACTIVE,100,0,0,0,0,0,0,0
03,120244191576370146,ACTIVE,100,0,0,0,0,0,0,0
03,120249457081750127,PAUSED,100,0,0,0,0,0,0,0
03,120249456772820127,PAUSED,100,0,0,0,0,0,0,0
03,120249456659560127,PAUSED,100,0,0,0,0,0,0,0
03,120244524927690630,PAUSED,76,0,0,0,0,0,0,0
03,120244723758020678,ACTIVE,100,0,0,0,0,0,0,0
03,120249984816330019,ACTIVE,50,0,0,0,0,0,0,0
03,120249984816350019,ACTIVE,50,0,0,0,0,0,0,0
03,120244724007800678,ACTIVE,100,0,0,0,0,0,0,0
03,120249179367830725,PAUSED,100,0,0,0,0,0,1,28.98
03,120247176514850629,ACTIVE,100,0,0,0,0,0,0,0
03,120245124074660686,PAUSED,80,0,0,0,1,0,0,0
03,120245231834110686,ACTIVE,100,0,0,0,0,0,0,0
03,120245329462560320,PAUSED,200,0,0,0,0,0,0,0
03,120245453935690025,PAUSED,100,0,0,0,0,0,0,0
03,120245456434700630,PAUSED,136,0,0,0,0,0,0,0
03,120248632945620152,ACTIVE,100,0,0,0,0,0,0,0
04,120244761233710455,ACTIVE,1135,225.73000000000002,7038,157,173,10,3,155.76999999999998
04,120244761515050455,ACTIVE,1235,218.75,7074,172,183,11,4,214.68
04,120245800978960674,ACTIVE,1000,216.62000000000003,5167,135,150,14,6,301.09000000000003
04,120243986668280589,ACTIVE,1200,193.09,5254,103,124,12,9,307.75
04,120247245864910389,ACTIVE,1000,167.18,5173,183,180,14,8,364.39
04,120248162820950389,ACTIVE,1000,162.73000000000002,6528,231,223,13,6,224.17000000000002
04,120247234597490455,ACTIVE,808,162.42,4116,94,131,10,4,379.43
04,120244749532720686,ACTIVE,1000,159.36,3121,84,103,12,3,171.15
04,120248155192490455,ACTIVE,1055,145.52,4149,117,129,8,4,264.22999999999996
04,120247136451350725,ACTIVE,1000,127.70999999999998,3724,85,102,16,7,412.75
04,120247780766070455,ACTIVE,565,112.59,3463,93,103,4,2,188.22
04,120246791587200455,ACTIVE,327,108.58,1688,81,71,4,2,95.36000000000001
04,120243276755660065,ACTIVE,500,105.6,3187,54,57,5,1,49.52
04,120249005372660589,ACTIVE,286,103.07,2216,52,52,8,3,109.47
04,120248959176740725,ACTIVE,1000,99.34,3233,45,64,8,3,256.05
04,120244691045450320,ACTIVE,700,97.88,4308,81,84,5,1,103.82000000000001
04,120243458344350129,ACTIVE,600,97.53,4034,81,75,5,3,262.41
04,6966949200095,ACTIVE,100,93.75,2511,75,71,4,2,109.96
04,120245250322490642,ACTIVE,950,92.77,2334,41,56,7,4,317.90000000000003
04,120239930892250650,ACTIVE,800,90.28,1540,53,62,5,2,121.74000000000001
04,120240901145360175,ACTIVE,745,85.44,2843,72,74,9,5,222.62
04,120245848127390707,ACTIVE,500,83.41,2035,84,89,7,3,97.72
04,120250413795050709,ACTIVE,500,81.08,1868,44,43,5,4,148.7
04,120247114934220455,ACTIVE,217,81.05,2524,66,68,6,3,155.76999999999998
04,120244749327030686,ACTIVE,500,79,1821,42,51,4,3,132.42000000000002
04,120245201563430686,ACTIVE,80,75.52999999999999,2863,54,52,5,3,153.65
04,120246754801740509,ACTIVE,400,75.39,2155,45,45,5,5,187.83
04,120246615285510642,ACTIVE,650,75.33000000000001,2418,43,44,2,0,0
04,120246273720740455,ACTIVE,455,75.13,1874,55,61,3,3,203.69
04,120246023777450751,ACTIVE,850,74.38,2075,59,68,13,7,262
04,120248965302070064,PAUSED,600,73.36,949,34,29,1,1,41.980000000000004
04,120242694742870146,ACTIVE,445,72.82,2725,85,95,8,3,159.17
04,120246191098540320,ACTIVE,400,72.42,2590,67,72,1,1,58.77
04,120245283264760677,ACTIVE,219,72.12,2873,43,50,4,2,115.02999999999999
04,120245334049540065,ACTIVE,370,70.63,1477,68,68,10,4,177.38
04,120247184054680509,ACTIVE,300,70.22,1362,30,36,5,1,29.98
04,120245334049460065,ACTIVE,400,70.1,1312,53,65,9,5,208.5
04,120243211247840146,ACTIVE,500,69.44,2508,50,66,2,0,0
04,120249086109210100,ACTIVE,500,69.18,2322,58,62,6,2,118.71
04,120248535997930100,ACTIVE,500,68.86000000000001,1961,57,56,8,3,112.11000000000001
04,120247547642310642,ACTIVE,570,67.25,1401,34,44,4,1,37.95
04,120248893532100100,ACTIVE,500,66.86,1459,42,43,5,3,114.50999999999999
04,120246191098590320,ACTIVE,400,65.97,2247,46,47,2,1,34.07
04,120247757020520725,ACTIVE,500,65.72999999999999,1369,19,20,1,0,0
04,120242301213170065,ACTIVE,300,64.7,2832,40,44,7,5,208.51000000000002
04,120250790045220586,ACTIVE,500,64.25,2167,34,38,11,4,179.29
04,120249438611310064,ACTIVE,600,63.00999999999999,1317,40,52,6,2,117.2
04,6966949200895,ACTIVE,250,62.769999999999996,1088,31,39,5,3,133.93
04,120247073165120090,ACTIVE,523,62.75,1571,42,61,4,2,124.78
04,120240679404390629,ACTIVE,400,62.650000000000006,1733,36,43,5,2,127.82
04,120247868045210695,ACTIVE,360,62.08,1734,47,47,3,1,37.980000000000004
04,120243951377020125,ACTIVE,500,61.940000000000005,1551,25,24,3,1,69.71000000000001
04,120248641712650319,ACTIVE,440,61.78,2078,36,40,9,7,394.94999999999993
04,120245436310880780,ACTIVE,400,61.14999999999999,1158,28,30,3,2,97.92999999999999
04,120243928954880129,PAUSED,600,61.13,2476,59,54,1,0,0
04,120246302058490389,ACTIVE,500,61.03,2444,60,57,5,2,83.46
04,120245010386240709,ACTIVE,100,60.72,1295,11,57,3,2,104.23
04,120242301213710065,ACTIVE,370,60.480000000000004,1638,29,36,3,1,29.98
04,120248536188000100,ACTIVE,500,60.410000000000004,1339,40,42,3,1,54.809999999999995
04,120246962698770090,ACTIVE,322,59.53,1403,51,53,2,1,36.94
04,120249300729750589,ACTIVE,330,59.09,1095,34,34,7,4,173.38000000000002
04,120246007921740320,ACTIVE,159,57.58,1838,53,54,3,1,58.769999999999996
04,120248139130260455,ACTIVE,325,57.57,1257,28,32,2,2,120.82000000000002
04,120247293642140642,ACTIVE,500,57.18,1268,30,31,4,3,196.20000000000002
04,120244270293390320,ACTIVE,510,57.06,1690,52,62,6,2,219.27
04,120246828454030629,ACTIVE,390,56.56,1575,39,40,2,1,36.95
04,120244486325980436,ACTIVE,500,56.14,1981,56,58,4,3,204.69
04,120245201563520686,ACTIVE,80,56.04,3257,58,57,6,4,142.39999999999998
04,120249073800120725,ACTIVE,500,55.980000000000004,1822,34,38,3,2,80.55
04,120248006730320100,ACTIVE,500,55.57,1690,35,40,2,1,52.56
04,120245823919130320,ACTIVE,360,55.32,2105,39,42,1,0,0
04,120243458344240129,ACTIVE,300,55,1972,14,30,2,1,66.48
04,120245899430510065,ACTIVE,325,54.92,1038,40,49,3,0,0
04,120249052890110100,ACTIVE,500,54.5,1465,37,51,3,2,104.32
04,120248364287170127,ACTIVE,100,54.43000000000001,1024,39,38,2,1,60.47
04,120245833631150707,ACTIVE,450,53.980000000000004,1102,33,35,5,3,103.64999999999999
04,120245010772960663,ACTIVE,301,53.849999999999994,780,25,26,5,3,170.02
04,120250789469770586,ACTIVE,500,53,2003,53,63,5,1,49.37
04,120246710213410090,ACTIVE,560,51.95,1352,33,43,2,1,36.940000000000005
04,120245535022630455,ACTIVE,425,51.739999999999995,704,19,29,5,0,0
04,120248819218450019,ACTIVE,100,51.730000000000004,825,28,29,2,0,0
04,120256572736650586,ACTIVE,500,51.61000000000001,1504,26,30,4,2,115.53000000000002
04,120249140601980100,ACTIVE,300,51.53,1492,38,35,4,2,117.11
04,120250368595830404,PAUSED,100,51.480000000000004,683,16,13,0,0,0
04,120245686749070320,ACTIVE,320,51.42,1330,43,47,4,1,34.07
04,120245980788570752,ACTIVE,279,50.89,2183,45,56,5,0,0
04,120246710213420090,ACTIVE,325,50.71,1027,38,43,2,0,0
04,120244017128390686,ACTIVE,50,50.36,1047,25,22,6,4,161.14
04,120244713213750177,ACTIVE,100,49.81,897,22,19,0,0,0
04,120245251316060477,ACTIVE,100,49.65,1056,27,40,3,2,141.15999999999997
04,120249251074180319,ACTIVE,350,48.96000000000001,1665,29,37,3,3,192.57
04,120244783755130320,ACTIVE,300,48.85,2187,41,57,1,0,0
04,120248536187780100,ACTIVE,500,48.68000000000001,1300,33,42,9,7,347.93
04,120244431777030751,ACTIVE,680,48.489999999999995,2085,38,45,5,1,47.67
04,120249115230940100,ACTIVE,399,48.099999999999994,1037,36,33,2,2,61.15
04,120245848127430707,ACTIVE,300,48.09,1282,47,51,3,2,91.82
04,120248299218060431,ACTIVE,220,47.98,1036,34,31,5,3,122.92000000000002
04,120241066464020065,ACTIVE,289,47.9,1733,22,31,2,1,29.98
04,120245011207100320,ACTIVE,360,47.84,1314,26,25,1,1,82.02
04,120243844958690129,ACTIVE,300,47.61,1788,60,64,2,2,132.96
04,120246459062250674,ACTIVE,101,47.129999999999995,1391,21,18,1,1,29.98
04,120245859755050173,ACTIVE,200,46.63,1606,44,47,2,3,119.82
04,120248299218010431,ACTIVE,220,46.18000000000001,1097,25,25,4,3,106.13000000000001
04,120246657519770455,ACTIVE,263,46.11,1356,26,31,3,3,229.15
04,120249265764580725,ACTIVE,100,45.87,7566,133,128,11,5,264.84000000000003
04,120246483406720564,ACTIVE,300,45.66,2157,36,51,3,2,211.16
04,120246396517520674,ACTIVE,300,45.129999999999995,1011,20,22,3,2,76.21000000000001
04,120246907642230291,ACTIVE,300,44.68,1079,43,43,6,1,36.98
04,120247687263440425,PAUSED,100,44.529999999999994,903,19,20,1,0,0
04,120248698800650127,PAUSED,100,44.41,530,16,17,0,0,0
04,120246054202590173,ACTIVE,250,44.36,843,37,35,4,3,214.16
04,120247040934570629,ACTIVE,400,44.26,1562,22,27,3,1,36.95
04,120246221877410629,ACTIVE,335,44.25,1006,25,28,3,3,137.81
04,120243844678990129,ACTIVE,200,43.559999999999995,973,21,19,2,2,132.96
04,120249286682560368,ACTIVE,300,43.27,1428,31,35,3,2,77.96
04,120248596343100048,ACTIVE,200,43.13,533,21,26,2,2,98.44999999999999
04,120246375737140674,ACTIVE,200,42.54,987,27,27,4,1,66.22
04,120249525957160319,ACTIVE,360,42.27,1308,34,35,2,1,37
04,120247139572780564,ACTIVE,600,42.03,1039,19,20,3,1,148.44
04,120248911416770577,ACTIVE,501,41.849999999999994,1052,31,39,5,2,77.14999999999999
04,120244566507460788,ACTIVE,150,41.74,561,13,15,2,1,92.30000000000001
04,120246850329040065,ACTIVE,93,41.09,1307,27,23,3,0,0
04,120252003268490054,ACTIVE,100,40.85,532,13,14,2,1,73.21
04,120247678231030065,ACTIVE,93,40.67999999999999,659,24,22,4,2,99.04
04,120248085583180127,PAUSED,100,40.67,475,22,22,0,0,0
04,120246312788110126,ACTIVE,200,40.41,1166,31,31,5,2,78.35000000000001
04,120246024108390751,ACTIVE,355,39.87,984,25,28,6,1,22.98
04,120249985748090577,ACTIVE,201,39.71,914,30,29,0,1,28.98
04,120244177553830678,ACTIVE,200,39.63,859,24,24,1,1,49.98
04,120245057027780564,ACTIVE,300,39.31,1750,20,20,3,0,0
04,120247583319740586,ACTIVE,100,39.269999999999996,1572,30,33,1,1,28.98
04,120248204610010425,ACTIVE,134,39.1,722,15,18,2,2,109.65
04,120243753190540054,ACTIVE,201,38.66,1040,19,15,3,1,31.98
04,120244878279420125,ACTIVE,400,38.44,1397,25,29,1,0,0
04,120243227249480177,ACTIVE,75,38.08,768,25,25,5,3,111.18
04,120246178929760752,ACTIVE,100,37.93,1313,43,44,8,7,264.79999999999995
04,120249352629920127,ACTIVE,100,37.54,366,18,20,2,1,60.47
04,120247558121530065,PAUSED,94,37.32,1020,17,17,2,1,49.519999999999996
04,120247453929680065,ACTIVE,182,36.3,1068,19,17,2,1,29.98
04,120246560566740477,ACTIVE,70,36.21,750,27,23,2,0,0
04,120247026467610090,ACTIVE,168,36.09,774,26,23,5,2,124.78
04,120242031621370065,ACTIVE,229,35.8,1172,22,22,5,0,0
04,120250066594120577,ACTIVE,201,35.45,782,29,25,2,0,0
04,120245435760750780,ACTIVE,200,35.379999999999995,544,18,17,2,1,42.97
04,120244070206100125,ACTIVE,250,35.3,907,19,21,2,1,230.62
04,120247335070640389,ACTIVE,100,35.24,984,20,25,4,3,105.32999999999998
04,120248922585490210,ACTIVE,200,35.15,1205,29,24,0,0,0
04,120246008618270241,ACTIVE,200,34.92,1614,35,34,0,0,0
04,120245583666590533,PAUSED,50,34.870000000000005,1420,32,32,1,0,0
04,120245612998430455,ACTIVE,98,34.86,1089,31,30,2,1,60.41
04,120246643142870065,PAUSED,52,34.3,915,20,19,2,0,0
04,120244581910350686,ACTIVE,300,34.03,452,15,14,0,1,31.22
04,120241671273870455,ACTIVE,267,33.92,924,23,23,1,1,60.410000000000004
04,120245610768940032,ACTIVE,200,33.81,922,29,27,4,2,60.25
04,120247322946650509,ACTIVE,200,33.47,1202,32,29,2,0,0
04,120245602350460032,ACTIVE,200,33.34,902,36,33,7,4,147.38
04,120252003555230054,ACTIVE,100,33.11,437,7,7,0,0,0
04,120247026467550090,ACTIVE,84,32.7,612,22,24,1,0,0
04,120243843991710129,ACTIVE,200,32.65,839,18,19,6,2,132.96
04,120247312196970090,PAUSED,123,32.61,607,18,14,0,0,0
04,120247193573040509,ACTIVE,200,32.550000000000004,1494,34,33,2,0,0
04,120247391144430509,ACTIVE,200,32.43,1247,25,26,1,0,0
04,120251168871300404,ACTIVE,90,32.33,369,16,14,1,1,71.72
04,120249347498580100,ACTIVE,91,32.269999999999996,692,17,19,3,3,141.69
04,120248204609980425,PAUSED,134,32.26,416,10,8,0,0,0
04,120244965177310686,ACTIVE,50,32.08,479,13,12,1,1,29.979999999999997
04,120247479945600065,ACTIVE,300,31.950000000000003,1147,17,22,2,1,63.910000000000004
04,120248556140990663,ACTIVE,200,31.880000000000003,627,18,18,1,1,37.98
04,120246702261460126,ACTIVE,80,31.66,920,46,43,3,2,81.2
04,120248318268940152,ACTIVE,200,31.64,970,18,24,1,0,0
04,120245946244180126,ACTIVE,100,31.59,655,15,19,4,1,49.370000000000005
04,120243142609020146,ACTIVE,200,31.53,651,14,18,1,1,41.980000000000004
04,6988605843426,ACTIVE,300,31.380000000000003,922,13,15,5,3,125.94
04,120250201548880577,ACTIVE,100,31.229999999999997,554,21,17,1,0,0
04,120247705045190564,ACTIVE,300,31.11,991,18,21,0,0,0
04,120245943231800173,ACTIVE,150,31.09,727,38,30,2,0,0
04,120242756170960358,ACTIVE,100,30.98,519,9,12,2,1,48.17
04,120248326394610455,ACTIVE,133,30.48,711,23,20,1,0,0
04,120248326394910455,ACTIVE,133,30.07,694,30,32,3,2,69.9
04,120246259925420674,ACTIVE,200,29.880000000000003,420,8,12,1,1,46.23
04,120252003446420054,ACTIVE,100,29.659999999999997,673,12,13,3,3,138.42
04,120246396470350674,ACTIVE,100,29.599999999999998,413,3,17,1,0,0
04,120247312197200090,ACTIVE,123,29.450000000000003,554,24,26,2,1,86.35
04,120254368844950197,ACTIVE,100,29.39,529,11,15,0,0,0
04,120249438611220064,PAUSED,100,29.22,444,14,14,0,0,0
04,120245201197560686,ACTIVE,80,29.2,410,17,16,1,0,0
04,120247901344790425,ACTIVE,300,29.14,628,19,19,3,0,0
04,120251726188120210,ACTIVE,119,28.84,797,24,24,4,1,41.98
04,120244662020140686,ACTIVE,50,28.57,409,12,14,0,0,0
04,120235701428400210,ACTIVE,200,28.540000000000003,689,17,19,1,0,0
04,120243593315080146,ACTIVE,224,28.369999999999997,530,10,13,1,0,0
04,120247324556450065,PAUSED,50,28.310000000000002,469,26,26,3,0,0
04,120246377047690097,ACTIVE,150,28.31,1045,19,21,0,0,0
04,120248359442970589,ACTIVE,200,28.259999999999998,715,15,15,4,3,129.02
04,120249265471800725,ACTIVE,100,28.18,2026,30,31,0,0,0
04,120245931951070650,ACTIVE,300,28.12,429,23,16,1,0,0
04,120245201223530686,ACTIVE,80,28.11,399,8,9,2,0,0
04,120247483865740100,ACTIVE,300,28.1,733,15,15,1,2,75.54
04,120244155465260146,ACTIVE,100,27.95,1183,33,33,5,2,83.96000000000001
04,120246338028120241,ACTIVE,200,27.79,2308,40,47,4,1,41.98
04,120246178825710752,ACTIVE,169,27.65,794,17,20,4,2,109.92000000000002
04,120244794017770320,ACTIVE,120,27.469999999999995,1356,24,24,0,0,0
04,120248698800290127,ACTIVE,100,27.46,374,13,14,1,1,34.98
04,120247678231050065,PAUSED,93,27.43,513,9,9,1,1,29.979999999999997
04,120245201303000686,ACTIVE,80,27.39,509,15,16,3,1,71.21
04,120244164847370788,ACTIVE,50,27.39,303,9,11,1,1,65.95
04,120248622152780695,ACTIVE,131,27.330000000000002,754,23,19,1,1,140.23
04,120246242129020477,ACTIVE,100,27.33,643,25,20,0,0,0
04,120247605280040425,ACTIVE,300,27.049999999999997,815,17,21,2,0,0
04,120245736385440177,ACTIVE,100,26.91,468,6,10,2,1,29.980000000000004
04,120246382556450462,ACTIVE,195,26.82,554,17,17,1,0,0
04,120243071308620125,ACTIVE,300,26.810000000000002,958,13,15,0,0,0
04,120245685799910707,ACTIVE,50,26.799999999999997,1036,29,29,4,3,100.11
04,120244360843810065,ACTIVE,135,26.749999999999996,692,26,21,2,1,29.98
04,120245487786040032,ACTIVE,60,26.709999999999997,717,22,21,3,2,67.85000000000001
04,120244724274460678,ACTIVE,100,26.599999999999998,456,18,19,0,0,0
04,120245201189650686,ACTIVE,80,26.5,415,12,12,4,2,59.96
04,120245736607120177,ACTIVE,100,26.44,497,12,13,0,0,0
04,120248082904030663,ACTIVE,150,26.430000000000003,331,18,19,2,2,178.22
04,120250812820290709,ACTIVE,100,26.419999999999998,685,12,15,1,0,0
04,120248270609930152,ACTIVE,100,26.409999999999997,1184,11,11,0,0,0
04,120246841599550477,PAUSED,90,26.38,405,12,10,1,0,0
04,120246011193300707,ACTIVE,50,26.32,486,14,11,2,0,0
04,120247315036090043,ACTIVE,70,26.29,1241,36,45,0,0,0
04,120248139130280455,ACTIVE,155,26.25,676,17,15,0,0,0
04,120248299568480431,ACTIVE,130,26.25,530,17,21,2,1,28.98
04,120250201442440577,ACTIVE,100,26.2,583,23,23,2,1,28.98
04,120256572736720586,ACTIVE,100,26.12,769,20,17,1,0,0
04,120247238927160043,ACTIVE,70,26.08,460,14,19,0,0,0
04,120243508760940146,ACTIVE,143,26.050000000000004,551,10,10,1,1,41.980000000000004
04,120248074673620462,ACTIVE,105,26.01,391,6,6,0,0,0
04,120244823852300686,ACTIVE,50,26,487,13,12,2,1,51.22
04,120247453928360065,ACTIVE,50,26,792,14,16,3,2,79.5
04,120245514271720065,ACTIVE,115,25.86,434,19,17,1,0,0
04,120244581454670686,ACTIVE,50,25.849999999999998,476,7,8,0,0,0
04,120247084134340065,ACTIVE,50,25.75,473,17,20,2,0,0
04,120248923191120589,ACTIVE,155,25.65,459,10,9,0,0,0
04,120251170246880404,ACTIVE,80,25.64,293,14,14,0,0,0
04,120244823852370686,ACTIVE,100,25.63,462,9,10,3,2,81.19
04,120246562589300629,ACTIVE,100,25.22,331,8,9,3,2,180.07
04,120249009593350565,ACTIVE,100,25.05,334,8,8,1,1,51.22
04,120246597569540214,ACTIVE,160,25.000000000000004,523,16,18,2,1,24.97
04,120242746886630788,ACTIVE,135,24.89,523,6,8,1,0,0
04,120254529951780197,ACTIVE,100,24.87,319,6,10,3,1,29.98
04,120245460221520177,ACTIVE,100,24.84,461,25,29,2,0,0
04,120251502157250054,ACTIVE,100,24.8,413,19,18,2,0,0
04,120246583098270674,ACTIVE,100,24.69,545,10,10,0,0,0
04,120244618043630436,ACTIVE,153,24.67,797,14,16,1,1,183.66
04,120251170246950404,PAUSED,80,24.67,256,8,7,0,0,0
04,120246226742380674,ACTIVE,100,24.61,571,15,16,2,2,76.19999999999999
04,120245298343980752,ACTIVE,100,24.550000000000004,496,9,9,1,1,24.98
04,120248299568450431,ACTIVE,130,24.51,508,13,12,3,0,0
04,120248180636520589,ACTIVE,100,24.47,691,11,13,1,0,0
04,120245381315950677,ACTIVE,50,24.439999999999998,671,9,9,1,0,0
04,120248802175730319,ACTIVE,200,24.380000000000003,629,11,12,0,0,0
04,120247974813890642,ACTIVE,125,24.29,748,15,15,1,0,0
04,120235336090360210,ACTIVE,200,24.269999999999996,620,3,18,2,1,41.98
04,120244761350620455,ACTIVE,135,24.189999999999998,826,17,19,2,0,0
04,120243335632250705,ACTIVE,80,24.160000000000004,489,7,8,1,0,0
04,120248151509310425,ACTIVE,200,24.07,672,11,15,1,1,69.67
04,120245622959630630,ACTIVE,73,24.05,528,12,12,0,0,0
04,120248717970160229,ACTIVE,80,24.019999999999996,403,18,19,2,0,0
04,120246107483730752,ACTIVE,169,23.99,775,15,19,0,0,0
04,120247974813980642,ACTIVE,125,23.98,715,14,15,1,1,65.94999999999999
04,120248025748300126,ACTIVE,87,23.89,630,16,20,0,0,0
04,120242756171170358,ACTIVE,100,23.86,504,12,13,0,0,0
04,120249009593320565,ACTIVE,100,23.810000000000002,362,10,9,0,0,0
04,120245201694450686,ACTIVE,80,23.729999999999997,344,12,11,1,0,0
04,120247547590960642,ACTIVE,200,23.71,528,10,7,4,1,92.3
04,120244006723720129,ACTIVE,300,23.65,775,20,25,2,1,66.47999999999999
04,120246222498150752,PAUSED,75,23.630000000000003,556,17,16,1,0,0
04,120247813840340065,PAUSED,93,23.599999999999998,408,18,14,0,0,0
04,120249754760810019,ACTIVE,100,23.58,451,11,11,0,0,0
04,120245232977300320,ACTIVE,67,23.49,927,21,24,0,0,0
04,120245899907660065,ACTIVE,115,23.469999999999995,433,16,15,1,0,0
04,120247813840280065,ACTIVE,93,23.439999999999998,482,23,21,3,0,0
04,120249222913640100,ACTIVE,50,23.39,384,11,14,2,1,38.17
04,120248204881060455,ACTIVE,135,23.39,800,13,17,3,3,268.1
04,120245514271740065,ACTIVE,115,23.349999999999998,514,24,20,3,1,49.52
04,120246643142900065,ACTIVE,168,23.3,672,10,13,0,0,0
04,120246491099340090,ACTIVE,50,23.29,439,19,18,1,1,36.940000000000005
04,120247175023780065,ACTIVE,50,23.25,640,15,11,1,1,29.98
04,120245119189080630,ACTIVE,87,23.23,959,28,30,4,1,40.97
04,120248056978460544,PAUSED,80,23.200000000000003,644,8,8,0,0,0
04,120247109115250389,ACTIVE,100,23.2,736,26,31,2,0,0
04,120249062394160019,ACTIVE,150,23.180000000000003,535,11,13,3,2,83.94
04,120244428953860686,ACTIVE,100,23.15,585,16,14,2,2,59.96000000000001
04,6995238695495,ACTIVE,100,23.14,242,13,16,0,0,0
04,120248085583660127,ACTIVE,100,23.049999999999997,266,10,9,1,0,0
04,120250554304290404,ACTIVE,300,23,337,9,8,1,0,0
04,120244242496990780,ACTIVE,200,22.939999999999998,510,11,11,0,0,0
04,120246666161080477,ACTIVE,100,22.92,402,22,20,1,0,0
04,120247728967380642,ACTIVE,100,22.72,375,5,7,1,0,0
04,120244428953840686,ACTIVE,50,22.6,599,14,15,0,0,0
04,120248703982740229,ACTIVE,94,22.58,485,15,14,3,2,70.95
04,120256546977430586,ACTIVE,126,22.57,888,16,14,1,1,86.55
04,120243466971930678,ACTIVE,100,22.410000000000004,510,10,9,1,1,41.72
04,120247993581120462,ACTIVE,104,22.39,452,12,11,0,0,0
04,120246880890560629,ACTIVE,100,22.299999999999997,417,11,9,0,0,0
04,6988605850626,ACTIVE,100,22.270000000000003,650,6,6,0,0,0
04,120246736742480477,ACTIVE,90,22.240000000000002,354,14,16,2,0,0
04,120248540698960725,ACTIVE,100,22.189999999999998,453,13,13,2,0,0
04,120246631717220097,ACTIVE,80,22.16,435,13,14,2,1,90.46000000000001
04,120250596505340709,ACTIVE,100,22.04,686,23,23,2,2,76.39999999999999
04,120244083558180146,ACTIVE,100,21.94,754,17,18,2,1,41.98
04,120246773871740629,ACTIVE,50,21.89,463,10,7,1,1,36.95
04,120243986595710788,PAUSED,50,21.889999999999997,314,6,5,0,0,0
04,120246374707600097,ACTIVE,124,21.82,562,17,18,2,2,125.44
04,120246330272120320,ACTIVE,109,21.81,673,18,16,0,0,0
04,120245662338590780,ACTIVE,80,21.78,384,8,7,1,1,24.98
04,120249457460140127,ACTIVE,100,21.759999999999998,267,15,14,1,0,0
04,120249412510510100,ACTIVE,91,21.759999999999998,556,13,17,2,2,105.12
04,120245693759670630,ACTIVE,94,21.759999999999998,642,10,11,2,1,78.94
04,120250703936480404,ACTIVE,73,21.67,313,14,15,0,0,0
04,120245899907890065,ACTIVE,115,21.54,452,12,10,1,0,0
04,120245198116820177,ACTIVE,50,21.43,473,13,13,1,1,71.21
04,120244083558220146,ACTIVE,100,21.4,1022,24,25,2,1,75.21
04,120248204881090455,ACTIVE,135,21.4,549,7,9,1,0,0
04,120247445963560509,ACTIVE,103,21.35,831,12,15,1,0,0
04,120243205951310642,ACTIVE,50,21.259999999999998,945,13,15,0,0,0
04,120248698801690127,PAUSED,100,21.21,310,7,8,0,0,0
04,120246338179300642,ACTIVE,340,21.209999999999997,794,22,22,2,0,0
04,120247467570380455,ACTIVE,50,21.130000000000003,428,18,19,1,1,60.41
04,120245541619240177,ACTIVE,100,20.939999999999998,398,14,11,3,2,81.19
04,120244880653330686,ACTIVE,133,20.92,512,14,11,1,2,102.44
04,120246343722040707,PAUSED,82,20.89,355,11,12,1,1,50.96
04,120251769553160054,ACTIVE,73,20.87,486,9,11,2,1,31.979999999999997
04,120247445963200509,ACTIVE,103,20.82,907,10,9,2,2,102.65
04,120246625421570097,ACTIVE,92,20.82,558,9,10,2,1,61.96999999999999
04,120244153199490146,ACTIVE,100,20.79,442,6,6,1,0,0
04,120245606890820025,ACTIVE,100,20.79,285,10,12,1,0,0
04,120248248635000455,ACTIVE,132,20.740000000000002,264,12,8,0,0,0
04,120245201694370686,ACTIVE,80,20.67,383,14,15,3,1,51.22
04,120247124966060090,ACTIVE,119,20.62,464,12,11,1,1,86.35
04,120251275180530054,ACTIVE,100,20.6,634,7,14,1,1,73.21
04,120245205425940677,ACTIVE,100,20.48,595,6,8,1,1,70.02
04,120243832687650146,ACTIVE,50,20.470000000000002,596,15,16,0,0,0
04,120247336235960389,ACTIVE,100,20.45,494,13,16,2,2,106.32
04,120244967217550436,ACTIVE,106,20.39,773,17,15,1,0,0
04,120247107054620509,ACTIVE,100,20.33,369,7,9,1,1,29.979999999999997
04,120248248634970455,ACTIVE,132,20.279999999999998,346,7,9,1,0,0
04,120244883028360686,ACTIVE,80,20.259999999999998,341,12,12,1,1,29.98
04,120251701953330054,ACTIVE,100,20.240000000000002,539,5,7,2,2,63.959999999999994
04,120247876590550126,ACTIVE,90,20.229999999999997,630,19,21,2,1,29.979999999999997
04,120244967217480436,ACTIVE,106,20.049999999999997,705,19,18,2,1,99.72
04,120247489931670431,PAUSED,220,19.98,395,14,12,0,0,0
04,120244194695070177,ACTIVE,100,19.91,414,18,20,3,2,59.959999999999994
04,120249013372050100,ACTIVE,100,19.83,385,8,10,0,0,0
04,6995238696095,ACTIVE,100,19.78,243,10,10,1,1,54.980000000000004
04,120244566743700788,ACTIVE,50,19.69,279,6,6,0,0,0
04,120249115231040100,ACTIVE,100,19.67,395,11,15,1,1,22.979999999999997
04,120247616942850561,ACTIVE,100,19.580000000000002,549,12,15,0,0,0
04,120254368844920197,ACTIVE,100,19.57,291,6,10,0,0,0
04,120250201697380577,ACTIVE,100,19.5,478,10,11,0,0,0
04,120246819645500629,ACTIVE,50,19.41,485,6,6,1,0,0
04,120244938793740663,ACTIVE,210,19.35,322,11,14,2,2,75.96000000000001
04,120248703982780229,ACTIVE,80,19.22,319,13,12,1,0,0
04,120249528844270064,ACTIVE,100,19,339,11,10,0,0,0
04,120245750558170707,ACTIVE,100,19,374,12,11,1,0,0
04,120245693759830630,ACTIVE,80,18.97,515,8,9,1,0,0
04,120251856003590054,ACTIVE,100,18.92,432,13,13,2,1,31.979999999999997
04,120248108038930561,ACTIVE,96,18.92,622,22,20,3,1,57.94
04,120246581316290126,ACTIVE,80,18.910000000000004,564,24,18,2,2,81.19
04,120247866400320389,ACTIVE,100,18.9,434,13,16,2,2,119.82
04,120245662338460780,ACTIVE,80,18.82,386,10,11,2,2,101.92999999999999
04,120244155464650146,ACTIVE,100,18.8,461,11,12,1,0,0
04,120246733854770065,ACTIVE,80,18.740000000000002,369,15,15,0,0,0
04,120246773871680629,ACTIVE,50,18.73,352,6,5,0,0,0
04,120246804547700175,ACTIVE,50,18.73,828,14,13,0,0,0
04,120246196163490707,ACTIVE,80,18.72,347,11,11,1,0,0
04,120248880534940100,ACTIVE,100,18.71,442,7,6,0,0,0
04,120245592542820133,ACTIVE,60,18.68,263,8,8,2,1,66.02
04,120243734745460129,ACTIVE,100,18.63,533,10,13,0,0,0
04,120245693709840630,ACTIVE,80,18.59,460,7,8,0,0,0
04,120246666123990477,ACTIVE,100,18.55,305,10,12,0,0,0
04,120249457298140127,ACTIVE,100,18.520000000000003,229,9,9,1,0,0
04,120246100566560173,PAUSED,100,18.45,319,13,13,0,0,0
04,120246299672700751,ACTIVE,195,18.31,635,16,15,3,1,22.98
04,120251239771420586,ACTIVE,134,18.3,564,11,13,1,0,0
04,120246309078080032,ACTIVE,100,18.24,395,16,15,1,1,22.98
04,120248474785690152,ACTIVE,105,18.21,799,18,20,0,0,0
04,120244008702660129,ACTIVE,300,18.2,601,14,19,1,1,41.980000000000004
04,120248974670400019,ACTIVE,50,18.14,280,9,10,1,1,51.22
04,120246070715810752,ACTIVE,100,18.13,549,11,16,3,1,40.97
04,120247601538900425,ACTIVE,150,18.119999999999997,384,10,12,0,0,0
04,120246946458510629,ACTIVE,50,17.919999999999998,442,5,5,2,0,0
04,120244079033450320,ACTIVE,120,17.880000000000003,738,19,16,1,1,82.02000000000001
04,120247389356380455,ACTIVE,100,17.86,404,12,13,0,0,0
04,120247311647030509,ACTIVE,50,17.84,690,16,17,0,0,0
04,120249286765290368,ACTIVE,400,17.830000000000002,557,14,13,1,0,0
04,120247444104590509,ACTIVE,100,17.81,580,17,19,2,0,0
04,120246666193770477,ACTIVE,100,17.759999999999998,294,11,9,2,1,51.21
04,120245224035350179,ACTIVE,120,17.759999999999998,749,11,11,1,0,0
04,120254284171910197,ACTIVE,100,17.71,292,10,11,2,0,0
04,120243772698800146,ACTIVE,50,17.669999999999998,659,29,27,2,0,0
04,120249412510530100,ACTIVE,91,17.65,561,16,16,1,0,0
04,120246308997790032,ACTIVE,100,17.6,403,10,10,1,0,0
04,120248615909580019,ACTIVE,50,17.6,251,7,7,1,0,0
04,120246087968610032,ACTIVE,72,17.580000000000002,496,13,10,2,1,21.98
04,120244916431500436,ACTIVE,100,17.57,665,12,14,0,0,0
04,120247306268350043,ACTIVE,70,17.56,262,8,7,1,1,49.52
04,120246343721680707,ACTIVE,82,17.53,361,12,10,0,0,0
04,120248025171210561,ACTIVE,97,17.46,590,16,18,0,0,0
04,120248996649810116,ACTIVE,100,17.31,216,5,7,1,0,0
04,120249283732990100,ACTIVE,90,17.3,489,14,16,5,4,181.46
04,120246191098790320,ACTIVE,120,17.25,573,10,11,2,1,58.77
04,120246213764990470,ACTIVE,90,17.25,545,12,14,1,1,39.980000000000004
04,120249456377680127,ACTIVE,100,17.24,262,8,9,0,1,34.980000000000004
04,120245693709760630,ACTIVE,80,17.18,504,11,10,0,0,0
04,120246270264070320,ACTIVE,120,17.18,606,7,10,1,1,34.07
04,120247645229990642,ACTIVE,100,17.11,640,14,12,1,0,0
04,120249251074290319,ACTIVE,120,17.02,545,10,10,0,0,0
04,120246583047400674,ACTIVE,100,17.02,441,14,14,0,0,0
04,120251037305290166,ACTIVE,100,17.009999999999998,401,11,11,2,1,24.98
04,120247443894310509,ACTIVE,100,16.990000000000002,565,15,13,0,0,0
04,120242907734560129,ACTIVE,100,16.95,321,12,13,0,0,0
04,120246733901990065,ACTIVE,80,16.92,418,17,13,0,0,0
04,120246599890040214,ACTIVE,120,16.9,264,3,3,1,1,59.93
04,120243673094650146,ACTIVE,100,16.86,509,19,17,2,0,0
04,120246632417160097,PAUSED,80,16.85,483,10,7,0,0,0
04,120243144633320146,ACTIVE,100,16.84,455,19,17,1,0,0
04,120246733902040065,ACTIVE,80,16.759999999999998,365,14,14,0,0,0
04,120245964184870707,ACTIVE,100,16.75,356,13,15,3,3,131.64
04,120247322351430090,ACTIVE,60,16.740000000000002,242,8,10,1,0,0
04,120247442486870509,ACTIVE,100,16.740000000000002,329,5,6,1,1,29.98
04,120247246948530509,ACTIVE,100,16.73,789,10,10,0,0,0
04,120245622959400630,ACTIVE,127,16.729999999999997,421,10,12,1,0,0
04,120246178127590241,ACTIVE,100,16.68,765,16,18,0,0,0
04,120245500027320032,ACTIVE,100,16.669999999999998,476,18,20,3,0,0
04,120246040085600751,ACTIVE,370,16.65,518,10,14,1,1,22.98
04,120246631717240097,ACTIVE,80,16.64,531,13,14,0,0,0
04,120249433591590100,ACTIVE,100,16.6,345,6,4,0,1,54.81
04,120249120674110404,ACTIVE,300,16.54,327,6,10,1,1,41.98
04,120249265909030725,ACTIVE,100,16.52,485,6,10,0,0,0
04,120246631674810097,ACTIVE,80,16.46,599,10,10,1,1,61.97
04,120247558121560065,ACTIVE,94,16.37,462,5,4,0,0,0
04,120249452676040651,ACTIVE,80,16.22,376,8,9,0,0,0
04,120245825448150533,ACTIVE,100,16.19,605,14,14,1,0,0
04,120247322669120509,ACTIVE,100,16.189999999999998,647,8,10,1,1,85.96000000000001
04,120244349822900686,ACTIVE,100,16.18,251,7,7,1,0,0
04,120249265837020725,ACTIVE,100,16.119999999999997,386,8,8,0,0,0
04,120246308997710032,ACTIVE,100,16.09,397,12,13,1,0,0
04,120246286382660752,ACTIVE,100,16.040000000000003,448,21,20,4,2,65.95
04,120250678039650651,ACTIVE,80,16.03,443,16,18,1,0,0
04,120243316803930436,ACTIVE,100,15.94,571,9,9,0,0,0
04,120248535565040229,ACTIVE,156,15.91,299,8,12,0,0,0
04,120244477400200678,ACTIVE,100,15.91,293,5,8,0,0,0
04,120246733877000065,ACTIVE,80,15.899999999999999,322,10,10,0,0,0
04,120248448870780725,ACTIVE,100,15.899999999999999,356,11,8,3,1,49.37
04,120249824676430057,ACTIVE,100,15.89,191,7,7,1,1,156.64000000000001
04,120244618043570436,ACTIVE,100,15.89,541,19,19,3,1,99.71
04,120247865520180544,ACTIVE,80,15.879999999999999,427,8,10,1,0,0
04,120246583070910674,ACTIVE,100,15.86,380,13,14,1,1,46.23
04,6995131005895,ACTIVE,100,15.86,274,5,3,2,0,0
04,120245466475870630,ACTIVE,110,15.83,467,11,15,4,4,184.33999999999997
04,120246770835970175,ACTIVE,110,15.810000000000002,465,13,12,3,1,57.9
04,120246100582600173,ACTIVE,80,15.809999999999999,490,20,21,3,0,0
04,120244691045040320,ACTIVE,120,15.8,613,9,12,1,0,0
04,120245662434130780,ACTIVE,80,15.77,326,11,12,4,2,49.96
04,120247444105020509,ACTIVE,100,15.760000000000002,546,7,8,1,0,0
04,120243772698880146,ACTIVE,100,15.760000000000002,765,9,8,0,0,0
04,120245881655400509,ACTIVE,92,15.71,479,12,10,2,1,61.97
04,120246570408620477,ACTIVE,100,15.68,320,7,9,1,0,0
04,120247114547280509,ACTIVE,85,15.64,579,8,10,1,1,34.98
04,120249533650850019,ACTIVE,50,15.639999999999999,317,14,16,2,1,24.98
04,120248111423590168,ACTIVE,101,15.639999999999997,395,15,14,2,0,0
04,120244006723850129,ACTIVE,100,15.63,496,17,16,1,1,96.22
04,120248040382930126,ACTIVE,80,15.63,348,5,5,0,0,0
04,120249265523540725,ACTIVE,100,15.559999999999999,409,6,6,0,0,0
04,120242700474080358,ACTIVE,100,15.52,366,7,7,2,2,93.94000000000001
04,120248490741000152,ACTIVE,120,15.51,647,13,14,1,0,0
04,120247444123640509,ACTIVE,100,15.51,500,8,8,0,0,0
04,120246286465380752,ACTIVE,100,15.5,391,12,13,3,2,157.88
04,120246733854740065,ACTIVE,80,15.489999999999998,275,10,12,0,0,0
04,120244014047710146,ACTIVE,100,15.459999999999999,403,14,12,1,0,0
04,120246699106190629,ACTIVE,100,15.45,394,9,9,0,1,36.949999999999996
04,120244156313240146,ACTIVE,100,15.45,356,7,6,1,1,41.980000000000004
04,120249431214270100,ACTIVE,100,15.44,367,3,4,2,1,38.17
04,120247504003780425,ACTIVE,100,15.38,438,9,9,3,1,97.71
04,120242847129030686,ACTIVE,100,15.309999999999999,441,10,11,1,1,29.979999999999997
04,120247061773550509,ACTIVE,100,15.27,712,16,18,1,0,0
04,120242870748820133,ACTIVE,80,15.21,328,5,7,1,1,37.980000000000004
04,120247163507460509,ACTIVE,100,15.21,595,3,9,0,0,0
04,120246169445720320,ACTIVE,108,15.140000000000002,444,14,15,2,2,180.99
04,120247443636720509,ACTIVE,100,15.11,590,10,10,2,2,71.45
04,120246309078150032,ACTIVE,100,15.08,304,12,9,1,0,0
04,120248224810100389,ACTIVE,80,15.079999999999998,397,25,26,2,0,0
04,120246583142050674,ACTIVE,100,15.07,369,12,14,1,0,0
04,120246286557160752,ACTIVE,100,15.07,498,14,16,2,0,0
04,120247058049910303,ACTIVE,120,15.030000000000001,268,8,8,1,1,43.97
04,120246191098970320,ACTIVE,120,15.030000000000001,511,9,12,2,0,0
04,120249533679040019,ACTIVE,150,15.020000000000001,362,14,13,0,0,0
04,120243929504820146,ACTIVE,100,15.02,242,6,5,1,1,75.22
04,120243593808880146,ACTIVE,100,15.01,396,10,11,1,0,0
04,120249265837120725,ACTIVE,100,14.990000000000002,436,7,9,0,0,0
04,120247040711030629,ACTIVE,100,14.93,278,9,9,1,1,63.91
04,120246733876960065,ACTIVE,80,14.93,310,12,17,1,0,0
04,120246707623720509,ACTIVE,117,14.91,425,6,9,2,0,0
04,120243602902170032,ACTIVE,100,14.91,436,9,10,0,0,0
04,120247443894130509,ACTIVE,100,14.86,514,7,6,0,0,0
04,120247866597100389,ACTIVE,100,14.82,498,8,8,1,0,0
04,120246867532780629,ACTIVE,100,14.69,391,6,6,0,0,0
04,120244165647870788,ACTIVE,50,14.68,228,6,5,0,0,0
04,120244824582450436,ACTIVE,90,14.670000000000002,499,16,18,1,1,68.22999999999999
04,120250691304310722,PAUSED,68,14.63,207,7,8,1,0,0
04,120248252434110561,ACTIVE,87,14.579999999999998,363,17,15,2,0,0
04,120246338247960241,ACTIVE,100,14.540000000000001,1160,16,21,1,0,0
04,120245466475590630,ACTIVE,110,14.5,403,9,9,2,1,24.98
04,120254529951930197,ACTIVE,100,14.49,348,8,7,1,1,29.979999999999997
04,120244793522550320,ACTIVE,120,14.420000000000002,445,4,3,0,0,0
04,120247199911460090,ACTIVE,122,14.419999999999998,295,10,9,2,2,192.16
04,120247018754190126,ACTIVE,80,14.41,351,12,15,1,0,0
04,120250905694920651,ACTIVE,80,14.38,330,12,13,0,0,0
04,120243482214180129,ACTIVE,100,14.38,425,7,9,0,0,0
04,120246415849650214,ACTIVE,160,14.38,243,4,5,1,0,0
04,120246232598650090,ACTIVE,132,14.35,344,7,9,0,0,0
04,120248137514550561,ACTIVE,100,14.31,434,13,15,2,0,0
04,120246672624130642,ACTIVE,100,14.25,275,2,10,0,0,0
04,120244154320860146,ACTIVE,100,14.25,380,9,9,1,0,0
04,120249431214310100,ACTIVE,100,14.23,338,7,6,0,0,0
04,120247890133980642,ACTIVE,124,14.110000000000001,587,12,14,2,1,37.95
04,120247392329370509,ACTIVE,100,14.07,614,12,12,1,0,0
04,120248764599250589,ACTIVE,100,14.06,323,8,9,1,1,29.98
04,120244156313420146,ACTIVE,100,14.06,289,12,10,0,0,0
04,120244581910630686,ACTIVE,80,14.02,239,8,6,3,3,131.16000000000003
04,120244963644620686,ACTIVE,80,14,187,4,6,1,1,29.979999999999997
04,120245063703470133,ACTIVE,80,13.93,253,4,6,0,0,0
04,120251642537180054,ACTIVE,80,13.83,352,8,9,0,0,0
04,120245380678000025,ACTIVE,100,13.82,182,12,9,0,0,0
04,120247815782080642,ACTIVE,122,13.77,304,10,10,0,0,0
04,120244153272430146,ACTIVE,100,13.719999999999999,264,5,6,0,0,0
04,120245823079650320,ACTIVE,100,13.7,427,6,5,0,0,0
04,120248358214470469,ACTIVE,80,13.59,294,10,11,2,1,49.37
04,120247444805610509,ACTIVE,100,13.55,471,5,5,0,0,0
04,120247442428390509,ACTIVE,80,13.52,309,11,11,1,1,49.52
04,120246583142090674,ACTIVE,100,13.5,332,8,6,0,0,0
04,120247829146440561,ACTIVE,114,13.490000000000002,341,18,17,0,0,0
04,120244389916630436,ACTIVE,100,13.45,558,10,11,0,0,0
04,120247970574920126,ACTIVE,80,13.43,514,11,11,1,1,51.209999999999994
04,120246299721480751,ACTIVE,195,13.4,367,7,8,0,0,0
04,120247534964830642,ACTIVE,100,13.36,305,6,8,1,1,37.95
04,120245847712420650,ACTIVE,114,13.36,113,2,3,0,0,0
04,120246870229730642,ACTIVE,105,13.33,260,6,6,0,0,0
04,120248318269050152,ACTIVE,80,13.3,342,9,7,0,0,0
04,120246471244730065,ACTIVE,135,13.280000000000001,388,7,9,1,1,49.52
04,120248448870670725,ACTIVE,100,13.28,326,4,7,0,0,0
04,120247444123290509,ACTIVE,100,13.26,399,5,5,0,0,0
04,23857304059010799,ACTIVE,50,13.24,142,7,6,1,1,27.979999999999997
04,120246686798620214,ACTIVE,100,13.2,211,6,7,1,1,24.97
04,120256254668930586,ACTIVE,50,13.18,338,10,11,1,0,0
04,120246522122340677,ACTIVE,100,13.14,307,6,7,1,0,0
04,120248774488970725,ACTIVE,100,13.13,407,9,12,0,0,0
04,120244153216170146,ACTIVE,100,13.12,281,8,9,2,0,0
04,120249073752900725,ACTIVE,100,13.059999999999999,243,7,6,0,0,0
04,120245825263430533,ACTIVE,100,12.969999999999999,410,9,10,0,0,0
04,120247608650800126,ACTIVE,100,12.940000000000001,143,4,4,1,0,0
04,120244011865020146,ACTIVE,100,12.92,288,3,2,0,0,0
04,120249061328590589,ACTIVE,100,12.900000000000002,188,3,2,0,0,0
04,120244963676310686,ACTIVE,80,12.89,222,8,7,0,0,0
04,120248056801430561,ACTIVE,60,12.850000000000001,261,7,11,0,0,0
04,120247795310860126,ACTIVE,100,12.85,217,9,8,1,1,29.98
04,120248072969230389,ACTIVE,100,12.82,324,3,15,1,0,0
04,120255653285300586,ACTIVE,100,12.82,330,8,9,1,0,0
04,120247261723920291,ACTIVE,80,12.81,213,0,10,0,0,0
04,120249265792310725,ACTIVE,100,12.75,305,6,5,1,1,49.37
04,120247442725770509,ACTIVE,100,12.719999999999999,467,9,8,1,1,34.98
04,120245306349070462,ACTIVE,100,12.7,377,8,6,1,1,39.98
04,120246270030590320,ACTIVE,120,12.649999999999999,366,5,5,1,1,34.07
04,120249433591380100,ACTIVE,100,12.64,322,13,12,2,1,52.56
04,120245622959500630,ACTIVE,102,12.64,333,15,15,1,0,0
04,120246632417260097,PAUSED,80,12.620000000000001,403,4,4,0,0,0
04,120247370270360509,ACTIVE,101,12.58,494,10,11,1,0,0
04,120248288633270389,ACTIVE,81,12.540000000000003,400,13,14,3,2,92.82000000000001
04,120244154844240146,ACTIVE,100,12.5,386,11,12,1,0,0
04,120248201085040469,ACTIVE,80,12.49,286,1,7,0,0,0
04,120248056801340561,ACTIVE,60,12.39,300,7,9,0,0,0
04,120248229430550425,ACTIVE,100,12.37,163,1,1,0,0,0
04,120245044044890686,ACTIVE,80,12.34,226,3,3,0,0,0
04,120244404574840678,ACTIVE,118,12.31,239,2,1,0,0,0
04,120248974670480019,PAUSED,50,12.22,194,4,5,0,0,0
04,120247995051750695,ACTIVE,105,12.21,344,3,4,1,1,96.75
04,120246619814510549,ACTIVE,85,12.21,325,2,3,0,0,0
04,120248466107650695,ACTIVE,141,12.2,387,3,4,0,0,0
04,120250139945670577,ACTIVE,100,12.18,190,8,8,0,1,28.979999999999997
04,120247442725840509,ACTIVE,100,12.149999999999999,597,7,6,0,0,0
04,120246069254050470,ACTIVE,98,12.09,287,10,11,1,0,0
04,120246270030620320,ACTIVE,120,12.060000000000002,257,4,4,0,0,0
04,120249151139280057,ACTIVE,100,12.02,207,6,7,1,1,73.42
04,120244154844180146,ACTIVE,100,11.989999999999998,358,10,10,0,0,0
04,120247633428650725,ACTIVE,100,11.959999999999999,339,8,10,2,1,28.979999999999997
04,120244389916660436,ACTIVE,100,11.94,630,10,11,2,0,0
04,120247246390530389,ACTIVE,100,11.850000000000001,432,10,10,2,0,0
04,120246399807540674,ACTIVE,100,11.830000000000002,207,8,17,2,0,0
04,120249105110140210,ACTIVE,111,11.83,514,4,4,0,0,0
04,120244154320110146,ACTIVE,100,11.83,386,10,11,0,0,0
04,120242776941930146,ACTIVE,100,11.82,276,4,6,0,0,0
04,120251769553070054,ACTIVE,73,11.82,312,7,7,1,1,73.21
04,120246465900910677,ACTIVE,100,11.809999999999999,284,8,5,1,0,0
04,120247467569900455,ACTIVE,100,11.8,230,2,5,0,0,0
04,120247040711430629,ACTIVE,100,11.76,332,8,8,1,1,89.36999999999999
04,120248229430490425,ACTIVE,100,11.74,158,1,2,0,0,0
04,120247199911470090,ACTIVE,122,11.739999999999998,271,8,14,0,0,0
04,120244761582650436,ACTIVE,100,11.72,381,10,14,0,0,0
04,120249134484060166,ACTIVE,30,11.719999999999999,242,7,7,2,2,82.34
04,120250005173420404,ACTIVE,111,11.67,215,5,8,0,0,0
04,120249283733020100,ACTIVE,90,11.66,267,5,7,1,1,52.56
04,120249062217790019,ACTIVE,50,11.629999999999999,280,15,13,2,1,29.979999999999997
04,120247508094040725,ACTIVE,100,11.530000000000001,406,11,11,2,1,124.57000000000001
04,120248129114130695,ACTIVE,150,11.469999999999999,358,10,9,0,0,0
04,120249178308050725,ACTIVE,100,11.43,216,6,9,1,1,68.56
04,120247246948670509,ACTIVE,100,11.33,516,10,11,0,0,0
04,120248604432660663,ACTIVE,80,11.25,236,8,10,2,1,66.02
04,120244483074140436,ACTIVE,100,11.23,395,4,5,1,0,0
04,120244566548030788,ACTIVE,50,11.23,201,7,6,0,0,0
04,120246196163050707,ACTIVE,80,11.170000000000002,266,8,9,1,0,0
04,120248532436300048,ACTIVE,100,11.14,119,4,5,1,0,0
04,120249265471920725,ACTIVE,100,11.120000000000001,280,3,4,0,1,68.56
04,120247403426120126,ACTIVE,100,11.11,234,3,3,0,0,0
04,120247482195350544,ACTIVE,74,11.09,357,6,4,1,0,0
04,120245583667780533,ACTIVE,100,11.09,372,6,8,0,0,0
04,120248923191070589,ACTIVE,100,11.08,196,4,4,0,0,0
04,120254284171970197,ACTIVE,100,11.07,165,2,11,1,1,46.22
04,120248040060730126,ACTIVE,80,11.02,255,5,6,0,0,0
04,120247261924920291,ACTIVE,80,10.98,189,0,3,0,0,0
04,120247365940320642,ACTIVE,100,10.91,236,4,4,1,0,0
04,120244154625130146,ACTIVE,100,10.86,297,10,9,0,0,0
04,120243928955960129,ACTIVE,100,10.84,340,9,10,0,0,0
04,120248357015380469,ACTIVE,80,10.829999999999998,243,5,7,0,0,0
04,120244911557470436,ACTIVE,100,10.79,487,22,23,2,2,136.45
04,120246024108440751,ACTIVE,195,10.76,203,5,7,3,1,22.98
04,120247862754470462,PAUSED,73,10.67,103,2,2,0,0,0
04,120243929504970146,ACTIVE,100,10.67,276,3,2,0,0,0
04,120247823215090168,ACTIVE,100,10.6,261,1,2,0,0,0
04,120248151239370425,ACTIVE,100,10.49,132,5,7,1,1,69.67
04,120243830981980146,ACTIVE,80,10.47,301,7,7,1,1,41.980000000000004
04,120246447361050303,ACTIVE,120,10.44,254,4,4,1,1,43.97
04,120247442428440509,ACTIVE,80,10.420000000000002,289,7,8,1,1,49.52
04,120245380137820707,ACTIVE,200,10.4,227,9,12,1,0,0
04,120245608347630133,ACTIVE,60,10.36,105,5,6,1,0,0
04,120249263766000247,ACTIVE,100,10.330000000000002,88,2,4,0,0,0
04,120243465250350705,ACTIVE,80,10.309999999999999,245,4,3,1,0,0
04,120247444805690509,ACTIVE,100,10.3,554,5,5,0,0,0
04,120247858934130544,ACTIVE,76,10.280000000000001,274,5,6,2,2,55.96
04,120246299721450751,ACTIVE,115,10.23,258,6,7,0,0,0
04,120244153235460146,ACTIVE,100,10.19,357,6,8,2,0,0
04,120244486723120436,ACTIVE,100,10.12,407,7,10,2,0,0
04,120245686006250032,ACTIVE,100,10.1,218,7,8,1,0,0
04,120246522442100677,ACTIVE,100,10.09,181,3,3,0,0,0
04,120248346419460152,ACTIVE,94,10.059999999999999,412,9,9,0,0,0
04,120248357292800469,ACTIVE,80,10.05,211,10,8,1,0,0
04,120244566387920788,ACTIVE,50,9.989999999999998,210,4,5,1,1,92.3
04,23857304059050799,ACTIVE,50,9.959999999999999,104,3,3,0,0,0
04,120247322861560509,ACTIVE,100,9.95,394,4,8,0,0,0
04,120245490989600133,ACTIVE,80,9.85,173,8,7,0,0,0
04,120251063107220166,ACTIVE,30,9.84,291,6,7,0,0,0
04,120247802943620389,ACTIVE,100,9.84,546,12,13,3,3,103.64999999999999
04,120245327669090320,ACTIVE,120,9.81,291,5,8,0,0,0
04,120251191169790651,ACTIVE,80,9.8,220,2,4,1,1,37.98
04,120246558672090097,ACTIVE,152,9.799999999999999,362,7,9,1,1,61.970000000000006
04,120247280578260065,ACTIVE,100,9.760000000000002,259,2,6,1,0,0
04,23857453831540799,ACTIVE,50,9.76,66,3,3,1,0,0
04,120249152473440247,ACTIVE,100,9.76,224,7,10,1,0,0
04,120244153235540146,ACTIVE,100,9.7,330,13,13,1,0,0
04,120246777147100214,ACTIVE,80,9.629999999999999,153,3,4,0,0,0
04,120247370270380509,ACTIVE,101,9.579999999999998,363,8,9,0,0,0
04,120245617791190630,ACTIVE,111,9.57,286,10,13,3,2,65.95
04,120251494191110054,ACTIVE,78,9.53,259,3,3,0,0,0
04,120248229562170425,ACTIVE,100,9.43,147,0,2,0,0,0
04,120249179865340725,ACTIVE,100,9.43,262,5,5,2,2,117.93
04,120244674407170788,ACTIVE,50,9.42,185,8,10,1,1,37.95
04,120244505803880686,ACTIVE,80,9.39,130,5,6,0,0,0
04,120244300638070032,ACTIVE,100,9.37,191,13,14,2,1,22.98
04,120248229691740425,ACTIVE,100,9.32,145,0,4,0,0,0
04,120247866483670065,ACTIVE,100,9.29,174,5,6,1,1,63.91
04,120245651364090303,ACTIVE,80,9.29,183,5,10,1,0,0
04,120248358470430469,ACTIVE,80,9.27,203,3,4,0,0,0
04,120247378425210561,ACTIVE,180,9.19,252,5,7,0,0,0
04,120244156901170146,ACTIVE,100,9.18,490,10,10,1,0,0
04,120247443012820509,ACTIVE,100,9.16,517,8,8,0,0,0
04,120249179840870725,ACTIVE,100,9.139999999999999,296,1,1,0,0,0
04,120248398352060389,ACTIVE,100,9.13,322,7,5,0,0,0
04,120247333999410425,ACTIVE,100,9.09,175,5,6,1,0,0
04,120247061936980509,ACTIVE,100,8.92,272,4,4,0,0,0
04,120246697447950610,ACTIVE,80,8.88,137,5,5,0,0,0
04,120248040382960126,ACTIVE,80,8.85,183,3,3,0,0,0
04,120244418309490436,ACTIVE,100,8.75,298,10,11,1,0,0
04,120242972188130146,ACTIVE,100,8.67,304,6,7,1,0,0
04,23857454054060799,ACTIVE,50,8.63,89,5,5,1,1,47.51
04,120247245979210389,ACTIVE,100,8.6,236,3,6,0,0,0
04,120248960171180100,ACTIVE,100,8.58,228,4,3,0,1,38.17
04,120248025171070561,ACTIVE,86,8.57,256,11,12,0,0,0
04,120248199130120168,ACTIVE,90,8.55,184,3,5,0,0,0
04,120247306268430043,PAUSED,70,8.540000000000001,131,2,2,0,0,0
04,120245889270720065,ACTIVE,40,8.5,248,5,3,0,0,0
04,120246471244780065,ACTIVE,135,8.4,228,10,10,1,0,0
04,120244156901670146,ACTIVE,100,8.38,470,7,9,0,0,0
04,120249347498540100,ACTIVE,91,8.25,182,9,9,1,0,0
04,120247157340280509,ACTIVE,100,8.24,350,6,9,1,1,61.97
04,120244918988320303,ACTIVE,40,8.21,208,12,12,1,0,0
04,120251910136180054,ACTIVE,107,8.21,130,4,6,1,1,31.979999999999997
04,120250501589950722,ACTIVE,68,8.21,135,8,7,2,1,38.27
04,120249179367710725,ACTIVE,100,8.19,182,6,7,2,2,98.74
04,120246802025580509,ACTIVE,42,8.120000000000001,246,5,7,0,0,0
04,23857454054570799,ACTIVE,50,8.059999999999999,95,2,2,0,0,0
04,120246849779610090,ACTIVE,100,8.030000000000001,147,1,4,1,0,0
04,120245923045620168,ACTIVE,100,8.02,287,2,5,2,1,37.98
04,120244915930060436,ACTIVE,100,8.02,263,8,10,1,0,0
04,120246145595780470,ACTIVE,20,8.01,134,3,3,0,0,0
04,120246299672680751,ACTIVE,68,8,260,8,10,1,0,0
04,120243211134690146,ACTIVE,100,7.98,192,5,8,1,0,0
04,120246299672740751,ACTIVE,115,7.94,252,2,5,0,0,0
04,120248040060750126,ACTIVE,80,7.93,200,5,6,1,1,51.21
04,120245889270610065,ACTIVE,40,7.88,249,3,4,0,0,0
04,120245775225080097,ACTIVE,94,7.82,221,8,10,0,0,0
04,120244566743750788,PAUSED,50,7.8,85,1,1,0,0,0
04,120246619814540549,ACTIVE,55,7.789999999999999,188,1,3,0,0,0
04,120246551175300674,ACTIVE,100,7.789999999999999,196,8,11,2,0,0
04,120247591966310642,ACTIVE,100,7.760000000000001,228,4,4,1,1,37.95
04,120244349823030686,ACTIVE,100,7.75,158,2,2,0,0,0
04,23857453831560799,ACTIVE,50,7.75,78,3,4,0,0,0
04,120244077730640146,ACTIVE,100,7.740000000000001,114,1,1,0,0,0
04,120245044044870686,ACTIVE,80,7.71,161,8,8,0,0,0
04,120251191170020651,ACTIVE,80,7.709999999999999,223,4,6,0,0,0
04,120251026838540210,ACTIVE,84,7.669999999999999,254,2,3,0,0,0
04,120247570572060455,ACTIVE,100,7.65,187,7,7,1,0,0
04,120249390394480054,ACTIVE,71,7.63,175,8,8,3,1,31.979999999999997
04,120249646481980279,ACTIVE,80,7.61,276,6,4,0,0,0
04,120244678961010788,ACTIVE,50,7.58,205,3,3,0,0,0
04,120245170581670686,PAUSED,100,7.57,62,1,1,0,0,0
04,120247601292310065,ACTIVE,50,7.54,150,3,6,0,0,0
04,120244216235640630,ACTIVE,52,7.4,221,7,6,0,0,0
04,120245481989400065,ACTIVE,40,7.31,215,7,7,0,1,29.98
04,120246054157300173,ACTIVE,100,7.300000000000001,265,13,15,2,1,39.940000000000005
04,23857331534270799,ACTIVE,50,7.3,68,3,4,0,0,0
04,120249447732060577,ACTIVE,68,7.26,266,7,8,0,0,0
04,120247866311490389,ACTIVE,100,7.23,261,4,7,1,0,0
04,120244480112510436,ACTIVE,100,7.2,223,5,6,1,0,0
04,120245124561510686,ACTIVE,80,7.08,70,9,7,2,1,112.52
04,120248229485380425,ACTIVE,100,7.04,143,1,2,0,0,0
04,120245511607120780,ACTIVE,80,6.99,163,3,5,0,0,0
04,120246979930770509,ACTIVE,100,6.88,307,5,8,0,0,0
04,120247366315930509,ACTIVE,100,6.84,399,4,5,0,0,0
04,120246134152350173,ACTIVE,100,6.83,186,10,10,1,1,71.39
04,120249447732030577,ACTIVE,68,6.819999999999999,288,7,8,2,1,41.97
04,120247601292330065,ACTIVE,50,6.800000000000001,157,4,4,0,0,0
04,120247866483700065,ACTIVE,100,6.75,147,5,5,0,0,0
04,120250558406540368,ACTIVE,86,6.7,271,6,5,2,1,120.55
04,120245736523970177,ACTIVE,100,6.69,67,1,2,0,0,0
04,120251062504040166,PAUSED,30,6.68,170,2,2,0,0,0
04,120247115989200291,ACTIVE,80,6.68,182,4,9,2,2,126.73
04,120246299721620751,ACTIVE,68,6.629999999999999,128,6,8,1,0,0
04,120246088780810320,ACTIVE,100,6.57,153,0,0,0,0,0
04,6968638622626,ACTIVE,50,6.550000000000001,229,4,5,0,0,0
04,120243734466660129,ACTIVE,100,6.550000000000001,229,6,6,0,0,0
04,120249057669240663,ACTIVE,50,6.49,142,5,5,0,0,0
04,120245124052890686,ACTIVE,80,6.44,98,1,2,0,0,0
04,120248503799160116,ACTIVE,74,6.4399999999999995,131,6,7,0,0,0
04,120251063106910166,ACTIVE,30,6.43,187,1,3,1,0,0
04,120244761869100436,ACTIVE,100,6.37,192,2,4,1,1,99.72
04,120245608347680133,ACTIVE,60,6.37,103,4,4,1,1,37.980000000000004
04,120257487343530586,ACTIVE,25,6.36,193,4,4,0,0,0
04,120244749895840686,ACTIVE,80,6.33,95,1,5,0,0,0
04,120248359764410589,ACTIVE,100,6.3100000000000005,120,3,5,1,0,0
04,120247849750130663,ACTIVE,200,6.3100000000000005,68,3,2,0,0,0
04,120248229691800425,ACTIVE,100,6.3,159,2,2,0,0,0
04,120248151945870425,ACTIVE,100,6.18,145,2,3,2,0,0
04,120244011864950146,ACTIVE,100,6.17,170,7,6,1,1,41.980000000000004
04,120247597779990751,ACTIVE,40,6.15,83,2,1,1,0,0
04,120245532692360630,ACTIVE,77,6.140000000000001,205,7,7,0,0,0
04,120249057927140663,ACTIVE,50,6.119999999999999,71,2,4,0,0,0
04,120255867161890586,ACTIVE,25,6.08,132,5,4,1,0,0
04,120247950274740126,ACTIVE,90,6.08,196,5,5,0,0,0
04,120247829243430751,PAUSED,100,6.0600000000000005,94,1,1,0,0,0
04,120245241360310455,ACTIVE,100,6.039999999999999,248,3,5,0,0,0
04,120251150600140210,ACTIVE,82,6.01,185,11,14,0,0,0
04,120248823290310722,ACTIVE,40,5.9399999999999995,113,2,2,0,0,0
04,120250558406210368,ACTIVE,86,5.89,221,3,5,1,0,0
04,120247261723890291,ACTIVE,80,5.85,108,2,5,0,0,0
04,120242973433800146,ACTIVE,200,5.84,291,6,6,1,0,0
04,120243771828200436,ACTIVE,100,5.800000000000001,175,7,7,1,1,99.72
04,120244561628480678,ACTIVE,74,5.779999999999999,128,3,3,2,2,97.96000000000001
04,120247828626130751,PAUSED,100,5.77,87,2,2,1,1,22.98
04,120250837944350404,ACTIVE,50,5.76,78,2,2,1,0,0
04,120246551175210674,ACTIVE,100,5.74,128,1,3,2,1,29.979999999999997
04,120249179840900725,ACTIVE,100,5.720000000000001,169,1,1,0,0,0
04,120247391019010168,ACTIVE,78,5.7,169,2,2,0,0,0
04,120251037305040166,PAUSED,30,5.7,116,1,1,0,0,0
04,120245649056680177,PAUSED,100,5.699999999999999,73,2,1,0,0,0
04,120248045547800425,ACTIVE,136,5.69,70,0,2,0,0,0
04,120245481989440065,ACTIVE,40,5.59,166,3,1,1,0,0
04,120247504003740425,ACTIVE,100,5.54,78,0,3,1,1,69.67
04,120245386481210179,ACTIVE,80,5.53,223,0,0,0,0,0
04,120245170402820686,PAUSED,100,5.510000000000001,50,1,1,0,0,0
04,120247956340000389,ACTIVE,100,5.45,195,0,4,0,0,0
04,120244745582820125,ACTIVE,80,5.4,122,4,4,1,0,0
04,120246533502350368,ACTIVE,211,5.39,164,4,4,1,0,0
04,120247972621170389,ACTIVE,100,5.3100000000000005,157,3,9,1,0,0
04,120246169445790320,ACTIVE,108,5.3,138,1,3,1,1,124.16
04,120247110428960175,PAUSED,100,5.26,72,3,3,0,0,0
04,120248229485400425,ACTIVE,100,5.23,117,5,7,1,1,148.84
04,120245170492570686,PAUSED,100,5.220000000000001,60,0,0,0,0,0
04,120246007921720320,ACTIVE,100,5.21,106,1,4,0,0,0
04,120250747283060166,PAUSED,30,5.2,108,1,0,0,0,0
04,120249062394220019,ACTIVE,50,5.18,122,4,8,1,0,0
04,120243738734810686,ACTIVE,80,5.1,87,0,1,0,0,0
04,120251014701600404,ACTIVE,50,5.029999999999999,40,1,3,1,1,41.980000000000004
04,120245292235740179,ACTIVE,100,4.99,188,3,4,0,0,0
04,120248229562230425,ACTIVE,100,4.97,127,2,3,0,0,0
04,120246145189280470,ACTIVE,50,4.96,247,3,3,0,0,0
04,120248892319580365,ACTIVE,100,4.9399999999999995,280,1,1,0,0,0
04,120257559013880586,ACTIVE,30,4.93,101,1,1,0,0,0
04,120244963455410686,ACTIVE,80,4.9,99,0,0,0,0,0
04,120247797464010126,ACTIVE,80,4.83,118,0,2,0,0,0
04,120244034916020436,ACTIVE,100,4.76,175,5,5,1,0,0
04,120247815782100642,ACTIVE,122,4.739999999999999,104,1,1,0,0,0
04,120246549338880065,ACTIVE,50,4.709999999999999,129,3,2,0,0,0
04,120246005453800291,ACTIVE,900,4.7,139,1,8,1,1,64.17
04,120245205078130630,ACTIVE,56,4.7,109,4,5,1,0,0
04,120247954410960425,ACTIVE,100,4.7,42,1,1,0,0,0
04,120247541912960469,ACTIVE,80,4.66,107,3,6,0,0,0
04,120250448461180210,ACTIVE,74,4.609999999999999,167,3,2,1,1,71.72
04,120245124026530686,ACTIVE,80,4.6,70,2,2,1,1,51.22
04,120243772061640146,ACTIVE,100,4.58,130,2,4,0,0,0
04,120248176825100455,ACTIVE,131,4.57,149,11,9,1,1,84.37
04,120235701428420210,ACTIVE,200,4.5,127,1,3,0,0,0
04,120247866680710389,ACTIVE,100,4.47,175,2,4,2,1,46.410000000000004
04,120248557488550695,ACTIVE,80,4.47,231,6,6,1,1,92.41
04,120243831461540146,ACTIVE,100,4.43,118,1,2,0,0,0
04,120246902635090175,ACTIVE,100,4.42,97,0,1,0,0,0
04,120250558361100368,ACTIVE,50,4.41,138,3,5,0,0,0
04,120245649000800177,PAUSED,100,4.37,107,1,1,0,0,0
04,120247829716040751,PAUSED,100,4.36,64,0,0,0,0,0
04,120247322351400090,PAUSED,60,4.34,46,0,0,0,0,0
04,120247770552340065,PAUSED,100,4.3,90,2,1,0,0,0
04,120249179003180725,ACTIVE,100,4.27,124,3,3,0,0,0
04,120247059116590175,ACTIVE,87,4.26,149,1,8,0,0,0
04,120248539381110725,ACTIVE,100,4.21,119,2,2,0,0,0
04,120250838901590404,ACTIVE,50,4.2,79,2,2,0,0,0
04,120246818759970303,ACTIVE,40,4.18,102,6,5,2,0,0
04,120244076954630146,ACTIVE,100,4.16,139,1,2,0,1,190.68
04,120246145506950470,ACTIVE,50,4.1499999999999995,117,2,1,0,0,0
04,120247245095750509,ACTIVE,100,4.14,162,3,5,1,1,87.46
04,120247652964070586,ACTIVE,25,4.12,108,1,1,0,0,0
04,120244550853910436,ACTIVE,100,4.08,120,2,2,0,0,0
04,120245460390490177,ACTIVE,100,4.08,48,4,5,0,0,0
04,120247872778180425,ACTIVE,100,4.06,118,0,2,0,0,0
04,120245649136960177,PAUSED,100,4.06,85,1,1,0,0,0
04,120248072969470389,ACTIVE,100,4.06,96,2,5,1,1,21.87
04,120247040934670629,ACTIVE,100,4.02,201,4,5,1,1,36.949999999999996
04,120257469008460586,ACTIVE,30,4.01,105,3,2,0,0,0
04,120249300729780589,ACTIVE,100,3.97,92,1,1,0,0,0
04,120257487876160586,ACTIVE,50,3.97,103,1,2,0,1,28.979999999999997
04,120249057598540663,ACTIVE,50,3.96,91,1,5,1,0,0
04,120246818759010303,ACTIVE,40,3.95,95,1,2,0,0,0
04,120249739079790279,ACTIVE,80,3.93,153,2,3,0,0,0
04,120246283838280097,ACTIVE,110,3.9299999999999997,127,4,4,1,0,0
04,120248565530720152,PAUSED,100,3.91,67,2,2,0,0,0
04,120245386481280179,ACTIVE,80,3.91,142,3,3,0,0,0
04,120247799916320462,ACTIVE,35,3.8400000000000003,123,2,1,0,0,0
04,6993911140695,ACTIVE,100,3.81,57,2,2,1,0,0
04,120245213356490125,ACTIVE,80,3.8000000000000003,158,0,0,0,0,0
04,120246902634980175,ACTIVE,100,3.78,86,1,4,0,0,0
04,120247769726800065,PAUSED,100,3.7399999999999998,59,1,1,0,0,0
04,120245687813040097,ACTIVE,81,3.7,130,2,3,0,0,0
04,120249872725020651,ACTIVE,80,3.67,103,2,2,0,0,0
04,120248124018900425,ACTIVE,135,3.66,20,0,1,0,0,0
04,120247952380210544,ACTIVE,90,3.65,95,1,0,0,0,0
04,120250445767170166,ACTIVE,50,3.61,117,2,2,0,0,0
04,120244163991370436,ACTIVE,100,3.6,109,1,1,0,0,0
04,120244114789840146,PAUSED,100,3.59,74,2,1,0,0,0
04,120257469008430586,ACTIVE,30,3.5300000000000002,130,1,2,0,0,0
04,120247059116570175,ACTIVE,87,3.52,93,0,6,0,0,0
04,120243734745510129,ACTIVE,100,3.51,92,5,3,1,0,0
04,120246674923260175,ACTIVE,100,3.5,91,0,4,0,0,0
04,120247799916380462,ACTIVE,35,3.46,88,1,2,0,0,0
04,120246257869280707,ACTIVE,80,3.43,38,2,3,0,0,0
04,120250057581290368,ACTIVE,80,3.42,114,1,2,0,0,0
04,120247390339080509,ACTIVE,100,3.42,109,4,4,0,1,33.980000000000004
04,120247110764820175,PAUSED,100,3.31,71,2,2,0,0,0
04,120247118332680629,PAUSED,100,3.31,63,1,1,1,0,0
04,120245097017710677,ACTIVE,100,3.2699999999999996,67,2,3,0,0,0
04,120247771242110065,PAUSED,100,3.26,65,1,1,0,0,0
04,120244164741820146,ACTIVE,100,3.23,83,2,2,0,0,0
04,120257221973410586,ACTIVE,25,3.23,100,5,3,0,0,0
04,120246465927950677,ACTIVE,100,3.19,84,2,1,0,0,0
04,120250558361040368,ACTIVE,50,3.16,153,1,1,0,0,0
04,120245884994790214,ACTIVE,100,3.13,46,0,2,0,0,0
04,120247157407190509,ACTIVE,100,3.13,139,0,2,0,0,0
04,120248064259890425,ACTIVE,100,3.12,58,0,1,1,0,0
04,120247110512200175,PAUSED,100,3.12,77,2,1,0,0,0
04,120244115059620146,PAUSED,100,3.1100000000000003,65,1,0,0,0,0
04,120248889583930116,ACTIVE,90,3.06,41,3,3,0,0,0
04,120244761869050436,ACTIVE,100,3.05,125,4,3,0,0,0
04,120243924560270146,ACTIVE,100,3.04,89,0,1,0,0,0
04,120248849928910725,ACTIVE,100,3.01,60,0,2,0,0,0
04,120248367667310389,ACTIVE,81,3.01,103,3,4,1,0,0
04,120247117519720629,PAUSED,100,2.93,68,1,0,0,0,0
04,120247485225890126,ACTIVE,80,2.9,53,4,4,1,0,0
04,120248291651510455,PAUSED,100,2.8600000000000003,55,1,1,0,0,0
04,120248017013520389,ACTIVE,100,2.85,86,0,2,1,0,0
04,120247267358630509,PAUSED,70,2.82,48,1,1,0,0,0
04,120248429859550116,ACTIVE,101,2.8000000000000003,21,0,0,0,0,0
04,120246145719630470,ACTIVE,20,2.75,45,1,0,0,0,0
04,120249805624030404,ACTIVE,92,2.74,63,3,3,0,0,0
04,120257559013710586,ACTIVE,30,2.68,64,3,3,1,1,28.979999999999997
04,120247597780010751,ACTIVE,40,2.67,66,1,2,0,0,0
04,120244581811200686,ACTIVE,80,2.59,65,2,4,0,0,0
04,120247799916400462,ACTIVE,35,2.54,93,1,2,0,0,0
04,120240258763950179,ACTIVE,140,2.54,130,3,3,1,0,0
04,120250895500810586,ACTIVE,25,2.45,101,1,1,0,0,0
04,120244114929610146,PAUSED,100,2.4099999999999997,64,4,4,0,0,0
04,120246338142390241,ACTIVE,109,2.3899999999999997,153,1,0,0,0,0
04,120247124966150090,ACTIVE,119,2.38,42,1,0,0,0,0
04,120244504666890686,ACTIVE,80,2.38,44,1,1,0,0,0
04,120247117862750629,PAUSED,100,2.37,45,1,1,0,0,0
04,120249409076720589,PAUSED,100,2.28,22,0,1,0,0,0
04,120246313721000752,PAUSED,100,2.2600000000000002,69,2,2,0,0,0
04,120248414403410695,ACTIVE,150,2.26,80,2,1,0,0,0
04,120247116212010291,ACTIVE,80,2.24,48,1,2,0,0,0
04,120244076500250146,ACTIVE,100,2.1799999999999997,84,0,1,0,0,0
04,120244213617000686,ACTIVE,80,2.17,48,1,2,0,0,0
04,120248302912110389,ACTIVE,100,2.16,52,1,3,0,0,0
04,120244486326540436,ACTIVE,100,2.15,76,2,2,0,0,0
04,120248183670520544,ACTIVE,80,2.15,52,0,0,0,0,0
04,120247116212280291,ACTIVE,80,2.02,48,0,0,0,0,0
04,120248183672960544,ACTIVE,80,1.98,41,0,2,0,0,0
04,120244418309400436,ACTIVE,100,1.96,80,0,2,0,0,0
04,120246313524390752,PAUSED,100,1.95,48,2,1,0,0,0
04,120246747415950024,ACTIVE,100,1.93,42,1,2,0,0,0
04,120247418004300509,PAUSED,100,1.8900000000000001,56,0,0,0,0,0
04,120246250177610320,ACTIVE,110,1.88,42,0,4,1,0,0
04,120248367667340389,ACTIVE,81,1.88,81,1,2,1,0,0
04,120248694175490365,ACTIVE,100,1.8599999999999999,83,1,2,0,0,0
04,120246286484520097,ACTIVE,120,1.85,75,0,0,0,0,0
04,120245292365960179,ACTIVE,100,1.84,80,1,4,1,0,0
04,120248565223490152,PAUSED,100,1.83,29,0,0,0,0,0
04,120244076631420146,ACTIVE,100,1.83,99,0,0,0,0,0
04,120246599961620214,ACTIVE,100,1.82,16,0,2,0,0,0
04,120244164741800146,ACTIVE,100,1.8,47,0,5,0,0,0
04,120246313814250752,PAUSED,100,1.74,56,1,1,0,0,0
04,120246804547640175,ACTIVE,100,1.74,74,0,4,1,0,0
04,120246145189200470,ACTIVE,50,1.66,82,2,3,1,0,0
04,120249411708990589,PAUSED,100,1.6099999999999999,34,1,1,0,0,0
04,120247311646990509,ACTIVE,100,1.6099999999999999,81,1,1,0,0,0
04,120248292161180455,PAUSED,100,1.58,23,0,0,0,0,0
04,120251014701570404,ACTIVE,50,1.51,23,1,0,0,0,0
04,120244895488610436,ACTIVE,119,1.49,75,0,0,0,0,0
04,120251093896120404,ACTIVE,94,1.47,20,0,1,0,0,0
04,120247418199130509,PAUSED,100,1.3900000000000001,41,0,0,0,0,0
04,120246867532700629,ACTIVE,100,1.39,35,1,5,0,0,0
04,120245825367300533,ACTIVE,100,1.33,40,0,1,0,0,0
04,120244995263710686,PAUSED,100,1.26,16,3,2,0,0,0
04,120249415811790589,PAUSED,100,1.26,20,0,0,0,0,0
04,120248958916870100,ACTIVE,100,1.24,26,1,1,0,0,0
04,120246522937100677,ACTIVE,100,1.23,38,0,1,0,0,0
04,120248082904020663,ACTIVE,150,1.22,26,1,1,0,0,0
04,120244446224590630,ACTIVE,74,1.1800000000000002,36,0,0,0,0,0
04,120244312405140436,ACTIVE,100,1.1800000000000002,35,0,0,0,0,0
04,120247702154240544,ACTIVE,73,1.1600000000000001,21,0,0,0,0,0
04,120243429905930146,ACTIVE,100,1.15,22,0,0,0,0,0
04,120247115989130291,ACTIVE,300,1.12,34,1,1,0,0,0
04,120248224227000725,ACTIVE,100,1.12,36,1,2,1,1,49.37
04,120248207466280561,ACTIVE,60,1.1,42,2,2,0,0,0
04,120247245482580509,ACTIVE,100,1.07,48,2,4,0,0,0
04,120247418407680509,PAUSED,100,1.06,33,1,1,0,0,0
04,120245463311260177,PAUSED,100,1.02,9,0,0,0,0,0
04,120247890133910642,ACTIVE,124,1,30,0,0,0,0,0
04,120257359768220586,ACTIVE,30,0.96,16,0,0,0,0,0
04,120246250177540320,ACTIVE,110,0.93,23,0,1,0,0,0
04,120250895021460586,ACTIVE,25,0.91,30,1,1,0,0,0
04,120249265247170651,ACTIVE,80,0.9099999999999999,40,0,0,0,0,0
04,120248291873350455,PAUSED,100,0.87,28,0,0,0,0,0
04,120247653059200586,ACTIVE,25,0.87,42,0,0,0,0,0
04,120246412451290629,ACTIVE,100,0.86,29,0,2,0,0,0
04,120251953466380054,ACTIVE,50,0.85,11,0,0,0,0,0
04,120251692403590054,ACTIVE,73,0.76,22,0,0,0,0,0
04,120245099365240470,ACTIVE,5,0.75,14,0,0,0,0,0
04,120248737641910722,ACTIVE,40,0.74,14,0,0,0,0,0
04,120245911260540650,ACTIVE,120,0.73,12,1,1,1,0,0
04,120248582638620152,PAUSED,100,0.7,24,1,1,0,0,0
04,120248108038860561,ACTIVE,85,0.6599999999999999,20,0,0,0,0,0
04,120244995599860686,PAUSED,100,0.63,14,0,0,0,0,0
04,120245136181790470,ACTIVE,5,0.6200000000000001,11,0,0,0,0,0
04,120243727386670470,ACTIVE,5,0.62,10,0,0,0,0,0
04,120249410938120589,PAUSED,100,0.62,9,0,0,0,0,0
04,120247860181220455,ACTIVE,100,0.61,33,0,0,0,0,0
04,120243458900420436,ACTIVE,100,0.6,30,1,1,0,0,0
04,120246135470290032,ACTIVE,100,0.58,19,0,0,0,0,0
04,120248958340820725,ACTIVE,100,0.56,2,1,1,0,0,0
04,120249088233310651,ACTIVE,80,0.56,23,0,0,0,0,0
04,120246145791530470,ACTIVE,20,0.53,19,0,1,0,0,0
04,120241972248380630,ACTIVE,47,0.52,33,0,2,0,0,0
04,120244995090060686,PAUSED,100,0.52,8,0,0,0,0,0
04,120247866597170389,ACTIVE,100,0.51,22,0,0,0,0,0
04,120246811567350024,ACTIVE,100,0.47,17,0,0,0,0,0
04,120246697447920610,ACTIVE,80,0.47,12,0,0,0,0,0
04,120245045512490686,ACTIVE,80,0.46,7,0,0,0,0,0
04,120247487024380065,PAUSED,100,0.46,12,0,0,0,0,0
04,120245045033420177,ACTIVE,100,0.46,18,0,0,0,0,0
04,120249416146940589,PAUSED,100,0.44,8,2,2,0,0,0
04,120244235259940678,ACTIVE,30,0.42000000000000004,13,0,0,0,0,0
04,120248582757250152,PAUSED,100,0.41,10,0,0,0,0,0
04,120245334634580630,ACTIVE,77,0.4,15,0,0,0,0,0
04,120243830466380146,ACTIVE,100,0.36,20,0,1,0,0,0
04,120248207465980561,ACTIVE,60,0.36,7,0,0,0,0,0
04,120244504303760686,ACTIVE,80,0.36,7,1,1,0,0,0
04,120243063569770146,ACTIVE,100,0.32,25,0,0,0,0,0
04,120248565368580152,PAUSED,100,0.3,9,0,0,0,0,0
04,120247890206850725,ACTIVE,100,0.3,5,0,0,0,0,0
04,120244824816070686,ACTIVE,80,0.29,10,0,0,0,0,0
04,120247051808860509,ACTIVE,100,0.28,18,0,1,0,0,0
04,120246257869250707,ACTIVE,80,0.28,12,0,1,0,0,0
04,120245045578670686,ACTIVE,80,0.27,2,0,0,0,0,0
04,120244825046600686,ACTIVE,80,0.26,8,0,0,0,0,0
04,120249415903450589,PAUSED,100,0.23,6,0,0,0,0,0
04,120244634571550678,ACTIVE,105,0.22999999999999998,6,0,0,0,0,0
04,120244505718600686,ACTIVE,80,0.22,7,0,0,0,0,0
04,120245049415260032,ACTIVE,100,0.19,5,0,2,0,0,0
04,120240849899190788,ACTIVE,10,0.16,3,0,0,0,0,0
04,120245691728160470,ACTIVE,5,0.15,3,1,1,0,0,0
04,120248512806040048,ACTIVE,100,0.13,3,0,0,0,0,0
04,120245136181480470,ACTIVE,5,0.11,2,0,1,0,0,0
04,120244015116230146,ACTIVE,100,0.1,8,0,0,0,0,0
04,120246544806190024,ACTIVE,100,0.09,3,0,0,0,0,0
04,120246145365240470,ACTIVE,50,0.09,7,1,2,1,0,0
04,120244486414960436,ACTIVE,100,0.08,6,1,1,0,0,0
04,120248045548240425,ACTIVE,136,0.06,5,0,0,0,0,0
04,120246145507030470,ACTIVE,50,0.04,8,0,0,0,0,0
04,120246145364940470,ACTIVE,50,0.03,11,0,0,0,0,0
04,120248582698040152,PAUSED,100,0.02,2,0,0,0,0,0
04,120245241702630470,ACTIVE,5,0.02,1,0,0,0,0,0
04,120246177720600032,ACTIVE,73,0.01,1,0,0,0,0,0
04,120246727918280453,ACTIVE,80,0,0,0,0,0,0,0
04,120251692404070054,PAUSED,78,0,0,0,1,0,0,0
04,120252002776770054,ACTIVE,100,0,0,0,0,0,0,0
04,120252003064780054,PAUSED,100,0,0,0,0,0,0,0
04,120244191576370146,ACTIVE,100,0,0,0,0,0,0,0
04,120252016811530054,ACTIVE,50,0,0,0,0,0,0,0
04,120247261925020291,ACTIVE,80,0,0,0,10,0,0,0
04,120247267347000509,PAUSED,70,0,0,0,1,0,0,0
04,120245456434700630,PAUSED,136,0,0,0,0,0,0,0
04,120246054251240173,PAUSED,100,0,0,0,0,0,0,0
04,120246054251210173,PAUSED,100,0,0,0,0,0,0,0
04,120247466174250509,ACTIVE,100,0,0,0,0,0,0,0
04,120245453935690025,PAUSED,100,0,0,0,0,0,0,0
04,120246807795430509,PAUSED,100,0,0,0,1,0,0,0
04,120248398351970389,ACTIVE,100,0,0,0,0,0,0,0
04,120245990795590533,ACTIVE,100,0,0,0,0,0,0,0
04,120246962698830090,PAUSED,135,0,0,0,2,0,0,0
04,120248356937930469,ACTIVE,80,0,0,0,0,0,0,0
04,120245993145890533,ACTIVE,100,0,0,0,0,0,0,0
04,120248348201500455,ACTIVE,100,0,0,0,0,0,0,0
04,120245329462560320,PAUSED,200,0,0,0,0,0,0,0
04,6974140608826,PAUSED,50,0,0,0,0,0,0,0
04,120245993677040533,PAUSED,100,0,0,0,0,0,0,0
04,120248302852090389,PAUSED,100,0,0,0,1,0,0,0
04,120245124074660686,PAUSED,80,0,0,0,1,0,0,0
04,120244723758020678,ACTIVE,100,0,0,0,0,0,0,0
04,120246373210250752,ACTIVE,100,0,0,0,0,0,0,0
04,120247901820950751,ACTIVE,100,0,0,0,0,0,0,0
04,120243959700120146,PAUSED,100,0,0,0,1,0,0,0
04,120246436979690241,ACTIVE,100,0,0,0,3,0,0,0
04,120247872777930425,PAUSED,100,0,0,0,0,0,0,0
04,120246437959560241,ACTIVE,100,0,0,0,3,0,0,0
04,120249456659560127,PAUSED,100,0,0,0,0,0,0,0
04,120249456772820127,PAUSED,100,0,0,0,0,0,0,0
04,120249457081750127,PAUSED,100,0,0,0,0,0,0,0
04,120244724007800678,ACTIVE,100,0,0,0,0,0,0,0
04,120249497563510589,ACTIVE,100,0,0,0,0,0,0,0
04,120249497960740589,ACTIVE,100,0,0,0,0,0,0,0
04,120249498266450589,ACTIVE,100,0,0,0,0,0,0,0
04,120249511090450589,ACTIVE,100,0,0,0,0,0,0,0
04,120249511121570589,ACTIVE,100,0,0,0,0,0,0,0
04,120244023784170129,PAUSED,100,0,0,0,0,0,0,0
04,120244023784200129,PAUSED,100,0,0,0,0,0,0,0
04,120249179367830725,PAUSED,100,0,0,0,0,0,1,28.98
04,120245231834110686,ACTIVE,100,0,0,0,0,0,0,0
04,120246559951150097,PAUSED,80,0,0,0,0,0,0,0
04,120249984816330019,ACTIVE,50,0,0,0,0,0,0,0
04,120249984816350019,ACTIVE,50,0,0,0,0,0,0,0
04,120246599453500674,PAUSED,100,0,0,0,0,0,0,0
04,120245762922160177,ACTIVE,100,0,0,0,0,0,0,0
04,120246599453520674,PAUSED,100,0,0,0,0,0,0,0
04,120244524927690630,PAUSED,76,0,0,0,0,0,0,0
04,120247854884290065,ACTIVE,100,0,0,0,0,0,0,0
04,120246631635420097,ACTIVE,80,0,0,0,0,0,0,0
04,120246631674870097,ACTIVE,80,0,0,0,0,0,0,0
04,120247804598860431,PAUSED,220,0,0,0,1,0,0,0
04,120248182649160544,ACTIVE,80,0,0,0,0,0,0,0
04,120248182725790544,ACTIVE,80,0,0,0,0,0,0,0
04,120248182829690544,ACTIVE,80,0,0,0,0,0,0,0
04,120248182829700544,ACTIVE,80,0,0,0,0,0,0,0
04,120247176514010629,ACTIVE,100,0,0,0,0,0,0,0
04,120248182989100544,ACTIVE,80,0,0,0,0,0,0,0
04,120248182989160544,ACTIVE,80,0,0,0,1,0,0,0
04,120246704886530453,ACTIVE,80,0,0,0,0,0,0,0
04,120248183102250544,ACTIVE,80,0,0,0,0,0,0,0
04,120246704886540453,ACTIVE,80,0,0,0,0,0,0,0
04,120246705394200453,ACTIVE,80,0,0,0,0,0,0,0
04,120246705394270453,ACTIVE,80,0,0,0,0,0,0,0
04,120246727832930453,ACTIVE,80,0,0,0,0,0,0,0
04,120246727833000453,ACTIVE,80,0,0,0,0,0,0,0
04,120247176514850629,ACTIVE,100,0,0,0,0,0,0,0
04,120246727918230453,ACTIVE,80,0,0,0,0,0,0,0
04,120247180373660175,ACTIVE,100,0,0,0,0,0,0,0
04,120248302616530389,ACTIVE,100,0,1,0,0,0,0,0
04,120248183102370544,ACTIVE,80,0,0,0,0,0,0,0
04,120248632945620152,ACTIVE,100,0,0,0,0,0,0,0
04,120248632919860152,ACTIVE,100,0,0,0,0,0,0,0
04,120251190551100651,PAUSED,80,0,0,0,0,0,0,0
04,120251190551110651,PAUSED,80,0,0,0,0,0,0,0
04,120251190872470651,PAUSED,80,0,0,0,0,0,0,0
04,120251190872850651,PAUSED,80,0,0,0,0,0,0,0
04,120247207603660629,ACTIVE,100,0,0,0,0,0,0,0
04,120248621604700283,PAUSED,500,0,0,0,1,0,0,0
