hh,campaign_id,status,budget,spent,impressions,clicks,views,checkout,purchase,rev
00,120254529951780197,ACTIVE,100,0,0,0,0,0,0,0
00,120254529951930197,ACTIVE,100,0,0,0,0,0,0,0
02,120247234597490455,ACTIVE,1675,88.67,2288,66,100,8,5,275.09000000000003
02,120244761233710455,ACTIVE,1150,84.53999999999999,2531,68,73,3,2,144.78
02,120244761515050455,ACTIVE,1325,76.39,2628,56,70,8,1,34.95
02,120244749532720686,ACTIVE,1000,56.92999999999999,1231,27,33,9,8,473.43999999999994
02,120245453935690025,ACTIVE,1000,55.18000000000001,448,13,15,0,0,0
02,120246754801740509,ACTIVE,800,55.11,1481,22,37,2,1,29.98
02,120244749327030686,ACTIVE,500,47.46,934,17,27,3,1,29.98
02,120245380678000025,ACTIVE,1000,45.370000000000005,492,12,16,2,2,98.45
02,120243986668280589,ACTIVE,1000,45.22,985,17,33,1,1,49.519999999999996
02,120246005453800291,ACTIVE,1200,40.4,1052,24,34,5,1,36.980000000000004
02,120239930892250650,ACTIVE,1200,37.42,644,16,19,2,0,0
02,120247583319740586,ACTIVE,100,35.5,1309,14,19,4,1,28.98
02,120244662020140686,ACTIVE,50,34.45,602,3,10,2,1,51.22
02,120249115230940100,ACTIVE,707,32.2,661,24,25,4,2,118.71000000000001
02,120245800978960674,ACTIVE,1000,31.15,756,15,33,3,0,0
02,120243276755660065,ACTIVE,500,29.669999999999998,698,12,23,0,0,0
02,120245334049460065,ACTIVE,400,29.03,526,13,24,0,0,0
02,120246643142870065,ACTIVE,297,28.31,740,11,19,2,0,0
02,120245899430510065,ACTIVE,325,28.130000000000003,492,18,23,3,0,0
02,120250790045220586,ACTIVE,500,27.029999999999998,849,18,23,3,0,0
02,120244581910350686,ACTIVE,300,24.68,289,8,9,0,0,0
02,120245980788570752,ACTIVE,469,24.450000000000003,894,30,35,8,3,136.88
02,120249286765290368,ACTIVE,601,24.39,861,10,12,2,1,38.98
02,120249005372660589,ACTIVE,327,23.91,419,8,14,4,3,185.32
02,120246191098970320,ACTIVE,120,23.4,573,18,16,2,1,82.02
02,120245334049540065,ACTIVE,370,22.500000000000004,422,13,17,1,0,0
02,120246962698830090,ACTIVE,350,22.479999999999997,458,20,21,0,0,0
02,120247483865740100,ACTIVE,800,22.439999999999998,761,19,22,1,0,0
02,120242301213170065,ACTIVE,300,21.68,597,11,13,3,1,49.519999999999996
02,120248698800290127,ACTIVE,300,20.89,238,7,10,2,1,60.47
02,120248641712650319,ACTIVE,440,19,573,13,15,1,1,37
02,120247489931670431,ACTIVE,425,18.990000000000002,315,5,7,1,0,0
02,120247136451350725,ACTIVE,100,18.02,582,12,11,1,0,0
02,120246181834560241,ACTIVE,300,17.89,940,15,20,1,0,0
02,120245859755050173,ACTIVE,80,17.51,413,11,14,2,1,71.39
02,120246375737140674,ACTIVE,250,17.380000000000003,324,4,9,1,1,29.98
02,6966949200895,ACTIVE,250,17.33,349,3,9,1,0,0
02,120247954410960425,ACTIVE,138,17.169999999999998,294,9,12,1,0,0
02,120244783755130320,ACTIVE,300,17.16,947,21,23,2,1,82.02000000000001
02,120246710213410090,ACTIVE,325,17.15,503,19,17,1,1,108.81
02,120242973433800146,ACTIVE,500,16.82,569,9,12,2,1,41.98
02,120246273720740455,ACTIVE,250,16.689999999999998,358,13,18,2,2,120.82
02,120246221877410629,ACTIVE,335,16.310000000000002,488,3,5,0,0,0
02,120247114934220455,ACTIVE,226,16.16,305,8,11,1,1,106.84
02,120244938793740663,ACTIVE,350,16.1,223,11,16,1,0,0
02,120248512806040048,ACTIVE,100,15.959999999999999,204,6,8,1,1,34.980000000000004
02,120247941350370695,ACTIVE,250,15.740000000000002,345,4,8,2,1,37.980000000000004
02,120243734745460129,ACTIVE,300,15.55,491,16,25,1,1,66.47999999999999
02,120245436310880780,ACTIVE,400,15.4,304,6,12,1,0,0
02,120242301213710065,ACTIVE,370,15.129999999999999,380,4,9,0,0,0
02,120254529951780197,ACTIVE,100,15.01,212,4,4,0,0,0
02,120248923493180565,ACTIVE,80,14.8,116,8,9,3,1,29.979999999999997
02,120248965302070064,ACTIVE,250,14.69,227,7,10,1,1,41.98
02,120245842698410677,PAUSED,100,14.63,449,5,5,0,0,0
02,120242031621370065,ACTIVE,229,14.549999999999999,421,3,7,1,0,0
02,120249013372050100,ACTIVE,128,14.219999999999999,252,5,6,0,0,0
02,120246615285510642,ACTIVE,400,14.190000000000001,490,7,11,1,0,0
02,120246040085600751,ACTIVE,370,14.13,303,7,12,2,1,38.27
02,120246533502350368,ACTIVE,211,13.349999999999998,444,5,3,2,0,0
02,120246259925420674,ACTIVE,200,13.33,241,9,11,1,1,46.23
02,120248959176740725,ACTIVE,500,13.309999999999999,467,8,12,2,3,186.49
02,120240901145360175,ACTIVE,245,13.26,314,7,12,1,0,0
02,120250905694920651,ACTIVE,200,13.16,354,9,16,1,1,37.98
02,120247175023780065,ACTIVE,152,13.149999999999999,305,2,2,0,0,0
02,120241066464020065,ACTIVE,289,13.129999999999999,433,6,15,2,1,101.24
02,120244691045450320,ACTIVE,700,13.100000000000001,501,7,6,0,0,0
02,120246483406720564,ACTIVE,500,13.05,501,4,11,0,0,0
02,120246007921740320,ACTIVE,212,13.01,468,10,14,2,2,137.89
02,120247130849060090,PAUSED,50,12.95,140,4,5,0,0,0
02,120248288633070389,ACTIVE,81,12.83,329,7,8,1,0,0
02,120246396470350674,ACTIVE,200,12.58,258,8,10,0,0,0
02,120245460221520177,ACTIVE,100,12.48,229,9,10,0,1,29.98
02,120251910136180054,ACTIVE,107,12.450000000000001,208,3,4,0,0,0
02,120248124018900425,ACTIVE,135,12.45,150,4,4,0,0,0
02,120248288633270389,ACTIVE,81,12.37,328,10,12,3,3,103.65
02,120245250322490642,ACTIVE,650,12.340000000000002,338,6,8,0,0,0
02,120251916632010054,ACTIVE,100,12.26,171,1,1,0,0,0
02,120244349822900686,ACTIVE,100,12.23,172,3,6,1,0,0
02,120249052890110100,ACTIVE,500,12.21,335,9,14,2,0,0
02,120248248634970455,ACTIVE,132,12.209999999999999,205,6,4,1,0,0
02,120245327669090320,ACTIVE,360,12.130000000000003,344,4,7,0,0,0
02,120251919170720054,ACTIVE,100,12.129999999999999,177,1,4,0,0,0
02,120244581811200686,ACTIVE,80,12.09,268,9,12,4,3,111.18
02,120246624884480455,ACTIVE,122,11.95,276,6,6,0,0,0
02,120249525957160319,ACTIVE,360,11.93,314,7,7,1,0,0
02,120247868045210695,ACTIVE,360,11.89,437,1,3,0,0,0
02,120249086109210100,ACTIVE,800,11.879999999999999,330,9,10,1,0,0
02,120245823919130320,ACTIVE,360,11.7,511,6,10,1,0,0
02,120248064259890425,ACTIVE,200,11.45,155,6,7,0,0,0
02,120248045548240425,ACTIVE,136,11.420000000000002,205,5,4,0,0,0
02,120244823852300686,ACTIVE,100,11.39,212,6,6,0,0,0
02,120247890206850725,ACTIVE,100,11.34,377,9,9,1,1,49.37
02,120246070715810752,ACTIVE,169,11.15,290,7,10,1,1,24.98
02,120243458900420436,ACTIVE,100,11.13,481,12,15,2,0,0
02,120244480112510436,ACTIVE,156,11.09,386,8,9,1,0,0
02,120244428953860686,ACTIVE,100,11.030000000000001,248,6,9,2,2,81.2
02,120245686749070320,ACTIVE,200,10.96,397,12,12,2,1,143.06
02,120248536188000100,ACTIVE,500,10.89,204,7,10,1,0,0
02,120243787103960686,ACTIVE,200,10.77,324,3,6,0,0,0
02,120248006730320100,ACTIVE,800,10.71,263,4,9,2,1,66.15
02,120245848127390707,ACTIVE,500,10.71,279,8,11,2,0,0
02,120255653285300586,ACTIVE,100,10.69,208,13,8,2,1,28.98
02,120244486414960436,ACTIVE,100,10.67,340,8,9,0,0,0
02,120247322861560509,ACTIVE,200,10.649999999999999,315,4,5,0,0,0
02,120247890133910642,ACTIVE,124,10.559999999999999,198,3,2,1,1,65.94999999999999
02,120244878279420125,ACTIVE,270,10.47,440,8,8,0,0,0
02,120244618043630436,ACTIVE,100,10.440000000000001,347,10,23,1,1,68.22999999999999
02,120245232977300320,ACTIVE,143,10.41,388,6,7,2,1,58.77
02,120246638474110175,ACTIVE,525,10.39,245,7,6,0,0,0
02,120245554821660177,ACTIVE,200,10.379999999999999,220,4,7,0,0,0
02,120247322669120509,ACTIVE,200,10.34,411,8,13,2,0,0
02,120244242496990780,ACTIVE,200,10.239999999999998,199,2,5,0,0,0
02,120248162820950389,ACTIVE,100,10.229999999999999,280,11,14,1,0,0
02,120248248635000455,ACTIVE,132,10.149999999999999,203,7,7,1,1,60.41
02,120244634571550678,ACTIVE,105,9.98,219,3,3,0,0,0
02,120243063569770146,ACTIVE,100,9.93,306,2,7,1,1,75.21
02,120245380137820707,ACTIVE,500,9.89,203,4,6,0,0,0
02,120245622959630630,ACTIVE,80,9.86,172,3,5,1,1,40.97
02,120249081135480577,ACTIVE,500,9.850000000000001,173,6,7,1,0,0
02,120247370270380509,ACTIVE,101,9.83,411,7,8,0,0,0
02,120248155192490455,ACTIVE,455,9.8,338,6,7,0,0,0
02,120247541912960469,ACTIVE,100,9.799999999999999,248,0,2,0,0,0
02,120246785226280564,ACTIVE,300,9.780000000000001,380,8,10,0,0,0
02,120244880653330686,ACTIVE,100,9.59,152,4,5,0,0,0
02,120247890133980642,ACTIVE,124,9.59,235,8,8,0,0,0
02,120250413795050709,ACTIVE,300,9.58,174,8,8,2,0,0
02,120251769553070054,ACTIVE,104,9.549999999999999,210,4,5,1,1,31.98
02,120245583667780533,ACTIVE,132,9.520000000000001,211,5,7,0,0,0
02,120245010386240709,ACTIVE,500,9.510000000000002,204,4,4,0,0,0
02,120247139572780564,ACTIVE,350,9.47,202,3,5,1,0,0
02,120246242129020477,ACTIVE,100,9.469999999999999,173,5,7,0,0,0
02,120249347498580100,ACTIVE,91,9.32,121,3,3,0,0,0
02,120245241360310455,ACTIVE,146,9.27,442,5,4,0,0,0
02,120240258763950179,ACTIVE,140,9.2,295,7,7,0,0,0
02,120244389916660436,ACTIVE,155,9.190000000000001,419,9,10,0,0,0
02,120245899907890065,ACTIVE,115,9.15,195,4,3,0,0,0
02,120247199911460090,ACTIVE,122,9.120000000000001,195,3,8,1,0,0
02,120245884994790214,ACTIVE,300,9.02,136,2,4,1,1,24.97
02,120247921074920168,ACTIVE,106,9.010000000000002,246,4,6,0,0,0
02,120245283264760677,ACTIVE,392,8.989999999999998,321,2,2,0,0,0
02,120245964184870707,ACTIVE,101,8.98,150,4,6,1,1,63.75
02,120247802943620389,ACTIVE,100,8.969999999999999,335,7,7,0,0,0
02,120243772020840146,ACTIVE,100,8.969999999999999,183,3,5,0,0,0
02,120244825046600686,ACTIVE,80,8.87,124,2,5,2,1,29.980000000000004
02,120247780766070455,ACTIVE,552,8.84,245,2,3,0,0,0
02,120248056801430561,ACTIVE,60,8.84,155,7,7,1,1,57.94
02,120246191098790320,ACTIVE,120,8.81,217,8,7,1,1,34.07
02,120249286682560368,ACTIVE,337,8.809999999999999,259,4,5,0,0,0
02,120245622959500630,ACTIVE,80,8.809999999999999,172,8,9,1,0,0
02,120246867532700629,ACTIVE,100,8.75,168,7,5,0,0,0
02,120247950274740126,ACTIVE,90,8.74,233,4,6,0,0,0
02,120247479945600065,ACTIVE,300,8.73,175,4,5,0,0,0
02,120248159215810389,ACTIVE,79,8.65,192,5,10,1,0,0
02,120245500027320032,ACTIVE,100,8.620000000000001,212,4,5,0,0,0
02,120247061936980509,ACTIVE,200,8.61,266,4,6,0,0,0
02,120247412626780168,ACTIVE,100,8.52,164,5,5,0,0,0
02,120247901344790425,ACTIVE,300,8.52,180,4,4,0,0,0
02,120247199911470090,ACTIVE,122,8.51,189,2,5,0,0,0
02,120248072969470389,ACTIVE,111,8.49,235,12,12,2,0,0
02,120244428953840686,ACTIVE,100,8.42,202,6,6,0,0,0
02,120240679404390629,ACTIVE,400,8.42,225,1,4,0,0,0
02,120246338142390241,ACTIVE,109,8.350000000000001,324,2,5,0,0,0
02,120245842687140677,PAUSED,100,8.34,212,2,1,1,1,96.41
02,120245622959400630,ACTIVE,80,8.33,175,4,5,0,1,40.97
02,120243753190540054,ACTIVE,200,8.309999999999999,145,1,6,2,2,146.42
02,120245251316060477,ACTIVE,100,8.28,144,4,4,0,0,0
02,120247322946650509,ACTIVE,200,8.26,296,9,8,1,0,0
02,120257220181140586,ACTIVE,100,8.24,264,2,4,1,0,0
02,120244504303760686,ACTIVE,80,8.2,194,1,3,0,0,0
02,120247482195350544,ACTIVE,74,8.17,152,3,3,1,1,27.98
02,120249151139280057,ACTIVE,100,8.16,138,4,5,0,0,0
02,120244177553830678,ACTIVE,100,8.16,194,6,4,0,0,0
02,120246250177610320,ACTIVE,110,8.15,229,2,7,0,0,0
02,120245848127430707,ACTIVE,300,8.149999999999999,222,10,10,0,0,0
02,120245435760750780,ACTIVE,200,8.1,108,1,1,0,0,0
02,120248536187780100,ACTIVE,300,8.1,205,8,10,2,0,0
02,120245011207100320,ACTIVE,360,8.06,233,4,7,0,0,0
02,120249120674110404,ACTIVE,300,8.059999999999999,154,5,3,0,0,0
02,120248299218010431,ACTIVE,130,8.030000000000001,151,2,2,0,0,0
02,120244581454670686,ACTIVE,100,8.01,85,1,1,0,0,0
02,120247526522450425,ACTIVE,100,8.01,124,4,4,0,0,0
02,120247370270360509,ACTIVE,101,7.99,333,4,9,0,0,0
02,120249062217790019,ACTIVE,225,7.98,121,3,5,3,1,51.22
02,120248889583930116,ACTIVE,90,7.96,129,2,2,0,0,0
02,120248139130280455,ACTIVE,455,7.95,166,2,2,0,0,0
02,120251150600140210,ACTIVE,117,7.89,207,7,8,0,0,0
02,120246178127590241,ACTIVE,300,7.87,368,7,7,0,0,0
02,120243831461540146,ACTIVE,200,7.869999999999999,303,5,8,1,0,0
02,120244566387920788,ACTIVE,50,7.85,100,2,3,0,0,0
02,120243335632250705,ACTIVE,200,7.83,108,2,5,1,0,0
02,120244083558220146,ACTIVE,100,7.8100000000000005,228,8,9,1,0,0
02,120245899907660065,ACTIVE,115,7.8100000000000005,162,1,4,1,1,49.52
02,120246491099340090,ACTIVE,151,7.7700000000000005,122,5,7,1,1,36.94
02,120248072969230389,ACTIVE,123,7.77,236,2,4,0,0,0
02,120249140601980100,ACTIVE,300,7.77,150,3,4,0,0,0
02,120246250177540320,ACTIVE,110,7.74,208,4,4,0,0,0
02,120247467569900455,ACTIVE,100,7.709999999999999,233,8,6,0,0,0
02,120244360843810065,ACTIVE,135,7.6499999999999995,187,4,3,0,0,0
02,120247993581120462,ACTIVE,104,7.63,67,3,6,0,0,0
02,120244079033450320,ACTIVE,120,7.6,290,3,6,0,0,0
02,120245583666590533,ACTIVE,100,7.57,290,4,5,0,0,0
02,120244965177310686,ACTIVE,80,7.550000000000001,109,1,1,0,0,0
02,120247282176200431,ACTIVE,150,7.4399999999999995,117,5,6,0,0,0
02,120246599890040214,ACTIVE,120,7.4,83,2,3,0,0,0
02,120248056978460544,ACTIVE,150,7.39,216,3,3,1,1,47.52
02,120248974670400019,ACTIVE,80,7.35,149,6,8,0,0,0
02,120248180636520589,ACTIVE,100,7.34,233,6,6,0,0,0
02,120244270293390320,ACTIVE,300,7.34,151,4,10,1,0,0
02,120245205078130630,ACTIVE,115,7.32,232,1,4,1,0,0
02,120245514271720065,ACTIVE,115,7.32,133,1,1,0,0,0
02,120248056801340561,ACTIVE,260,7.319999999999999,174,7,6,0,1,57.96
02,120244083558180146,ACTIVE,100,7.3100000000000005,192,6,6,1,1,41.980000000000004
02,120244017128390686,ACTIVE,100,7.3,128,4,8,0,0,0
02,120248017013520389,ACTIVE,100,7.279999999999999,240,12,13,1,0,0
02,120246412451290629,ACTIVE,100,7.24,184,4,4,0,0,0
02,120245617791190630,ACTIVE,74,7.24,257,5,7,1,0,0
02,120246549338880065,ACTIVE,100,7.22,144,4,4,1,1,49.52
02,120247534964830642,ACTIVE,153,7.19,253,3,7,1,0,0
02,120249251074180319,ACTIVE,350,7.19,281,3,4,0,0,0
02,120251692404070054,ACTIVE,111,7.08,175,3,7,1,1,53.22
02,120246069254050470,ACTIVE,98,7.08,190,2,3,2,1,183.47
02,120247866597100389,ACTIVE,100,7.07,232,12,10,0,0,0
02,120248974670480019,ACTIVE,80,7.050000000000001,71,0,1,0,0,0
02,120245923045620168,ACTIVE,100,7.02,117,4,5,1,0,0
02,120245685799910707,ACTIVE,100,6.99,125,3,5,0,0,0
02,120246011193300707,ACTIVE,100,6.96,145,3,5,0,0,0
02,120245329462560320,ACTIVE,200,6.94,165,5,3,0,0,0
02,120244963455410686,ACTIVE,200,6.890000000000001,106,5,7,0,0,0
02,120249140482640100,ACTIVE,300,6.87,112,5,8,0,0,0
02,120248893532100100,ACTIVE,300,6.84,148,6,8,0,0,0
02,120248774488970725,ACTIVE,100,6.83,203,7,7,0,0,0
02,120248698800650127,ACTIVE,100,6.82,79,2,3,0,0,0
02,120246488525160097,ACTIVE,100,6.779999999999999,217,4,5,0,0,0
02,120247059116570175,ACTIVE,87,6.779999999999999,148,5,8,1,0,0
02,120243593808880146,ACTIVE,100,6.75,188,5,9,1,0,0
02,120248980523880019,ACTIVE,50,6.74,105,5,7,0,0,0
02,120246850329040065,ACTIVE,100,6.71,134,8,9,2,2,135.82
02,120244566507460788,ACTIVE,50,6.67,128,2,2,0,0,0
02,120244505803880686,ACTIVE,80,6.67,108,1,2,0,0,0
02,120246588746810090,ACTIVE,140,6.620000000000001,161,3,4,0,0,0
02,120246286465380752,ACTIVE,100,6.609999999999999,150,6,8,2,0,0
02,120254284171910197,ACTIVE,100,6.57,109,4,3,0,0,0
02,120247705045190564,ACTIVE,165,6.52,178,5,6,0,0,0
02,120247275556550642,ACTIVE,100,6.49,165,5,7,0,0,0
02,120245298343980752,ACTIVE,100,6.460000000000001,101,1,1,0,0,0
02,120246946458510629,ACTIVE,128,6.46,184,3,4,3,0,0
02,120245282912580630,ACTIVE,200,6.44,198,2,6,1,0,0
02,120246338179300642,ACTIVE,200,6.39,321,14,13,1,1,37.95
02,120247378425210561,ACTIVE,80,6.39,151,3,4,0,0,0
02,120244312405140436,ACTIVE,100,6.36,250,7,9,1,1,99.72
02,120245987169440477,ACTIVE,100,6.359999999999999,89,3,4,0,0,0
02,120244823852370686,ACTIVE,100,6.330000000000001,117,2,2,0,0,0
02,120243734745510129,ACTIVE,100,6.32,203,3,6,0,0,0
02,120247728967360642,ACTIVE,122,6.29,123,0,1,0,0,0
02,120247645229990642,ACTIVE,121,6.28,257,2,2,0,0,0
02,120246191098590320,ACTIVE,120,6.28,223,2,7,0,0,0
02,120246599961620214,ACTIVE,200,6.2700000000000005,140,4,2,0,0,0
02,120246219805000241,ACTIVE,150,6.27,158,4,5,0,0,0
02,120244745582820125,ACTIVE,300,6.26,194,3,2,0,0,0
02,120247193573040509,ACTIVE,200,6.249999999999999,279,3,4,0,0,0
02,120245049415260032,ACTIVE,100,6.220000000000001,163,5,4,0,0,0
02,120247865520180544,ACTIVE,80,6.21,150,2,3,0,0,0
02,120247238927160043,ACTIVE,70,6.2,78,0,3,1,1,27.98
02,120246178825710752,ACTIVE,100,6.07,116,2,2,0,0,0
02,120247293642140642,ACTIVE,120,6.07,119,2,2,0,0,0
02,120246286382660752,ACTIVE,100,6.0600000000000005,132,2,3,0,0,0
02,120246220421900725,ACTIVE,200,6.06,197,0,0,0,0,0
02,120248621604700283,ACTIVE,200,6.03,103,6,8,0,0,0
02,120246374707600097,ACTIVE,110,6.0200000000000005,197,2,3,0,0,0
02,120245514271740065,ACTIVE,115,6,138,3,10,1,1,49.52
02,120247184054680509,ACTIVE,170,6,102,0,1,0,0,0
02,120250005173420404,ACTIVE,74,5.99,92,6,4,0,0,0
02,120246023777450751,ACTIVE,850,5.960000000000001,137,3,6,0,0,0
02,120246828454030629,ACTIVE,300,5.94,155,6,9,1,1,89.37
02,120246804547700175,ACTIVE,119,5.909999999999999,249,6,7,0,0,0
02,120246733854770065,ACTIVE,80,5.890000000000001,118,6,6,0,0,0
02,120245057027780564,ACTIVE,190,5.87,268,4,7,0,0,0
02,120248318268940152,ACTIVE,200,5.83,246,1,1,0,0,0
02,120246870229730642,ACTIVE,125,5.79,108,1,1,0,0,0
02,120247013051330065,ACTIVE,100,5.779999999999999,104,1,3,0,0,0
02,120250139873910577,ACTIVE,100,5.76,97,0,2,0,0,0
02,120250066594120577,ACTIVE,200,5.699999999999999,126,3,2,0,0,0
02,120249533650900019,ACTIVE,50,5.69,72,2,2,0,0,0
02,120244794017770320,ACTIVE,120,5.68,255,5,9,0,0,0
02,120248139130260455,ACTIVE,325,5.640000000000001,122,3,4,0,1,84.37
02,120245010772960663,ACTIVE,301,5.61,100,3,7,0,0,0
02,120246733901990065,ACTIVE,80,5.55,127,3,3,0,0,0
02,120249352629920127,ACTIVE,100,5.53,98,6,7,1,0,0
02,120247059116590175,ACTIVE,87,5.53,105,1,3,1,0,0
02,120244566743700788,ACTIVE,50,5.52,92,0,0,0,0,0
02,120244486325980436,ACTIVE,100,5.49,183,2,7,0,0,0
02,120248911416770577,ACTIVE,300,5.43,158,8,14,2,0,0
02,120246560566740477,ACTIVE,90,5.41,132,3,3,0,0,0
02,120248224809960389,ACTIVE,80,5.4,234,6,9,2,0,0
02,120246488537710097,ACTIVE,80,5.39,191,3,4,0,0,0
02,120244965177330686,ACTIVE,80,5.380000000000001,74,2,2,0,0,0
02,120246733902040065,ACTIVE,80,5.359999999999999,119,5,7,1,1,49.519999999999996
02,120245833631150707,ACTIVE,300,5.35,125,7,9,1,0,0
02,120248056801410561,ACTIVE,260,5.3100000000000005,122,3,7,0,0,0
02,120246382556450462,ACTIVE,195,5.27,111,2,5,1,1,57.98
02,120246736742480477,ACTIVE,90,5.22,33,0,0,0,0,0
02,120244761582650436,ACTIVE,100,5.17,138,5,6,0,0,0
02,120251769553160054,ACTIVE,92,5.13,129,0,0,0,0,0
02,120246819645500629,ACTIVE,100,5.07,126,3,4,0,0,0
02,120244194695070177,ACTIVE,100,5.01,136,3,5,0,0,0
02,120246465900910677,ACTIVE,100,4.99,134,4,3,1,1,96.41
02,120244566548030788,ACTIVE,50,4.98,111,4,4,1,0,0
02,120249263766000247,ACTIVE,100,4.97,182,7,6,0,0,0
02,120257559013710586,ACTIVE,30,4.949999999999999,99,1,0,0,0,0
02,120246191098540320,ACTIVE,120,4.92,119,1,4,0,0,0
02,120256572736720586,ACTIVE,500,4.92,155,2,11,1,0,0
02,120247267370990509,ACTIVE,100,4.84,111,2,3,0,0,0
02,120246733876960065,ACTIVE,80,4.84,117,6,6,0,0,0
02,120247324556450065,ACTIVE,100,4.84,75,1,0,0,0,0
02,120247995051750695,ACTIVE,93,4.8100000000000005,194,0,2,0,0,0
02,120245097017710677,ACTIVE,100,4.8,106,0,1,0,0,0
02,120251093896120404,ACTIVE,94,4.8,54,3,2,0,0,0
02,120242847129030686,ACTIVE,100,4.74,92,2,3,0,0,0
02,120247858934130544,ACTIVE,108,4.720000000000001,81,4,5,2,1,27.98
02,120245651364090303,ACTIVE,80,4.7,88,3,4,2,0,0
02,120248539381110725,ACTIVE,200,4.7,111,2,3,0,0,0
02,120248364287170127,ACTIVE,100,4.69,41,2,6,0,0,0
02,120247058049910303,ACTIVE,120,4.66,109,9,9,0,0,0
02,120248138150990469,ACTIVE,80,4.65,54,0,0,0,0,0
02,120247485225890126,ACTIVE,80,4.640000000000001,109,3,5,0,0,0
02,120249533679040019,ACTIVE,50,4.5600000000000005,85,6,7,0,0,0
02,120244793522550320,ACTIVE,120,4.54,119,1,2,1,0,0
02,120246770835970175,ACTIVE,110,4.51,134,5,4,0,0,0
02,120243602902170032,ACTIVE,200,4.489999999999999,121,2,3,1,1,37.27
02,120246377047690097,ACTIVE,150,4.45,162,3,4,1,0,0
02,120245119189080630,ACTIVE,111,4.44,114,5,4,1,1,29.979999999999997
02,120250789469770586,ACTIVE,500,4.4399999999999995,111,4,8,1,0,0
02,120247245095750509,ACTIVE,300,4.43,200,6,5,1,1,87.46
02,120244014492430146,ACTIVE,100,4.41,104,2,2,0,0,0
02,120246447361050303,ACTIVE,120,4.41,96,5,5,0,0,0
02,120246559951150097,ACTIVE,80,4.41,94,2,3,0,0,0
02,120241671273870455,ACTIVE,212,4.41,135,5,4,0,0,0
02,120243482214180129,ACTIVE,160,4.39,140,1,2,0,0,0
02,120246286557160752,ACTIVE,100,4.38,147,0,3,0,0,0
02,120248698801690127,ACTIVE,100,4.32,55,3,6,1,1,34.98
02,120247246948530509,ACTIVE,100,4.31,177,1,2,0,0,0
02,120246902634980175,ACTIVE,86,4.27,112,1,4,0,0,0
02,120243929504970146,ACTIVE,100,4.25,104,0,1,0,0,0
02,120254529951930197,ACTIVE,100,4.25,91,3,2,0,0,0
02,120248270609930152,ACTIVE,200,4.220000000000001,253,1,2,0,0,0
02,120247605280040425,ACTIVE,200,4.21,114,5,3,1,1,39.98
02,120243844678990129,ACTIVE,100,4.2,61,1,2,0,0,0
02,120245750558170707,ACTIVE,100,4.180000000000001,91,2,2,0,0,0
02,120245044044890686,ACTIVE,80,4.180000000000001,62,2,2,0,0,0
02,120246559951040097,ACTIVE,80,4.18,89,2,3,0,0,0
02,120248082904020663,ACTIVE,150,4.15,66,1,3,0,0,0
02,120246887885530090,ACTIVE,100,4.130000000000001,91,0,1,0,0,0
02,120247311646990509,ACTIVE,100,4.09,179,5,5,0,0,0
02,120249251074290319,ACTIVE,120,4.05,117,1,2,1,1,37
02,120246733854740065,ACTIVE,80,4.04,70,1,4,1,0,0
02,120247107054620509,ACTIVE,200,4.04,99,3,3,0,0,0
02,120246570408620477,ACTIVE,100,4.01,104,2,2,0,0,0
02,120243840045560129,ACTIVE,100,3.9499999999999997,102,3,4,0,0,0
02,120247238927080043,PAUSED,70,3.94,75,1,4,0,0,0
02,120245535022630455,ACTIVE,132,3.9299999999999997,45,5,4,1,1,106.84
02,120248694175490365,ACTIVE,100,3.8699999999999997,199,8,6,0,0,0
02,120247597779990751,ACTIVE,40,3.8299999999999996,51,2,3,0,0,0
02,120247130848980090,ACTIVE,50,3.7800000000000002,38,1,1,0,0,0
02,120247591966310642,ACTIVE,100,3.7699999999999996,139,2,2,0,0,0
02,120247823215090168,ACTIVE,100,3.75,75,1,3,0,0,0
02,120246471244780065,ACTIVE,135,3.75,144,7,7,0,0,0
02,120248523442100229,ACTIVE,94,3.75,52,3,4,0,0,0
02,120245487786040032,ACTIVE,100,3.69,70,0,0,0,0,0
02,120246733877000065,ACTIVE,80,3.6500000000000004,58,2,3,1,0,0
02,6968638622626,ACTIVE,50,3.6500000000000004,92,2,2,0,0,0
02,120246619814540549,ACTIVE,35,3.6100000000000003,24,2,2,0,0,0
02,120244447104190303,ACTIVE,80,3.6100000000000003,102,4,5,0,0,0
02,120245045578670686,ACTIVE,80,3.6100000000000003,56,0,0,0,0,0
02,120250747283060166,ACTIVE,50,3.5999999999999996,79,1,2,0,0,0
02,120243593315080146,ACTIVE,233,3.59,72,0,2,0,0,0
02,23857304059050799,ACTIVE,50,3.5700000000000003,24,1,1,0,0,0
02,120244691045040320,ACTIVE,120,3.56,168,0,2,0,0,0
02,120249347498540100,ACTIVE,91,3.54,82,4,5,0,0,0
02,120246178929760752,ACTIVE,100,3.54,104,5,5,2,0,0
02,120244566743750788,ACTIVE,50,3.54,86,2,3,0,0,0
02,120248430355980229,ACTIVE,200,3.52,99,5,3,0,0,0
02,120257559013880586,ACTIVE,30,3.5,91,2,3,0,0,0
02,120256572736650586,ACTIVE,25,3.48,65,1,0,0,0,0
02,120245847712420650,ACTIVE,114,3.4600000000000004,56,2,2,0,0,0
02,120248819218450019,ACTIVE,50,3.43,72,0,1,0,0,0
02,120245823079650320,ACTIVE,100,3.4299999999999997,115,0,0,0,0,0
02,120247124966150090,ACTIVE,119,3.39,55,2,4,0,0,0
02,120244505718600686,ACTIVE,80,3.3899999999999997,54,3,3,0,0,0
02,120246396517520674,ACTIVE,200,3.38,72,0,1,0,0,0
02,120245205425940677,ACTIVE,100,3.34,77,1,1,1,0,0
02,120248414403410695,ACTIVE,150,3.33,120,3,3,0,0,0
02,120248199130120168,ACTIVE,90,3.3200000000000003,81,2,2,0,0,0
02,120245889270720065,ACTIVE,40,3.2800000000000002,73,3,3,0,0,0
02,120246802025580509,ACTIVE,42,3.2800000000000002,70,1,2,0,0,0
02,120248880534940100,ACTIVE,100,3.2699999999999996,66,1,2,1,0,0
02,120244164847370788,ACTIVE,200,3.26,68,0,0,0,0,0
02,120246666161080477,ACTIVE,100,3.25,60,0,2,1,1,29.98
02,120248823290310722,ACTIVE,80,3.23,34,1,1,0,0,0
02,120246710213420090,ACTIVE,455,3.23,109,2,5,1,0,0
02,120246415849650214,ACTIVE,160,3.2199999999999998,55,4,4,1,1,59.92
02,120243843991710129,ACTIVE,300,3.16,109,7,9,1,1,96.22
02,120246471244730065,ACTIVE,135,3.1399999999999997,89,3,4,0,0,0
02,120247061773550509,ACTIVE,100,3.12,108,1,2,0,0,0
02,120248958916870100,ACTIVE,100,3.11,90,3,3,1,0,0
02,120250838901590404,ACTIVE,50,3.05,20,0,0,0,0,0
02,120248137514550561,ACTIVE,100,3.05,98,3,4,0,0,0
02,120246007921720320,ACTIVE,159,3.0300000000000002,92,0,2,0,0,0
02,120246107483730752,ACTIVE,100,3.01,82,1,1,0,0,0
02,120247453929680065,ACTIVE,94,2.99,55,1,1,0,0,0
02,120250139945670577,ACTIVE,100,2.99,70,1,3,0,0,0
02,120243465250350705,ACTIVE,80,2.9299999999999997,55,3,3,0,0,0
02,120245825263430533,ACTIVE,200,2.92,105,2,7,0,0,0
02,120247799916380462,ACTIVE,35,2.91,65,1,0,0,0,0
02,120248085583660127,ACTIVE,100,2.89,44,1,3,0,0,0
02,120248532436300048,ACTIVE,100,2.8899999999999997,43,2,3,0,0,0
02,120243840045620129,ACTIVE,100,2.87,71,5,5,0,0,0
02,120246178764690752,ACTIVE,100,2.85,120,2,2,0,0,0
02,120251692403590054,ACTIVE,73,2.85,65,1,3,0,0,0
02,120243928954880129,ACTIVE,100,2.85,86,2,4,0,0,0
02,120245825367300533,ACTIVE,200,2.84,127,3,3,0,0,0
02,120243928955960129,ACTIVE,100,2.84,96,2,2,0,0,0
02,120246184128390674,ACTIVE,100,2.7699999999999996,52,2,2,0,0,0
02,120244015116230146,ACTIVE,100,2.7699999999999996,70,0,1,0,0,0
02,120246902635090175,ACTIVE,86,2.75,140,2,2,0,0,0
02,120250895021460586,ACTIVE,25,2.7399999999999998,77,5,3,0,0,0
02,120245481989440065,ACTIVE,40,2.67,96,2,1,1,0,0
02,120245889270610065,ACTIVE,40,2.67,106,0,0,0,0,0
02,120252393021210348,ACTIVE,80,2.65,75,0,1,0,0,0
02,120249447732030577,ACTIVE,68,2.63,87,3,3,0,0,0
02,120248556140990663,ACTIVE,200,2.59,38,1,2,0,0,0
02,120247616942850561,ACTIVE,300,2.5700000000000003,100,2,4,0,0,0
02,120249115231040100,ACTIVE,100,2.5300000000000002,105,2,2,0,0,0
02,120256254668930586,ACTIVE,25,2.51,73,3,2,1,0,0
02,120243929504820146,ACTIVE,100,2.5,59,2,0,0,0,0
02,120247558121530065,ACTIVE,94,2.45,46,1,1,0,0,0
02,120247311647030509,ACTIVE,100,2.44,42,1,1,0,0,0
02,120249754760810019,ACTIVE,50,2.4299999999999997,63,1,2,0,0,0
02,120247678231030065,ACTIVE,93,2.42,47,2,2,0,0,0
02,120248811958530116,ACTIVE,100,2.42,21,1,1,0,0,0
02,23857304059010799,ACTIVE,50,2.41,27,1,0,0,0,0
02,120248069068060469,ACTIVE,100,2.41,77,1,1,1,0,0
02,120249073752900725,ACTIVE,100,2.4000000000000004,55,0,0,0,0,0
02,120251037305040166,ACTIVE,30,2.36,55,3,4,1,1,68.15
02,120250691304360722,ACTIVE,40,2.35,42,0,0,0,0,0
02,120243458344350129,ACTIVE,300,2.3400000000000003,87,3,3,1,1,66.47999999999999
02,120244243594070436,ACTIVE,100,2.33,30,0,1,0,0,0
02,120247547642310642,ACTIVE,340,2.3200000000000003,39,0,0,0,0,0
02,120245610768940032,ACTIVE,200,2.3,71,2,4,0,0,0
02,120247998931350564,ACTIVE,100,2.27,40,0,0,0,0,0
02,120244895488610436,ACTIVE,119,2.27,133,5,6,0,0,0
02,120246396470250674,ACTIVE,200,2.26,59,1,4,0,0,0
02,120245651364050303,ACTIVE,80,2.26,25,1,1,0,0,0
02,120248490741000152,ACTIVE,120,2.25,120,2,2,0,0,0
02,120245306349070462,ACTIVE,100,2.2,75,3,3,0,0,0
02,120245943231800173,ACTIVE,80,2.2,42,0,0,0,0,0
02,120247570572060455,ACTIVE,100,2.1799999999999997,74,3,1,0,0,0
02,120251026838540210,ACTIVE,84,2.17,78,0,1,0,0,0
02,120249447732060577,ACTIVE,68,2.16,95,4,3,0,0,0
02,120248466107650695,ACTIVE,135,2.15,80,2,1,0,0,0
02,120249073800120725,ACTIVE,100,2.12,53,2,5,0,0,0
02,120246643142900065,ACTIVE,100,2.12,43,0,2,0,0,0
02,120245487786100032,ACTIVE,100,2.1,50,0,2,0,0,0
02,120246875316820731,ACTIVE,100,2.09,16,0,0,0,0,0
02,120246818759970303,ACTIVE,40,2.08,58,2,2,0,0,0
02,120246299721620751,ACTIVE,68,2.0700000000000003,51,1,2,0,0,0
02,120249755037190019,ACTIVE,50,2.07,51,2,2,0,0,0
02,120251037305290166,ACTIVE,30,2.02,60,0,2,0,0,0
02,120249739079790279,ACTIVE,80,2,28,0,1,0,0,0
02,120247558121560065,ACTIVE,94,1.99,56,1,1,0,0,0
02,120248204881090455,ACTIVE,135,1.96,54,1,1,0,0,0
02,120248299218060431,ACTIVE,130,1.9500000000000002,54,0,0,0,0,0
02,120249062394220019,ACTIVE,50,1.94,44,0,1,0,0,0
02,120248764599250589,ACTIVE,100,1.8900000000000001,80,4,4,0,0,0
02,120246399807540674,ACTIVE,142,1.8800000000000001,73,0,0,0,0,0
02,120248535565040229,ACTIVE,116,1.8800000000000001,37,0,4,0,0,0
02,120246672624130642,ACTIVE,100,1.86,31,0,0,0,0,0
02,120245881655400509,ACTIVE,41,1.83,59,2,3,1,1,61.97
02,120244761350620455,ACTIVE,135,1.81,87,1,1,0,0,0
02,120251701953330054,ACTIVE,100,1.79,33,1,1,0,0,0
02,120246226742380674,ACTIVE,120,1.77,46,1,1,0,0,0
02,120249438611220064,ACTIVE,50,1.77,40,0,1,0,0,0
02,120246459062250674,ACTIVE,110,1.7600000000000002,48,0,0,0,0,0
02,120247313991580561,ACTIVE,50,1.74,56,2,2,0,0,0
02,120243466971930678,ACTIVE,200,1.73,51,0,3,0,0,0
02,120244389916630436,ACTIVE,100,1.67,48,1,2,0,0,0
02,120249283733020100,ACTIVE,90,1.6400000000000001,46,0,0,0,0,0
02,120243205951310642,ACTIVE,100,1.6400000000000001,108,3,4,0,0,0
02,120244034916020436,ACTIVE,100,1.64,46,0,5,1,0,0
02,120250445767170166,ACTIVE,30,1.6300000000000001,27,1,1,0,0,0
02,120257221973410586,ACTIVE,25,1.62,38,1,1,0,0,0
02,120246962698770090,ACTIVE,325,1.58,38,0,0,0,0,0
02,120244550853910436,ACTIVE,122,1.57,66,0,1,0,0,0
02,120244163991370436,ACTIVE,100,1.57,39,1,1,0,0,0
02,120245650683780674,ACTIVE,100,1.57,25,2,2,0,0,0
02,120247073165120090,ACTIVE,223,1.56,33,1,2,0,0,0
02,120247547590960642,ACTIVE,200,1.56,62,2,3,0,0,0
02,120246985821510043,ACTIVE,70,1.55,20,1,1,0,0,0
02,120249646481980279,ACTIVE,80,1.52,51,0,0,0,0,0
02,120248108038860561,ACTIVE,85,1.5,50,1,3,0,0,0
02,120248922585490210,ACTIVE,200,1.5,35,2,2,0,0,0
02,120244995263710686,ACTIVE,100,1.5,15,0,0,0,0,0
02,120250691304310722,ACTIVE,40,1.47,25,1,1,0,0,0
02,120246459062220674,ACTIVE,50,1.47,44,0,0,0,0,0
02,120257487343530586,ACTIVE,30,1.4600000000000002,43,0,0,0,0,0
02,120245481989400065,ACTIVE,40,1.42,51,2,4,0,0,0
02,120250501589970722,ACTIVE,40,1.4,29,2,1,0,0,0
02,120248338395130283,ACTIVE,100,1.38,42,2,1,0,0,0
02,120247246948670509,ACTIVE,100,1.38,76,1,1,0,0,0
02,120248802175730319,ACTIVE,120,1.37,29,0,1,0,0,0
02,120247678231050065,ACTIVE,93,1.3699999999999999,32,0,1,0,0,0
02,120245063703470133,ACTIVE,80,1.35,37,1,2,0,0,0
02,120242700474080358,ACTIVE,100,1.34,33,0,2,0,0,0
02,120245381315950677,ACTIVE,100,1.3399999999999999,59,0,4,0,0,0
02,120245045512490686,ACTIVE,80,1.33,32,1,2,0,0,0
02,120247597780010751,ACTIVE,40,1.3199999999999998,13,1,1,1,1,38.27
02,120247040934670629,ACTIVE,100,1.31,103,1,2,0,0,0
02,6973002166826,ACTIVE,50,1.3,43,0,0,0,0,0
02,120245490989200133,ACTIVE,80,1.29,24,0,0,0,0,0
02,120249283732990100,ACTIVE,90,1.28,32,0,0,0,0,0
02,120244431777030751,ACTIVE,680,1.25,47,2,3,2,1,38.269999999999996
02,120247797464010126,ACTIVE,80,1.25,33,1,0,0,0,0
02,120250922808060054,ACTIVE,100,1.24,28,1,1,0,0,0
02,120249438611310064,ACTIVE,50,1.22,21,0,3,0,0,0
02,120243673094650146,ACTIVE,100,1.22,55,3,3,1,0,0
02,120248812003990116,ACTIVE,100,1.22,29,0,0,0,0,0
02,120244618043570436,ACTIVE,100,1.21,34,0,2,0,0,0
02,120250057581290368,ACTIVE,136,1.17,42,0,0,0,0,0
02,120243772698800146,ACTIVE,100,1.16,36,2,1,0,0,0
02,120248204881060455,ACTIVE,135,1.1300000000000001,42,1,2,0,0,0
02,120244014047710146,ACTIVE,100,1.11,50,1,1,0,0,0
02,120246299672680751,ACTIVE,68,1.11,36,4,1,0,0,0
02,120248734559300565,ACTIVE,100,1.1,41,0,0,0,0,0
02,120243832687650146,ACTIVE,100,1.07,29,0,1,1,1,106.71
02,120249533650850019,ACTIVE,50,1.0699999999999998,20,0,0,0,0,0
02,120245687813040097,ACTIVE,81,1.06,38,0,1,0,0,0
02,120249300729750589,ACTIVE,100,1.03,42,2,1,1,0,0
02,120248429859550116,ACTIVE,101,1.03,4,0,0,0,0,0
02,120248960171180100,ACTIVE,300,1.02,45,0,3,1,0,0
02,120244213478540707,ACTIVE,100,1.01,17,0,0,0,0,0
02,120247601292330065,ACTIVE,50,0.98,19,0,0,0,0,0
02,120251014701600404,ACTIVE,50,0.98,8,0,0,0,0,0
02,120244235259940678,ACTIVE,30,0.9700000000000001,25,3,3,0,0,0
02,120243142609020146,ACTIVE,100,0.95,23,0,0,0,0,0
02,120247653059200586,ACTIVE,25,0.87,49,0,0,0,0,0
02,120246024108440751,ACTIVE,195,0.86,14,0,1,0,0,0
02,120254368844920197,ACTIVE,70,0.85,53,0,0,0,0,0
02,120246818759010303,ACTIVE,40,0.84,26,1,2,0,0,0
02,120242870748820133,ACTIVE,80,0.83,38,1,2,1,1,37.98
02,120243144633320146,ACTIVE,100,0.82,15,1,5,1,0,0
02,120247799916400462,ACTIVE,35,0.81,33,0,0,0,0,0
02,120248429995370229,ACTIVE,124,0.8,56,3,3,0,0,0
02,120243689609840436,ACTIVE,100,0.79,37,0,0,0,0,0
02,120244995599860686,ACTIVE,100,0.77,10,0,0,0,0,0
02,120243723839750678,PAUSED,100,0.74,24,2,2,0,0,0
02,6973002165426,ACTIVE,50,0.73,18,1,1,0,0,0
02,120243772698880146,ACTIVE,100,0.72,20,0,0,0,0,0
02,120246299672700751,ACTIVE,195,0.7000000000000001,32,0,0,0,0,0
02,120248923191120589,ACTIVE,100,0.7,9,0,0,0,0,0
02,120248085583180127,ACTIVE,100,0.7,11,0,0,0,0,0
02,120243734466660129,ACTIVE,100,0.69,25,0,0,0,0,0
02,120246686798620214,ACTIVE,100,0.6699999999999999,11,0,0,0,0,0
02,120245785647070650,ACTIVE,100,0.65,19,0,0,0,0,0
02,120243458344240129,ACTIVE,100,0.65,33,1,1,0,0,0
02,120249152473440247,ACTIVE,100,0.6499999999999999,24,0,0,0,0,0
02,120247799916320462,ACTIVE,35,0.64,37,1,2,0,0,0
02,120246031764260509,ACTIVE,100,0.64,30,0,1,0,0,0
02,120247040934570629,ACTIVE,100,0.64,32,2,4,0,0,0
02,120249134484060166,ACTIVE,30,0.6399999999999999,11,0,0,0,0,0
02,120243844958690129,ACTIVE,150,0.6200000000000001,37,1,2,0,0,0
02,120251063107220166,ACTIVE,30,0.62,24,0,0,0,0,0
02,120245511607120780,ACTIVE,80,0.6100000000000001,16,0,2,0,0,0
02,120247956340000389,ACTIVE,100,0.61,24,0,1,0,0,0
02,120245136181790470,ACTIVE,5,0.5900000000000001,6,1,1,0,0,0
02,120246299721480751,ACTIVE,195,0.56,23,0,1,0,0,0
02,120257359768220586,ACTIVE,30,0.54,20,0,0,0,0,0
02,120247333999410425,ACTIVE,100,0.52,31,0,1,0,0,0
02,120246668180150731,ACTIVE,100,0.52,8,1,1,0,0,0
02,120246875435580731,ACTIVE,100,0.51,10,0,0,0,0,0
02,120247453928360065,ACTIVE,94,0.5,17,0,0,0,0,0
02,120251014701570404,ACTIVE,80,0.5,17,0,0,0,0,0
02,120246299672740751,ACTIVE,115,0.49,17,0,0,0,0,0
02,120246232598650090,ACTIVE,132,0.49,13,1,1,0,0,0
02,120247124966060090,ACTIVE,119,0.46,17,0,1,0,0,0
02,120246024108390751,ACTIVE,355,0.45000000000000007,15,0,1,0,0,0
02,120242907734560129,ACTIVE,150,0.44,13,0,0,0,0,0
02,120247728967380642,ACTIVE,122,0.43,17,0,1,0,0,0
02,120245490989600133,ACTIVE,80,0.43,11,0,0,0,0,0
02,120247601292310065,ACTIVE,50,0.42000000000000004,19,0,1,0,0,0
02,120257487876160586,ACTIVE,50,0.38,20,0,0,0,0,0
02,120243959229680146,ACTIVE,100,0.37,8,0,0,0,0,0
02,120250554304290404,ACTIVE,200,0.36,11,1,3,0,0,0
02,120251063106910166,ACTIVE,30,0.36,11,2,2,1,0,0
02,120244312405200436,ACTIVE,100,0.34,18,0,2,0,0,0
02,120245911260540650,ACTIVE,120,0.33999999999999997,5,1,1,0,0,0
02,120249222913600100,ACTIVE,91,0.33999999999999997,17,2,2,0,0,0
02,120248429995310229,ACTIVE,65,0.33,20,0,0,0,0,0
02,120249222913640100,ACTIVE,91,0.31000000000000005,11,0,0,0,0,0
02,120248159215720389,ACTIVE,79,0.3,19,0,2,0,0,0
02,120247487024380065,ACTIVE,100,0.29000000000000004,9,0,0,0,0,0
02,120249824676430057,ACTIVE,100,0.29000000000000004,7,0,2,1,1,41.98
02,120249228754110589,ACTIVE,100,0.29,4,0,0,0,0,0
02,120247365940320642,ACTIVE,100,0.29,15,0,1,0,0,0
02,120248615909580019,ACTIVE,50,0.28,7,0,0,0,0,0
02,120252326382630348,ACTIVE,80,0.28,8,0,0,0,0,0
02,120249062394160019,ACTIVE,25,0.25,7,0,0,0,0,0
02,120251062504040166,ACTIVE,30,0.24000000000000002,9,0,1,0,0,0
02,120250501589950722,ACTIVE,40,0.24,7,0,0,0,0,0
02,120243986595710788,ACTIVE,50,0.22999999999999998,6,0,0,0,0,0
02,120251314539200210,ACTIVE,50,0.22,3,0,0,0,0,0
02,120247815782080642,ACTIVE,122,0.21000000000000002,20,0,0,0,0,0
02,120246619814510549,ACTIVE,50,0.21000000000000002,8,0,0,0,0,0
02,120244477269830678,PAUSED,100,0.21,6,0,0,0,0,0
02,120244824582450436,ACTIVE,90,0.19,11,0,1,0,0,0
02,120246135470290032,ACTIVE,100,0.18,7,0,0,0,0,0
02,120245099365240470,ACTIVE,5,0.17,4,0,0,0,0,0
02,120243727386670470,ACTIVE,5,0.16,5,0,0,0,0,0
02,120248737641880722,ACTIVE,68,0.16,2,0,0,0,0,0
02,120245044044870686,ACTIVE,80,0.15,3,0,0,0,0,0
02,120235701428400210,ACTIVE,200,0.14,7,0,0,0,0,0
02,120242746886630788,ACTIVE,135,0.14,3,0,0,0,0,0
02,120246299721450751,ACTIVE,115,0.14,4,1,1,0,0,0
02,120245999879420097,ACTIVE,150,0.12000000000000001,11,0,0,0,0,0
02,120247040711430629,ACTIVE,100,0.12,5,0,0,0,0,0
02,120246666123990477,ACTIVE,100,0.12,5,1,0,0,0,0
02,120244995090060686,ACTIVE,100,0.1,3,0,0,0,0,0
02,120235701428420210,ACTIVE,200,0.09,6,0,0,0,0,0
02,120247615799520561,ACTIVE,50,0.08,2,1,1,0,0,0
02,120235336090360210,ACTIVE,200,0.060000000000000005,6,0,0,0,0,0
02,120244165647870788,ACTIVE,50,0.06,1,0,1,0,0,0
02,120246849779610090,ACTIVE,100,0.05,2,0,0,0,0,0
02,120248057050710561,ACTIVE,60,0.04,2,0,0,0,0,0
02,120246666193770477,ACTIVE,100,0.04,2,1,1,0,0,0
02,120245241702630470,ACTIVE,5,0.02,2,0,0,0,0,0
02,120244918988320303,ACTIVE,40,0.02,2,0,0,0,0,0
02,120240849899190788,ACTIVE,10,0.01,2,0,0,0,0,0
02,120246250745230674,ACTIVE,100,0.01,2,0,0,0,0,0
02,120250837944350404,ACTIVE,50,0.01,1,0,0,0,0,0
02,120246286484520097,ACTIVE,80,0.01,2,0,0,0,0,0
02,120249228181020589,ACTIVE,100,0.01,2,0,0,0,0,0
02,120245931951140650,ACTIVE,100,0,0,0,1,0,0,0
02,120246145507030470,ACTIVE,50,0,0,0,0,0,0,0
02,120245931951070650,ACTIVE,100,0,0,0,1,0,0,0
02,120246145595780470,ACTIVE,20,0,0,0,0,0,0,0
02,120246145595980470,ACTIVE,20,0,0,0,0,0,0,0
02,120246145719630470,ACTIVE,20,0,0,0,0,0,0,0
02,120249300729780589,ACTIVE,100,0,0,0,2,0,0,0
02,120246145720920470,ACTIVE,20,0,0,0,0,0,0,0
02,120246145791530470,ACTIVE,20,0,0,0,0,0,0,0
02,120246145792030470,ACTIVE,20,0,0,0,0,0,0,0
02,120249366225440100,ACTIVE,100,0,0,0,3,1,0,0
02,120249366225680100,ACTIVE,100,0,0,0,2,0,0,0
02,120246169445790320,PAUSED,108,0,0,0,1,1,1,34.06999999999999
02,120246270030590320,ACTIVE,120,0,0,0,0,0,0,0
02,120246270030620320,ACTIVE,120,0,0,0,0,0,0,0
02,120246270264070320,ACTIVE,120,0,0,0,0,0,0,0
02,120246270264110320,ACTIVE,120,0,0,0,0,0,0,0
02,120249533719420019,PAUSED,45,0,0,0,1,0,0,0
02,120248849928910725,PAUSED,100,0,0,0,1,0,0,0
02,120244916431500436,ACTIVE,100,0,0,0,0,0,0,0
02,120244916431450436,ACTIVE,100,0,0,0,0,0,0,0
02,120248812040790116,PAUSED,100,0,0,0,1,0,0,0
02,120244916355330436,ACTIVE,100,0,0,0,0,0,0,0
02,120246518965620674,ACTIVE,100,0,0,0,0,0,0,0
02,120244916355270436,ACTIVE,100,0,0,0,0,0,0,0
02,120250139848270577,ACTIVE,100,0,0,0,0,0,0,0
02,120244915930060436,ACTIVE,100,0,0,0,0,0,0,0
02,120244915930020436,ACTIVE,100,0,0,0,0,0,0,0
02,120244915858330436,ACTIVE,100,0,0,0,0,0,0,0
02,120244915858300436,ACTIVE,100,0,0,0,0,0,0,0
02,120246522122340677,ACTIVE,100,0,0,0,0,0,0,0
02,120244915743550436,ACTIVE,100,0,0,0,0,0,0,0
02,120246522442100677,ACTIVE,100,0,0,0,0,0,0,0
02,120244915705670436,ACTIVE,100,0,0,0,0,0,0,0
02,120244915705330436,ACTIVE,100,0,0,0,0,0,0,0
02,120244911557470436,ACTIVE,100,0,0,0,0,0,0,0
02,120244911557440436,ACTIVE,100,0,0,0,0,0,0,0
02,120244911471280436,PAUSED,100,0,0,0,0,0,0,0
02,120244911471140436,PAUSED,100,0,0,0,0,0,0,0
02,120246522937100677,ACTIVE,100,0,0,0,0,0,0,0
02,120248596343190048,ACTIVE,100,0,0,0,0,0,0,0
02,120248596343100048,ACTIVE,100,0,0,0,0,0,0,0
02,120247040711030629,ACTIVE,100,0,1,0,0,0,0,0
02,120247064860080731,ACTIVE,80,0,0,0,1,0,0,0
02,120247148756590731,ACTIVE,80,0,0,0,0,0,0,0
02,120247149106470731,ACTIVE,80,0,0,0,0,0,0,0
02,120247237472270043,PAUSED,70,0,0,0,0,0,0,0
02,120247238880210043,PAUSED,70,0,0,0,5,0,0,0
02,120248359764410589,ACTIVE,100,0,0,0,1,0,0,0
02,120247336235960389,PAUSED,100,0,0,0,0,0,0,0
02,120248302912210389,ACTIVE,100,0,0,0,0,0,0,0
02,120248302912110389,ACTIVE,100,0,0,0,0,0,0,0
02,120248302852090389,ACTIVE,100,0,0,0,0,0,0,0
02,120251314640370210,ACTIVE,50,0,0,0,0,0,0,0
02,120248302852030389,ACTIVE,100,0,0,0,0,0,0,0
02,120248302725690389,ACTIVE,100,0,0,0,0,0,0,0
02,120248302725660389,ACTIVE,100,0,0,0,0,0,0,0
02,120248302616530389,ACTIVE,100,0,0,0,0,0,0,0
02,120248302449280389,ACTIVE,100,0,0,0,0,0,0,0
02,120248302449150389,ACTIVE,100,0,0,0,0,0,0,0
02,120247390339020509,ACTIVE,100,0,0,0,0,0,0,0
02,120247390339080509,ACTIVE,100,0,0,0,4,0,0,0
02,120248298800180389,ACTIVE,100,0,0,0,0,0,0,0
02,120248298800110389,ACTIVE,100,0,0,0,0,0,0,0
02,120248298471980389,PAUSED,100,0,0,0,0,0,0,0
02,120254284171970197,ACTIVE,100,0,0,0,0,0,0,0
02,120248298471880389,PAUSED,100,0,0,0,0,0,0,0
02,120254368844950197,ACTIVE,100,0,0,0,0,0,0,0
02,120248289243870469,ACTIVE,80,0,0,0,0,0,0,0
02,120247391144430509,ACTIVE,100,0,0,0,2,0,0,0
02,120247391144450509,ACTIVE,100,0,0,0,1,0,0,0
02,120243629084100705,ACTIVE,80,0,0,0,0,0,0,0
02,120243629084050705,ACTIVE,80,0,0,0,0,0,0,0
02,120247392291430509,ACTIVE,100,0,0,0,0,0,0,0
02,120247392291490509,ACTIVE,100,0,0,0,0,0,0,0
02,120247392329370509,ACTIVE,100,0,0,0,0,0,0,0
02,120247392329400509,ACTIVE,100,0,0,0,0,0,0,0
02,120247795310860126,PAUSED,89,0,0,0,0,0,0,0
02,120248121376990544,ACTIVE,80,0,0,0,0,0,0,0
02,120248121376260544,ACTIVE,80,0,0,0,0,0,0,0
02,120247970574920126,ACTIVE,80,0,0,0,0,0,0,0
02,120242700474110358,ACTIVE,100,0,0,0,0,0,0,0
02,120247970574990126,ACTIVE,80,0,0,0,0,0,0,0
02,120247970691610126,ACTIVE,80,0,0,0,0,0,0,0
02,120247970691860126,ACTIVE,80,0,0,0,0,0,0,0
02,120246145189200470,ACTIVE,50,0,0,0,0,0,0,0
02,120247972621170389,PAUSED,100,0,0,0,1,0,0,0
02,120246145189280470,ACTIVE,50,0,0,0,0,0,0,0
02,120246145304610470,PAUSED,50,0,0,0,0,0,0,0
02,120246145304640470,PAUSED,50,0,0,0,0,0,0,0
02,120246145364940470,ACTIVE,50,0,0,0,0,0,0,0
02,120246145365240470,ACTIVE,50,0,0,0,0,0,0,0
02,120246145506950470,ACTIVE,50,0,0,0,0,0,0,0
03,120247234597490455,ACTIVE,1675,104.99,2732,89,116,10,6,335.5
03,120244761233710455,ACTIVE,1150,92.69,2820,78,82,3,2,144.78
03,120244761515050455,ACTIVE,1325,86.77,2952,67,75,8,2,119.32
03,120244749532720686,ACTIVE,1000,69.24,1428,35,35,9,8,473.44000000000005
03,120243986668280589,ACTIVE,1000,62.3,1405,27,38,2,2,99.02999999999999
03,120244749327030686,ACTIVE,500,62.22999999999999,1277,28,36,4,2,81.2
03,120246754801740509,ACTIVE,800,61.86000000000001,1679,35,39,2,1,29.98
03,120245453935690025,ACTIVE,1000,59.440000000000005,497,14,18,0,0,0
03,120245380678000025,ACTIVE,1000,52.39,581,17,20,3,3,136.42999999999998
03,120246005453800291,ACTIVE,1200,46.82,1268,31,43,5,1,36.980000000000004
03,120244662020140686,ACTIVE,50,46.13,834,5,12,2,1,51.22
03,120245800978960674,ACTIVE,1000,44.02,1010,30,38,3,0,0
03,120239930892250650,ACTIVE,1200,42.67,746,19,21,3,0,0
03,120247583319740586,ACTIVE,500,41.4,1498,20,21,5,4,175.89
03,120249115230940100,ACTIVE,707,39.1,817,28,28,4,2,118.71000000000001
03,120243276755660065,ACTIVE,500,38.84,862,18,26,1,0,0
03,120245334049460065,ACTIVE,400,33.51,604,21,26,1,0,0
03,120250790045220586,ACTIVE,500,32.48,997,21,28,4,1,28.98
03,120245899430510065,ACTIVE,325,30.830000000000002,553,19,26,3,0,0
03,120246643142870065,ACTIVE,297,30.52,807,16,23,2,0,0
03,6966949200895,ACTIVE,250,28.23,517,7,10,1,0,0
03,120249005372660589,ACTIVE,327,27.92,482,13,15,4,3,185.31999999999996
03,120249286765290368,ACTIVE,601,27.52,955,10,15,2,1,38.98
03,120244581910350686,ACTIVE,300,27.39,326,12,10,0,0,0
03,120245980788570752,ACTIVE,469,26.900000000000002,996,36,43,9,4,177.85
03,120245334049540065,ACTIVE,370,26.8,514,17,21,1,0,0
03,120242301213170065,ACTIVE,300,26.35,741,13,15,3,1,49.519999999999996
03,120247483865740100,ACTIVE,800,26.32,906,23,24,1,0,0
03,120244938793740663,ACTIVE,350,24.86,342,15,20,1,0,0
03,120246191098970320,ACTIVE,120,24.689999999999998,616,19,16,2,1,82.02
03,120246962698830090,ACTIVE,350,24.490000000000002,517,23,21,0,0,0
03,120248698800290127,ACTIVE,300,22.8,259,10,12,2,1,60.47
03,120246375737140674,ACTIVE,250,22.459999999999997,420,11,10,1,1,29.98
03,120247489931670431,ACTIVE,425,21.64,363,7,11,2,0,0
03,120242301213710065,ACTIVE,370,21.58,563,10,11,0,0,0
03,120248641712650319,ACTIVE,440,21.43,666,16,19,2,1,37
03,120245436310880780,ACTIVE,400,20.83,414,10,15,2,0,0
03,120245859755050173,ACTIVE,80,20.75,494,14,15,2,1,71.39
03,120247136451350725,ACTIVE,100,20.09,637,14,16,2,1,49.37
03,120246221877410629,ACTIVE,335,19.83,557,6,10,1,0,0
03,120242031621370065,ACTIVE,229,19.7,534,6,10,1,0,0
03,120246040085600751,ACTIVE,370,19.67,442,13,12,2,1,38.27
03,120246181834560241,ACTIVE,300,19.560000000000002,1027,18,22,1,0,0
03,120247941350370695,ACTIVE,250,18.98,422,7,8,2,1,37.980000000000004
03,120244783755130320,ACTIVE,300,18.73,1046,22,27,2,1,82.02000000000001
03,120247954410960425,ACTIVE,138,18.36,326,10,12,1,0,0
03,120243734745460129,ACTIVE,300,18.32,568,25,27,2,1,66.47999999999999
03,120241066464020065,ACTIVE,289,18.290000000000003,632,15,16,2,1,101.24
03,120247114934220455,ACTIVE,226,18.13,335,10,14,1,1,106.84
03,120242973433800146,ACTIVE,500,18.090000000000003,635,11,13,2,1,41.98
03,120246710213410090,ACTIVE,325,17.96,538,19,19,1,1,108.81
03,120246273720740455,ACTIVE,250,17.389999999999997,389,16,21,2,2,120.82
03,120246259925420674,ACTIVE,200,17.380000000000003,300,12,12,1,1,46.23
03,120248512806040048,ACTIVE,100,17.009999999999998,223,7,9,1,1,34.980000000000004
03,120245283264760677,ACTIVE,392,16.84,566,3,7,0,0,0
03,120248965302070064,ACTIVE,250,16.78,272,14,11,1,1,41.98
03,120246615285510642,ACTIVE,400,16.72,550,8,13,1,0,0
03,120248923493180565,ACTIVE,80,16.1,121,9,9,3,1,29.979999999999997
03,120243787103960686,ACTIVE,200,16.060000000000002,479,5,8,0,0,0
03,120249013372050100,ACTIVE,128,15.89,277,7,6,0,0,0
03,120240901145360175,ACTIVE,245,15.59,390,8,14,1,0,0
03,120244428953860686,ACTIVE,100,15.55,336,8,10,3,3,132.42
03,120248959176740725,ACTIVE,500,15.5,556,10,13,2,3,186.49
03,120254529951780197,ACTIVE,100,15.5,227,4,4,0,0,0
03,120251910136180054,ACTIVE,107,14.99,265,3,4,0,0,0
03,120251919170720054,ACTIVE,100,14.940000000000001,211,3,5,0,0,0
03,120245250322490642,ACTIVE,650,14.770000000000001,386,7,12,0,0,0
03,120246483406720564,ACTIVE,500,14.75,599,8,12,0,0,0
03,120245823919130320,ACTIVE,360,14.719999999999999,619,7,11,1,0,0
03,120248124018900425,ACTIVE,135,14.690000000000001,177,4,5,0,0,0
03,120245842698410677,PAUSED,100,14.68,450,6,5,0,0,0
03,120248248634970455,ACTIVE,132,14.67,243,7,5,1,0,0
03,120250905694920651,ACTIVE,200,14.67,402,13,18,1,1,37.98
03,120246533502350368,ACTIVE,211,14.66,499,5,4,2,0,0
03,120246396470350674,ACTIVE,200,14.59,294,8,10,0,0,0
03,120249052890110100,ACTIVE,500,14.58,413,14,16,4,0,0
03,120247175023780065,ACTIVE,152,14.25,336,2,3,0,0,0
03,120244691045450320,ACTIVE,700,14.160000000000002,549,7,6,0,0,0
03,120246007921740320,ACTIVE,212,14.04,524,17,16,2,2,137.89
03,120244581811200686,ACTIVE,80,13.96,311,12,12,4,3,111.18
03,120245327669090320,ACTIVE,360,13.83,391,4,8,0,0,0
03,120249347498580100,ACTIVE,91,13.75,189,4,3,0,0,0
03,120246465927950677,ACTIVE,100,13.72,337,3,3,0,0,0
03,120249086109210100,ACTIVE,800,13.700000000000001,382,11,12,1,0,0
03,120248288633070389,ACTIVE,81,13.64,368,7,8,1,0,0
03,120246638474110175,ACTIVE,525,13.62,322,10,9,0,0,0
03,120249525957160319,ACTIVE,360,13.57,357,7,9,1,0,0
03,120243458900420436,ACTIVE,100,13.53,579,17,16,2,0,0
03,120248288633270389,ACTIVE,81,13.469999999999999,358,12,13,3,3,103.65
03,120244618043630436,ACTIVE,100,13.42,482,19,26,2,1,68.22999999999999
03,120251916632010054,ACTIVE,100,13.12,181,1,1,0,0,0
03,120245460221520177,ACTIVE,100,13.11,239,10,12,1,1,29.98
03,120247868045210695,ACTIVE,360,13.1,497,3,6,0,0,0
03,120245010386240709,ACTIVE,500,13.09,302,4,5,0,0,0
03,120244349822900686,ACTIVE,100,13.07,191,4,8,1,1,71.21
03,120248064259890425,ACTIVE,200,13.03,175,6,9,0,0,0
03,120247890206850725,ACTIVE,100,13.02,420,10,10,1,1,49.37
03,120247130849060090,PAUSED,50,12.95,140,4,5,0,0,0
03,120245899907660065,ACTIVE,115,12.839999999999998,225,5,4,1,1,49.52
03,120244878279420125,ACTIVE,270,12.74,529,8,11,1,0,0
03,120248248635000455,ACTIVE,132,12.59,245,7,8,1,1,60.41
03,120244823852370686,ACTIVE,100,12.53,157,3,4,1,1,51.22
03,120248159215810389,ACTIVE,79,12.469999999999999,273,13,11,1,0,0
03,120245848127390707,ACTIVE,500,12.35,321,9,16,2,0,0
03,120244823852300686,ACTIVE,100,12.280000000000001,229,6,6,0,0,0
03,120246624884480455,ACTIVE,122,12.25,284,6,6,0,0,0
03,120245686749070320,ACTIVE,200,12.16,440,13,13,2,1,143.06
03,120244480112510436,ACTIVE,156,12.129999999999999,428,11,9,1,0,0
03,120245554821660177,ACTIVE,200,12.080000000000002,265,9,10,0,0,0
03,120247139572780564,ACTIVE,350,12.049999999999999,271,5,6,1,0,0
03,120245232977300320,ACTIVE,143,11.99,456,6,7,2,1,58.77
03,120245380137820707,ACTIVE,500,11.939999999999998,257,5,7,0,0,0
03,120250413795050709,ACTIVE,300,11.92,208,9,8,2,1,27.979999999999997
03,120248045548240425,ACTIVE,136,11.899999999999999,228,5,5,0,0,0
03,120246242129020477,ACTIVE,100,11.86,226,5,8,0,0,0
03,120248536188000100,ACTIVE,500,11.81,220,12,11,1,0,0
03,120248155192490455,ACTIVE,455,11.8,421,6,7,0,0,0
03,120246070715810752,ACTIVE,169,11.65,316,11,12,1,1,24.98
03,120248006730320100,ACTIVE,800,11.620000000000001,283,5,9,2,1,66.15
03,120247890133910642,ACTIVE,124,11.61,240,3,2,1,1,65.94999999999999
03,120247322669120509,ACTIVE,200,11.56,466,12,13,2,1,34.980000000000004
03,120246250177610320,ACTIVE,110,11.53,297,3,8,0,0,0
03,120243753190540054,ACTIVE,200,11.36,240,5,7,2,2,146.42
03,120247780766070455,ACTIVE,552,11.36,309,2,3,0,0,0
03,120255653285300586,ACTIVE,100,11.33,227,13,9,2,1,28.98
03,120244486414960436,ACTIVE,100,11.32,386,12,10,0,0,0
03,120247322861560509,ACTIVE,200,11.239999999999998,345,5,7,0,0,0
03,120251769553070054,ACTIVE,104,11.18,259,6,6,1,1,31.98
03,120246491099340090,ACTIVE,151,11.17,174,7,10,1,1,36.94
03,120247541912960469,ACTIVE,80,11.11,262,2,2,0,0,0
03,120248139130280455,ACTIVE,455,11.11,230,2,4,0,0,0
03,120244242496990780,ACTIVE,200,11.069999999999999,221,4,6,0,0,0
03,120245622959400630,ACTIVE,80,11.01,204,5,6,0,1,40.97
03,120245011207100320,ACTIVE,360,10.85,313,4,9,0,0,0
03,120249081135480577,ACTIVE,500,10.77,195,8,9,1,0,0
03,120245622959630630,ACTIVE,80,10.719999999999999,189,4,5,1,1,40.97
03,120248162820950389,ACTIVE,100,10.719999999999999,291,12,14,1,0,0
03,120244389916660436,ACTIVE,155,10.690000000000001,480,10,10,0,0,0
03,120251692404070054,ACTIVE,111,10.68,267,6,8,1,1,53.22
03,120246785226280564,ACTIVE,300,10.68,432,9,11,1,0,0
03,120245583667780533,ACTIVE,132,10.64,251,7,8,0,0,0
03,120247199911460090,ACTIVE,122,10.43,234,7,9,1,0,0
03,120247061936980509,ACTIVE,200,10.42,356,5,8,0,0,0
03,120244079033450320,ACTIVE,120,10.36,422,7,6,0,0,0
03,120247890133980642,ACTIVE,124,10.35,266,10,8,0,0,0
03,120247370270380509,ACTIVE,101,10.31,435,8,9,0,0,0
03,120243063569770146,ACTIVE,100,10.28,332,8,8,1,1,75.21
03,120247199911470090,ACTIVE,122,10.28,227,4,5,0,0,0
03,120246588746810090,ACTIVE,140,10.27,238,5,7,0,0,0
03,120244634571550678,ACTIVE,105,10.27,229,3,3,0,0,0
03,120245241360310455,ACTIVE,146,10.24,484,6,4,0,0,0
03,120244270293390320,ACTIVE,300,10.24,226,7,11,1,0,0
03,120247370270360509,ACTIVE,101,10.14,416,7,10,0,0,0
03,120248299218010431,ACTIVE,130,10.13,186,2,4,0,0,0
03,120240258763950179,ACTIVE,140,10.129999999999999,325,8,8,0,0,0
03,120244963455410686,ACTIVE,200,10.12,146,6,7,0,0,0
03,120244825046600686,ACTIVE,80,10.12,150,4,5,2,1,29.980000000000004
03,120246178127590241,ACTIVE,300,10.09,455,7,7,0,0,0
03,120244880653330686,ACTIVE,100,10.09,162,4,5,0,0,0
03,120245899907890065,ACTIVE,115,10.05,227,4,4,0,0,0
03,120248536187780100,ACTIVE,300,10.04,245,10,11,2,0,0
03,120247921074920168,ACTIVE,106,9.99,270,4,6,0,0,0
03,120244504303760686,ACTIVE,80,9.98,232,3,4,0,0,0
03,120247482195350544,ACTIVE,74,9.94,174,3,3,1,1,27.98
03,120248889583930116,ACTIVE,90,9.94,159,2,3,0,0,0
03,120249286682560368,ACTIVE,337,9.93,311,6,6,0,0,0
03,120247728967360642,ACTIVE,122,9.780000000000001,202,1,2,0,0,0
03,120245884994790214,ACTIVE,300,9.77,157,4,4,1,1,24.97
03,120243772020840146,ACTIVE,100,9.71,212,5,6,0,0,0
03,120245514271740065,ACTIVE,115,9.69,209,11,12,1,1,49.52
03,120246867532700629,ACTIVE,100,9.67,180,8,6,0,0,0
03,120247950274740126,ACTIVE,90,9.66,260,6,8,1,0,0
03,120249151139280057,ACTIVE,100,9.639999999999999,154,6,6,0,0,0
03,120248974670480019,ACTIVE,80,9.63,103,2,2,1,0,0
03,120257220181140586,ACTIVE,100,9.6,305,4,4,1,0,0
03,120246023777450751,ACTIVE,850,9.59,200,6,9,1,0,0
03,120245964184870707,ACTIVE,101,9.58,166,6,8,1,1,63.75
03,120248072969230389,ACTIVE,123,9.57,303,3,5,0,0,0
03,120248180636520589,ACTIVE,100,9.54,245,6,6,0,0,0
03,120247282176200431,ACTIVE,150,9.5,147,6,6,0,0,0
03,120245500027320032,ACTIVE,100,9.489999999999998,238,5,7,0,0,0
03,120245329462560320,ACTIVE,200,9.48,215,5,4,0,0,0
03,120248318268940152,ACTIVE,200,9.420000000000002,371,1,2,1,0,0
03,120247901344790425,ACTIVE,300,9.420000000000002,210,4,4,0,0,0
03,120247534964830642,ACTIVE,153,9.4,316,8,7,1,0,0
03,120244428953840686,ACTIVE,100,9.38,230,6,6,0,0,0
03,120247412626780168,ACTIVE,100,9.34,197,5,6,0,0,0
03,120246191098790320,ACTIVE,120,9.32,240,9,9,1,1,34.07
03,120247479945600065,ACTIVE,300,9.3,196,5,5,0,0,0
03,120245205078130630,ACTIVE,115,9.29,297,2,4,2,0,0
03,120247802943620389,ACTIVE,100,9.27,353,7,8,0,0,0
03,120244017128390686,ACTIVE,100,9.24,185,6,8,0,0,0
03,120245622959500630,ACTIVE,80,9.219999999999999,179,8,9,1,0,0
03,120245848127430707,ACTIVE,300,9.21,255,10,12,0,0,0
03,120247993581120462,ACTIVE,104,9.18,95,7,6,0,0,0
03,120249140601980100,ACTIVE,300,9.17,174,4,4,1,0,0
03,120249062217790019,ACTIVE,225,9.16,147,6,6,3,1,51.22
03,120244360843810065,ACTIVE,135,9.080000000000002,220,4,5,0,0,0
03,120243831461540146,ACTIVE,200,9.08,373,9,10,1,0,0
03,120249120674110404,ACTIVE,300,9.040000000000001,178,5,4,0,0,0
03,120245435760750780,ACTIVE,200,9.04,130,1,2,0,0,0
03,120246412451290629,ACTIVE,100,9.000000000000002,208,5,5,0,0,0
03,120244177553830678,ACTIVE,100,8.97,217,6,4,0,0,0
03,120248056801430561,ACTIVE,60,8.969999999999999,163,7,7,1,1,57.94
03,120247013051330065,ACTIVE,100,8.959999999999999,184,2,4,0,0,0
03,120248017013520389,ACTIVE,100,8.87,275,13,14,1,0,0
03,120251150600140210,ACTIVE,117,8.86,233,10,9,0,0,0
03,120246338142390241,ACTIVE,109,8.84,353,4,6,0,0,0
03,120247322946650509,ACTIVE,200,8.84,315,9,8,1,0,0
03,120248072969470389,ACTIVE,111,8.81,253,13,12,2,0,0
03,120245617791190630,ACTIVE,74,8.780000000000001,286,5,8,1,0,0
03,120248056978460544,ACTIVE,150,8.770000000000001,253,3,4,1,1,47.52
03,120244083558220146,ACTIVE,100,8.760000000000002,255,9,9,1,0,0
03,120246191098590320,ACTIVE,120,8.739999999999998,314,7,11,0,0,0
03,120245514271720065,ACTIVE,115,8.700000000000001,158,1,3,0,0,0
03,120248364287170127,ACTIVE,100,8.7,62,4,6,0,0,0
03,120243335632250705,ACTIVE,200,8.7,127,4,6,1,0,0
03,120250789469770586,ACTIVE,500,8.7,191,5,11,1,0,0
03,120245583666590533,ACTIVE,100,8.69,346,4,6,0,0,0
03,120249140482640100,ACTIVE,300,8.68,148,7,10,0,0,0
03,120249251074180319,ACTIVE,350,8.61,330,4,6,0,0,0
03,120248056801410561,ACTIVE,260,8.55,212,5,7,0,0,0
03,120245010772960663,ACTIVE,301,8.54,141,8,7,0,0,0
03,120240679404390629,ACTIVE,400,8.5,232,1,6,0,0,0
03,120248974670400019,ACTIVE,80,8.479999999999999,169,7,9,0,0,0
03,120245987169440477,ACTIVE,100,8.469999999999999,111,3,6,0,0,0
03,120245251316060477,ACTIVE,100,8.42,151,4,4,0,0,0
03,120246011193300707,ACTIVE,100,8.4,176,4,5,0,0,0
03,120247866597100389,ACTIVE,100,8.39,262,13,11,0,0,0
03,120243593808880146,ACTIVE,100,8.38,226,6,9,1,0,0
03,120247193573040509,ACTIVE,200,8.379999999999999,373,4,4,0,0,0
03,120247526522450425,ACTIVE,100,8.36,143,4,4,0,0,0
03,120245842687140677,PAUSED,100,8.35,213,2,1,1,1,96.41
03,120244581454670686,ACTIVE,100,8.29,88,1,1,0,0,0
03,120247865520180544,ACTIVE,80,8.270000000000001,191,4,3,0,0,0
03,120244566387920788,ACTIVE,50,8.260000000000002,110,3,3,0,0,0
03,120244965177310686,ACTIVE,80,8.16,121,1,1,0,0,0
03,120248698800650127,ACTIVE,100,8.120000000000001,92,2,3,0,0,0
03,120242847129030686,ACTIVE,100,8.11,162,2,3,0,0,0
03,120245685799910707,ACTIVE,100,8.06,155,5,6,0,0,0
03,120246250177540320,ACTIVE,110,8.040000000000001,216,4,4,0,0,0
03,120247467569900455,ACTIVE,100,8.040000000000001,244,8,6,0,0,0
03,120244083558180146,ACTIVE,100,8.03,207,6,7,1,2,117.20000000000002
03,120246374707600097,ACTIVE,110,8.01,230,2,5,0,0,0
03,120246850329040065,ACTIVE,100,7.9,178,9,14,2,2,135.82
03,120246733901990065,ACTIVE,80,7.77,169,3,5,0,0,0
03,120248056801340561,ACTIVE,260,7.77,198,7,8,1,1,57.96
03,120247705045190564,ACTIVE,165,7.71,198,7,6,0,0,0
03,120246599890040214,ACTIVE,120,7.68,96,2,3,0,0,0
03,120244505803880686,ACTIVE,80,7.659999999999999,129,2,3,0,0,0
03,120247238880210043,PAUSED,70,7.62,104,4,5,0,0,0
03,120248980523880019,ACTIVE,50,7.58,119,8,7,0,0,0
03,120243508760940146,ACTIVE,286,7.58,194,2,2,0,0,0
03,120244794017770320,ACTIVE,120,7.540000000000001,343,9,9,0,0,0
03,120247059116570175,ACTIVE,87,7.52,179,8,8,1,0,0
03,120246286465380752,ACTIVE,100,7.51,173,7,9,3,0,0
03,120245282912580630,ACTIVE,200,7.5,237,4,9,1,0,0
03,120246069254050470,ACTIVE,98,7.49,208,3,3,2,1,183.47
03,120246549338880065,ACTIVE,100,7.4399999999999995,154,4,4,1,1,49.52
03,120243734745510129,ACTIVE,100,7.3999999999999995,252,5,6,0,0,0
03,120248139130260455,ACTIVE,325,7.390000000000001,144,4,5,0,1,84.37
03,120246736742480477,ACTIVE,90,7.3199999999999985,42,0,0,0,0,0
03,120248774488970725,ACTIVE,100,7.31,221,8,7,0,0,0
03,120244312405140436,ACTIVE,100,7.23,276,8,11,1,1,99.72
03,120244194695070177,ACTIVE,100,7.2,188,5,7,1,0,0
03,120246488525160097,ACTIVE,100,7.199999999999999,246,4,5,0,0,0
03,120247246948530509,ACTIVE,100,7.199999999999999,281,1,5,0,0,0
03,120247645229990642,ACTIVE,121,7.15,281,2,3,0,0,0
03,120248893532100100,ACTIVE,300,7.1499999999999995,161,7,9,0,0,0
03,120245923045620168,ACTIVE,100,7.139999999999999,123,4,5,1,0,0
03,120246733854770065,ACTIVE,80,7.129999999999999,144,7,6,0,0,0
03,120244745582820125,ACTIVE,300,7.09,208,3,3,0,0,0
03,120250139873910577,ACTIVE,100,7.09,111,2,2,0,0,0
03,120247059116590175,ACTIVE,87,7.08,165,2,4,1,0,0
03,120254284171910197,ACTIVE,100,7.08,131,4,4,0,0,0
03,120251769553160054,ACTIVE,92,7.0600000000000005,156,0,0,0,0,0
03,120246870229730642,ACTIVE,125,7.06,132,1,1,0,0,0
03,120246828454030629,ACTIVE,300,7.04,187,7,12,1,1,89.37
03,120246946458510629,ACTIVE,128,6.970000000000001,203,3,4,3,0,0
03,120249347498540100,ACTIVE,91,6.970000000000001,144,4,6,1,1,52.56
03,120247378425210561,ACTIVE,80,6.91,166,3,4,0,0,0
03,120246220421900725,ACTIVE,200,6.91,237,0,0,0,0,0
03,120244566507460788,ACTIVE,50,6.88,140,2,2,0,0,0
03,120247275556550642,ACTIVE,100,6.800000000000001,185,7,8,0,0,0
03,120245298343980752,ACTIVE,100,6.74,114,1,4,0,0,0
03,120246219805000241,ACTIVE,150,6.72,174,5,5,0,0,0
03,120247184054680509,ACTIVE,170,6.72,116,1,2,0,0,0
03,120248224809960389,ACTIVE,80,6.709999999999999,269,11,9,2,0,0
03,120246804547700175,ACTIVE,119,6.66,292,7,7,0,0,0
03,120248430355980229,ACTIVE,200,6.6499999999999995,129,6,4,0,0,0
03,120246286382660752,ACTIVE,100,6.619999999999999,138,3,3,0,0,0
03,120248911416770577,ACTIVE,300,6.609999999999999,194,12,16,3,1,48.17
03,120247293642140642,ACTIVE,120,6.549999999999999,134,3,2,0,0,0
03,120247238927160043,ACTIVE,70,6.52,86,0,4,1,1,27.98
03,120246733854740065,ACTIVE,80,6.51,131,3,7,2,0,0
03,120245049415260032,ACTIVE,100,6.5,172,5,5,0,0,0
03,120244761582650436,ACTIVE,100,6.5,192,6,6,0,0,0
03,120246338179300642,ACTIVE,200,6.4799999999999995,328,14,13,1,1,37.95
03,120248621604700283,ACTIVE,200,6.46,117,8,8,0,0,0
03,120246599961620214,ACTIVE,200,6.42,147,4,2,0,0,0
03,120246382556450462,ACTIVE,195,6.41,133,4,5,1,1,57.98
03,120246191098540320,ACTIVE,120,6.380000000000001,203,4,4,0,0,0
03,120246733902040065,ACTIVE,80,6.38,143,6,8,1,1,49.519999999999996
03,120256572736720586,ACTIVE,500,6.38,182,5,12,1,0,0
03,120245057027780564,ACTIVE,190,6.34,292,5,9,0,0,0
03,120246666161080477,ACTIVE,100,6.31,85,2,3,1,1,29.98
03,120249366225680100,ACTIVE,100,6.29,108,1,2,0,0,0
03,120246178825710752,ACTIVE,100,6.24,121,2,2,0,0,0
03,120248539381110725,ACTIVE,200,6.2299999999999995,140,2,5,0,0,0
03,120244486325980436,ACTIVE,100,6.199999999999999,203,5,7,0,0,0
03,120241671273870455,ACTIVE,212,6.16,178,6,6,0,0,0
03,120250066594120577,ACTIVE,200,6.15,136,3,3,0,0,0
03,120249251074290319,ACTIVE,120,6.14,154,2,2,1,1,37
03,120245205425940677,ACTIVE,100,6.13,125,1,1,1,0,0
03,120248880534940100,ACTIVE,100,6.09,105,1,6,1,0,0
03,120248082904020663,ACTIVE,150,6.08,91,2,3,0,0,0
03,120247058049910303,ACTIVE,120,6.08,125,9,9,0,0,0
03,120247026467610090,ACTIVE,119,6.08,126,4,4,0,0,0
03,120249533650900019,ACTIVE,50,6.08,79,2,4,0,0,0
03,120246559951040097,ACTIVE,80,6.08,128,2,3,0,0,0
03,120250005173420404,ACTIVE,74,6.05,94,7,4,0,0,0
03,120244566743700788,ACTIVE,50,6.029999999999999,104,0,0,0,0,0
03,120245651364090303,ACTIVE,80,6.02,111,6,7,2,0,0
03,120247267370990509,ACTIVE,100,5.970000000000001,135,3,3,0,0,0
03,120245487786040032,ACTIVE,100,5.97,136,0,4,1,0,0
03,120244566548030788,ACTIVE,50,5.91,119,4,4,1,0,0
03,120246819645500629,ACTIVE,100,5.9,148,4,6,0,0,0
03,120242694742870146,ACTIVE,292,5.9,143,1,6,0,0,0
03,120246396470250674,ACTIVE,200,5.87,132,3,5,0,0,0
03,120247485225890126,ACTIVE,80,5.83,123,3,5,0,0,0
03,120246465900910677,ACTIVE,100,5.83,165,4,4,1,1,96.41
03,120245833631150707,ACTIVE,300,5.74,137,7,9,1,0,0
03,120243602902170032,ACTIVE,200,5.74,152,3,3,1,1,37.27
03,120246488537710097,ACTIVE,80,5.73,202,4,5,0,0,0
03,120247616942850561,ACTIVE,300,5.7299999999999995,205,4,5,0,0,0
03,120249352629920127,ACTIVE,100,5.68,106,7,7,1,0,0
03,120246887885530090,ACTIVE,100,5.619999999999999,105,1,1,0,0,0
03,120247858934130544,ACTIVE,108,5.58,95,5,7,2,1,27.98
03,120244965177330686,ACTIVE,80,5.54,77,2,2,0,0,0
03,120245119189080630,ACTIVE,111,5.52,134,5,6,1,1,29.979999999999997
03,120246560566740477,ACTIVE,90,5.489999999999999,138,3,3,0,0,0
03,120247311646990509,ACTIVE,100,5.4799999999999995,207,8,7,1,0,0
03,120249115231040100,ACTIVE,100,5.470000000000001,170,2,2,0,0,0
03,120246770835970175,ACTIVE,110,5.47,159,6,4,0,0,0
03,120248698801690127,ACTIVE,100,5.42,71,5,7,1,1,34.98
03,120246447361050303,ACTIVE,120,5.42,111,6,5,0,0,0
03,120244793522550320,ACTIVE,120,5.3999999999999995,154,2,2,1,0,0
03,120246733876960065,ACTIVE,80,5.359999999999999,127,6,6,0,0,0
03,120247995051750695,ACTIVE,93,5.35,220,1,2,0,0,0
03,120246902634980175,ACTIVE,86,5.32,137,4,4,0,0,0
03,120247245095750509,ACTIVE,300,5.300000000000001,229,6,5,1,1,87.46
03,120247107054620509,ACTIVE,200,5.279999999999999,127,3,3,0,0,0
03,120249263766000247,ACTIVE,100,5.26,187,7,6,0,0,0
03,120243482214180129,ACTIVE,160,5.250000000000001,161,1,3,0,0,0
03,120257559013710586,ACTIVE,30,5.2299999999999995,109,1,1,0,0,0
03,120245097017710677,ACTIVE,100,5.2,126,0,1,0,0,0
03,120256572736650586,ACTIVE,25,5.18,106,1,1,0,0,0
03,120246733877000065,ACTIVE,80,5.17,95,3,3,1,0,0
03,120245381315950677,ACTIVE,100,5.17,164,0,4,1,0,0
03,120245931951140650,ACTIVE,100,5.14,57,1,2,0,0,0
03,120245825263430533,ACTIVE,200,5.03,154,6,7,0,0,0
03,120243929504970146,ACTIVE,100,5.02,117,1,1,0,0,0
03,120246559951150097,ACTIVE,80,4.98,120,2,5,0,0,0
03,120247823215090168,ACTIVE,100,4.95,107,1,4,0,0,0
03,120246377047690097,ACTIVE,150,4.9399999999999995,190,3,5,1,0,0
03,120244505718600686,ACTIVE,80,4.93,69,4,4,0,0,0
03,120245306349070462,ACTIVE,100,4.909999999999999,86,3,4,0,0,0
03,120243593315080146,ACTIVE,233,4.89,113,1,2,0,0,0
03,120247605280040425,ACTIVE,200,4.840000000000001,125,5,3,1,1,39.98
03,120248138150990469,ACTIVE,80,4.84,59,0,0,0,0,0
03,120247324556450065,ACTIVE,100,4.84,75,1,0,0,0,0
03,120243844678990129,ACTIVE,100,4.83,81,1,2,0,0,0
03,120251093896120404,ACTIVE,94,4.8,54,3,2,0,0,0
03,120247390339080509,ACTIVE,100,4.8,119,0,4,0,0,0
03,120248523442100229,ACTIVE,94,4.76,72,4,7,0,0,0
03,120246286557160752,ACTIVE,100,4.68,152,1,4,1,1,24.98
03,120247591966310642,ACTIVE,100,4.67,157,2,2,0,0,0
03,120249533679040019,ACTIVE,50,4.67,94,8,8,0,0,0
03,120244014492430146,ACTIVE,100,4.63,122,3,2,0,0,0
03,120251692403590054,ACTIVE,73,4.58,100,3,3,0,0,0
03,120244164847370788,ACTIVE,200,4.57,90,0,1,0,0,0
03,120244015116230146,ACTIVE,100,4.54,94,0,1,0,0,0
03,120246396517520674,ACTIVE,200,4.48,104,1,2,0,0,0
03,120246570408620477,ACTIVE,100,4.46,120,3,3,0,0,0
03,120248270609930152,ACTIVE,200,4.45,279,1,3,0,0,0
03,120245750558170707,ACTIVE,100,4.45,98,2,2,0,0,0
03,120242700474080358,ACTIVE,100,4.42,106,1,3,0,0,0
03,120254529951930197,ACTIVE,100,4.390000000000001,94,3,2,0,0,0
03,120246007921720320,ACTIVE,159,4.39,115,1,4,0,0,0
03,120244566743750788,ACTIVE,50,4.38,107,4,3,0,0,0
03,120248414403410695,ACTIVE,150,4.37,145,3,4,0,0,0
03,120257221973410586,ACTIVE,25,4.36,59,1,1,0,0,0
03,120244447104190303,ACTIVE,80,4.33,117,5,6,0,0,0
03,120248923191120589,ACTIVE,100,4.32,60,0,3,0,0,0
03,120244691045040320,ACTIVE,120,4.300000000000001,190,0,2,0,0,0
03,120243465250350705,ACTIVE,80,4.24,74,3,3,0,0,0
03,120257559013880586,ACTIVE,30,4.24,114,3,4,0,0,0
03,120245044044890686,ACTIVE,80,4.19,63,2,2,0,0,0
03,120246471244780065,ACTIVE,135,4.1899999999999995,163,7,7,0,0,0
03,120243840045560129,ACTIVE,100,4.1899999999999995,110,5,5,0,0,0
03,120247238927080043,PAUSED,70,4.15,76,4,4,0,0,0
03,120245823079650320,ACTIVE,100,4.1000000000000005,147,0,0,0,0,0
03,120250747283060166,ACTIVE,50,4.08,93,2,3,0,0,0
03,120248923191070589,ACTIVE,100,4.08,94,3,3,0,0,0
03,120245535022630455,ACTIVE,132,4.08,49,5,4,1,1,106.84
03,120243928955960129,ACTIVE,100,4.08,118,2,2,0,0,0
03,6968638622626,ACTIVE,50,4.07,102,2,3,0,0,0
03,120245481989440065,ACTIVE,40,4.050000000000001,129,4,4,1,0,0
03,120248085583660127,ACTIVE,100,4.05,47,3,3,0,0,0
03,120245045578670686,ACTIVE,80,4.0200000000000005,63,0,1,0,0,0
03,120248694175490365,ACTIVE,100,3.96,205,8,6,0,0,0
03,120245889270720065,ACTIVE,40,3.92,95,3,3,0,0,0
03,120245610768940032,ACTIVE,200,3.9,100,3,4,0,0,0
03,120246107483730752,ACTIVE,100,3.9,91,1,1,0,0,0
03,120248819218450019,ACTIVE,50,3.87,78,0,1,0,0,0
03,120247597779990751,ACTIVE,40,3.84,52,2,3,0,0,0
03,120250139945670577,ACTIVE,100,3.8,101,3,3,0,0,0
03,120247130848980090,ACTIVE,50,3.7800000000000002,38,1,1,0,0,0
03,120248299218060431,ACTIVE,130,3.78,84,0,1,0,0,0
03,120247061773550509,ACTIVE,100,3.78,141,2,3,0,0,0
03,120243466971930678,ACTIVE,200,3.7499999999999996,81,2,3,0,0,0
03,120248532436300048,ACTIVE,100,3.7299999999999995,59,3,3,0,0,0
03,120246619814540549,ACTIVE,35,3.71,32,2,3,0,0,0
03,120245825367300533,ACTIVE,200,3.71,157,3,4,0,0,0
03,120244034916020436,ACTIVE,100,3.68,111,3,5,2,0,0
03,120246415849650214,ACTIVE,160,3.66,61,4,4,1,1,59.92
03,120245847712420650,ACTIVE,114,3.66,60,2,2,0,0,0
03,120247124966150090,ACTIVE,119,3.65,59,4,5,0,0,0
03,120249438611310064,ACTIVE,50,3.63,33,1,4,0,0,0
03,120249073800120725,ACTIVE,100,3.57,109,4,5,0,0,0
03,23857304059050799,ACTIVE,50,3.57,24,1,1,0,0,0
03,120246643142900065,ACTIVE,100,3.56,75,0,3,0,0,0
03,120246178929760752,ACTIVE,100,3.55,107,5,5,2,0,0
03,120248359442970589,ACTIVE,300,3.53,104,3,3,1,0,0
03,120247390339020509,ACTIVE,100,3.5100000000000002,75,0,2,1,0,0
03,120246802025580509,ACTIVE,42,3.5100000000000002,83,3,2,0,0,0
03,120247453929680065,ACTIVE,94,3.5,80,1,1,0,0,0
03,120248069068060469,ACTIVE,80,3.48,100,1,3,1,0,0
03,120248137514550561,ACTIVE,100,3.45,121,5,5,0,0,0
03,120243840045620129,ACTIVE,100,3.4399999999999995,82,6,6,0,0,0
03,120248958916870100,ACTIVE,100,3.38,98,3,3,1,0,0
03,120243843991710129,ACTIVE,300,3.3600000000000003,112,8,14,1,1,96.22
03,120246399807540674,ACTIVE,142,3.36,97,0,1,0,0,0
03,120246985821510043,ACTIVE,70,3.35,46,1,1,0,0,0
03,120248199130120168,ACTIVE,90,3.3499999999999996,83,2,2,0,0,0
03,120249061328590589,ACTIVE,100,3.34,59,0,0,0,0,0
03,120246710213420090,ACTIVE,455,3.33,116,3,6,1,0,0
03,120248823290310722,ACTIVE,80,3.3299999999999996,38,1,1,0,0,0
03,120242776941930146,ACTIVE,100,3.32,72,0,0,0,0,0
03,120243928954880129,ACTIVE,100,3.31,107,4,5,1,1,66.48
03,120248556140990663,ACTIVE,200,3.29,50,2,2,0,0,0
03,120246471244730065,ACTIVE,135,3.28,92,3,6,0,0,0
03,120248535565040229,ACTIVE,116,3.27,56,5,4,0,0,0
03,120247678231050065,ACTIVE,93,3.23,38,1,3,0,0,0
03,120247391144450509,ACTIVE,100,3.18,80,0,1,0,0,0
03,120247311647030509,ACTIVE,100,3.1799999999999997,70,1,3,0,0,0
03,120245481989400065,ACTIVE,40,3.16,91,2,5,0,0,0
03,120246875316820731,ACTIVE,100,3.16,21,0,0,0,0,0
03,120249754760810019,ACTIVE,50,3.16,79,3,2,0,0,0
03,120252393021210348,ACTIVE,80,3.15,84,1,1,0,0,0
03,120251026838540210,ACTIVE,84,3.13,101,0,3,0,0,0
03,120243929504820146,ACTIVE,100,3.13,78,2,0,0,0,0
03,120247547642310642,ACTIVE,340,3.0999999999999996,51,0,0,0,0,0
03,120248085583180127,ACTIVE,100,3.07,35,0,0,0,0,0
03,120250838901590404,ACTIVE,50,3.05,20,0,0,0,0,0
03,120247799916380462,ACTIVE,35,3.02,68,1,0,0,0,0
03,120246902635090175,ACTIVE,86,2.96,153,2,2,0,0,0
03,120245889270610065,ACTIVE,40,2.96,120,1,0,0,0,0
03,120246178764690752,ACTIVE,100,2.92,122,3,2,0,0,0
03,120244550853910436,ACTIVE,122,2.9,122,0,3,0,0,0
03,120249447732030577,ACTIVE,68,2.88,104,3,3,0,0,0
03,120244431777030751,ACTIVE,680,2.85,80,2,3,2,1,38.269999999999996
03,120249073752900725,ACTIVE,100,2.81,68,0,0,0,0,0
03,120249366225440100,ACTIVE,100,2.8,87,1,3,1,0,0
03,120250895021460586,ACTIVE,25,2.7800000000000002,80,6,3,0,0,0
03,120244243594070436,ACTIVE,100,2.78,49,2,1,0,0,0
03,120246184128390674,ACTIVE,100,2.7699999999999996,52,2,2,0,0,0
03,120248204881090455,ACTIVE,135,2.7100000000000004,69,1,1,0,0,0
03,120244163991370436,ACTIVE,100,2.7,55,1,1,0,0,0
03,120251037305040166,ACTIVE,30,2.69,61,3,4,2,1,68.15
03,120245931951070650,ACTIVE,100,2.67,45,0,1,0,0,0
03,120256254668930586,ACTIVE,25,2.66,75,3,2,1,0,0
03,120248466107650695,ACTIVE,135,2.6399999999999997,91,2,1,0,0,0
03,120248811958530116,ACTIVE,100,2.63,22,1,1,0,0,0
03,23857304059010799,ACTIVE,50,2.62,32,1,2,0,0,0
03,120257487343530586,ACTIVE,30,2.5999999999999996,62,0,0,0,0,0
03,120247570572060455,ACTIVE,100,2.58,99,3,1,0,0,0
03,120251037305290166,ACTIVE,30,2.58,77,1,3,1,1,41.17
03,120244761350620455,ACTIVE,135,2.5700000000000003,130,1,4,1,1,60.41
03,120246668180150731,ACTIVE,100,2.5399999999999996,37,1,2,1,0,0
03,120247558121530065,ACTIVE,94,2.52,48,1,1,0,0,0
03,120244673897340436,ACTIVE,100,2.52,79,1,2,0,0,0
03,120248490741000152,ACTIVE,120,2.51,139,3,2,0,0,0
03,120246226742380674,ACTIVE,120,2.51,73,1,1,0,0,0
03,120248764599250589,ACTIVE,100,2.46,99,5,4,0,0,0
03,120250691304360722,ACTIVE,40,2.46,43,0,0,0,0,0
03,120249438611220064,ACTIVE,50,2.44,49,1,1,0,0,0
03,120247678231030065,ACTIVE,93,2.42,47,2,2,0,0,0
03,120249447732060577,ACTIVE,68,2.42,102,5,3,0,0,0
03,120250445767170166,ACTIVE,30,2.42,38,1,1,0,0,0
03,120244389916630436,ACTIVE,100,2.39,69,2,3,0,0,0
03,120247998931350564,ACTIVE,100,2.38,50,0,0,0,0,0
03,120243458344350129,ACTIVE,300,2.37,90,3,4,1,1,66.47999999999999
03,120248108038860561,ACTIVE,85,2.37,93,2,4,0,0,0
03,120246299721620751,ACTIVE,68,2.3499999999999996,65,1,2,0,0,0
03,120244895488610436,ACTIVE,119,2.34,135,5,6,0,0,0
03,120246031764260509,ACTIVE,100,2.34,72,1,1,0,0,0
03,120246818759970303,ACTIVE,40,2.3200000000000003,67,2,3,0,0,0
03,120246459062250674,ACTIVE,110,2.3200000000000003,60,0,0,0,0,0
03,120248802175730319,ACTIVE,120,2.31,49,1,1,0,0,0
03,120246672624130642,ACTIVE,100,2.3,43,0,1,0,0,0
03,120249755037190019,ACTIVE,50,2.3,56,2,2,0,0,0
03,120243832687650146,ACTIVE,100,2.2800000000000002,63,1,1,1,1,106.71
03,120245487786100032,ACTIVE,100,2.2600000000000002,58,2,2,0,0,0
03,120245651364050303,ACTIVE,80,2.26,25,1,1,0,0,0
03,120249062394220019,ACTIVE,50,2.25,55,0,1,0,0,0
03,120247797464010126,ACTIVE,80,2.2399999999999998,48,1,0,0,0,0
03,120245943231800173,ACTIVE,80,2.1999999999999997,42,0,0,0,0,0
03,120244618043570436,ACTIVE,100,2.18,61,0,3,0,0,0
03,120242870748820133,ACTIVE,80,2.1799999999999997,44,2,2,1,1,37.98
03,120245045512490686,ACTIVE,80,2.15,47,2,2,0,0,0
03,120245881655400509,ACTIVE,41,2.1,78,4,3,1,1,61.97
03,120249283733020100,ACTIVE,90,2.09,56,0,0,0,0,0
03,120251701953330054,ACTIVE,100,2.07,38,1,1,0,0,0
03,120243458344240129,ACTIVE,100,2.06,75,1,1,0,0,0
03,120249739079790279,ACTIVE,80,2.0300000000000002,30,1,2,0,0,0
03,120250501589970722,ACTIVE,40,2.0300000000000002,30,2,1,0,0,0
03,120248159215720389,ACTIVE,79,2.02,45,3,2,0,0,0
03,120247558121560065,ACTIVE,94,1.99,56,1,1,0,0,0
03,120248960171180100,ACTIVE,300,1.98,70,3,4,1,0,0
03,120247547590960642,ACTIVE,200,1.9700000000000002,73,2,3,0,0,0
03,120246299672680751,ACTIVE,68,1.97,49,4,1,0,0,0
03,120243771828200436,ACTIVE,100,1.92,86,0,2,0,0,0
03,120247313991580561,ACTIVE,50,1.86,61,2,2,0,0,0
03,120248812003990116,ACTIVE,100,1.8599999999999999,31,0,0,0,0,0
03,120248338395130283,ACTIVE,100,1.8199999999999998,51,2,1,0,0,0
03,120243689609840436,ACTIVE,100,1.79,62,0,1,0,0,0
03,120246962698770090,ACTIVE,325,1.79,46,0,0,0,0,0
03,120243205951310642,ACTIVE,100,1.78,118,4,4,0,0,0
03,120247391144430509,ACTIVE,100,1.77,73,0,3,0,0,0
03,120245920600250032,ACTIVE,100,1.77,41,1,4,0,0,0
03,120250922808060054,ACTIVE,100,1.73,34,1,1,0,0,0
03,120247040934670629,ACTIVE,100,1.7200000000000002,123,2,3,0,0,0
03,120245687813040097,ACTIVE,81,1.6900000000000002,41,0,1,0,0,0
03,120247956340000389,ACTIVE,100,1.69,66,1,1,0,0,0
03,120244995263710686,ACTIVE,100,1.6800000000000002,17,0,0,0,0,0
03,120243144633320146,ACTIVE,100,1.6800000000000002,39,3,5,1,0,0
03,120248204881060455,ACTIVE,135,1.6800000000000002,61,2,2,0,0,0
03,120244995599860686,ACTIVE,100,1.67,20,0,0,0,0,0
03,120245686006250032,ACTIVE,100,1.65,44,0,0,0,0,0
03,120246818759010303,ACTIVE,40,1.6199999999999999,36,2,2,0,0,0
03,120248734559300565,ACTIVE,100,1.6199999999999999,48,0,1,0,0,0
03,120243772698800146,ACTIVE,100,1.61,62,2,1,0,0,0
03,120245650683780674,ACTIVE,100,1.6,26,2,2,0,0,0
03,120247073165120090,ACTIVE,223,1.5999999999999999,36,2,2,0,0,0
03,120249283732990100,ACTIVE,90,1.58,40,0,1,0,0,0
03,120250057581290368,ACTIVE,136,1.57,52,0,0,0,0,0
03,120247246948670509,ACTIVE,100,1.5699999999999998,82,1,1,0,0,0
03,120248922585490210,ACTIVE,200,1.54,36,2,2,0,0,0
03,120249646481980279,ACTIVE,80,1.54,53,0,0,0,0,0
03,120246459062220674,ACTIVE,50,1.5,45,0,0,0,0,0
03,120251062504040166,ACTIVE,30,1.5,19,1,1,0,0,0
03,120252326382630348,ACTIVE,80,1.49,19,0,0,0,0,0
03,6973002166826,ACTIVE,50,1.4700000000000002,47,0,0,0,0,0
03,120245063703470133,ACTIVE,80,1.4700000000000002,45,2,2,0,0,0
03,120243673094650146,ACTIVE,100,1.4700000000000002,61,3,3,1,0,0
03,120250691304310722,ACTIVE,40,1.47,25,1,1,0,0,0
03,120247728967380642,ACTIVE,122,1.44,45,0,3,0,0,0
03,120249300729780589,ACTIVE,100,1.4,3,0,2,0,0,0
03,120247597780010751,ACTIVE,40,1.3299999999999998,15,1,2,1,1,38.27
03,120245490989200133,ACTIVE,80,1.3,25,0,0,0,0,0
03,120247365940320642,ACTIVE,100,1.26,43,0,1,0,0,0
03,120249300729750589,ACTIVE,100,1.25,53,2,1,1,0,0
03,120247124966060090,ACTIVE,119,1.24,38,1,4,0,0,0
03,120242700474110358,ACTIVE,100,1.24,32,0,0,0,0,0
03,120245785647070650,ACTIVE,100,1.22,23,0,0,0,0,0
03,120249533650850019,ACTIVE,50,1.19,23,0,0,0,0,0
03,120244014047710146,ACTIVE,100,1.18,54,1,1,0,0,0
03,120246299721480751,ACTIVE,195,1.1400000000000001,34,0,2,0,0,0
03,120244235259940678,ACTIVE,30,1.1400000000000001,30,4,3,0,0,0
03,120247653059200586,ACTIVE,25,1.12,62,0,0,0,0,0
03,120248429859550116,ACTIVE,101,1.11,5,0,0,0,0,0
03,120246024108390751,ACTIVE,355,1.11,32,1,1,0,0,0
03,120246875435580731,ACTIVE,100,1.09,23,0,0,0,0,0
03,120247601292330065,ACTIVE,50,1.09,23,0,0,0,0,0
03,120243734466660129,ACTIVE,100,1.0699999999999998,39,0,0,0,0,0
03,120244213478540707,ACTIVE,100,1.05,20,0,0,0,0,0
03,120246849779610090,ACTIVE,100,1.04,27,0,1,0,0,0
03,120243142609020146,ACTIVE,100,1.02,28,0,0,0,0,0
03,120251014701600404,ACTIVE,50,0.98,8,0,0,0,0,0
03,120247601292310065,ACTIVE,50,0.9700000000000001,30,0,1,0,0,0
03,120245511607120780,ACTIVE,80,0.9600000000000001,22,2,2,0,0,0
03,120254368844920197,ACTIVE,70,0.95,58,0,0,0,0,0
03,120249456993730057,ACTIVE,100,0.93,10,0,0,0,0,0
03,120246024108440751,ACTIVE,195,0.89,19,1,1,0,0,0
03,120246522122340677,ACTIVE,100,0.86,30,0,0,0,0,0
03,120243772698880146,ACTIVE,100,0.86,31,0,0,0,0,0
03,120249062394160019,ACTIVE,25,0.8400000000000001,13,0,0,0,0,0
03,120248615909580019,ACTIVE,50,0.84,13,0,0,0,0,0
03,120245911260540650,ACTIVE,120,0.83,12,1,1,0,0,0
03,120242972188130146,ACTIVE,100,0.82,28,0,0,0,0,0
03,120247799916400462,ACTIVE,35,0.82,34,0,0,0,0,0
03,120246299672740751,ACTIVE,115,0.81,30,0,0,0,0,0
03,120247040934570629,ACTIVE,100,0.81,49,4,4,0,0,0
03,120247799916320462,ACTIVE,35,0.8,43,2,2,0,0,0
03,120248429995370229,ACTIVE,124,0.8,56,3,3,0,0,0
03,120246299672700751,ACTIVE,195,0.79,38,0,0,0,0,0
03,120247026467550090,ACTIVE,119,0.7899999999999999,10,0,0,0,0,0
03,120246232598650090,ACTIVE,132,0.78,18,2,1,0,0,0
03,120245490989600133,ACTIVE,80,0.78,14,0,1,0,0,0
03,120247333999410425,ACTIVE,100,0.78,45,1,1,0,0,0
03,120248359764410589,ACTIVE,100,0.76,28,0,1,0,0,0
03,6973002165426,ACTIVE,50,0.76,22,1,1,0,0,0
03,120243959700120146,ACTIVE,100,0.75,11,0,0,0,0,0
03,120243723839750678,PAUSED,100,0.74,24,2,2,0,0,0
03,120243959229680146,ACTIVE,100,0.74,24,0,1,0,0,0
03,120247163507460509,ACTIVE,100,0.73,55,0,0,0,0,0
03,120257487876160586,ACTIVE,50,0.71,26,0,0,0,0,0
03,120247615799520561,ACTIVE,50,0.68,6,1,1,0,0,0
03,120249152473440247,ACTIVE,100,0.6699999999999999,29,0,0,0,0,0
03,120246686798620214,ACTIVE,100,0.6699999999999999,11,0,0,0,0,0
03,120244824582450436,ACTIVE,90,0.65,30,1,1,0,0,0
03,120249134484060166,ACTIVE,30,0.6399999999999999,12,0,0,0,0,0
03,120249222913640100,ACTIVE,91,0.6300000000000001,16,0,0,0,0,0
03,120243844958690129,ACTIVE,150,0.6200000000000001,37,1,2,0,0,0
03,120243986595710788,ACTIVE,50,0.6200000000000001,17,0,0,0,0,0
03,120251063107220166,ACTIVE,30,0.62,24,0,0,0,0,0
03,120257359768220586,ACTIVE,30,0.6,21,0,0,0,0,0
03,120245136181790470,ACTIVE,5,0.5900000000000001,6,1,1,0,0,0
03,120251014701570404,ACTIVE,80,0.5800000000000001,20,0,0,0,0,0
03,120246619814510549,ACTIVE,50,0.5700000000000001,13,0,0,0,0,0
03,120244312405200436,ACTIVE,100,0.56,31,0,2,0,0,0
03,120247453928360065,ACTIVE,94,0.5,17,0,0,0,0,0
03,120247524798270389,ACTIVE,100,0.5,18,0,0,0,0,0
03,120242907734560129,ACTIVE,150,0.45,14,0,0,0,0,0
03,120249222913600100,ACTIVE,91,0.44999999999999996,18,2,3,0,0,0
03,120246135470290032,ACTIVE,100,0.43,11,0,0,0,0,0
03,120245241702630470,ACTIVE,5,0.41,4,0,0,0,0,0
03,120245044044870686,ACTIVE,80,0.4,4,0,0,0,0,0
03,120245602350460032,ACTIVE,100,0.38,13,0,0,0,0,0
03,120248429995310229,ACTIVE,65,0.38,22,0,0,0,0,0
03,120250554304290404,ACTIVE,200,0.36000000000000004,11,2,3,0,0,0
03,120251063106910166,ACTIVE,30,0.36,11,2,2,1,0,0
03,120247815782080642,ACTIVE,122,0.35000000000000003,23,0,0,0,0,0
03,120247040711430629,ACTIVE,100,0.35,9,0,0,0,0,0
03,120244011865020146,ACTIVE,100,0.33,12,1,2,1,0,0
03,120249824676430057,ACTIVE,100,0.3,8,1,2,1,1,41.98
03,120247487024380065,ACTIVE,100,0.29000000000000004,9,0,0,0,0,0
03,120249228754110589,ACTIVE,100,0.29,4,0,0,0,0,0
03,120250501589950722,ACTIVE,40,0.28,8,0,0,0,0,0
03,120248604432660663,ACTIVE,136,0.27999999999999997,3,0,0,0,0,0
03,120244300638070032,ACTIVE,100,0.26,9,0,0,0,0,0
03,120246299721450751,ACTIVE,115,0.25,5,1,1,0,0,0
03,120247040711030629,ACTIVE,100,0.25,2,0,0,0,0,0
03,120244011864950146,ACTIVE,100,0.24000000000000002,8,1,1,0,0,0
03,120251314539200210,ACTIVE,50,0.22,3,0,0,0,0,0
03,120249228293700589,ACTIVE,100,0.21,7,0,0,0,0,0
03,120244477269830678,PAUSED,100,0.21,6,0,0,0,0,0
03,120245099365240470,ACTIVE,5,0.19,5,0,0,0,0,0
03,120235701428400210,ACTIVE,200,0.17,8,0,0,0,0,0
03,120246666123990477,ACTIVE,100,0.16999999999999998,7,1,0,0,0,0
03,120243727386670470,ACTIVE,5,0.16,5,0,0,0,0,0
03,120248737641880722,ACTIVE,68,0.16,2,0,0,0,0,0
03,120250837944350404,ACTIVE,50,0.15000000000000002,3,0,0,0,0,0
03,120248201085040469,ACTIVE,80,0.15,9,1,1,0,0,0
03,120242746886630788,ACTIVE,135,0.14,3,0,0,0,0,0
03,120245999879420097,ACTIVE,150,0.12000000000000001,11,0,0,0,0,0
03,120246286484520097,ACTIVE,80,0.12,5,0,0,0,0,0
03,120244995090060686,ACTIVE,100,0.1,3,0,0,0,0,0
03,120235701428420210,ACTIVE,200,0.09,6,0,0,0,0,0
03,120235336090360210,ACTIVE,200,0.060000000000000005,6,0,0,0,0,0
03,120244165647870788,ACTIVE,50,0.06,1,0,1,0,0,0
03,120246666193770477,ACTIVE,100,0.04,2,1,1,0,0,0
03,120248057050710561,ACTIVE,60,0.04,2,0,0,0,0,0
03,120249228181020589,ACTIVE,100,0.03,3,0,1,0,0,0
03,120244918988320303,ACTIVE,40,0.02,2,0,0,0,0,0
03,120246250745230674,ACTIVE,100,0.01,2,0,0,0,0,0
03,120247815782100642,ACTIVE,122,0.01,2,0,0,0,0,0
03,120247160674020043,ACTIVE,70,0.01,1,0,0,0,0,0
03,120240849899190788,ACTIVE,10,0.01,2,0,0,0,0,0
03,120248596343100048,ACTIVE,100,0,0,0,0,0,0,0
03,120247149106470731,ACTIVE,80,0,0,0,0,0,0,0
03,120247148756590731,ACTIVE,80,0,0,0,0,0,0,0
03,120243629084050705,ACTIVE,80,0,0,0,0,0,0,0
03,120246145364940470,ACTIVE,50,0,0,0,0,0,0,0
03,120246145365240470,ACTIVE,50,0,0,0,0,0,0,0
03,120250139848270577,ACTIVE,100,0,0,0,0,0,0,0
03,120246145506950470,ACTIVE,50,0,0,0,0,0,0,0
03,120244916431500436,ACTIVE,100,0,0,0,0,0,0,0
03,120246145507030470,ACTIVE,50,0,0,0,0,0,0,0
03,120247064860080731,ACTIVE,80,0,0,0,1,0,0,0
03,120244916431450436,ACTIVE,100,0,0,0,0,0,0,0
03,120246145595780470,ACTIVE,20,0,0,0,0,0,0,0
03,120244916355330436,ACTIVE,100,0,0,0,0,0,0,0
03,120244916355270436,ACTIVE,100,0,0,0,0,0,0,0
03,120246145595980470,ACTIVE,20,0,0,0,0,0,0,0
03,120246145719630470,ACTIVE,20,0,0,0,0,0,0,0
03,120246145720920470,ACTIVE,20,0,0,0,0,0,0,0
03,120244915930060436,ACTIVE,100,0,0,0,0,0,0,0
03,120244915930020436,ACTIVE,100,0,0,0,0,0,0,0
03,120246145791530470,ACTIVE,20,0,0,0,0,0,0,0
03,120244915858330436,ACTIVE,100,0,0,0,0,0,0,0
03,120244915858300436,ACTIVE,100,0,0,0,0,0,0,0
03,120248121376260544,ACTIVE,80,0,0,0,0,0,0,0
03,120246145792030470,ACTIVE,20,0,0,0,0,0,0,0
03,120246169445790320,PAUSED,108,0,0,0,1,1,1,34.06999999999999
03,120248121376990544,ACTIVE,80,0,0,0,0,0,0,0
03,120246208967220674,PAUSED,200,0,0,0,1,0,0,0
03,120244915743550436,ACTIVE,100,0,0,0,0,0,0,0
03,120244915705670436,ACTIVE,100,0,0,0,0,0,0,0
03,120244915705330436,ACTIVE,100,0,0,0,0,0,0,0
03,120248302912210389,ACTIVE,100,0,0,0,0,0,0,0
03,120248302912110389,ACTIVE,100,0,0,0,0,0,0,0
03,120251314640370210,ACTIVE,50,0,0,0,0,0,0,0
03,120246270030590320,ACTIVE,120,0,0,0,0,0,0,0
03,120246270030620320,ACTIVE,120,0,0,0,0,0,0,0
03,120248302852090389,ACTIVE,100,0,0,0,0,0,0,0
03,120248302852030389,ACTIVE,100,0,0,0,0,0,0,0
03,120248302725690389,ACTIVE,100,0,0,0,0,0,0,0
03,120246270264070320,ACTIVE,120,0,0,0,0,0,0,0
03,120246270264110320,ACTIVE,120,0,0,0,0,0,0,0
03,120254284171970197,ACTIVE,100,0,0,0,0,0,0,0
03,120248302725660389,ACTIVE,100,0,0,0,0,0,0,0
03,120254368844950197,ACTIVE,100,0,0,0,0,0,0,0
03,120248302616530389,ACTIVE,100,0,0,0,0,0,0,0
03,120248302449280389,ACTIVE,100,0,0,0,0,0,0,0
03,120248302449150389,ACTIVE,100,0,0,0,0,0,0,0
03,120244911557470436,ACTIVE,100,0,0,0,0,0,0,0
03,120244911557440436,ACTIVE,100,0,0,0,0,0,0,0
03,120248298800180389,ACTIVE,100,0,0,0,0,0,0,0
03,120248298800110389,ACTIVE,100,0,0,0,0,0,0,0
03,120248298471980389,PAUSED,100,0,0,0,0,0,0,0
03,120248298471880389,PAUSED,100,0,0,0,0,0,0,0
03,120246522937100677,ACTIVE,100,0,0,0,0,0,0,0
03,120246522442100677,ACTIVE,100,0,0,0,0,0,0,0
03,120248289243870469,ACTIVE,80,0,0,0,0,0,0,0
03,120244911471280436,PAUSED,100,0,0,0,0,0,0,0
03,120247392291430509,PAUSED,100,0,0,0,0,0,0,0
03,120244911471140436,PAUSED,100,0,0,0,0,0,0,0
03,120247392291490509,PAUSED,100,0,0,0,0,0,0,0
03,120247392329370509,ACTIVE,100,0,0,0,0,0,0,0
03,120247392329400509,ACTIVE,100,0,0,0,0,0,0,0
03,120247795310860126,PAUSED,89,0,0,0,0,0,0,0
03,120248849928910725,PAUSED,100,0,0,0,1,0,0,0
03,120247336235960389,PAUSED,100,0,0,0,0,0,0,0
03,120248812040790116,PAUSED,100,0,0,0,1,0,0,0
03,120247970574920126,ACTIVE,80,0,0,0,0,0,0,0
03,120247970574990126,ACTIVE,80,0,0,0,0,0,0,0
03,120247970691610126,ACTIVE,80,0,0,0,0,0,0,0
03,120247970691860126,ACTIVE,80,0,0,0,0,0,0,0
03,120247237472270043,PAUSED,70,0,0,0,0,0,0,0
03,120247972621170389,PAUSED,100,0,0,0,1,0,0,0
03,120246145189200470,ACTIVE,50,0,0,0,0,0,0,0
03,120246145189280470,ACTIVE,50,0,0,0,0,0,0,0
03,120246145304610470,PAUSED,50,0,0,0,0,0,0,0
03,120246518965620674,ACTIVE,100,0,0,0,0,0,0,0
03,120248596343190048,ACTIVE,100,0,0,0,0,0,0,0
03,120243629084100705,ACTIVE,80,0,0,0,0,0,0,0
03,120246145304640470,PAUSED,50,0,0,0,0,0,0,0
03,120249533719420019,PAUSED,45,0,0,0,1,0,0,0
03,120247234597490455,ACTIVE,1675,177.98000000000002,5069,166,188,16,9,564.6500000000001
03,120244761233710455,ACTIVE,1150,158.84,5120,135,152,7,4,240.14
03,120244761515050455,ACTIVE,1325,148.21,5138,110,121,10,3,179.72999999999996
03,120244749532720686,ACTIVE,1000,120.78,2291,58,61,11,10,554.6399999999999
03,120243986668280589,ACTIVE,1000,115.49,2423,64,75,6,4,196.92
03,120246005453800291,ACTIVE,1200,109.31,2940,73,102,7,2,101.15
03,120245453935690025,ACTIVE,100,104.03,1062,34,40,2,2,120.94
03,120246754801740509,ACTIVE,800,103.66999999999999,2761,60,64,9,5,207.35999999999999
03,120245800978960674,ACTIVE,700,97.16,2310,67,68,3,1,46.22
03,120245380678000025,ACTIVE,100,94.93,1096,35,45,5,3,136.43
03,120244749327030686,ACTIVE,500,93.11,1915,46,54,8,4,162.4
03,120239930892250650,ACTIVE,800,75.47,1208,39,43,3,0,0
03,120243276755660065,ACTIVE,500,72.49,1725,42,47,3,0,0
03,120249115230940100,ACTIVE,354,66.5,1520,50,51,11,2,118.71000000000001
03,120246736742480477,PAUSED,90,64.11,807,27,29,0,0,0
03,120245334049460065,ACTIVE,400,63.16,1106,40,48,4,2,99.03
03,120247583319740586,ACTIVE,500,62.769999999999996,2276,38,37,7,6,233.85
03,120250790045220586,ACTIVE,500,58.059999999999995,1729,39,45,8,3,107.33
03,120245899430510065,ACTIVE,325,53.12,988,40,42,4,1,29.980000000000004
03,120244662020140686,PAUSED,50,52.2,964,11,12,2,1,51.22
03,120249005372660589,ACTIVE,327,50.870000000000005,870,21,25,10,6,384.42999999999995
03,120249286765290368,ACTIVE,601,50.620000000000005,1623,22,28,2,1,38.98
03,120245980788570752,ACTIVE,469,50.050000000000004,1727,75,71,15,4,177.85
03,120245334049540065,ACTIVE,370,49.620000000000005,993,36,46,4,2,79.49
03,120245283264760677,ACTIVE,392,49.13999999999999,1784,14,22,3,3,182.01999999999998
03,120246643142870065,ACTIVE,297,48.36,1304,36,39,2,0,0
03,120246962698830090,ACTIVE,350,47.040000000000006,970,34,35,0,0,0
03,120247489931670431,ACTIVE,425,46.25,756,17,19,3,1,48.17
03,120242301213710065,ACTIVE,370,45.370000000000005,1115,26,24,3,1,49.52
03,120242301213170065,ACTIVE,300,44.9,1352,28,28,3,1,49.519999999999996
03,120245436310880780,ACTIVE,400,44.15,827,29,32,4,0,0
03,120244938793740663,ACTIVE,350,42.35,667,24,33,2,1,37.98
03,120244581910350686,ACTIVE,300,42.129999999999995,467,15,15,1,1,29.979999999999997
03,120247483865740100,ACTIVE,500,41.64,1379,35,35,2,0,0
03,120250789469770586,ACTIVE,500,41.64,1175,19,35,1,0,0
03,120244895488610436,ACTIVE,119,36.75,1107,22,25,2,2,136.45000000000002
03,120248641712650319,ACTIVE,440,36.730000000000004,1087,26,27,3,2,74.00000000000001
03,120248698800290127,ACTIVE,300,36.58,433,18,19,2,1,60.47
03,120246638474110175,ACTIVE,525,36.339999999999996,731,30,28,0,0,0
03,120246221877410629,ACTIVE,335,36.04,907,21,21,3,2,249.13000000000002
03,120251093896120404,ACTIVE,94,35.769999999999996,532,19,16,0,0,0
03,120246375737140674,ACTIVE,175,35.03,734,14,12,1,1,29.98
03,120244783755130320,ACTIVE,300,34.76,1814,36,49,2,1,82.02000000000001
03,120245010386240709,ACTIVE,500,33.95,775,14,17,1,1,27.979999999999997
03,120246710213410090,ACTIVE,325,33.47,997,35,37,2,1,108.81
03,120246040085600751,ACTIVE,370,33.3,781,19,17,3,1,38.27
03,120241066464020065,ACTIVE,289,32.95,1114,22,23,3,1,101.24
03,120244691045450320,ACTIVE,700,32.86,1254,25,29,2,2,140.79000000000002
03,120246023777450751,ACTIVE,850,32.730000000000004,604,24,26,3,2,95.34
03,120247993581120462,ACTIVE,104,32.32,416,13,12,0,0,0
03,120247678231050065,PAUSED,93,32.25,733,20,20,2,0,0
03,120248959176740725,ACTIVE,500,32.14,1200,26,26,4,5,304.41999999999996
03,6966949200895,PAUSED,250,32.1,596,12,13,1,1,37.98
03,120246191098970320,ACTIVE,120,31.78,779,22,17,2,1,82.02
03,120245848127390707,ACTIVE,500,31.64,745,27,31,5,0,0
03,120243843991710129,ACTIVE,300,31.589999999999996,1169,34,42,2,1,96.22
03,120242031621370065,ACTIVE,229,31.34,854,14,17,1,0,0
03,120246273720740455,ACTIVE,250,31.33,694,24,30,2,2,120.82
03,120254529951930197,ACTIVE,100,30.83,366,10,13,1,0,0
03,120246181834560241,ACTIVE,300,30.72,1477,25,27,1,0,0
03,120243787103960686,ACTIVE,200,30.61,826,11,17,0,0,0
03,120248965302070064,ACTIVE,250,30.549999999999997,511,24,22,1,1,41.98
03,120247114934220455,ACTIVE,226,30.53,525,20,21,1,1,106.84
03,120248139130280455,ACTIVE,455,29.990000000000002,761,16,16,0,0,0
03,120245823919130320,ACTIVE,360,29.97,1109,18,20,2,1,58.77
03,120246483406720564,ACTIVE,500,29.95,1171,19,30,0,0,0
03,120249178585030725,ACTIVE,100,29.74,1940,12,26,1,0,0
03,120242973433800146,ACTIVE,500,29.47,1158,20,27,3,1,41.98
03,120249052890110100,ACTIVE,500,29.28,907,30,34,4,0,0
03,120247324556450065,ACTIVE,50,29.05,362,15,14,1,0,0
03,120245859755050173,ACTIVE,80,28.990000000000002,725,23,23,3,2,111.33
03,120247136451350725,ACTIVE,100,28.950000000000003,990,29,26,3,3,107.33
03,120248006730320100,ACTIVE,800,28.87,777,12,19,3,2,132.29999999999998
03,120245554821660177,ACTIVE,100,28.550000000000004,535,17,13,1,0,0
03,120245327669090320,ACTIVE,360,28.17,723,17,21,2,0,0
03,120245124096920686,ACTIVE,80,27.64,1293,35,38,1,0,0
03,120247941350370695,ACTIVE,250,27.630000000000003,636,9,11,2,1,37.980000000000004
03,120246643142900065,ACTIVE,50,27.620000000000005,590,15,27,2,1,49.519999999999996
03,120245124074660686,ACTIVE,80,27.48,1326,37,39,2,0,0
03,120248155192490455,ACTIVE,455,26.94,1000,16,25,0,0,0
03,120247780766070455,ACTIVE,552,26.48,876,9,18,0,0,0
03,120246491099340090,ACTIVE,151,26.15,450,16,19,2,1,36.94
03,120246615285510642,ACTIVE,400,25.84,992,20,26,1,0,0
03,120240901145360175,ACTIVE,245,24.91,689,14,24,2,0,0
03,120248536188000100,ACTIVE,500,24.73,471,19,23,4,1,22.98
03,120249086109210100,ACTIVE,500,24.72,739,20,21,1,0,0
03,120244581811200686,ACTIVE,80,24.71,463,16,15,4,3,111.18
03,120256572736720586,ACTIVE,500,24.650000000000002,565,16,21,1,0,0
03,120249013372050100,ACTIVE,128,24.53,399,11,10,0,0,0
03,120245250322490642,ACTIVE,650,24.46,642,19,27,2,1,37.95
03,120249347498580100,PAUSED,91,24.2,349,8,8,0,0,0
03,120248124018900425,ACTIVE,135,24.14,352,9,9,0,0,0
03,120249081135480577,ACTIVE,100,24.14,436,15,17,2,1,28.98
03,120243734745460129,ACTIVE,300,23.990000000000002,754,30,28,2,1,66.47999999999999
03,120245884994790214,ACTIVE,300,23.89,411,14,14,1,1,24.97
03,120246549338880065,ACTIVE,50,23.619999999999997,628,13,14,3,1,49.52
03,120247954410960425,ACTIVE,69,23.619999999999997,431,16,18,2,0,0
03,120249525957160319,ACTIVE,360,23.380000000000003,679,16,18,2,0,0
03,120246259925420674,ACTIVE,200,22.94,425,17,15,1,1,46.23
03,120246396470350674,ACTIVE,140,22.62,523,18,19,0,0,0
03,120251910136180054,ACTIVE,107,22.44,389,6,7,1,0,0
03,120250905694920651,ACTIVE,200,22.43,571,18,21,1,1,37.98
03,120246007921740320,ACTIVE,212,22.36,817,24,22,4,3,196.66
03,120247678231030065,ACTIVE,93,22.29,428,12,11,0,0,0
03,120244878279420125,ACTIVE,270,22.22,851,15,16,1,0,0
03,120251919170720054,ACTIVE,100,22.200000000000003,329,5,5,0,0,0
03,120244349822900686,ACTIVE,100,22.16,302,8,8,1,1,71.21
03,120248880534940100,ACTIVE,50,22.15,403,9,9,2,0,0
03,120244360843810065,ACTIVE,135,22.01,512,14,14,1,1,49.51
03,120245460221520177,ACTIVE,100,21.66,365,19,17,1,1,29.98
03,120247558121530065,ACTIVE,94,21.58,375,10,9,2,0,0
03,120245282912580630,ACTIVE,200,21.57,608,19,20,3,1,40.97
03,120247139572780564,ACTIVE,350,21.549999999999997,435,10,10,2,0,0
03,120246533502350368,ACTIVE,211,21.42,711,8,7,2,0,0
03,120247534964830642,ACTIVE,153,21.38,520,12,15,1,0,0
03,120247868045210695,ACTIVE,360,21.299999999999997,805,10,12,0,0,0
03,120245899907660065,ACTIVE,115,21.259999999999998,346,9,9,2,1,49.52
03,120245380137820707,ACTIVE,500,21.23,509,10,14,1,1,56.9
03,120247175023780065,ACTIVE,152,21.14,499,7,9,2,1,85.15
03,120243753190540054,ACTIVE,200,21.02,499,15,15,3,2,146.42
03,120244428953860686,ACTIVE,100,20.98,453,11,13,3,3,132.42
03,120245011207100320,ACTIVE,360,20.97,607,14,17,0,0,0
03,120248056801410561,ACTIVE,260,20.889999999999997,498,14,17,1,0,0
03,120249140601980100,ACTIVE,300,20.65,502,20,23,3,1,52.56
03,120244963455410686,ACTIVE,200,20.509999999999998,290,8,9,0,0,0
03,120250413795050709,ACTIVE,300,20.46,357,13,12,2,1,27.979999999999997
03,120245899907890065,ACTIVE,115,20.419999999999998,455,12,12,0,0,0
03,120247901344790425,ACTIVE,300,20.4,463,12,13,1,1,69.67
03,120246178764690752,ACTIVE,100,20.19,455,4,10,2,1,40.970000000000006
03,120244242496990780,ACTIVE,200,20.17,381,13,13,1,1,42.97
03,120254529951780197,ACTIVE,100,20.08,298,4,4,0,0,0
03,120245124026530686,ACTIVE,80,20.06,414,26,24,4,4,162.39999999999998
03,120248512806040048,ACTIVE,100,20,293,9,11,1,1,34.980000000000004
03,120244480112510436,ACTIVE,156,19.89,737,15,16,2,0,0
03,120248064259890425,ACTIVE,200,19.85,246,11,9,0,0,0
03,120243951377020125,ACTIVE,80,19.810000000000002,339,10,12,1,1,69.72
03,120248248634970455,ACTIVE,132,19.740000000000002,356,14,9,1,0,0
03,120246396470250674,ACTIVE,200,19.66,355,8,8,0,0,0
03,120248085583180127,ACTIVE,100,19.64,133,1,2,0,0,0
03,120248288633270389,ACTIVE,81,19.63,524,24,22,5,4,150.06000000000003
03,120249251074180319,ACTIVE,350,19.62,604,10,13,0,0,0
03,120251916632010054,ACTIVE,100,19.6,271,2,2,0,0,0
03,120245010772960663,ACTIVE,301,19.59,285,9,10,0,0,0
03,120246588746810090,ACTIVE,140,19.57,420,13,11,2,2,104.42
03,120249140482640100,ACTIVE,300,19.47,439,17,26,0,0,0
03,120243831461540146,ACTIVE,200,19.39,680,16,16,1,0,0
03,120248248635000455,ACTIVE,132,19.28,388,15,17,1,1,60.41
03,120248139130260455,ACTIVE,325,19.21,347,12,14,3,4,240.14
03,120245686749070320,ACTIVE,200,19.13,647,15,17,2,1,143.06
03,120245514271740065,ACTIVE,115,19.09,389,19,17,1,1,49.52
03,120245622959500630,ACTIVE,80,19.07,369,12,16,3,2,49.96
03,120248923493180565,ACTIVE,80,19.01,168,10,10,3,1,29.979999999999997
03,120244270293390320,ACTIVE,300,18.89,501,19,20,1,0,0
03,120247728967360642,ACTIVE,122,18.89,540,5,6,0,0,0
03,120245622959630630,ACTIVE,80,18.89,329,8,11,2,2,65.95
03,120247890206850725,ACTIVE,100,18.82,644,14,18,1,1,49.37
03,120244618043630436,ACTIVE,100,18.810000000000002,681,28,31,2,1,68.22999999999999
03,120247061936980509,ACTIVE,200,18.78,613,11,13,0,0,0
03,120244823852370686,ACTIVE,100,18.759999999999998,262,6,8,1,1,51.22
03,120246070715810752,ACTIVE,169,18.59,548,19,21,1,1,24.98
03,120243458900420436,ACTIVE,100,18.53,769,21,19,2,0,0
03,120244880653330686,ACTIVE,100,18.51,340,5,7,0,0,0
03,120248536187780100,ACTIVE,300,18.509999999999998,466,16,18,3,0,0
03,120243458344350129,ACTIVE,300,18.509999999999998,574,13,13,1,2,162.7
03,120249120674110404,ACTIVE,300,18.5,339,11,9,1,0,0
03,120249179840870725,ACTIVE,100,18.49,509,11,15,3,1,68.56
03,120245251316060477,ACTIVE,100,18.37,283,5,7,0,0,0
03,120243508760940146,ACTIVE,286,18.27,388,6,5,0,0,0
03,120248056801340561,ACTIVE,260,18.259999999999998,428,19,24,4,2,83.92999999999999
03,120246785226280564,ACTIVE,300,18.25,728,15,17,2,0,0
03,120244823852300686,ACTIVE,100,18.17,332,6,8,0,0,0
03,120245232977300320,ACTIVE,143,18.15,645,11,10,2,1,58.77
03,120247199911460090,ACTIVE,122,18.15,430,16,15,1,0,0
03,120247199911470090,ACTIVE,122,18.15,441,6,7,0,0,0
03,120245435760750780,ACTIVE,200,18.130000000000003,226,3,3,1,1,24.98
03,120251769553070054,ACTIVE,104,18.09,407,8,10,1,1,31.98
03,120244017128390686,ACTIVE,100,18.03,331,10,14,1,0,0
03,120247890133980642,ACTIVE,124,17.830000000000002,510,13,15,1,1,92.3
03,120248288633070389,PAUSED,81,17.8,509,12,9,1,0,0
03,120245124561470686,ACTIVE,80,17.77,251,7,7,0,0,0
03,120247616942850561,ACTIVE,300,17.75,521,16,16,0,0,0
03,120246178929760752,ACTIVE,100,17.74,392,7,17,3,0,0
03,120248072969230389,ACTIVE,123,17.61,542,10,9,0,0,0
03,120245514271720065,ACTIVE,115,17.509999999999998,353,9,8,1,1,49.510000000000005
03,120246465927950677,ACTIVE,100,17.509999999999998,402,3,3,0,0,0
03,120246250177610320,ACTIVE,110,17.47,439,9,10,0,0,0
03,120248523442100229,ACTIVE,94,17.46,297,12,15,1,0,0
03,120247890133910642,ACTIVE,124,17.39,385,4,4,1,1,65.94999999999999
03,120244504303760686,ACTIVE,80,17.33,399,4,4,0,0,0
03,120242847129030686,ACTIVE,100,17.29,330,4,5,0,0,0
03,120247322669120509,ACTIVE,200,17.25,679,20,23,3,2,68.96000000000001
03,120243482214180129,ACTIVE,160,17.23,515,15,20,1,1,66.48
03,120248199130120168,ACTIVE,90,17.19,311,3,5,0,0,0
03,120249286682560368,ACTIVE,337,17.07,583,9,12,0,0,0
03,120244389916660436,ACTIVE,155,17.05,750,14,15,1,0,0
03,120249062217790019,ACTIVE,225,16.990000000000002,285,9,9,3,2,81.2
03,120244486414960436,ACTIVE,100,16.92,476,13,11,0,0,0
03,120246178127590241,ACTIVE,300,16.86,861,9,14,0,0,0
03,120247322861560509,ACTIVE,200,16.72,584,14,17,0,0,0
03,120247282176200431,ACTIVE,150,16.67,270,7,8,0,0,0
03,120244634571550678,ACTIVE,105,16.66,358,5,5,1,1,57.98
03,120245241360310455,ACTIVE,146,16.65,705,12,8,0,0,0
03,120247013051330065,ACTIVE,100,16.6,385,9,9,0,0,0
03,120245987169440477,ACTIVE,100,16.51,196,7,6,0,0,0
03,120248698800650127,ACTIVE,100,16.509999999999998,165,8,10,1,1,60.47
03,120243335632250705,ACTIVE,200,16.47,285,9,11,1,0,0
03,120248364287170127,ACTIVE,100,16.17,140,9,12,0,0,0
03,120255653285300586,ACTIVE,100,16.16,307,14,9,2,1,28.98
03,120248318268940152,ACTIVE,200,16.07,572,8,8,2,1,46.980000000000004
03,120257220181140586,ACTIVE,100,16.060000000000002,507,8,7,1,0,0
03,120246107483730752,ACTIVE,100,15.96,282,3,7,1,1,54.94
03,120247193573040509,ACTIVE,200,15.95,677,8,9,1,1,61.97
03,120249151139280057,ACTIVE,100,15.91,226,9,10,0,0,0
03,120245848127430707,ACTIVE,300,15.899999999999999,443,17,18,0,0,0
03,120244428953840686,ACTIVE,100,15.88,364,9,11,0,0,0
03,120248180636520589,ACTIVE,100,15.849999999999998,433,13,13,1,1,49.52
03,120251692404070054,ACTIVE,111,15.84,408,9,11,1,1,53.22
03,120247479945600065,ACTIVE,300,15.82,374,10,10,0,0,0
03,120249347498540100,ACTIVE,91,15.77,312,6,7,1,1,52.56
03,120247059116590175,ACTIVE,87,15.69,358,7,6,1,0,0
03,120247148756590731,ACTIVE,80,15.59,104,4,8,1,0,0
03,120247059116570175,ACTIVE,87,15.56,400,9,11,1,0,0
03,120246733877000065,ACTIVE,80,15.53,235,7,6,1,0,0
03,120244745582820125,ACTIVE,300,15.45,461,7,7,1,0,0
03,120245622959400630,ACTIVE,80,15.420000000000002,316,9,9,0,1,40.97
03,120249179865040725,ACTIVE,100,15.39,484,5,8,0,0,0
03,120246338142390241,ACTIVE,109,15.39,636,11,12,1,0,0
03,120244431777030751,ACTIVE,680,15.33,548,9,13,3,2,76.54
03,120243772020840146,ACTIVE,100,15.329999999999998,352,9,9,0,0,0
03,120246870229730642,ACTIVE,125,15.289999999999997,290,1,4,0,0,0
03,120248159215810389,ACTIVE,79,15.25,364,14,11,1,0,0
03,120245583667780533,ACTIVE,132,15.21,387,10,10,0,0,0
03,120240258763950179,ACTIVE,140,15.15,496,11,12,0,0,0
03,120248889583930116,ACTIVE,90,15.13,243,4,6,0,0,0
03,120248072969470389,ACTIVE,111,15.08,453,18,17,3,0,0
03,120245205425940677,ACTIVE,100,15.059999999999999,336,3,6,1,0,0
03,120245124561510686,ACTIVE,80,14.98,334,11,12,2,1,29.98
03,120245833631150707,ACTIVE,300,14.94,304,12,14,1,0,0
03,120246286465380752,ACTIVE,100,14.879999999999999,346,9,12,3,0,0
03,120247370270380509,ACTIVE,101,14.87,661,13,13,0,0,0
03,120247950274740126,ACTIVE,90,14.82,380,11,12,2,0,0
03,120244194695070177,ACTIVE,100,14.73,356,13,15,1,0,0
03,120245842698410677,PAUSED,100,14.68,450,6,5,0,0,0
03,120241671273870455,ACTIVE,212,14.67,379,13,13,0,1,84.37
03,120245205078130630,ACTIVE,115,14.660000000000002,490,6,6,2,0,0
03,120242694742870146,ACTIVE,292,14.61,401,11,15,1,0,0
03,120246624884480455,ACTIVE,122,14.49,390,7,6,0,0,0
03,120248085583660127,ACTIVE,100,14.48,155,6,8,0,0,0
03,120248017013520389,ACTIVE,100,14.459999999999997,453,23,20,1,0,0
03,120248911416770577,ACTIVE,301,14.39,407,21,28,4,1,48.17
03,120247541912960469,ACTIVE,80,14.370000000000001,374,3,4,0,0,0
03,120248299218010431,ACTIVE,130,14.280000000000001,271,4,6,2,1,28.979999999999997
03,120246850329040065,ACTIVE,100,14.270000000000001,348,19,20,4,3,165.79999999999998
03,120248621604700283,ACTIVE,200,14.209999999999999,258,10,11,1,0,0
03,120246191098790320,ACTIVE,120,14.2,371,15,15,2,1,34.07
03,120244825046600686,ACTIVE,80,14.18,254,5,7,2,1,29.980000000000004
03,120246191098590320,ACTIVE,120,14.169999999999998,487,17,15,0,1,82.02
03,120248045548240425,ACTIVE,136,14.149999999999999,303,7,6,0,0,0
03,120247370270360509,ACTIVE,101,14.110000000000001,611,10,13,0,0,0
03,120247322946650509,ACTIVE,200,14.040000000000001,528,14,13,1,0,0
03,120246242129020477,ACTIVE,100,14.04,240,7,8,0,0,0
03,120251150600140210,ACTIVE,117,14.01,358,11,9,0,0,0
03,120245500027320032,ACTIVE,100,14,360,11,13,1,0,0
03,120244079033450320,ACTIVE,120,13.99,609,14,14,0,0,0
03,120248056978460544,ACTIVE,150,13.989999999999998,434,6,7,2,2,75.5
03,120247184054680509,ACTIVE,170,13.91,276,7,9,1,1,67.89
03,120249115231040100,ACTIVE,100,13.9,382,7,8,1,0,0
03,120244995599860686,ACTIVE,100,13.889999999999999,106,1,5,0,0,0
03,120243593808880146,ACTIVE,100,13.85,401,10,15,3,0,0
03,120248430355980229,ACTIVE,200,13.84,315,12,10,0,0,0
03,120246733901990065,ACTIVE,80,13.760000000000002,317,8,10,0,0,0
03,120244794017770320,ACTIVE,120,13.76,587,9,10,1,1,58.77
03,120248974670480019,ACTIVE,80,13.71,169,5,4,1,0,0
03,120247921074920168,ACTIVE,106,13.64,360,6,8,0,0,0
03,120243602902170032,ACTIVE,200,13.620000000000001,380,6,10,2,1,37.27
03,120248698801690127,ACTIVE,100,13.59,159,15,15,2,1,34.98
03,120246867532700629,ACTIVE,100,13.559999999999999,256,10,9,0,0,0
03,120248974670400019,ACTIVE,80,13.52,244,9,12,0,0,0
03,120246069254050470,ACTIVE,98,13.43,379,7,7,2,1,183.47
03,120245964184870707,ACTIVE,101,13.389999999999999,257,9,8,1,1,63.75
03,120245617791190630,ACTIVE,74,13.35,425,10,12,1,0,0
03,120246412451290629,ACTIVE,100,13.31,331,9,10,1,0,0
03,120246219805000241,ACTIVE,150,13.309999999999999,302,7,7,0,0,0
03,120247866597100389,ACTIVE,100,13.26,421,20,17,2,0,0
03,120245381315950677,ACTIVE,100,13.200000000000001,411,4,5,1,0,0
03,120248539381110725,ACTIVE,200,13.169999999999998,264,6,8,1,1,49.37
03,120246733854770065,ACTIVE,80,13.16,256,11,10,0,0,0
03,120246011193300707,ACTIVE,100,13.1,307,7,7,0,0,0
03,120244083558180146,ACTIVE,100,13.02,329,14,13,3,2,117.20000000000002
03,120247130849060090,PAUSED,50,12.95,141,5,6,0,0,0
03,120245583666590533,ACTIVE,100,12.92,500,10,13,0,0,0
03,120246804547700175,ACTIVE,119,12.88,524,12,11,0,0,0
03,120244083558220146,ACTIVE,100,12.8,399,13,14,3,1,75.22
03,120247412626780168,ACTIVE,100,12.72,317,8,7,0,0,0
03,120244177553830678,ACTIVE,100,12.67,314,8,5,1,1,39.98
03,120250139873910577,ACTIVE,100,12.57,227,4,4,1,0,0
03,120243063569770146,ACTIVE,100,12.56,399,11,10,1,1,75.21
03,120247482195350544,ACTIVE,74,12.549999999999999,242,4,5,1,1,27.98
03,120247865520180544,ACTIVE,80,12.48,276,7,7,1,1,27.98
03,120251769553160054,ACTIVE,92,12.48,287,2,4,0,0,0
03,120246220421900725,ACTIVE,200,12.390000000000002,432,5,9,1,0,0
03,120244965177330686,ACTIVE,80,12.39,177,2,5,0,0,0
03,120245650683780674,ACTIVE,100,12.38,167,7,8,0,0,0
03,120245685799910707,ACTIVE,100,12.370000000000001,238,7,6,0,0,0
03,120246382556450462,ACTIVE,195,12.34,243,9,9,1,1,57.98
03,120246559951040097,ACTIVE,80,12.27,285,6,5,0,0,0
03,120245329462560320,ACTIVE,200,12.26,308,7,5,0,0,0
03,120246733854740065,ACTIVE,80,12.190000000000001,258,9,10,2,0,0
03,120246250177540320,ACTIVE,110,12.149999999999999,371,4,6,0,0,0
03,120243986595710788,PAUSED,50,12.110000000000001,134,2,3,0,0,0
03,120248162820950389,ACTIVE,100,12.02,349,15,17,1,0,0
03,120246599890040214,ACTIVE,120,12.010000000000002,187,4,4,1,1,42.95
03,120247107054620509,ACTIVE,200,11.989999999999998,299,5,8,0,0,0
03,120244164847370788,ACTIVE,85,11.979999999999999,258,2,3,0,0,0
03,120244581454670686,ACTIVE,100,11.93,152,1,3,0,0,0
03,120243840045560129,ACTIVE,100,11.93,309,11,9,0,0,0
03,120243734745510129,ACTIVE,100,11.929999999999998,415,5,9,0,0,0
03,120244312405140436,ACTIVE,100,11.919999999999998,464,16,20,1,1,99.72
03,120246191098540320,ACTIVE,120,11.89,386,6,4,0,0,0
03,120254284171910197,ACTIVE,100,11.85,230,10,9,0,0,0
03,120247823215090168,ACTIVE,100,11.83,247,3,5,0,0,0
03,120246828454030629,ACTIVE,300,11.8,316,12,14,2,2,153.28
03,120247467569900455,ACTIVE,100,11.780000000000001,332,9,9,0,0,0
03,120246178825710752,ACTIVE,100,11.780000000000001,246,6,5,0,0,0
03,120250066594120577,ACTIVE,100,11.61,237,9,11,1,1,64.96000000000001
03,120244761350620455,ACTIVE,135,11.57,398,6,8,1,1,60.41
03,120246374707600097,ACTIVE,110,11.56,339,7,7,0,0,0
03,120248596343100048,ACTIVE,100,11.55,99,4,7,0,0,0
03,120251014701600404,ACTIVE,50,11.54,140,2,3,1,1,74.94
03,120247275556550642,ACTIVE,100,11.510000000000002,352,8,8,0,0,0
03,120248893532100100,ACTIVE,300,11.4,326,8,9,0,0,0
03,120245825263430533,ACTIVE,100,11.229999999999999,302,7,11,0,0,0
03,120246396517520674,ACTIVE,200,11.22,301,5,6,1,1,29.979999999999997
03,120248270609930152,ACTIVE,200,11.13,575,5,5,0,0,0
03,120247526522450425,ACTIVE,100,11.11,204,5,6,0,0,0
03,120244486325980436,ACTIVE,100,11.1,351,8,11,1,1,41.98
03,120246286382660752,ACTIVE,100,11.08,202,4,7,1,1,24.98
03,120245931951140650,ACTIVE,100,11.08,149,4,4,0,0,0
03,120249352629920127,ACTIVE,100,11,172,11,11,1,0,0
03,120244505803880686,ACTIVE,80,10.99,212,6,5,0,0,0
03,120245931951070650,ACTIVE,100,10.97,128,5,6,0,0,0
03,120243593315080146,ACTIVE,233,10.96,250,4,3,0,0,0
03,120248774488970725,ACTIVE,100,10.94,305,13,13,0,0,0
03,120248082904020663,ACTIVE,150,10.93,167,4,7,1,1,66.02
03,120247705045190564,ACTIVE,165,10.91,325,11,9,0,0,0
03,120246377047690097,ACTIVE,150,10.88,517,10,9,2,0,0
03,120245825367300533,ACTIVE,100,10.870000000000001,356,7,10,0,0,0
03,120244965177310686,ACTIVE,80,10.84,176,2,1,0,0,0
03,120247378425210561,ACTIVE,80,10.83,304,8,7,1,0,0
03,120245057027780564,ACTIVE,190,10.809999999999999,524,9,12,0,0,0
03,120246559951150097,ACTIVE,80,10.77,351,8,10,0,0,0
03,120250691304360722,ACTIVE,40,10.72,164,1,0,0,0,0
03,120249366225680100,ACTIVE,100,10.67,215,5,8,2,1,52.56
03,120247246948530509,ACTIVE,100,10.629999999999999,488,8,7,0,0,0
03,120246488525160097,ACTIVE,100,10.61,376,5,7,0,0,0
03,120247858934130544,ACTIVE,108,10.580000000000002,192,11,9,2,1,27.98
03,120246819645500629,ACTIVE,100,10.56,234,7,7,0,0,0
03,120246733902040065,ACTIVE,80,10.51,213,10,10,1,1,49.519999999999996
03,120246770835970175,ACTIVE,110,10.49,286,6,5,1,0,0
03,120244761582650436,ACTIVE,100,10.4,337,12,13,0,0,0
03,120246007921720320,ACTIVE,159,10.39,290,6,6,1,0,0
03,120245298343980752,ACTIVE,100,10.370000000000001,189,5,4,0,0,0
03,120246733876960065,ACTIVE,80,10.34,246,10,12,0,0,0
03,120247058049910303,ACTIVE,120,10.299999999999999,181,9,11,0,0,0
03,120247267370990509,ACTIVE,100,10.27,206,6,6,0,0,0
03,120247238927160043,ACTIVE,70,10.27,150,9,10,1,1,27.98
03,120243466971930678,ACTIVE,200,10.24,228,6,9,0,0,0
03,120247802943620389,ACTIVE,100,10.209999999999999,395,9,10,0,0,0
03,120248224809960389,ACTIVE,80,10.18,428,16,16,5,0,0
03,120246946458510629,ACTIVE,128,10.15,307,7,8,3,0,0
03,120248359442970589,ACTIVE,300,10.14,319,5,4,1,0,0
03,120250139945670577,ACTIVE,100,10.120000000000001,203,6,6,1,0,0
03,120245049415260032,ACTIVE,100,10.120000000000001,274,8,7,0,0,0
03,120248980523880019,ACTIVE,50,10.09,159,12,12,0,0,0
03,120243840045620129,ACTIVE,100,10.08,260,9,10,0,0,0
03,120248056801430561,ACTIVE,60,10.07,203,9,9,1,1,57.94
03,120243844678990129,ACTIVE,100,9.99,186,6,7,2,1,96.22
03,120244566387920788,ACTIVE,50,9.98,156,4,4,0,0,0
03,120246887885530090,ACTIVE,100,9.969999999999999,213,2,3,0,0,0
03,120244566548030788,ACTIVE,50,9.969999999999999,186,5,5,1,0,0
03,120249251074290319,ACTIVE,120,9.950000000000001,283,2,4,1,1,37
03,120246560566740477,ACTIVE,90,9.93,195,4,5,1,1,29.98
03,120244995263710686,ACTIVE,100,9.870000000000001,96,1,2,1,0,0
03,120247605280040425,ACTIVE,200,9.86,259,7,5,1,1,39.98
03,120246599961620214,ACTIVE,200,9.83,209,6,4,0,0,0
03,120244566507460788,ACTIVE,50,9.809999999999999,185,2,2,0,0,0
03,120246415849650214,ACTIVE,160,9.8,118,6,5,1,1,59.92
03,120247645229990642,ACTIVE,121,9.799999999999999,409,3,6,0,0,0
03,120247026467610090,ACTIVE,119,9.64,215,5,6,1,0,0
03,120247728967380642,ACTIVE,122,9.59,336,6,6,0,0,0
03,120250005173420404,ACTIVE,74,9.57,190,10,6,0,0,0
03,120249228181020589,ACTIVE,100,9.55,74,2,4,0,0,0
03,120246488537710097,ACTIVE,80,9.44,276,6,7,0,0,0
03,120248299218060431,ACTIVE,130,9.420000000000002,166,5,6,0,0,0
03,120250445767170166,PAUSED,30,9.42,161,2,2,1,1,41.17
03,120245651364090303,ACTIVE,80,9.4,167,8,8,2,0,0
03,120243071308620125,ACTIVE,100,9.38,287,4,5,0,0,0
03,120240679404390629,ACTIVE,400,9.33,257,1,7,0,0,0
03,120246465900910677,ACTIVE,100,9.23,233,7,4,1,1,96.41
03,120247995051750695,ACTIVE,93,9.22,368,1,2,0,0,0
03,120248429995310229,ACTIVE,65,9.22,159,5,9,0,0,0
03,120248923191070589,ACTIVE,100,9.21,198,5,7,0,0,0
03,120249533650900019,ACTIVE,50,9.13,129,5,6,1,0,0
03,120247485225890126,ACTIVE,80,9.12,200,5,5,0,0,0
03,120245923045620168,ACTIVE,100,9.05,162,6,8,1,0,0
03,120248923191120589,ACTIVE,100,9.040000000000001,180,5,4,0,0,0
03,120257559013710586,ACTIVE,30,9.04,221,4,3,0,0,0
03,120245124074630686,ACTIVE,80,8.98,167,4,4,2,1,29.98
03,120244995090060686,ACTIVE,100,8.95,87,3,3,0,0,0
03,120246902634980175,ACTIVE,86,8.93,215,4,4,0,0,0
03,120247390339080509,ACTIVE,100,8.93,241,5,5,0,0,0
03,120247453929680065,ACTIVE,94,8.92,194,6,5,2,1,49.52
03,120246522937100677,ACTIVE,100,8.91,224,1,1,0,0,0
03,120249178308050725,ACTIVE,100,8.8,162,3,4,0,0,0
03,120247238880210043,ACTIVE,70,8.71,122,4,5,0,0,0
03,120249061328590589,ACTIVE,100,8.68,187,3,3,0,0,0
03,120246286557160752,ACTIVE,100,8.63,244,5,5,1,1,24.98
03,120246471244730065,ACTIVE,135,8.62,269,8,13,0,0,0
03,120245306349070462,ACTIVE,100,8.6,169,7,8,0,0,0
03,120245119189080630,ACTIVE,111,8.58,225,9,11,1,1,29.979999999999997
03,120247245095750509,ACTIVE,300,8.58,374,9,7,1,1,87.46
03,120245487786040032,ACTIVE,100,8.57,205,10,8,2,1,37.27
03,120245541619240177,ACTIVE,100,8.53,94,0,5,0,0,0
03,120246338179300642,ACTIVE,200,8.51,385,16,16,1,1,37.95
03,120244691045040320,ACTIVE,120,8.5,352,4,6,0,0,0
03,120243929504820146,ACTIVE,100,8.44,228,4,3,0,0,0
03,120247293642140642,ACTIVE,120,8.44,185,4,3,0,0,0
03,120246471244780065,ACTIVE,135,8.43,331,10,13,1,0,0
03,120246668180150731,ACTIVE,100,8.41,98,4,4,1,0,0
03,120248596343190048,ACTIVE,100,8.41,123,2,2,0,0,0
03,120245842687140677,PAUSED,100,8.39,215,2,1,1,1,96.41
03,120243928954880129,ACTIVE,100,8.33,236,10,12,1,1,66.48
03,120243928955960129,ACTIVE,100,8.26,262,5,6,0,0,0
03,120244070206100125,ACTIVE,80,8.25,136,3,3,2,2,167.42
03,120242776941930146,ACTIVE,100,8.219999999999999,140,3,3,1,1,41.98
03,120243458344240129,ACTIVE,100,8.2,337,5,5,0,0,0
03,120246672624130642,ACTIVE,100,8.2,200,2,2,0,0,0
03,120251692403590054,ACTIVE,73,8.16,182,3,3,1,0,0
03,120248960171180100,ACTIVE,300,8.16,276,7,5,1,0,0
03,120245097017710677,ACTIVE,100,8.14,212,2,3,0,0,0
03,6968638622626,ACTIVE,50,8.13,172,5,4,0,0,0
03,120249179367830725,ACTIVE,100,8.1,113,0,4,0,0,0
03,120248069068060469,ACTIVE,80,8.1,191,3,3,1,0,0
03,120244505718600686,ACTIVE,80,8.09,101,5,5,0,0,0
03,120244566743700788,ACTIVE,50,8.049999999999999,138,0,1,0,0,0
03,120249179840900725,ACTIVE,100,8.04,162,0,5,0,0,0
03,120243929504970146,ACTIVE,100,7.95,214,2,2,0,0,0
03,120246447361050303,ACTIVE,120,7.88,185,8,9,0,0,0
03,120244014492430146,ACTIVE,100,7.8100000000000005,205,4,4,0,0,0
03,120242700474080358,ACTIVE,100,7.709999999999999,199,8,9,1,1,28.979999999999997
03,120245610768940032,ACTIVE,200,7.7,186,6,9,1,0,0
03,120245124052890686,ACTIVE,80,7.69,131,2,4,2,2,102.44
03,120245889270610065,ACTIVE,40,7.6899999999999995,210,5,4,0,0,0
03,120251026838540210,ACTIVE,84,7.68,201,9,11,0,0,0
03,120249179865340725,ACTIVE,100,7.67,203,1,3,1,1,86.55
03,120247591966310642,ACTIVE,100,7.609999999999999,246,3,3,0,0,0
03,120249228293700589,ACTIVE,100,7.6,64,1,1,0,0,0
03,120249533679040019,ACTIVE,50,7.57,134,10,9,0,0,0
03,120248414403410695,ACTIVE,150,7.54,250,4,5,0,0,0
03,120243465250350705,ACTIVE,80,7.52,126,4,3,0,0,0
03,120244566743750788,ACTIVE,50,7.5,147,4,4,0,0,0
03,120247391144450509,ACTIVE,100,7.49,228,3,2,0,0,0
03,120247367947390509,ACTIVE,100,7.45,312,2,4,0,0,0
03,120243734466660129,ACTIVE,100,7.4399999999999995,237,6,10,1,0,0
03,120245535022630455,ACTIVE,132,7.41,89,5,4,1,1,106.84
03,120257559013880586,ACTIVE,30,7.39,210,6,6,1,1,28.98
03,120247365755990509,ACTIVE,100,7.37,253,6,6,0,0,0
03,120252326382630348,ACTIVE,80,7.29,98,0,1,0,0,0
03,120247365756650509,ACTIVE,100,7.25,274,4,4,0,0,0
03,120248289243870469,ACTIVE,80,7.23,111,1,2,0,0,0
03,120248958916870100,ACTIVE,100,7.21,164,5,5,2,0,0
03,120250691304310722,ACTIVE,40,7.1899999999999995,128,7,7,0,0,0
03,120246710213420090,ACTIVE,455,7.1899999999999995,244,7,11,2,1,36.94
03,120242972188130146,ACTIVE,100,7.17,166,2,2,0,0,0
03,120245847712420650,ACTIVE,114,7.14,87,2,3,0,0,0
03,120246666161080477,ACTIVE,100,7.13,98,3,3,1,1,29.98
03,120249754760810019,ACTIVE,50,7.109999999999999,131,5,4,0,0,0
03,120249073800120725,ACTIVE,100,7.07,195,6,6,0,0,0
03,120247390339020509,ACTIVE,100,7,232,2,3,1,0,0
03,120248556140990663,ACTIVE,200,7,102,3,4,0,0,0
03,120246399807540674,ACTIVE,142,6.99,212,4,5,0,0,0
03,120244793522550320,ACTIVE,120,6.99,239,2,2,1,0,0
03,120245750558170707,ACTIVE,100,6.96,166,4,6,0,0,0
03,120247311646990509,ACTIVE,100,6.95,299,11,9,1,0,0
03,120245999879420097,ACTIVE,150,6.949999999999999,183,1,8,0,0,0
03,120249179367710725,ACTIVE,100,6.94,131,0,2,0,0,0
03,120247149106470731,ACTIVE,80,6.9,96,0,4,1,1,60.39
03,120247367947350509,ACTIVE,100,6.87,210,2,2,0,0,0
03,120249366225440100,ACTIVE,100,6.85,223,6,6,2,1,38.17
03,120247365730510509,ACTIVE,100,6.85,233,3,7,1,1,34.980000000000004
03,120248535565040229,ACTIVE,116,6.849999999999999,116,7,6,1,0,0
03,120247026467550090,ACTIVE,119,6.84,122,3,4,1,1,36.940000000000005
03,120246570408620477,ACTIVE,100,6.8100000000000005,162,5,3,0,0,0
03,120245045578670686,ACTIVE,80,6.73,108,2,3,0,0,0
03,120249222913600100,ACTIVE,91,6.71,176,7,10,1,0,0
03,120248802175730319,ACTIVE,120,6.7,140,1,1,0,0,0
03,120247547642310642,ACTIVE,340,6.65,121,0,4,1,1,65.95
03,120249179811790725,ACTIVE,100,6.6,195,2,4,0,0,0
03,120246849779610090,ACTIVE,100,6.5,101,1,1,0,0,0
03,120244447104190303,ACTIVE,80,6.48,178,6,6,0,0,0
03,120247570572060455,ACTIVE,100,6.38,280,5,5,0,0,0
03,120244015116230146,ACTIVE,100,6.38,171,2,2,0,0,0
03,120245823079650320,ACTIVE,100,6.370000000000001,249,2,1,0,0,0
03,120247797464010126,ACTIVE,80,6.369999999999999,144,3,4,1,1,46.230000000000004
03,120248138150990469,ACTIVE,80,6.35,98,0,0,0,0,0
03,120242700474110358,ACTIVE,100,6.35,161,2,5,0,0,0
03,120250747283060166,ACTIVE,50,6.34,180,4,5,1,0,0
03,120251037305040166,ACTIVE,30,6.32,112,6,4,2,1,68.15
03,120256572736650586,ACTIVE,25,6.3,136,3,2,1,0,0
03,120251062504040166,ACTIVE,30,6.28,127,3,2,0,0,0
03,120249438611220064,ACTIVE,50,6.25,76,2,3,0,0,0
03,120248204881090455,ACTIVE,135,6.24,143,3,3,1,1,106.83
03,120246985821510043,ACTIVE,70,6.220000000000001,73,4,4,0,0,0
03,120247124966150090,ACTIVE,119,6.2,101,7,6,0,0,0
03,120246522122340677,ACTIVE,100,6.16,175,1,1,0,0,0
03,120247365730540509,ACTIVE,100,6.13,222,4,4,1,0,0
03,120247130848980090,ACTIVE,50,6.12,44,1,1,0,0,0
03,120249179002100725,ACTIVE,100,6.09,119,0,2,0,0,0
03,120246226742380674,ACTIVE,120,6.09,139,1,5,0,0,0
03,120249263766000247,ACTIVE,100,6.05,208,8,6,0,0,0
03,120246270030590320,ACTIVE,120,6.04,152,1,2,0,0,0
03,120244243594070436,ACTIVE,100,6.04,115,3,2,0,0,0
03,120245213356490125,ACTIVE,80,6.01,108,0,2,0,0,0
03,120246522442100677,ACTIVE,100,5.97,165,0,0,0,0,0
03,120245889270720065,ACTIVE,40,5.95,183,3,4,0,0,0
03,120247061773550509,ACTIVE,100,5.930000000000001,219,4,4,0,0,0
03,120249179811830725,ACTIVE,100,5.93,180,2,3,0,0,0
03,120248532436300048,ACTIVE,100,5.92,102,4,5,0,0,0
03,120257487343530586,ACTIVE,30,5.9,138,3,2,0,0,0
03,120247615799520561,ACTIVE,50,5.869999999999999,88,3,5,0,0,0
03,120249438611310064,ACTIVE,50,5.83,75,4,5,0,0,0
03,120244550853910436,ACTIVE,122,5.82,204,5,7,0,0,0
03,120249533650850019,ACTIVE,50,5.81,89,2,2,0,0,0
03,120245481989440065,ACTIVE,40,5.78,179,8,5,2,1,49.52
03,120257221973410586,ACTIVE,25,5.71,104,3,3,0,0,0
03,120247365940320642,ACTIVE,100,5.7,139,0,1,0,0,0
03,120251063106910166,ACTIVE,30,5.65,116,7,8,1,0,0
03,120246459062250674,ACTIVE,110,5.63,161,0,1,0,0,0
03,120245481989400065,ACTIVE,40,5.619999999999999,153,5,6,0,0,0
03,120243832687650146,ACTIVE,100,5.6,136,2,2,1,1,106.71
03,120246875435580731,ACTIVE,100,5.59,66,0,0,0,0,0
03,120247391144430509,ACTIVE,100,5.54,185,3,4,0,0,0
03,120247124966060090,ACTIVE,119,5.51,113,6,6,0,0,0
03,120245911260540650,ACTIVE,120,5.43,54,2,3,1,1,61.57
03,120249062394220019,ACTIVE,50,5.43,88,3,3,0,0,0
03,120246962698770090,ACTIVE,325,5.300000000000001,134,1,4,0,0,0
03,120247487024380065,ACTIVE,100,5.28,74,0,1,0,0,0
03,120247084134340065,ACTIVE,100,5.25,85,2,5,0,0,0
03,120243771828200436,ACTIVE,100,5.23,192,4,4,1,0,0
03,120245920600250032,ACTIVE,100,5.199999999999999,132,8,9,0,0,0
03,120249073752900725,ACTIVE,100,5.18,125,1,1,0,0,0
03,120248466107650695,ACTIVE,135,5.1499999999999995,167,3,1,0,0,0
03,120248137514550561,ACTIVE,100,5.130000000000001,183,7,5,1,1,24.98
03,120249447732030577,ACTIVE,68,5.11,207,4,4,0,0,0
03,120245044044890686,ACTIVE,80,5.090000000000001,77,3,3,0,0,0
03,120248819218450019,ACTIVE,50,5.07,106,2,3,0,0,0
03,120245686006250032,ACTIVE,100,5.0600000000000005,121,2,3,0,0,0
03,120248204881060455,ACTIVE,135,5.050000000000001,148,3,3,0,0,0
03,120244034916020436,ACTIVE,100,5.05,170,6,6,2,0,0
03,120247313991580561,ACTIVE,50,5.02,106,2,2,0,0,0
03,120249088233310651,ACTIVE,80,5,104,0,0,0,0,0
03,120244673897340436,ACTIVE,100,5,178,2,3,0,0,0
03,120251037305290166,ACTIVE,30,5,120,5,4,1,2,66.15
03,120246270030620320,ACTIVE,120,4.99,146,0,0,0,0,0
03,120247558121560065,ACTIVE,94,4.97,135,2,4,0,0,0
03,120246619814540549,ACTIVE,35,4.95,70,3,3,0,0,0
03,120248359764410589,ACTIVE,100,4.93,111,2,4,1,0,0
03,120248615909580019,ACTIVE,50,4.92,64,0,0,0,0,0
03,120242870748820133,ACTIVE,80,4.880000000000001,96,2,6,1,1,37.98
03,120247366315930509,ACTIVE,100,4.86,184,4,2,1,1,61.97
03,120244014047710146,ACTIVE,100,4.859999999999999,156,3,3,1,1,106.71000000000001
03,120248490741000152,ACTIVE,120,4.859999999999999,224,7,6,2,1,73.97999999999999
03,120248823290310722,ACTIVE,80,4.85,64,1,1,0,0,0
03,120251063107220166,ACTIVE,30,4.78,90,1,1,0,0,0
03,120246031764260509,ACTIVE,100,4.74,192,3,2,0,0,0
03,120247597779990751,ACTIVE,40,4.73,64,2,3,0,0,0
03,23857304059050799,ACTIVE,50,4.720000000000001,44,1,1,0,0,0
03,120245045512490686,ACTIVE,80,4.71,76,4,3,0,0,0
03,120246818759970303,ACTIVE,40,4.65,102,4,3,0,0,0
03,120247366316010509,ACTIVE,100,4.62,178,1,2,0,0,0
03,120246802025580509,ACTIVE,42,4.609999999999999,132,5,6,0,0,0
03,120247365568180509,ACTIVE,100,4.59,197,2,3,0,0,0
03,120243205951310642,ACTIVE,100,4.59,227,6,4,0,0,0
03,120246184128390674,ACTIVE,100,4.5600000000000005,65,2,2,0,0,0
03,120247365568120509,ACTIVE,100,4.55,192,1,4,0,0,0
03,120247547590960642,ACTIVE,200,4.540000000000001,170,6,6,0,0,0
03,120248764599250589,ACTIVE,100,4.53,149,6,5,0,1,85.14
03,120247238927080043,ACTIVE,70,4.53,85,4,5,1,0,0
03,120248108038860561,ACTIVE,85,4.52,182,9,9,0,0,0
03,120246299672680751,ACTIVE,68,4.51,121,4,2,0,0,0
03,120247956340000389,ACTIVE,100,4.51,169,5,5,0,0,0
03,120247392329400509,ACTIVE,100,4.5,178,3,3,1,0,0
03,120244165647870788,ACTIVE,50,4.4799999999999995,81,1,2,0,0,0
03,120249755037190019,ACTIVE,50,4.470000000000001,119,2,2,0,0,0
03,120246902635090175,ACTIVE,86,4.43,231,3,3,0,0,0
03,120250895021460586,ACTIVE,25,4.43,139,6,4,0,0,0
03,120249447732060577,ACTIVE,68,4.34,158,5,5,0,0,0
03,120243144633320146,ACTIVE,100,4.3,131,5,6,1,0,0
03,120247073165120090,ACTIVE,223,4.27,85,2,3,0,0,0
03,120247392329370509,ACTIVE,100,4.24,176,2,2,0,0,0
03,120249283733020100,ACTIVE,90,4.23,96,1,2,0,0,0
03,120250678039650651,ACTIVE,80,4.19,78,3,4,0,0,0
03,120246270264070320,ACTIVE,120,4.18,116,1,2,0,0,0
03,120248694175490365,ACTIVE,100,4.169999999999999,217,8,6,0,0,0
03,120247998931350564,ACTIVE,100,4.12,112,3,1,0,0,0
03,120244389916630436,ACTIVE,100,4.109999999999999,162,4,6,0,0,0
03,120250922808060054,ACTIVE,100,4.1,67,2,2,0,0,0
03,120249283732990100,ACTIVE,90,4.08,90,2,1,0,0,0
03,120248429995370229,ACTIVE,124,4.07,134,4,5,0,0,0
03,120246024108390751,ACTIVE,355,4.05,122,5,6,1,1,38.269999999999996
03,120245487786100032,ACTIVE,100,4.03,111,2,3,0,0,0
03,120249179003180725,ACTIVE,100,4.03,108,0,3,0,0,0
03,120252393021210348,ACTIVE,80,4.029999999999999,108,1,1,0,0,0
03,120244618043570436,ACTIVE,100,4.0200000000000005,117,3,3,0,0,0
03,120251701953330054,ACTIVE,100,4.01,79,3,5,0,0,0
03,120249300729750589,ACTIVE,100,4,109,3,2,1,0,0
03,6973002166826,ACTIVE,50,3.9800000000000004,92,0,0,0,0,0
03,120247795310860126,ACTIVE,89,3.97,57,0,1,0,0,0
03,120248338395130283,ACTIVE,100,3.96,102,4,2,0,0,0
03,120247799916380462,ACTIVE,35,3.94,96,2,1,0,0,0
03,120246286484520097,ACTIVE,80,3.9299999999999997,98,2,3,0,0,0
03,120247311647030509,ACTIVE,100,3.92,108,3,3,0,0,0
03,120249062394160019,ACTIVE,25,3.91,64,1,3,1,0,0
03,120243689609840436,ACTIVE,100,3.84,142,3,2,0,0,0
03,120244163991370436,ACTIVE,100,3.7800000000000002,95,1,2,0,0,0
03,23857304059010799,ACTIVE,50,3.75,43,3,2,0,0,0
03,120248159215720389,ACTIVE,79,3.71,113,6,3,0,0,0
03,120248734559300565,ACTIVE,100,3.52,86,1,2,0,0,0
03,120247163507460509,ACTIVE,100,3.5,234,2,4,1,0,0
03,120243673094650146,ACTIVE,100,3.49,99,3,4,1,0,0
03,120246875316820731,ACTIVE,100,3.4899999999999998,31,0,0,0,0,0
03,120248535997930100,ACTIVE,100,3.4299999999999997,86,3,5,0,0,0
03,120249222913640100,ACTIVE,91,3.4299999999999997,97,3,4,0,0,0
03,120256254668930586,ACTIVE,25,3.4299999999999997,104,4,4,1,0,0
03,120248922585490210,ACTIVE,200,3.4200000000000004,92,3,4,0,0,0
03,120249265247170651,ACTIVE,80,3.35,75,2,6,0,0,0
03,120245881655400509,ACTIVE,41,3.33,111,4,4,2,2,123.93999999999998
03,120246299672740751,ACTIVE,115,3.32,100,1,1,0,0,0
03,120246299721620751,ACTIVE,68,3.3099999999999996,97,2,3,0,0,0
03,120245943231800173,ACTIVE,80,3.28,66,0,0,0,0,0
03,120243142609020146,ACTIVE,100,3.26,73,2,3,0,0,0
03,120246270264110320,ACTIVE,120,3.18,111,5,6,0,0,0
03,120247524798270389,ACTIVE,100,3.18,124,3,3,1,1,21.869999999999997
03,120246196163050707,ACTIVE,80,3.16,47,0,1,0,0,0
03,120247246948670509,ACTIVE,100,3.15,151,2,5,0,0,0
03,120243772698800146,ACTIVE,100,3.13,125,5,4,0,0,0
03,120249456993730057,ACTIVE,100,3.1,32,0,0,0,0,0
03,120250838901590404,ACTIVE,50,3.1,21,0,0,0,0,0
03,120247040934670629,ACTIVE,100,3.1,187,4,4,1,1,113.33000000000001
03,120249872725020651,ACTIVE,80,3.09,69,0,1,0,0,0
03,120249134484060166,ACTIVE,30,2.96,40,1,2,1,1,24.98
03,120249228754110589,ACTIVE,100,2.92,27,0,0,0,0,0
03,120250057581290368,ACTIVE,136,2.92,108,0,1,0,0,0
03,120254284171970197,ACTIVE,100,2.9,54,2,3,0,0,0
03,120247064860080731,ACTIVE,80,2.88,39,0,3,0,0,0
03,120245785647070650,ACTIVE,100,2.8200000000000003,45,0,1,0,0,0
03,120248811958530116,ACTIVE,100,2.79,29,2,2,0,0,0
03,120250501589970722,ACTIVE,40,2.7800000000000002,41,2,2,0,0,0
03,120250837944350404,ACTIVE,50,2.78,72,3,3,0,0,0
03,120248201085040469,ACTIVE,80,2.77,84,2,2,0,0,0
03,120247601292330065,ACTIVE,50,2.75,64,2,2,0,0,0
03,120247601292310065,ACTIVE,50,2.7399999999999998,63,1,1,0,0,0
03,120247333999410425,ACTIVE,100,2.73,86,4,4,0,0,0
03,120249739079790279,ACTIVE,80,2.73,39,2,2,0,0,0
03,120246818759010303,ACTIVE,40,2.7199999999999998,54,3,3,1,0,0
03,120248892319580365,ACTIVE,100,2.71,45,0,1,0,0,0
03,120246299721480751,ACTIVE,195,2.69,72,2,3,0,0,0
03,120243772698880146,ACTIVE,100,2.69,110,1,1,0,0,0
03,120245511607120780,ACTIVE,80,2.68,60,2,2,0,0,0
03,120245687813040097,ACTIVE,81,2.6099999999999994,68,1,1,0,0,0
03,120247876590550126,ACTIVE,90,2.59,52,0,7,0,0,0
03,23857331534250799,ACTIVE,50,2.57,26,0,0,0,0,0
03,120245063703470133,ACTIVE,80,2.5500000000000003,80,2,3,0,0,0
03,120248812003990116,ACTIVE,100,2.52,61,1,2,0,0,0
03,120246299672700751,ACTIVE,195,2.46,80,2,2,0,0,0
03,120248429859550116,ACTIVE,101,2.41,23,1,1,0,0,0
03,120245490989200133,ACTIVE,80,2.41,45,0,1,0,0,0
03,120243959229680146,ACTIVE,100,2.32,64,2,2,1,1,41.98
03,6993911140695,ACTIVE,50,2.29,40,0,0,0,0,0
03,120246024108440751,ACTIVE,195,2.2800000000000002,78,2,3,0,0,0
03,120244300638070032,ACTIVE,100,2.28,69,1,3,0,0,0
03,120245651364050303,ACTIVE,80,2.26,25,1,1,0,0,0
03,120249646481980279,ACTIVE,80,2.25,77,0,0,0,0,0
03,120247597780010751,ACTIVE,40,2.23,33,2,2,1,1,38.27
03,120244213478540707,ACTIVE,100,2.18,34,1,1,0,0,0
03,6993911147495,ACTIVE,50,2.17,36,0,0,0,0,0
03,120244235259940678,ACTIVE,30,2.1,63,4,4,0,0,0
03,120247799916320462,ACTIVE,35,2.0700000000000003,82,3,3,0,0,0
03,120251014701570404,ACTIVE,80,2.0300000000000002,54,0,0,0,0,0
03,120243844958690129,ACTIVE,150,2.0300000000000002,93,2,3,0,0,0
03,120257487876160586,ACTIVE,50,1.96,56,0,0,0,0,0
03,120250501589950722,ACTIVE,40,1.92,28,0,1,0,0,0
03,120244824582450436,ACTIVE,90,1.87,76,3,3,0,0,0
03,120245490989600133,ACTIVE,80,1.86,33,1,2,0,0,0
03,120249300729780589,ACTIVE,100,1.8599999999999999,22,2,2,0,0,0
03,120246232598650090,ACTIVE,132,1.8,52,2,3,0,0,0
03,120244477400200678,ACTIVE,100,1.75,43,0,0,0,0,0
03,120254368844920197,ACTIVE,70,1.65,70,2,2,0,0,0
03,120249438225460064,ACTIVE,50,1.65,30,2,2,1,0,0
03,23857331534270799,ACTIVE,50,1.63,36,1,2,1,0,0
03,120247040934570629,ACTIVE,100,1.54,98,5,5,0,0,0
03,120247799916400462,ACTIVE,35,1.53,63,0,0,0,0,0
03,120257359768220586,ACTIVE,30,1.52,52,1,0,0,0,0
03,120246686798620214,ACTIVE,100,1.5,24,1,1,0,0,0
03,120235701428400210,ACTIVE,200,1.5,46,2,2,1,1,41.98
03,120246459062220674,ACTIVE,50,1.5,45,0,0,0,0,0
03,120243959700120146,ACTIVE,100,1.5,25,0,0,0,0,0
03,120247862754470462,ACTIVE,73,1.48,29,0,1,0,0,0
03,120247453928360065,ACTIVE,94,1.44,49,1,1,0,0,0
03,120251314640370210,ACTIVE,50,1.41,16,0,0,0,0,0
03,6966949200095,ACTIVE,50,1.37,28,1,1,0,0,0
03,120247849750130663,ACTIVE,200,1.3699999999999999,20,0,0,0,0,0
03,120242907734560129,ACTIVE,150,1.35,38,1,3,0,0,0
03,120247653059200586,ACTIVE,25,1.3399999999999999,80,0,0,0,0,0
03,6973002165426,ACTIVE,50,1.26,47,1,1,0,0,0
03,120249152473440247,ACTIVE,100,1.21,47,1,1,0,0,0
03,120247699025760561,ACTIVE,96,1.16,34,0,1,0,0,0
03,120246666123990477,ACTIVE,100,1.13,15,1,0,0,0,0
03,120251502157250054,ACTIVE,100,1.09,7,0,1,1,0,0
03,120244312405200436,ACTIVE,100,1.08,68,2,4,0,0,0
03,120246619814510549,ACTIVE,50,1.0499999999999998,26,0,1,0,0,0
03,120249824676430057,ACTIVE,100,1.04,18,2,3,1,1,41.98
03,120246299721450751,ACTIVE,115,1.03,15,1,1,0,0,0
03,120245602350460032,ACTIVE,100,0.89,30,0,0,0,0,0
03,120245044044870686,ACTIVE,80,0.8500000000000001,11,0,0,0,0,0
03,120251856003590054,ACTIVE,100,0.85,63,1,3,0,0,0
03,120244011865020146,ACTIVE,100,0.81,30,2,2,1,0,0
03,120243723839750678,PAUSED,100,0.74,24,2,2,0,0,0
03,120247040711430629,ACTIVE,100,0.71,21,0,1,0,0,0
03,120245460390490177,ACTIVE,100,0.7,25,0,3,1,0,0
03,120251494191110054,ACTIVE,78,0.69,9,0,0,0,0,0
03,120245571282690707,ACTIVE,100,0.69,13,0,1,0,0,0
03,120246135470290032,ACTIVE,100,0.6599999999999999,15,1,2,0,0,0
03,120247815782080642,ACTIVE,122,0.65,32,0,0,0,0,0
03,120248737641880722,ACTIVE,68,0.64,11,0,0,0,0,0
03,120244076954630146,ACTIVE,100,0.62,7,0,0,0,0,0
03,120246107235940707,ACTIVE,82,0.6,13,0,0,0,0,0
03,120245136181790470,ACTIVE,5,0.5900000000000001,6,1,1,0,0,0
03,120242746886630788,ACTIVE,135,0.5900000000000001,18,0,1,0,0,0
03,120250554304290404,ACTIVE,200,0.5900000000000001,18,2,3,0,0,0
03,120235701428420210,ACTIVE,200,0.55,17,1,0,0,0,0
03,120251314539200210,ACTIVE,50,0.55,12,0,0,0,0,0
03,120248604432660663,ACTIVE,136,0.53,7,0,0,0,0,0
03,120243727386670470,ACTIVE,5,0.5,11,0,1,0,0,0
03,120245241702630470,ACTIVE,5,0.5,6,0,0,0,0,0
03,120244011864950146,ACTIVE,100,0.47,18,1,1,0,0,0
03,120246283838280097,ACTIVE,73,0.44,22,0,0,0,0,0
03,120235336090360210,ACTIVE,200,0.4,12,0,1,0,0,0
03,120244077730640146,ACTIVE,100,0.38,5,0,1,0,0,0
03,120251275180530054,ACTIVE,100,0.34,12,0,0,0,0,0
03,120245099365240470,ACTIVE,5,0.3,8,0,0,0,0,0
03,120247040711030629,ACTIVE,100,0.27,5,0,0,0,0,0
03,120244076954320146,ACTIVE,100,0.25,9,0,1,0,0,0
03,120245775225080097,ACTIVE,94,0.24,16,0,0,0,0,0
03,120248474785690152,ACTIVE,100,0.23,14,0,0,0,0,0
03,120244077730710146,ACTIVE,100,0.23,18,1,1,0,0,0
03,120244477269830678,PAUSED,100,0.21,6,0,0,0,0,0
03,120246145595780470,ACTIVE,20,0.19,1,1,0,0,0,0
03,120248224810100389,ACTIVE,80,0.18,7,0,0,0,0,0
03,120254368844950197,ACTIVE,100,0.17,6,0,0,0,0,0
03,120246250745230674,ACTIVE,100,0.15000000000000002,6,0,0,0,0,0
03,120244918988320303,ACTIVE,40,0.15,5,0,0,0,0,0
03,120247815782100642,ACTIVE,122,0.13,8,0,0,0,0,0
03,120245136181480470,ACTIVE,5,0.12,3,0,0,0,0,0
03,120248111423590168,ACTIVE,90,0.12,6,0,1,0,0,0
03,120248057050710561,ACTIVE,60,0.11000000000000001,5,0,0,0,0,0
03,120244076683170146,ACTIVE,100,0.11,5,1,1,0,0,0
03,120247952380210544,ACTIVE,90,0.09,7,0,0,0,0,0
03,120243958669750146,ACTIVE,100,0.09,8,0,0,0,0,0
03,120246666193770477,ACTIVE,100,0.09,7,1,1,0,0,0
03,120248737641910722,ACTIVE,80,0.05,1,0,0,0,0,0
03,120248201085010469,ACTIVE,80,0.01,1,0,0,0,0,0
03,120245691728160470,ACTIVE,5,0.01,2,0,0,0,0,0
03,120240849899190788,ACTIVE,10,0.01,3,0,0,0,0,0
03,120247160674020043,ACTIVE,70,0.01,1,0,0,0,0,0
03,120246145189280470,ACTIVE,50,0,0,0,0,0,0,0
03,120244911471140436,PAUSED,100,0,0,0,0,0,0,0
03,120244911471280436,PAUSED,100,0,0,0,0,0,0,0
03,120244911557440436,ACTIVE,100,0,0,0,0,0,0,0
03,120244911557470436,ACTIVE,100,0,0,0,0,0,0,0
03,120244915705330436,ACTIVE,100,0,0,0,0,0,0,0
03,120244915705670436,ACTIVE,100,0,0,0,0,0,0,0
03,120248302912210389,ACTIVE,100,0,0,0,0,0,0,0
03,120248302912110389,ACTIVE,100,0,0,0,0,0,0,0
03,120244505802680686,PAUSED,80,0,0,0,1,0,0,0
03,120248302852090389,ACTIVE,100,0,0,0,0,0,0,0
03,120248302852030389,ACTIVE,100,0,0,0,0,0,0,0
03,120248302725690389,ACTIVE,100,0,0,0,0,0,0,0
03,120248302725660389,ACTIVE,100,0,0,0,0,0,0,0
03,120248302616530389,ACTIVE,100,0,0,0,0,0,0,0
03,120248302449280389,ACTIVE,100,0,0,0,0,0,0,0
03,120248812040790116,PAUSED,100,0,0,0,1,0,0,0
03,120248302449150389,ACTIVE,100,0,0,0,0,0,0,0
03,120248849928910725,PAUSED,100,0,0,0,1,0,0,0
03,120244915743550436,ACTIVE,100,0,0,0,0,0,0,0
03,120248298800180389,ACTIVE,100,0,0,0,0,0,0,0
03,120248298800110389,ACTIVE,100,0,0,0,0,0,0,0
03,120248298471980389,PAUSED,100,0,0,0,0,0,0,0
03,120248298471880389,PAUSED,100,0,0,0,0,0,0,0
03,120244915858300436,ACTIVE,100,0,0,0,0,0,0,0
03,120244915858330436,ACTIVE,100,0,0,0,0,0,0,0
03,120244915930020436,ACTIVE,100,0,0,0,0,0,0,0
03,120244915930060436,ACTIVE,100,0,0,0,0,0,0,0
03,120244916355270436,ACTIVE,100,0,0,0,0,0,0,0
03,120244916355330436,ACTIVE,100,0,0,0,0,0,0,0
03,120244916431450436,ACTIVE,100,0,0,0,0,0,0,0
03,120244916431500436,ACTIVE,100,0,0,0,0,0,0,0
03,120245004525000780,PAUSED,400,0,0,0,1,0,0,0
03,120248150922010425,ACTIVE,100,0,0,0,0,0,0,0
03,120248150921990425,ACTIVE,100,0,0,0,0,0,0,0
03,120248150860660425,ACTIVE,100,0,0,0,0,0,0,0
03,120248121376990544,ACTIVE,80,0,0,0,0,0,0,0
03,120248121376260544,ACTIVE,80,0,0,0,0,0,0,0
03,120245224035350179,PAUSED,160,0,0,0,1,0,0,0
03,120246625257750453,PAUSED,100,0,0,0,0,0,0,0
03,120247972621170389,PAUSED,100,0,0,0,1,0,0,0
03,120247970691860126,ACTIVE,80,0,0,0,0,0,0,0
03,120247970691610126,ACTIVE,80,0,0,0,0,0,0,0
03,120247970574990126,ACTIVE,80,0,0,0,0,0,0,0
03,120247970574920126,ACTIVE,80,0,0,0,0,0,0,0
03,120247829716040751,ACTIVE,100,0,0,0,0,0,0,0
03,120247829243430751,ACTIVE,100,0,0,0,0,0,0,0
03,120247828626130751,ACTIVE,100,0,0,0,0,0,0,0
03,120245623471490177,ACTIVE,100,0,0,0,7,2,2,59.96
03,120247742995470065,ACTIVE,100,0,0,0,0,0,0,0
03,120247742995440065,ACTIVE,100,0,0,0,0,0,0,0
03,120249533719420019,PAUSED,45,0,0,0,1,0,0,0
03,120247392291490509,PAUSED,100,0,0,0,0,0,0,0
03,120247392291430509,PAUSED,100,0,0,0,0,0,0,0
03,120250139848270577,ACTIVE,100,0,0,0,0,0,0,0
03,120247336235960389,PAUSED,100,0,0,0,0,0,0,0
03,120246145189200470,ACTIVE,50,0,0,0,0,0,0,0
03,120246145304610470,PAUSED,50,0,0,0,0,0,0,0
03,120246145304640470,PAUSED,50,0,0,0,0,0,0,0
03,120246145364940470,ACTIVE,50,0,0,0,0,0,0,0
03,120243629084100705,ACTIVE,80,0,0,0,0,0,0,0
03,120246145365240470,ACTIVE,50,0,0,0,0,0,0,0
03,120243629084050705,ACTIVE,80,0,0,0,0,0,0,0
03,120243594040740146,PAUSED,100,0,0,0,2,0,0,0
03,120246145506950470,ACTIVE,50,0,0,0,0,0,0,0
03,120246145507030470,ACTIVE,50,0,0,0,0,0,0,0
03,120247237472270043,PAUSED,70,0,0,0,0,0,0,0
03,120246145595980470,ACTIVE,20,0,0,0,0,0,0,0
03,120246145719630470,ACTIVE,20,0,0,0,0,0,0,0
03,120246145720920470,ACTIVE,20,0,0,0,0,0,0,0
03,120247196420760465,ACTIVE,10,0,0,0,0,0,0,0
03,120247196420340465,ACTIVE,10,0,0,0,0,0,0,0
03,120247195225440465,PAUSED,100,0,0,0,0,0,0,0
03,120247195225360465,PAUSED,100,0,0,0,0,0,0,0
03,120247195225310465,PAUSED,100,0,0,0,0,0,0,0
03,120246145791530470,ACTIVE,20,0,0,0,0,0,0,0
03,120246145792030470,ACTIVE,20,0,0,0,0,0,0,0
03,120251239771420586,PAUSED,100,0,0,0,0,0,0,0
03,120246169445790320,PAUSED,108,0,0,0,1,1,1,34.06999999999999
03,120246208967220674,PAUSED,200,0,0,0,1,0,0,0
03,120247118332680629,ACTIVE,100,0,0,0,0,0,0,0
03,120247117862750629,ACTIVE,100,0,0,0,0,0,0,0
03,120247117519720629,ACTIVE,100,0,0,0,0,0,0,0
03,120251940198120054,ACTIVE,100,0,0,0,0,0,0,0
03,120247051620620509,PAUSED,100,0,0,0,1,0,0,0
03,120246518965620674,ACTIVE,100,0,0,0,0,0,0,0
03,120246581316290126,PAUSED,80,0,0,0,1,0,0,0
03,120246631185540453,ACTIVE,100,0,0,0,0,0,0,0
03,120246631185460453,ACTIVE,100,0,0,0,0,0,0,0
03,120246625257810453,PAUSED,100,0,0,0,0,0,0,0
04,120247234597490455,ACTIVE,1675,277.4,8000,267,284,21,14,985.0099999999999
04,120244761233710455,ACTIVE,1150,257.68,8471,235,226,18,9,593.6899999999999
04,120244761515050455,ACTIVE,1325,244.60000000000002,8560,206,216,22,7,466.3
04,120246005453800291,ACTIVE,900,193.72000000000003,5252,173,186,12,3,165.32
04,120243986668280589,ACTIVE,1000,191.67,4385,98,112,9,5,264.83
04,120244749532720686,ACTIVE,1000,188.03,3406,85,81,13,12,677.0699999999999
04,120246754801740509,ACTIVE,800,154.48,4263,102,111,13,8,297.3
04,120245800978960674,ACTIVE,700,141.35999999999999,3344,95,91,7,3,122.43
04,120239930892250650,ACTIVE,800,138.13,2193,68,79,6,3,158.11
04,120244749327030686,ACTIVE,500,123.77,2582,66,69,10,6,243.59
04,120245453935690025,ACTIVE,100,120.63,1323,49,46,2,2,120.94
04,120245380678000025,ACTIVE,100,117.37,1417,55,56,5,3,136.42999999999998
04,120243276755660065,ACTIVE,500,113.58000000000001,2751,68,73,6,2,80.64000000000001
04,120247583319740586,ACTIVE,500,97.86,3664,70,72,8,6,233.85
04,120249115230940100,ACTIVE,354,95.41,2331,78,80,14,3,156.88
04,120245334049460065,ACTIVE,400,91.83,1613,69,78,7,3,148.55
04,120250790045220586,ACTIVE,500,87.49000000000001,2702,62,65,10,3,107.33
04,120245899430510065,ACTIVE,325,83.78,1489,58,64,9,2,59.96000000000001
04,120246643142900065,ACTIVE,50,83,4019,97,94,7,3,215.22000000000003
04,120247489931670431,ACTIVE,425,80.43,1298,32,36,5,2,96.34
04,120245334049540065,ACTIVE,370,80.25,1610,68,71,9,5,208.50999999999996
04,120250789469770586,ACTIVE,100,79.65,2390,65,72,3,1,28.98
04,120246023777450751,ACTIVE,850,77.39,1417,52,52,4,3,118.32000000000001
04,120246638474110175,ACTIVE,525,76.61,1576,57,58,0,0,0
04,120245283264760677,ACTIVE,392,76.03,3130,29,34,3,3,182.01999999999998
04,120249286765290368,ACTIVE,601,75.94999999999999,2413,40,49,2,1,38.98
04,120244691045450320,ACTIVE,700,75.6,2658,61,79,4,3,199.56
04,120245436310880780,ACTIVE,400,75.5,1432,42,44,5,1,42.97
04,120244938793740663,ACTIVE,350,74.15,1249,54,63,4,2,130.39
04,120242301213710065,ACTIVE,370,74.13,1897,39,42,7,2,134.65
04,120246962698830090,ACTIVE,350,72.95,1685,68,70,1,1,86.35
04,120249005372660589,ACTIVE,327,71.83,1261,34,37,12,7,414.40999999999997
04,120245980788570752,ACTIVE,469,70.64,2478,104,104,23,5,232.80999999999997
04,120245250322490642,ACTIVE,650,68.81,1783,54,57,4,2,130.25
04,120242301213170065,ACTIVE,300,68.58,2280,39,39,4,1,49.519999999999996
04,120248006730320100,ACTIVE,800,67.6,2140,49,48,5,4,193.45000000000002
04,120247483865740100,ACTIVE,500,66.74,2220,53,50,4,2,118.71000000000001
04,120246483406720564,ACTIVE,500,65.91,2459,51,58,3,3,207.41
04,120246736742480477,PAUSED,90,64.58000000000001,823,28,31,1,0,0
04,120247324556450065,PAUSED,50,63.919999999999995,1067,40,40,5,0,0
04,120245010386240709,ACTIVE,500,63.54,1468,33,42,2,2,90.44
04,120249052890110100,ACTIVE,500,62.67,2011,53,59,6,1,38.17
04,120248139130280455,ACTIVE,455,61.07000000000001,1729,45,44,2,1,60.41
04,120248641712650319,ACTIVE,440,60.54,1811,45,45,3,2,74.00000000000001
04,120247780766070455,ACTIVE,552,60.349999999999994,2153,39,53,2,0,0
04,120246643142870065,PAUSED,148,59.65999999999999,1625,47,45,5,1,29.979999999999997
04,120252393021210348,PAUSED,80,58.120000000000005,1877,22,21,1,0,0
04,120246710213410090,ACTIVE,325,57.78,1706,57,62,3,1,108.81
04,120244783755130320,ACTIVE,300,57.51,2936,74,84,6,3,244.60999999999999
04,120244581910350686,ACTIVE,300,56.8,640,22,18,2,2,81.19
04,120248698800290127,ACTIVE,300,54.84,697,29,31,3,1,60.47
04,120248959176740725,ACTIVE,500,54.57,2039,46,46,6,6,372.98
04,120246615285510642,ACTIVE,400,54.49,1978,38,55,4,1,92.3
04,120248155192490455,ACTIVE,455,54.25,2018,37,48,1,2,168.74
04,120241066464020065,ACTIVE,289,53.760000000000005,1747,33,29,6,3,180.73
04,120256572736720586,ACTIVE,500,53.61,1251,34,42,4,1,28.98
04,120244662020140686,PAUSED,50,53.27,974,12,14,2,1,51.22
04,120244431777030751,ACTIVE,680,52.38,2137,37,49,10,4,185.37
04,120249086109210100,ACTIVE,500,51.75,1426,37,36,3,0,0
04,120242973433800146,ACTIVE,500,51.45,1989,53,54,4,1,41.98
04,6966949200895,PAUSED,250,51.19,943,17,19,2,2,85.96
04,120245848127390707,ACTIVE,500,50.98,1180,49,54,7,1,40.86
04,120248536188000100,ACTIVE,500,50.75,1032,42,47,6,2,61.150000000000006
04,120246221877410629,ACTIVE,335,49.75,1226,30,26,5,3,315.87
04,120251093896120404,ACTIVE,94,49.35,819,30,31,1,1,41.980000000000004
04,120246549338880065,ACTIVE,50,49.099999999999994,1357,33,28,4,2,79.5
04,120246273720740455,ACTIVE,250,49.04,1198,40,45,2,2,120.82
04,120242031621370065,ACTIVE,229,48.13,1312,24,31,2,0,0
04,120245327669090320,ACTIVE,360,48.07,1183,33,39,2,0,0
04,120246040085600751,ACTIVE,370,47.97,990,28,26,4,2,76.53999999999999
04,120246375737140674,ACTIVE,175,47.25,1033,23,28,3,2,59.96000000000001
04,120243843991710129,ACTIVE,300,45.66,1554,46,51,2,1,96.22
04,120243787103960686,ACTIVE,200,45.480000000000004,1149,24,27,1,1,29.98
04,120245884994790214,ACTIVE,150,45.13999999999999,805,20,22,1,1,24.97
04,120248911416770577,ACTIVE,301,44.78,951,57,55,6,2,108.14
04,120248139130260455,ACTIVE,325,44.669999999999995,983,29,36,4,4,240.14
04,120244878279420125,ACTIVE,270,43.89,1500,31,31,2,1,97.71000000000001
04,120247114934220455,ACTIVE,226,43.81,716,30,29,4,2,167.25
04,120245823919130320,ACTIVE,360,43.78,1690,32,35,3,2,92.84
04,120250445767170166,ACTIVE,50,43.77,1255,21,23,5,4,132.3
04,120249140601980100,ACTIVE,300,43.33,1156,41,39,4,1,52.56
04,120249525957160319,ACTIVE,360,43.19,1309,34,34,3,0,0
04,120249251074180319,ACTIVE,350,42.56,1279,24,30,1,0,0
04,120245282912580630,ACTIVE,200,41.61,1096,28,30,3,1,40.97
04,120247868045210695,ACTIVE,360,41.61,1372,16,20,0,0,0
04,120244895488610436,ACTIVE,119,41.56999999999999,1284,25,28,2,2,136.45000000000002
04,120246491099340090,ACTIVE,76,40.63,676,23,22,2,1,36.94
04,120246181834560241,ACTIVE,150,40.589999999999996,2060,40,40,1,0,0
04,120249140482640100,ACTIVE,300,40.550000000000004,965,42,45,2,1,38.169999999999995
04,120245010772960663,ACTIVE,301,40.44,579,20,25,0,0,0
04,120247941350370695,ACTIVE,250,39.99,990,17,20,3,1,37.980000000000004
04,120244270293390320,ACTIVE,300,39.9,1058,29,33,1,0,0
04,120245011207100320,ACTIVE,360,39.75,1168,26,25,1,1,82.02
04,120240901145360175,ACTIVE,245,39.730000000000004,1224,31,39,6,3,108.82
04,120245622959500630,ACTIVE,94,39.209999999999994,794,27,29,5,4,115.90999999999998
04,120245380137820707,ACTIVE,500,38.71,1145,32,28,2,1,56.9
04,120244745582820125,ACTIVE,300,38.36,1010,17,17,1,0,0
04,120246785226280564,ACTIVE,300,38.26,1492,31,33,2,0,0
04,120249081135480577,ACTIVE,100,37.629999999999995,669,27,25,2,1,28.98
04,120247993581120462,PAUSED,104,37.55,505,17,16,0,0,0
04,120246007921740320,ACTIVE,212,37.53,1297,33,33,4,4,230.73
04,120246396470250674,ACTIVE,200,37.42,715,19,23,2,1,29.979999999999997
04,120246259925420674,ACTIVE,200,37.4,736,25,22,1,1,46.23
04,120249178585030725,ACTIVE,100,37.31,2373,38,31,1,0,0
04,120244995599860686,ACTIVE,100,36.89,337,6,7,0,0,0
04,120254529951930197,ACTIVE,100,36.57,462,16,15,2,1,66.21000000000001
04,120244995263710686,PAUSED,100,36.46,368,5,7,1,0,0
04,120250413795050709,ACTIVE,300,36.230000000000004,655,17,19,2,2,55.96
04,120245124096920686,ACTIVE,80,36.03,1434,39,38,1,0,0
04,120246396470350674,ACTIVE,100,35.9,809,30,33,0,0,0
04,120246191098970320,ACTIVE,120,35.68,885,27,20,2,1,82.02
04,120247136451350725,ACTIVE,100,35.52,1250,37,34,5,4,193.88
04,120248056801410561,ACTIVE,260,35.35,951,27,30,1,0,0
04,120245622959630630,ACTIVE,94,35.160000000000004,715,22,23,3,2,65.95
04,120245554821660177,ACTIVE,100,34.91,666,21,16,1,0,0
04,120248536187780100,ACTIVE,300,34.699999999999996,929,36,33,4,0,0
04,120247616942850561,ACTIVE,300,34.55,1072,31,31,1,1,57.96
04,120245859755050173,ACTIVE,80,34.47,891,32,33,4,3,182.72
04,120244880653330686,ACTIVE,50,34.33,673,21,21,5,2,59.959999999999994
04,120243753190540054,ACTIVE,200,34.09,879,25,23,3,2,146.42
04,120247175023780065,ACTIVE,152,34.02,750,19,21,2,1,85.15
04,120248965302070064,ACTIVE,500,33.94,569,27,24,1,1,41.98
04,120247728967360642,ACTIVE,61,33.91,813,8,11,0,0,0
04,120247970574990126,ACTIVE,80,33.56,635,9,17,2,2,81.2
04,120246533502350368,ACTIVE,211,33.53,1089,15,15,2,0,0
04,120247558121530065,PAUSED,94,33.43,725,24,22,2,0,0
04,120247013051330065,ACTIVE,50,33,738,16,20,0,0,0
04,120248056801340561,ACTIVE,260,32.81,814,36,36,6,3,108.91
04,120243951377020125,ACTIVE,80,32.67,600,16,18,1,1,69.72
04,120247901344790425,ACTIVE,300,32.64,761,18,16,1,1,69.67
04,120250905694920651,ACTIVE,200,32.41,846,23,28,2,2,104
04,120245124074660686,ACTIVE,80,32.33,1418,39,42,2,0,0
04,120247678231050065,PAUSED,93,32.31,752,21,21,2,0,0
04,120244242496990780,ACTIVE,200,32.260000000000005,620,21,23,2,2,67.95
04,120247479685940389,ACTIVE,100,32.15,794,19,18,3,1,48.72
04,120246710213420090,ACTIVE,455,32.14,990,33,44,3,2,99.33
04,120244965177330686,PAUSED,80,32.09,484,10,10,0,0,0
04,120243986595710788,ACTIVE,50,32.019999999999996,431,3,10,0,0,0
04,120248429995370229,ACTIVE,124,31.87,889,24,23,1,0,0
04,120244360843810065,ACTIVE,135,31.72,812,25,22,2,2,79.49
04,120251919170720054,ACTIVE,100,31.66,484,7,8,1,0,0
04,120249286682560368,ACTIVE,337,31.390000000000004,1025,19,21,1,0,0
04,120248085583180127,ACTIVE,100,31.37,279,7,9,1,1,60.46999999999999
04,120243482214180129,ACTIVE,300,31.37,971,28,30,3,2,108.46000000000001
04,120246947981930126,ACTIVE,80,31.35,690,14,12,2,0,0
04,120249013372050100,PAUSED,64,31.34,526,14,13,0,0,0
04,120245435760750780,ACTIVE,200,31.259999999999998,402,11,10,3,3,92.92999999999999
04,120244581811200686,ACTIVE,80,31.16,591,21,19,5,4,141.15999999999997
04,120243335632250705,ACTIVE,200,31.080000000000002,547,15,18,3,1,51.22
04,120247139572780564,ACTIVE,350,31.07,702,16,16,2,0,0
04,120244349822900686,ACTIVE,100,30.89,467,12,14,1,1,71.21
04,120248698800650127,ACTIVE,100,30.699999999999996,346,23,23,2,1,60.47
04,120243458344350129,ACTIVE,600,30.68,945,22,24,3,4,248.4
04,120243831461540146,ACTIVE,200,30.64,1153,21,19,1,0,0
04,120248523442100229,ACTIVE,94,30.58,484,20,24,2,0,0
04,120248364287170127,ACTIVE,100,30.54,290,18,21,1,0,0
04,120245650683780674,ACTIVE,100,30.53,465,19,19,0,0,0
04,120244017128390686,ACTIVE,50,30.26,601,21,22,1,0,0
04,120251910136180054,ACTIVE,107,30.119999999999997,558,8,11,1,0,0
04,120247487024380065,PAUSED,100,30.110000000000003,429,9,8,0,0,0
04,120247558121560065,ACTIVE,94,30.060000000000002,760,25,31,4,1,49.51
04,120243734745460129,ACTIVE,300,30.020000000000003,945,35,32,3,1,66.47999999999999
04,120248248634970455,ACTIVE,132,30,499,18,14,1,0,0
04,120246791587200455,ACTIVE,307,29.880000000000003,344,25,30,3,2,95.36
04,120245899907660065,ACTIVE,115,29.83,517,15,17,3,1,49.52
04,120251239771420586,ACTIVE,100,29.72,1206,0,34,2,1,28.979999999999997
04,120245686749070320,ACTIVE,200,29.700000000000003,941,26,27,2,1,143.06
04,120248085583660127,ACTIVE,100,29.61,348,13,14,0,0,0
04,120245205425940677,ACTIVE,50,29.53,741,11,14,1,0,0
04,120245622959400630,ACTIVE,94,29.520000000000003,655,19,20,1,1,40.97
04,120249062217790019,ACTIVE,225,29.52,463,19,15,3,2,81.2
04,120247954410960425,PAUSED,69,29.509999999999998,553,19,19,2,0,0
04,120248124018900425,PAUSED,135,29.500000000000004,443,14,10,0,0,0
04,120243602902170032,ACTIVE,200,29.38,815,18,19,4,2,74.54
04,120246178764690752,ACTIVE,100,29.37,687,14,13,3,1,40.970000000000006
04,120247184054680509,ACTIVE,170,29.25,519,17,19,3,2,97.87
04,120245899907890065,ACTIVE,115,29.07,657,24,28,3,1,29.98
04,120243928954880129,ACTIVE,300,28.830000000000002,844,29,32,2,2,132.95999999999998
04,120244995090060686,ACTIVE,100,28.8,343,9,10,0,0,0
04,120245833631150707,ACTIVE,300,28.79,610,20,26,4,0,0
04,120248880534940100,PAUSED,50,28.68,548,15,13,4,0,0
04,120246588746810090,ACTIVE,140,28.66,627,20,20,5,4,156.38
04,120247199911460090,ACTIVE,122,28.630000000000003,638,25,23,2,1,62.39000000000001
04,120248893532100100,ACTIVE,300,28.35,777,22,28,2,1,102.12
04,120247148756590731,ACTIVE,80,28.259999999999998,241,13,13,1,1,88.3
04,120247107054620509,ACTIVE,200,28.02,668,12,14,0,0,0
04,120246396517520674,ACTIVE,200,27.92,711,15,17,2,1,29.979999999999997
04,120247534964830642,ACTIVE,76,27.89,690,18,17,1,0,0
04,120245848127430707,ACTIVE,300,27.83,765,29,29,1,0,0
04,120243844678990129,ACTIVE,300,27.68,731,22,26,4,2,162.7
04,120244963455410686,ACTIVE,200,27.65,448,13,15,2,1,71.21000000000001
04,120249120674110404,ACTIVE,300,27.62,592,15,14,1,0,0
04,120244823852370686,ACTIVE,50,27.59,477,15,13,2,2,102.44
04,120248922585490210,ACTIVE,200,27.589999999999996,752,12,18,2,1,41.98
04,120246070715810752,ACTIVE,169,27.509999999999998,836,29,31,2,1,24.98
04,120242694742870146,ACTIVE,292,27.509999999999998,721,20,22,2,0,0
04,120247282176200431,ACTIVE,150,27.5,489,14,13,1,0,0
04,120249179840870725,ACTIVE,100,27.400000000000002,746,18,21,4,1,68.56
04,120246962698770090,ACTIVE,325,27.369999999999997,654,29,31,4,1,36.94
04,120248248635000455,ACTIVE,132,27.34,564,23,23,1,1,60.41
04,120245460221520177,ACTIVE,100,27.290000000000003,480,26,24,3,2,81.19999999999999
04,120249179865040725,ACTIVE,100,26.9,755,9,11,0,0,0
04,120244428953860686,ACTIVE,100,26.76,580,18,20,3,3,132.42
04,120254529951780197,ACTIVE,100,26.74,451,9,9,1,0,0
04,120247061936980509,ACTIVE,200,26.67,934,17,17,0,0,0
04,120246107483730752,ACTIVE,100,26.66,549,13,16,3,2,79.91999999999999
04,120247479945600065,ACTIVE,300,26.65,674,14,15,0,0,0
04,120247890133980642,ACTIVE,124,26.54,719,19,17,1,1,92.3
04,120244194695070177,ACTIVE,100,26.529999999999998,578,20,19,3,1,29.98
04,120246178127590241,ACTIVE,150,26.5,1372,23,21,1,0,0
04,120251916632010054,ACTIVE,100,26.470000000000002,414,4,6,1,0,0
04,120246242129020477,ACTIVE,100,26.45,452,11,14,0,0,0
04,120247322669120509,ACTIVE,200,26.33,1016,32,34,4,2,68.96000000000001
04,120246286465380752,ACTIVE,100,26.249999999999996,599,17,21,4,0,0
04,120246178929760752,ACTIVE,100,26.22,581,20,20,3,0,0
04,120245514271740065,ACTIVE,115,26.2,537,25,34,3,1,49.52
04,120245514271720065,ACTIVE,115,26.060000000000002,585,28,26,1,1,49.510000000000005
04,120245124026530686,ACTIVE,80,25.9,490,27,25,4,4,162.4
04,120242847129030686,ACTIVE,50,25.880000000000003,594,10,11,2,1,51.22
04,120244480112510436,ACTIVE,78,25.86,961,22,16,2,0,0
04,120245232977300320,ACTIVE,143,25.85,909,19,22,3,2,117.54
04,120243948553180686,ACTIVE,80,25.79,400,11,13,0,0,0
04,120245251316060477,PAUSED,100,25.77,381,8,9,1,0,0
04,120247322861560509,ACTIVE,200,25.709999999999997,945,27,27,0,0,0
04,120243508760940146,ACTIVE,286,25.689999999999998,549,8,7,0,0,0
04,120246184128390674,ACTIVE,100,25.68,440,11,11,0,0,0
04,120249115231040100,ACTIVE,50,25.6,686,16,20,2,1,52.56
04,120246250177610320,ACTIVE,110,25.58,620,14,13,0,0,0
04,120247199911470090,ACTIVE,122,25.539999999999996,649,12,13,0,0,0
04,120248064259890425,ACTIVE,100,25.4,353,13,11,0,0,0
04,120248512806040048,ACTIVE,100,25.31,405,19,19,1,1,34.980000000000004
04,120246850329040065,ACTIVE,100,25.3,666,29,27,5,3,165.79999999999998
04,120248318268940152,ACTIVE,200,25.28,852,15,13,2,1,46.980000000000004
04,120247890133910642,ACTIVE,124,25.27,573,5,7,1,1,65.94999999999999
04,120246666161080477,ACTIVE,100,25.200000000000003,226,6,5,1,1,29.98
04,120251769553070054,ACTIVE,73,24.990000000000002,566,14,12,2,2,63.96000000000001
04,120248430355980229,ACTIVE,200,24.950000000000003,679,17,16,1,0,0
04,120247678231030065,PAUSED,93,24.95,501,14,13,0,0,0
04,120248621604700283,ACTIVE,200,24.89,446,15,16,2,0,0
04,120249347498580100,PAUSED,91,24.89,356,9,8,0,0,0
04,120248288633270389,ACTIVE,81,24.810000000000002,676,30,24,5,4,150.06
04,120245124561470686,ACTIVE,80,24.76,352,8,8,0,0,0
04,120249151139280057,ACTIVE,100,24.67,359,13,14,0,0,0
04,120245583667780533,ACTIVE,66,24.64,550,13,12,0,0,0
04,120248199130120168,ACTIVE,90,24.59,463,14,13,0,0,0
04,120248698801690127,ACTIVE,100,24.42,296,21,20,2,1,34.98
04,120246828454030629,ACTIVE,300,24.380000000000003,612,26,27,3,2,153.28
04,120245241360310455,ACTIVE,146,24.36,1022,13,11,0,0,0
04,120247890206850725,ACTIVE,100,24.23,840,26,27,2,1,49.37
04,120241671273870455,ACTIVE,212,24.16,607,27,24,2,2,144.78
04,120244823852300686,ACTIVE,50,24.150000000000002,437,11,12,1,0,0
04,120245987169440477,PAUSED,100,24.07,318,10,8,1,0,0
04,120248923493180565,ACTIVE,80,24.04,244,12,12,4,1,29.979999999999997
04,120248072969230389,PAUSED,62,23.98,766,14,11,0,0,0
04,120255653285300586,ACTIVE,50,23.900000000000002,452,15,12,2,1,28.98
04,120249347498540100,ACTIVE,91,23.569999999999997,498,11,14,1,1,52.56
04,120244389916660436,ACTIVE,155,23.55,1039,22,25,1,0,0
04,120245124561510686,ACTIVE,80,23.52,422,15,15,2,1,29.98
04,120246870229730642,ACTIVE,62,23.04,486,9,9,0,0,0
04,120248180636520589,ACTIVE,100,22.97,612,15,15,1,1,49.52
04,120247193573040509,ACTIVE,200,22.93,987,14,17,2,2,121.58999999999999
04,120246382556450462,ACTIVE,195,22.82,481,13,15,1,1,57.98
04,120249366225680100,ACTIVE,100,22.82,451,13,12,2,1,52.56
04,120246191098790320,ACTIVE,120,22.81,604,23,21,2,1,34.07
04,120244428953840686,ACTIVE,50,22.71,495,13,15,0,1,89.95
04,120246220421900725,ACTIVE,200,22.7,731,13,13,1,0,0
04,120247228100240725,ACTIVE,100,22.68,1378,18,24,1,0,0
04,120240258763950179,ACTIVE,140,22.68,766,17,18,0,0,0
04,120248889583930116,ACTIVE,90,22.66,316,9,9,0,0,0
04,120247453928360065,ACTIVE,94,22.51,584,7,10,0,0,0
04,120247541912960469,ACTIVE,80,22.490000000000002,532,10,11,1,1,49.37
04,120244634571550678,ACTIVE,105,22.46,491,6,6,1,1,57.98
04,120245931951140650,ACTIVE,100,22.45,251,7,8,0,0,0
04,120243458900420436,ACTIVE,100,22.390000000000004,909,25,22,2,0,0
04,120244618043630436,ACTIVE,100,22.39,822,35,35,2,1,68.22999999999999
04,120246668180150731,ACTIVE,100,22.259999999999998,260,6,10,1,0,0
04,120248017013520389,ACTIVE,50,22.13,722,28,26,2,0,0
04,120244794017770320,ACTIVE,120,22.04,895,14,13,3,2,117.53999999999999
04,120248072969470389,ACTIVE,56,22.020000000000003,679,23,28,3,0,0
04,120243466971930678,ACTIVE,200,21.869999999999997,521,15,18,2,0,0
04,120249222913600100,ACTIVE,91,21.82,629,20,22,2,1,52.56
04,120244761350620455,ACTIVE,135,21.78,776,15,16,2,1,60.41
04,120244079033450320,ACTIVE,120,21.740000000000002,929,22,23,1,0,0
04,120245057027780564,ACTIVE,190,21.66,957,17,20,1,1,69.72
04,120257220181140586,ACTIVE,50,21.650000000000002,764,10,8,1,0,0
04,120248539381110725,ACTIVE,200,21.509999999999998,406,10,14,1,1,49.37
04,120244504303760686,ACTIVE,80,21.49,516,8,8,0,0,0
04,120245964184870707,ACTIVE,101,21.44,379,12,11,2,2,151.48
04,120245329462560320,ACTIVE,200,21.41,590,16,12,0,0,0
04,120247322946650509,ACTIVE,200,21.29,839,17,21,2,0,0
04,120244581454670686,ACTIVE,50,21.18,311,7,7,0,0,0
04,120247866597100389,ACTIVE,100,21.130000000000003,686,29,27,3,0,0
04,120251692404070054,ACTIVE,78,21,495,13,13,1,1,53.22
04,120244486414960436,ACTIVE,100,21,576,15,13,0,0,0
04,120243772020840146,ACTIVE,100,20.95,516,20,16,1,0,0
04,120246191098590320,ACTIVE,120,20.880000000000003,688,23,24,1,1,82.02
04,120250139873910577,ACTIVE,100,20.880000000000003,457,7,13,1,0,0
04,120246286382660752,ACTIVE,100,20.869999999999997,445,9,10,1,1,24.98
04,120246624884480455,ACTIVE,122,20.83,628,8,8,0,0,0
04,120247059116570175,PAUSED,87,20.82,659,12,12,1,0,0
04,120249222913640100,ACTIVE,91,20.770000000000003,507,16,16,1,1,52.56
04,120247921074920168,ACTIVE,74,20.73,570,9,10,0,0,0
04,120245205078130630,ACTIVE,80,20.67,686,10,13,3,0,0
04,120250066594120577,ACTIVE,100,20.67,374,15,14,2,2,147.99
04,120247370270380509,ACTIVE,101,20.64,892,17,18,0,0,0
04,120245931951070650,ACTIVE,100,20.630000000000003,239,10,11,1,2,167.92
04,120248270609930152,ACTIVE,100,20.61,980,11,14,0,0,0
04,120249352629920127,ACTIVE,100,20.6,303,15,16,1,0,0
04,120245999879420097,ACTIVE,150,20.580000000000002,594,14,17,0,0,0
04,120246599890040214,ACTIVE,120,20.580000000000002,314,5,6,2,2,85.9
04,120250554304290404,ACTIVE,200,20.57,333,18,17,1,0,0
04,120248082904020663,ACTIVE,150,20.55,319,15,15,1,1,66.02
04,120248299218010431,ACTIVE,130,20.4,360,8,8,2,1,28.979999999999997
04,120247705045190564,ACTIVE,165,20.369999999999997,667,16,14,0,0,0
04,120245825367300533,ACTIVE,100,20.339999999999996,563,14,11,0,0,0
04,120246471244780065,ACTIVE,135,20.330000000000002,650,22,25,1,0,0
04,120251769553160054,ACTIVE,92,20.32,486,11,12,0,0,0
04,120247370270360509,ACTIVE,101,20.25,844,17,17,1,1,37.98
04,120246338142390241,ACTIVE,109,20.22,895,15,13,1,0,0
04,120246804547700175,ACTIVE,60,20.19,825,12,16,0,0,0
04,120246733854770065,ACTIVE,80,20.14,384,17,13,0,0,0
04,120251940198120054,ACTIVE,100,20.130000000000003,299,5,7,1,0,0
04,120248056978460544,ACTIVE,150,20.11,599,7,7,2,2,75.5
04,120246465927950677,ACTIVE,100,20.04,443,3,3,0,0,0
04,120246733901990065,ACTIVE,80,20.009999999999998,458,11,11,1,0,0
04,120244825046600686,ACTIVE,80,19.89,375,9,11,2,1,29.980000000000004
04,120246191098540320,ACTIVE,120,19.86,655,17,15,1,0,0
04,120247084134340065,ACTIVE,100,19.77,355,19,18,3,2,59.96
04,120247547642310642,ACTIVE,340,19.700000000000003,385,10,12,1,1,65.95
04,120243840045560129,ACTIVE,100,19.7,529,14,14,0,0,0
04,120247865520180544,ACTIVE,80,19.68,378,12,10,1,1,27.98
04,120247059116590175,PAUSED,87,19.669999999999998,518,15,13,1,0,0
04,120245617791190630,ACTIVE,74,19.6,627,16,16,2,1,29.98
04,120246733877000065,ACTIVE,80,19.59,322,7,6,1,0,0
04,120246250745230674,ACTIVE,100,19.47,470,7,9,1,0,0
04,120243734745510129,ACTIVE,100,19.46,723,8,11,1,0,0
04,120246887885530090,ACTIVE,50,19.46,405,11,14,1,0,0
04,120247823215090168,ACTIVE,100,19.400000000000002,405,9,14,1,1,59.379999999999995
04,120249251074290319,ACTIVE,120,19.380000000000003,501,5,7,1,1,37
04,120244312405140436,ACTIVE,100,19.349999999999998,664,23,22,1,1,99.72
04,120245610768940032,ACTIVE,200,19.3,397,13,17,1,0,0
04,120244083558180146,ACTIVE,100,19.240000000000002,471,21,19,4,2,117.20000000000002
04,120246399807540674,ACTIVE,142,19.21,562,17,18,2,0,0
04,120248974670480019,ACTIVE,80,19.16,267,6,6,1,0,0
04,120243593808880146,ACTIVE,100,19.130000000000003,614,24,25,6,2,117.19000000000001
04,120247950274740126,ACTIVE,90,19.08,486,14,15,3,1,29.980000000000004
04,120243840045620129,ACTIVE,300,19.05,495,20,22,2,1,66.48
04,120246374707600097,ACTIVE,110,18.97,584,14,15,0,0,0
04,120246377047690097,ACTIVE,150,18.96,826,15,20,2,0,0
04,120246011193300707,ACTIVE,50,18.939999999999998,430,14,13,0,0,0
04,120247293642140642,ACTIVE,120,18.83,355,6,4,1,1,92.3
04,120245381315950677,ACTIVE,50,18.8,697,6,8,1,0,0
04,120246867532700629,ACTIVE,50,18.74,392,17,14,2,0,0
04,120246219805000241,ACTIVE,150,18.66,459,12,12,0,0,0
04,120243734466660129,ACTIVE,100,18.650000000000002,503,17,18,1,0,0
04,120248974670400019,ACTIVE,80,18.6,332,15,15,0,0,0
04,120246250177540320,ACTIVE,110,18.59,565,12,14,0,0,0
04,120247149106470731,ACTIVE,80,18.57,247,5,6,1,1,60.39
04,120247467569900455,ACTIVE,50,18.51,554,16,12,0,0,0
04,120246770835970175,ACTIVE,110,18.490000000000002,509,12,10,1,0,0
04,120245500027320032,ACTIVE,100,18.479999999999997,506,21,20,1,0,0
04,120249179865340725,ACTIVE,100,18.24,428,10,7,2,2,135.92000000000002
04,120248596343100048,ACTIVE,100,18.2,177,11,13,2,1,34.98
04,120246412451290629,ACTIVE,50,18.11,443,14,15,1,0,0
04,120246415849650214,ACTIVE,160,18.09,245,10,9,2,2,102.87
04,120248288633070389,PAUSED,81,18,520,12,9,1,0,0
04,120244083558220146,ACTIVE,100,18,599,20,24,4,2,117.19999999999999
04,120246471244730065,ACTIVE,135,17.95,632,20,22,0,0,0
04,120248162820950389,ACTIVE,100,17.9,553,30,31,5,1,37.05
04,120243458344240129,ACTIVE,100,17.89,727,12,7,0,0,0
04,120246069254050470,ACTIVE,98,17.89,544,9,9,2,1,183.47
04,120248960171180100,ACTIVE,300,17.84,496,15,12,1,0,0
04,120247275556550642,ACTIVE,50,17.81,594,13,14,0,0,0
04,120245685799910707,ACTIVE,50,17.79,333,10,11,0,0,0
04,120246007921720320,ACTIVE,159,17.61,444,11,11,1,1,34.07
04,120245583666590533,ACTIVE,50,17.59,634,14,16,0,0,0
04,120247482195350544,ACTIVE,74,17.58,339,6,6,2,2,93.89
04,120248289243870469,ACTIVE,80,17.57,282,3,3,0,0,0
04,120247645229990642,ACTIVE,121,17.529999999999998,752,10,11,1,0,0
04,120246733876960065,ACTIVE,80,17.52,394,18,23,2,1,29.98
04,120248923191120589,ACTIVE,50,17.509999999999998,280,6,23,3,2,134.65
04,120244177553830678,ACTIVE,100,17.42,429,13,10,2,1,39.98
04,120246985821510043,ACTIVE,70,17.389999999999997,189,4,8,0,0,0
04,120248045548240425,ACTIVE,136,17.22,390,9,10,0,0,0
04,120247605280040425,ACTIVE,200,17.07,440,12,12,1,1,39.98
04,120248359442970589,ACTIVE,300,17.04,516,8,6,1,0,0
04,120251014701600404,ACTIVE,50,17.03,191,4,5,1,1,74.94
04,120254284171910197,ACTIVE,100,17.02,364,12,11,1,0,0
04,120247995051750695,ACTIVE,93,17,556,3,6,0,0,0
04,120246733854740065,ACTIVE,80,16.990000000000002,376,10,11,2,0,0
04,120245825263430533,ACTIVE,100,16.94,477,12,17,2,0,0
04,120249179367710725,ACTIVE,100,16.83,297,5,10,1,1,49.37
04,120246946458510629,ACTIVE,128,16.8,518,11,12,3,0,0
04,120246733902040065,ACTIVE,80,16.769999999999996,351,14,15,2,1,49.519999999999996
04,120249179002100725,ACTIVE,100,16.66,342,3,6,0,0,0
04,120246024108390751,ACTIVE,355,16.52,376,8,12,2,1,38.269999999999996
04,120244486723120436,ACTIVE,100,16.48,421,11,10,1,0,0
04,120246819645500629,ACTIVE,100,16.46,360,8,9,0,1,63.91
04,120245049415260032,ACTIVE,100,16.39,429,13,11,0,0,0
04,120246506737780126,ACTIVE,80,16.39,293,7,8,0,0,0
04,120249179840900725,ACTIVE,100,16.369999999999997,393,6,8,2,1,86.55
04,120248204881090455,ACTIVE,135,16.35,347,8,8,1,1,106.83
04,120247547590960642,ACTIVE,200,16.3,461,8,11,0,0,0
04,120248159215810389,PAUSED,79,16.28,391,15,12,1,0,0
04,120251150600140210,ACTIVE,117,16.240000000000002,423,12,12,0,0,0
04,120247866680710389,ACTIVE,100,16.22,386,9,9,1,0,0
04,120250139945670577,ACTIVE,100,16.21,303,14,10,1,0,0
04,120248224809960389,PAUSED,80,16.17,628,24,19,5,0,0
04,120245119189080630,ACTIVE,111,16.17,449,14,17,1,1,29.979999999999997
04,120254368844950197,ACTIVE,100,16.169999999999998,268,5,6,0,0,0
04,120244486325980436,ACTIVE,100,16.13,510,14,18,3,1,41.98
04,120246286557160752,ACTIVE,100,16.09,382,10,9,4,3,90.93
04,120249179367830725,ACTIVE,100,16.09,297,5,7,1,1,146.51
04,120248774488970725,ACTIVE,100,16.08,414,18,17,1,0,0
04,120247073165120090,ACTIVE,223,15.93,342,15,18,2,1,36.94
04,120245124074630686,ACTIVE,80,15.91,287,8,7,2,1,29.98
04,120243071308620125,ACTIVE,100,15.85,493,8,8,0,0,0
04,120247390339080509,ACTIVE,100,15.78,434,8,9,0,1,36.47
04,120249178308050725,ACTIVE,100,15.71,328,5,8,0,0,0
04,120249179811790725,ACTIVE,100,15.700000000000001,476,6,9,0,0,0
04,120246560566740477,ACTIVE,90,15.66,335,10,11,2,2,59.96
04,120248556140990663,ACTIVE,200,15.620000000000001,246,10,11,0,0,0
04,120244965177310686,ACTIVE,80,15.469999999999999,254,4,6,1,0,0
04,120254368844920197,ACTIVE,70,15.44,290,9,14,1,1,46.23
04,120250005173420404,ACTIVE,74,15.41,320,10,7,0,0,0
04,120247858934130544,ACTIVE,108,15.39,291,12,10,2,1,27.98
04,120246488525160097,PAUSED,100,15.350000000000001,560,11,10,0,0,0
04,120247453929680065,ACTIVE,94,15.329999999999998,402,6,8,2,1,49.52
04,120247412626780168,ACTIVE,100,15.3,440,9,7,0,0,0
04,120244761582650436,ACTIVE,100,15.23,543,22,23,0,0,0
04,120246559951150097,ACTIVE,80,15.17,478,13,13,0,0,0
04,120247378425210561,ACTIVE,80,15.169999999999998,449,11,13,1,0,0
04,120243929504820146,ACTIVE,100,15.09,444,8,4,1,0,0
04,120243928955960129,ACTIVE,100,14.940000000000001,463,8,10,0,0,0
04,120249179003180725,ACTIVE,100,14.91,298,6,7,1,1,49.37
04,120246178825710752,ACTIVE,100,14.9,319,12,10,2,1,40.97
04,120244691045040320,ACTIVE,120,14.88,612,6,7,0,0,0
04,120245535022630455,ACTIVE,132,14.86,208,8,11,2,2,213.68
04,120247526522450425,ACTIVE,100,14.86,288,9,9,1,0,0
04,120243929504970146,ACTIVE,100,14.809999999999999,406,6,5,0,0,0
04,120246522442100677,ACTIVE,100,14.77,340,3,3,0,0,0
04,120246488537710097,PAUSED,80,14.76,392,8,8,0,0,0
04,120247124966150090,ACTIVE,119,14.71,259,13,14,1,0,0
04,120245842698410677,PAUSED,100,14.700000000000001,451,6,5,0,0,0
04,120245298343980752,ACTIVE,100,14.69,299,8,8,0,0,0
04,120245923045620168,ACTIVE,100,14.66,275,10,13,2,0,0
04,120247058049910303,ACTIVE,120,14.61,270,13,14,0,0,0
04,120246875435580731,ACTIVE,100,14.61,146,1,5,0,0,0
04,120250691304360722,ACTIVE,40,14.56,208,2,2,0,0,0
04,120246270030590320,ACTIVE,120,14.56,353,4,4,0,0,0
04,120245124052890686,ACTIVE,80,14.52,241,4,5,3,2,102.44
04,120248138150990469,ACTIVE,80,14.509999999999998,197,0,1,0,0,0
04,120248429995310229,ACTIVE,65,14.489999999999998,305,14,16,1,1,40.97
04,120245911260540650,ACTIVE,120,14.459999999999999,180,5,5,1,1,61.57
04,120246522937100677,ACTIVE,100,14.43,359,5,5,1,0,0
04,120245306349070462,ACTIVE,100,14.43,356,12,11,0,0,0
04,120249228293700589,ACTIVE,100,14.419999999999998,85,3,3,0,0,0
04,120243593315080146,ACTIVE,233,14.39,321,6,5,1,1,75.21
04,120246465900910677,ACTIVE,100,14.389999999999999,342,8,5,1,1,96.41
04,120244505803880686,ACTIVE,80,14.36,310,9,7,1,1,29.98
04,120246599961620214,ACTIVE,200,14.36,269,8,6,0,0,0
04,120247802943620389,ACTIVE,100,14.31,561,12,14,0,0,0
04,120247390339020509,ACTIVE,100,14.309999999999999,477,7,11,1,0,0
04,120245623471490177,ACTIVE,100,14.219999999999999,251,9,11,2,2,59.96
04,120244165647870788,ACTIVE,50,14.200000000000001,242,5,4,0,0,0
04,120235701428400210,ACTIVE,200,14.190000000000001,352,10,10,2,2,139.94
04,120244566548030788,ACTIVE,135,14.18,266,10,10,2,0,0
04,120245847712420650,ACTIVE,114,14.14,164,4,4,0,0,0
04,120247591966310642,ACTIVE,100,14.09,476,8,7,1,0,0
04,120247267370990509,ACTIVE,100,14.04,284,11,12,1,0,0
04,120248414403410695,ACTIVE,150,14.010000000000002,443,5,5,0,0,0
04,120244566387920788,ACTIVE,50,13.98,258,7,6,0,0,0
04,120249872725020651,ACTIVE,80,13.89,248,5,6,1,0,0
04,120235336090360210,ACTIVE,200,13.85,278,4,5,0,0,0
04,120245541619240177,ACTIVE,100,13.84,214,12,9,1,1,51.21
04,120246559951040097,PAUSED,80,13.82,338,8,6,0,0,0
04,120246226742380674,ACTIVE,120,13.819999999999999,378,8,8,0,0,0
04,120247367947390509,ACTIVE,100,13.8,574,7,7,0,0,0
04,120248299218060431,ACTIVE,130,13.8,260,9,9,1,1,48.17
04,120247367947350509,ACTIVE,100,13.73,397,6,5,0,0,0
04,120247485225890126,ACTIVE,80,13.71,298,7,8,0,0,0
04,120246522122340677,ACTIVE,100,13.66,314,2,2,0,0,0
04,120247365730510509,ACTIVE,100,13.52,474,9,10,1,1,34.980000000000004
04,120247615799520561,ACTIVE,50,13.5,219,10,9,0,0,0
04,120249088233310651,ACTIVE,80,13.5,284,4,9,1,1,37.980000000000004
04,120248802175730319,ACTIVE,120,13.47,294,4,7,1,0,0
04,120248056801430561,ACTIVE,60,13.420000000000002,289,11,13,1,1,57.94
04,120247365755990509,ACTIVE,100,13.42,513,11,10,1,0,0
04,6968638622626,ACTIVE,50,13.39,261,7,7,1,0,0
04,120248980523880019,ACTIVE,50,13.389999999999999,214,13,13,0,0,0
04,120244749895840686,ACTIVE,80,13.38,215,9,10,0,0,0
04,120243063569770146,ACTIVE,100,13.379999999999999,443,12,13,2,1,75.21
04,120247238927160043,ACTIVE,70,13.34,211,12,11,1,1,27.98
04,120249179811830725,ACTIVE,100,13.309999999999999,432,9,10,1,1,86.55
04,120247504003780425,ACTIVE,122,13.26,209,3,3,0,0,0
04,120247238880210043,ACTIVE,70,13.24,218,12,14,1,0,0
04,120248069068060469,ACTIVE,80,13.170000000000002,314,5,6,2,0,0
04,120245823079650320,ACTIVE,100,13.14,409,8,7,1,1,58.77
04,120248923191070589,ACTIVE,100,13.02,294,8,7,0,0,0
04,120248958916870100,ACTIVE,100,13.010000000000002,247,7,9,2,0,0
04,120245097017710677,ACTIVE,100,12.99,321,6,5,0,0,0
04,120243507783580146,ACTIVE,100,12.97,332,5,6,0,0,0
04,120244164847370788,PAUSED,85,12.95,276,4,3,0,0,0
04,120247130849060090,PAUSED,50,12.95,142,5,6,0,0,0
04,120247728967380642,ACTIVE,122,12.9,398,6,6,0,0,0
04,120247570572060455,ACTIVE,100,12.85,651,12,10,0,0,0
04,120244505718600686,ACTIVE,80,12.830000000000002,166,8,7,0,0,0
04,120248176825100455,ACTIVE,131,12.81,284,9,12,1,0,0
04,120247365756650509,ACTIVE,100,12.76,495,7,9,0,0,0
04,120242700474080358,ACTIVE,100,12.75,274,11,11,1,1,28.979999999999997
04,120246447361050303,ACTIVE,120,12.73,313,15,14,0,0,0
04,120246570408620477,ACTIVE,100,12.71,290,7,5,0,0,0
04,120247391144450509,ACTIVE,100,12.7,403,8,7,0,0,0
04,120245750558170707,ACTIVE,100,12.59,263,10,13,0,0,0
04,120243065943950146,ACTIVE,150,12.57,293,6,7,0,0,0
04,120244566743750788,ACTIVE,50,12.51,218,6,6,0,0,0
04,120249533650900019,ACTIVE,50,12.469999999999999,187,6,6,1,0,0
04,120245651364090303,ACTIVE,80,12.459999999999999,225,9,9,2,0,0
04,120249366225440100,ACTIVE,100,12.44,352,6,10,3,1,38.17
04,120257559013710586,ACTIVE,30,12.379999999999999,302,5,4,0,0,0
04,120246902634980175,ACTIVE,86,12.29,339,5,6,0,0,0
04,120249533679040019,ACTIVE,50,12.23,221,14,14,2,0,0
04,120240679404390629,ACTIVE,400,12.23,336,5,10,1,0,0
04,120243465250350705,ACTIVE,80,12.22,215,10,10,0,0,0
04,120254284171970197,ACTIVE,100,12.190000000000001,183,9,10,1,0,0
04,120242376497180436,ACTIVE,100,12.16,419,3,7,0,0,0
04,120247970574920126,ACTIVE,80,12.1,231,7,7,3,3,152.40999999999997
04,120245213356490125,ACTIVE,80,12.1,263,4,4,0,0,0
04,120246031764260509,ACTIVE,100,12.08,453,5,5,0,0,0
04,120244793522550320,ACTIVE,120,12.059999999999999,375,2,3,1,0,0
04,120249228181020589,ACTIVE,100,12.01,112,5,5,0,0,0
04,120248596343190048,ACTIVE,100,11.99,177,7,5,0,0,0
04,120246459062250674,ACTIVE,110,11.85,315,6,7,0,0,0
04,120247238927080043,ACTIVE,70,11.780000000000001,197,7,8,1,0,0
04,120250057581290368,ACTIVE,136,11.74,438,0,4,0,0,0
04,120242776941930146,ACTIVE,100,11.739999999999998,235,4,5,1,1,41.98
04,120243205951310642,ACTIVE,100,11.67,492,7,8,1,0,0
04,120244014492430146,ACTIVE,100,11.48,331,6,8,0,0,0
04,120251692403590054,ACTIVE,73,11.46,245,4,5,1,0,0
04,120249061328590589,ACTIVE,100,11.46,261,4,4,0,0,0
04,120247365730540509,ACTIVE,100,11.42,396,9,11,1,0,0
04,120247365568180509,ACTIVE,100,11.42,429,10,8,2,0,0
04,120246981649870509,ACTIVE,100,11.42,382,7,8,1,0,0
04,120247246948530509,ACTIVE,100,11.39,536,8,7,0,0,0
04,120242700474110358,ACTIVE,100,11.28,286,4,5,0,0,0
04,6993911140695,ACTIVE,100,11.26,198,3,5,0,0,0
04,120248532436300048,ACTIVE,100,11.18,189,12,14,0,0,0
04,120247366315930509,ACTIVE,100,11.18,394,6,5,2,2,129.64
04,120247866400320389,ACTIVE,100,11.17,306,4,8,1,0,0
04,120247245095750509,ACTIVE,300,11.14,494,10,8,1,1,87.46
04,120250691304310722,ACTIVE,40,11.13,193,10,9,0,0,0
04,120246299672700751,ACTIVE,195,11.120000000000001,282,7,9,0,0,0
04,120248764599250589,ACTIVE,100,11.100000000000001,336,10,7,1,1,85.14
04,6993911147495,PAUSED,100,11.1,209,1,1,0,0,0
04,120247365568120509,ACTIVE,100,11.030000000000001,446,12,12,1,0,0
04,120245889270610065,ACTIVE,40,11.02,317,6,5,0,0,0
04,120248204881060455,ACTIVE,135,10.950000000000001,339,7,8,0,0,0
04,120246672624130642,ACTIVE,100,10.93,275,3,2,0,0,0
04,120244014047710146,ACTIVE,100,10.91,324,5,6,1,1,106.71000000000001
04,120244477400200678,ACTIVE,100,10.860000000000001,262,6,7,0,0,0
04,120245920600250032,ACTIVE,100,10.85,296,9,10,0,0,0
04,120245487786100032,ACTIVE,100,10.84,269,7,10,0,0,0
04,120247392329370509,ACTIVE,100,10.82,369,5,6,0,0,0
04,120249265247170651,ACTIVE,80,10.8,233,7,8,0,0,0
04,120246902635090175,ACTIVE,86,10.76,442,6,7,0,0,0
04,120244015116230146,ACTIVE,100,10.75,310,9,5,0,0,0
04,120250922808060054,ACTIVE,100,10.75,210,3,3,0,0,0
04,120244300638070032,ACTIVE,100,10.74,230,4,4,1,1,21.979999999999997
04,120247366316010509,ACTIVE,100,10.72,423,6,5,0,0,0
04,120243211247840146,ACTIVE,100,10.7,374,12,15,3,2,83.96
04,120243316803930436,ACTIVE,100,10.69,385,10,14,0,1,68.23
04,120248338395130283,ACTIVE,100,10.68,215,7,4,0,0,0
04,120247311646990509,ACTIVE,100,10.670000000000002,466,15,11,1,0,0
04,120244418309490436,ACTIVE,100,10.61,380,4,10,0,0,0
04,120246270030620320,ACTIVE,120,10.51,284,0,2,0,0,0
04,120247699025760561,ACTIVE,96,10.48,394,11,8,1,0,0
04,120244566507460788,PAUSED,50,10.479999999999999,194,2,2,0,0,0
04,120246338179300642,ACTIVE,200,10.469999999999999,493,19,17,1,1,37.95
04,120249073800120725,ACTIVE,100,10.43,338,12,10,0,0,0
04,120244915930020436,ACTIVE,100,10.43,354,6,6,0,0,0
04,120249438225460064,ACTIVE,100,10.43,180,4,4,1,0,0
04,120249300729750589,ACTIVE,100,10.420000000000002,291,6,5,2,0,0
04,120251701953330054,ACTIVE,100,10.42,211,6,7,0,0,0
04,120246024108440751,ACTIVE,195,10.41,246,8,10,0,0,0
04,120247391144430509,ACTIVE,100,10.37,351,7,9,1,1,61.97
04,120249283732990100,ACTIVE,90,10.34,238,4,3,1,0,0
04,120247866597170389,ACTIVE,100,10.31,235,13,14,0,0,0
04,120257559013880586,ACTIVE,30,10.290000000000001,289,11,8,1,1,28.98
04,120247061773550509,ACTIVE,100,10.290000000000001,380,6,10,1,1,34.980000000000004
04,120247026467610090,ACTIVE,119,10.26,233,6,6,1,1,86.35000000000001
04,120248892319580365,ACTIVE,100,10.2,239,3,8,0,0,0
04,120247163507460509,ACTIVE,100,10.190000000000001,545,9,10,2,0,0
04,120257487876160586,ACTIVE,50,10.18,206,3,4,1,2,78.35
04,120243142609020146,ACTIVE,100,10.18,156,12,8,0,1,43.720000000000006
04,120250678039650651,ACTIVE,80,10.1,213,5,6,0,0,0
04,120245045578670686,ACTIVE,80,10.1,162,4,3,0,0,0
04,120242907734560129,ACTIVE,150,10.09,251,9,11,0,0,0
04,120247797464010126,ACTIVE,80,10.05,230,5,5,1,1,46.230000000000004
04,120246174521100752,ACTIVE,75,10,290,7,8,0,0,0
04,120247392329400509,ACTIVE,100,9.93,383,5,4,1,0,0
04,120251026838540210,ACTIVE,84,9.92,272,11,12,0,0,0
04,120248466107650695,ACTIVE,135,9.89,336,7,5,0,0,0
04,120246459062220674,ACTIVE,50,9.87,262,2,5,0,0,0
04,120249533650850019,ACTIVE,50,9.86,150,9,9,0,0,0
04,120245021443910179,ACTIVE,80,9.73,364,6,6,0,0,0
04,120250747283060166,ACTIVE,50,9.709999999999999,289,8,8,1,0,0
04,120245487786040032,ACTIVE,100,9.7,225,10,9,2,1,37.27
04,120246270264070320,ACTIVE,120,9.690000000000001,331,12,10,0,0,0
04,120247970691610126,ACTIVE,80,9.67,173,3,4,0,0,0
04,120248734559300565,ACTIVE,100,9.64,171,5,8,0,0,0
04,120243832687650146,ACTIVE,100,9.58,219,2,3,1,1,106.71
04,120245453935880025,ACTIVE,100,9.57,105,2,3,0,0,0
04,120248615909580019,ACTIVE,50,9.55,137,0,1,0,0,0
04,120249283733020100,ACTIVE,90,9.530000000000001,224,4,6,0,0,0
04,120248774501890725,ACTIVE,100,9.52,232,3,3,0,0,0
04,120243429905930146,ACTIVE,100,9.5,270,3,9,2,1,75.21000000000001
04,120247365940320642,ACTIVE,100,9.49,230,2,4,0,0,0
04,120245481989440065,ACTIVE,40,9.47,233,9,6,2,1,49.52
04,120252326382630348,PAUSED,80,9.28,122,2,3,1,1,95.7
04,120247064860080731,ACTIVE,80,9.26,108,5,7,1,0,0
04,120249754760810019,ACTIVE,50,9.25,168,9,8,1,1,29.98
04,120249447732030577,ACTIVE,68,9.23,358,7,8,0,0,0
04,120248151239370425,ACTIVE,100,9.23,108,0,3,3,1,39.980000000000004
04,120248490741000152,ACTIVE,120,9.23,394,10,10,2,1,73.97999999999999
04,120247872778180425,ACTIVE,110,9.19,115,0,2,0,0,0
04,120242972188130146,ACTIVE,100,9.18,215,2,2,0,0,0
04,120248137514550561,ACTIVE,100,9.149999999999999,327,12,10,1,1,24.98
04,120247403426120126,ACTIVE,122,9.120000000000001,198,3,5,0,0,0
04,120244447104190303,ACTIVE,80,9.07,242,7,7,0,0,0
04,120244070206100125,ACTIVE,80,9.05,158,3,3,2,2,167.42
04,120243844958690129,ACTIVE,150,8.99,424,4,9,0,0,0
04,120248535565040229,ACTIVE,116,8.84,169,11,9,1,0,0
04,23857331534250799,ACTIVE,50,8.83,91,2,3,0,0,0
04,120248108038860561,ACTIVE,85,8.74,364,13,12,0,0,0
04,120244243594070436,ACTIVE,100,8.74,165,3,2,0,0,0
04,120249447732060577,ACTIVE,68,8.719999999999999,341,8,7,0,0,0
04,120247026467550090,ACTIVE,119,8.709999999999999,144,5,5,1,1,36.940000000000005
04,120242870748820133,ACTIVE,80,8.700000000000001,184,9,8,2,1,37.98
04,120249228754110589,ACTIVE,100,8.67,71,2,3,0,0,0
04,120245993170520241,ACTIVE,77,8.65,370,7,8,0,0,0
04,120243830466380146,ACTIVE,100,8.61,186,4,5,0,0,0
04,120247608650800126,ACTIVE,100,8.61,172,4,4,0,0,0
04,120248819218450019,ACTIVE,50,8.57,171,6,7,0,0,0
04,120245889270720065,ACTIVE,40,8.510000000000002,260,6,8,0,0,0
04,120243860511490436,ACTIVE,100,8.5,427,4,4,0,0,0
04,120249062394160019,ACTIVE,25,8.469999999999999,124,7,7,1,0,0
04,120247389356380455,ACTIVE,100,8.44,157,4,5,0,0,0
04,120246299721480751,ACTIVE,195,8.43,181,4,5,1,0,0
04,120247876590550126,ACTIVE,90,8.42,243,11,11,1,0,0
04,120245775225080097,ACTIVE,94,8.42,197,5,6,0,0,0
04,120245842687140677,PAUSED,100,8.41,216,2,1,1,1,96.41
04,23857331534270799,ACTIVE,50,8.379999999999999,111,3,2,1,0,0
04,120246088780780320,ACTIVE,106,8.36,231,0,2,0,0,0
04,120249438611220064,ACTIVE,100,8.3,98,3,3,0,0,0
04,120246619814540549,ACTIVE,35,8.280000000000001,115,3,3,0,0,0
04,120244550853910436,ACTIVE,122,8.26,260,11,12,0,0,0
04,120246299672680751,ACTIVE,68,8.190000000000001,228,6,3,0,0,0
04,120244213617000686,ACTIVE,80,8.14,149,3,6,0,0,0
04,120243673094650146,ACTIVE,100,8.14,229,9,6,2,0,0
04,120244486326540436,ACTIVE,100,8.13,297,11,10,1,1,68.22
04,120244566743700788,PAUSED,50,8.120000000000001,142,1,1,0,0,0
04,120251062504040166,PAUSED,30,8.11,155,3,2,0,0,0
04,120248535997930100,ACTIVE,100,8.11,162,9,8,0,0,0
04,120247954411400425,ACTIVE,138,8.1,101,2,4,1,0,0
04,120247995051780695,ACTIVE,95,8.1,201,4,1,0,0,0
04,120246849779610090,ACTIVE,100,8.09,140,2,2,0,0,0
04,120244963676310686,ACTIVE,80,8,106,1,4,0,1,53.51
04,120248823290310722,ACTIVE,80,7.98,107,1,1,0,0,0
04,120246196163050707,ACTIVE,80,7.970000000000001,132,5,6,0,0,0
04,120245571282690707,ACTIVE,100,7.89,140,4,3,0,0,0
04,120247757020520725,ACTIVE,100,7.88,194,3,4,1,0,0
04,120248151946060425,ACTIVE,100,7.88,166,0,1,0,0,0
04,120249134484060166,ACTIVE,30,7.869999999999999,149,4,3,1,1,24.98
04,120246270264110320,ACTIVE,120,7.800000000000001,331,7,7,0,0,0
04,120249263766000247,ACTIVE,100,7.800000000000001,271,8,8,0,0,0
04,120247245979210389,ACTIVE,100,7.72,206,2,7,1,0,0
04,120244915705670436,ACTIVE,100,7.72,217,2,3,0,0,0
04,120251037305040166,ACTIVE,100,7.680000000000001,142,6,4,2,1,68.15
04,120247795310860126,ACTIVE,89,7.68,194,4,3,0,0,0
04,120251063106910166,ACTIVE,30,7.66,175,8,10,1,0,0
04,120247601538900425,ACTIVE,100,7.66,183,8,6,0,0,0
04,120245044044890686,ACTIVE,80,7.65,127,3,3,0,0,0
04,120247862754470462,ACTIVE,73,7.63,132,2,1,0,0,0
04,120247998931350564,ACTIVE,100,7.550000000000001,222,4,4,0,0,0
04,120247124966060090,ACTIVE,119,7.5,137,8,8,0,0,0
04,120245460390490177,ACTIVE,100,7.449999999999999,182,6,6,1,0,0
04,120251063107220166,ACTIVE,30,7.430000000000001,158,6,7,0,0,0
04,120249073752900725,ACTIVE,100,7.43,212,3,2,1,1,28.98
04,120247524798270389,ACTIVE,100,7.4,280,3,6,1,1,21.869999999999997
04,120249755037190019,ACTIVE,50,7.380000000000001,195,4,6,0,0,0
04,120247157340280509,ACTIVE,100,7.37,283,4,5,1,0,0
04,120247114547280509,ACTIVE,85,7.35,190,5,5,1,1,106.95
04,120247313991580561,ACTIVE,50,7.3100000000000005,182,4,4,0,0,0
04,120257487343530586,ACTIVE,30,7.29,174,4,2,0,0,0
04,120245481989400065,ACTIVE,40,7.25,207,7,7,0,0,0
04,120247467570380455,ACTIVE,100,7.1899999999999995,234,5,5,0,0,0
04,120257221973410586,ACTIVE,25,7.1499999999999995,149,4,4,0,0,0
04,120245045512490686,ACTIVE,80,7.11,97,6,3,0,0,0
04,6973002166826,ACTIVE,50,7.09,160,1,1,0,0,0
04,120244915858330436,ACTIVE,100,7.05,219,8,11,1,0,0
04,120249062394220019,ACTIVE,50,7,125,5,7,0,0,0
04,120246107235940707,ACTIVE,82,6.9399999999999995,167,6,4,0,0,0
04,120246286484520097,ACTIVE,80,6.91,208,5,9,1,1,34.98
04,120245612998430455,ACTIVE,100,6.91,131,7,6,1,1,84.36999999999999
04,23857304059050799,ACTIVE,50,6.890000000000001,67,2,2,0,0,0
04,120246299672740751,ACTIVE,115,6.88,214,7,6,1,0,0
04,120251494191110054,ACTIVE,78,6.81,187,3,3,0,0,0
04,120250895021460586,ACTIVE,25,6.8,190,8,5,0,0,0
04,120246802025580509,ACTIVE,42,6.78,188,8,6,0,0,0
04,120256572736650586,ACTIVE,25,6.76,150,4,3,1,0,0
04,120244034916020436,ACTIVE,100,6.76,224,8,6,3,1,129.44
04,23857304059010799,ACTIVE,50,6.73,72,4,3,0,0,0
04,120246657519770455,ACTIVE,100,6.73,197,5,3,1,1,106.84
04,120250837944350404,ACTIVE,50,6.73,158,5,4,0,0,0
04,120243771828200436,ACTIVE,100,6.699999999999999,240,5,5,1,0,0
04,120244504591950686,ACTIVE,80,6.68,143,2,2,0,0,0
04,120244673897340436,ACTIVE,100,6.68,236,3,4,0,0,0
04,120247687263440425,ACTIVE,100,6.58,162,0,2,0,0,0
04,6966949200095,ACTIVE,100,6.5600000000000005,92,5,3,0,0,0
04,120246697447950610,ACTIVE,80,6.44,60,2,3,0,0,0
04,120246232598650090,ACTIVE,132,6.39,186,5,6,0,0,0
04,120243144633320146,ACTIVE,100,6.35,183,10,9,2,1,41.980000000000004
04,120247597779990751,ACTIVE,40,6.3100000000000005,91,3,4,0,0,0
04,120247956340000389,ACTIVE,100,6.2700000000000005,233,8,9,0,0,0
04,120246979930770509,ACTIVE,100,6.27,213,3,5,0,0,0
04,120245511607120780,ACTIVE,80,6.25,160,4,3,0,0,0
04,120245687813040097,ACTIVE,81,6.249999999999999,193,4,6,1,0,0
04,120243772698800146,ACTIVE,100,6.23,231,6,6,0,0,0
04,120245490989200133,ACTIVE,80,6.220000000000001,97,1,1,0,0,0
04,120249438611310064,ACTIVE,100,6.17,87,4,5,0,0,0
04,120247130848980090,PAUSED,50,6.16,45,1,1,0,0,0
04,120248503799160116,ACTIVE,74,6.140000000000001,121,5,7,1,1,39.980000000000004
04,120246875316820731,ACTIVE,100,6.13,59,1,2,0,0,0
04,120247799916380462,ACTIVE,35,6.13,130,4,3,0,0,0
04,120247040934670629,ACTIVE,100,6.109999999999999,315,5,6,1,1,113.33000000000001
04,120246100011640752,ACTIVE,84,6.1,141,5,7,0,0,0
04,120242746886630788,ACTIVE,135,6.09,135,4,5,0,0,0
04,120246196163490707,ACTIVE,80,6.08,141,2,1,0,0,0
04,120248737641880722,ACTIVE,68,6.07,104,3,3,0,0,0
04,120245686006250032,ACTIVE,100,6.04,141,4,4,0,0,0
04,120244163991370436,ACTIVE,100,6.029999999999999,179,8,7,0,0,0
04,120247246390530389,ACTIVE,100,6.02,282,10,13,0,1,37.05
04,120245785647070650,ACTIVE,100,5.99,78,1,1,0,0,0
04,120244916431450436,ACTIVE,100,5.98,230,2,4,0,0,0
04,120247970691860126,ACTIVE,80,5.9,139,3,4,0,0,0
04,120247333999410425,ACTIVE,100,5.890000000000001,180,7,6,0,0,0
04,120248201085040469,ACTIVE,80,5.88,130,4,3,0,0,0
04,120247246948670509,ACTIVE,100,5.78,261,5,6,0,0,0
04,120251037305290166,ACTIVE,100,5.7700000000000005,151,6,5,1,2,66.15
04,120247601292310065,ACTIVE,50,5.75,134,2,5,0,0,0
04,120244389916630436,ACTIVE,100,5.7299999999999995,239,7,7,0,0,0
04,120248359764410589,ACTIVE,100,5.72,128,4,4,1,0,0
04,120246818759970303,ACTIVE,40,5.71,133,5,3,0,0,0
04,120244915930060436,ACTIVE,100,5.67,227,4,6,0,0,0
04,120247311647030509,ACTIVE,100,5.63,160,3,4,0,0,0
04,120247601292330065,ACTIVE,50,5.5,108,4,5,0,0,0
04,120245881655400509,ACTIVE,41,5.43,177,5,5,2,2,123.93999999999998
04,120248811958530116,ACTIVE,100,5.43,63,4,5,1,0,0
04,120244915858300436,ACTIVE,100,5.42,214,5,5,0,0,0
04,120248448982680725,ACTIVE,100,5.41,112,1,2,0,0,0
04,120244915743550436,ACTIVE,100,5.4,211,3,2,1,0,0
04,120249709883650577,ACTIVE,100,5.37,87,3,2,0,0,0
04,120244915705330436,ACTIVE,100,5.3,159,4,6,1,0,0
04,120246219568090241,ACTIVE,100,5.260000000000001,90,2,2,0,0,0
04,120256254668930586,ACTIVE,25,5.26,167,6,5,1,0,0
04,120250838901590404,ACTIVE,50,5.25,45,1,2,0,0,0
04,120244404574840678,ACTIVE,79,5.220000000000001,164,4,4,1,1,57.98
04,120246818759010303,ACTIVE,40,5.22,84,5,5,1,0,0
04,120245651364050303,ACTIVE,80,5.210000000000001,85,1,2,1,0,0
04,120243689609840436,ACTIVE,100,5.199999999999999,182,3,3,0,0,0
04,120247247927900509,ACTIVE,79,5.17,264,2,2,0,0,0
04,120248150860660425,ACTIVE,100,5.15,74,0,3,0,0,0
04,120246299721620751,ACTIVE,68,5.05,133,5,6,0,0,0
04,120249739079790279,ACTIVE,80,5.04,83,3,3,0,0,0
04,120245943231800173,ACTIVE,80,5.03,102,2,2,1,1,71.39
04,120248159215720389,ACTIVE,79,5.029999999999999,138,6,4,0,0,0
04,120244235259940678,ACTIVE,30,4.99,121,6,5,0,0,0
04,120246807795430509,ACTIVE,100,4.99,177,1,3,1,1,61.970000000000006
04,120244504666890686,ACTIVE,80,4.91,69,3,3,0,0,0
04,120251275180530054,ACTIVE,100,4.9,140,2,2,0,0,0
04,120249456993730057,ACTIVE,100,4.890000000000001,54,0,0,0,0,0
04,120248150922010425,ACTIVE,100,4.89,123,2,4,0,0,0
04,120249824676430057,ACTIVE,100,4.880000000000001,61,4,5,1,1,41.98
04,120256546977430586,ACTIVE,126,4.88,148,0,4,0,0,0
04,120247860181220455,ACTIVE,100,4.88,136,3,3,0,0,0
04,120248694175490365,ACTIVE,100,4.859999999999999,248,8,7,0,0,0
04,120247972621170389,ACTIVE,100,4.81,204,9,11,0,0,0
04,120246285677030241,ACTIVE,100,4.79,212,3,4,1,1,41.98
04,120247446150270425,ACTIVE,100,4.78,80,2,2,0,0,0
04,120248151509310425,ACTIVE,100,4.7,121,0,5,0,0,0
04,120247040934570629,ACTIVE,100,4.7,213,5,6,0,0,0
04,120251502157250054,ACTIVE,100,4.66,58,2,3,2,0,0
04,120244213478540707,ACTIVE,100,4.64,84,1,1,0,0,0
04,120249105110140210,ACTIVE,74,4.63,151,2,2,0,0,0
04,120248082736850695,ACTIVE,78,4.590000000000001,106,2,3,0,0,0
04,120243772061640146,ACTIVE,100,4.59,109,4,4,0,0,0
04,120246283838280097,ACTIVE,73,4.5600000000000005,172,1,2,0,0,0
04,120251014701570404,ACTIVE,80,4.53,88,2,2,0,0,0
04,120247051808860509,ACTIVE,100,4.52,225,2,2,0,0,0
04,120244264704420436,ACTIVE,100,4.5,235,2,4,0,0,0
04,120250015822460577,ACTIVE,100,4.5,85,3,2,0,0,0
04,120244883028360686,ACTIVE,80,4.49,78,0,3,0,0,0
04,120246697447920610,ACTIVE,80,4.46,62,0,3,0,0,0
04,120243924560270146,ACTIVE,100,4.45,103,0,4,0,0,0
04,120244916431500436,ACTIVE,100,4.38,127,3,3,0,0,0
04,120245063703470133,ACTIVE,80,4.35,154,5,5,0,0,0
04,120244911557440436,ACTIVE,100,4.33,218,7,10,1,0,0
04,120251642537180054,ACTIVE,80,4.33,157,3,2,1,1,31.98
04,120245463474020177,ACTIVE,100,4.29,21,0,4,0,0,0
04,120247651426280455,ACTIVE,100,4.28,98,3,3,0,0,0
04,120250501589950722,ACTIVE,40,4.25,45,2,4,1,1,52.660000000000004
04,120247245482580509,ACTIVE,100,4.24,191,2,7,1,1,61.97
04,120244618043570436,ACTIVE,100,4.23,123,4,4,0,0,0
04,120243738734810686,ACTIVE,80,4.19,32,1,1,0,0,0
04,120251856003590054,ACTIVE,100,4.140000000000001,267,5,5,1,0,0
04,120250501589970722,ACTIVE,40,4.13,65,3,2,0,0,0
04,120246285367430241,ACTIVE,100,4.13,183,1,1,0,0,0
04,120249646481980279,ACTIVE,80,4.1,94,1,1,1,1,27.98
04,120247597780010751,ACTIVE,40,4.09,56,3,2,1,1,38.27
04,120243594040740146,ACTIVE,100,4.08,137,1,5,0,0,0
04,120247280578260065,ACTIVE,100,4.05,94,0,1,0,0,0
04,120247799916320462,ACTIVE,35,3.98,130,4,3,0,0,0
04,120243772698880146,ACTIVE,100,3.8000000000000003,151,1,1,0,0,0
04,120248474785690152,ACTIVE,100,3.7800000000000002,212,5,4,1,0,0
04,120248123660860455,ACTIVE,100,3.75,96,1,2,0,0,0
04,120244911557470436,ACTIVE,100,3.72,153,1,3,0,0,0
04,120245490989600133,ACTIVE,80,3.69,64,3,3,0,0,0
04,120244483074140436,ACTIVE,100,3.61,107,1,1,0,0,0
04,120248812003990116,ACTIVE,100,3.61,101,5,4,0,0,0
04,120246773871740629,ACTIVE,100,3.59,94,0,4,0,0,0
04,120249300729780589,ACTIVE,100,3.58,40,2,2,0,0,0
04,120247799916400462,ACTIVE,35,3.57,109,2,2,0,0,0
04,120246222498150752,ACTIVE,75,3.49,111,2,3,0,0,0
04,120246686798620214,ACTIVE,100,3.3600000000000003,63,1,1,0,0,0
04,120248737641910722,ACTIVE,80,3.36,41,1,3,0,0,0
04,120246674923260175,ACTIVE,154,3.34,81,0,1,0,0,0
04,120246177720650032,ACTIVE,73,3.29,67,1,1,0,0,0
04,120246619814510549,ACTIVE,50,3.2800000000000002,62,2,4,1,1,53.22
04,120247336235960389,ACTIVE,100,3.27,114,0,0,0,0,0
04,120248057050710561,ACTIVE,60,3.25,85,2,4,0,0,0
04,120251314640370210,ACTIVE,50,3.2199999999999998,71,1,1,0,0,0
04,120244916355270436,ACTIVE,100,3.12,89,0,0,0,0,0
04,120248124140310455,ACTIVE,100,3.09,60,0,0,0,0,0
04,120248429859550116,ACTIVE,101,3.08,39,1,1,0,0,0
04,120245045033420177,ACTIVE,100,2.99,61,0,2,0,0,0
04,6973002165426,ACTIVE,50,2.9800000000000004,98,2,2,0,0,0
04,120246777147040214,ACTIVE,80,2.98,44,0,3,0,0,0
04,120246145595780470,ACTIVE,20,2.96,15,3,2,0,0,0
04,120246666123990477,ACTIVE,100,2.95,40,1,0,0,0,0
04,120245264539280177,ACTIVE,100,2.89,59,1,2,0,0,0
04,120247633428650725,ACTIVE,100,2.87,62,1,1,1,0,0
04,120247653059200586,ACTIVE,25,2.86,142,1,1,0,0,0
04,120246182500340752,ACTIVE,100,2.81,51,5,5,0,0,0
04,120244500948650177,ACTIVE,100,2.8,88,0,2,1,1,29.98
04,120249805624030404,ACTIVE,92,2.7800000000000002,47,1,1,0,0,0
04,120245224035350179,ACTIVE,80,2.73,140,6,9,1,1,49.37
04,120245044044870686,ACTIVE,80,2.7,47,1,0,0,0,0
04,120247815782100642,ACTIVE,122,2.65,94,1,1,0,0,0
04,120246087968610032,ACTIVE,72,2.64,52,1,1,0,0,0
04,120257359768220586,ACTIVE,30,2.64,98,1,0,0,0,0
04,120247157407190509,ACTIVE,100,2.62,127,4,3,0,0,0
04,120246107235900707,ACTIVE,82,2.62,45,2,2,0,0,0
04,120246867532780629,ACTIVE,100,2.57,64,0,1,0,0,0
04,120248108038930561,ACTIVE,85,2.57,84,4,5,1,1,57.96
04,120246773871680629,ACTIVE,100,2.55,52,1,1,0,0,0
04,120235701428420210,ACTIVE,200,2.54,82,2,1,0,0,0
04,120246581316290126,ACTIVE,80,2.53,113,1,2,0,0,0
04,120246257869250707,ACTIVE,80,2.52,64,0,0,0,0,0
04,120245463311260177,ACTIVE,100,2.52,25,0,1,0,0,0
04,120246177720600032,ACTIVE,73,2.51,70,5,4,2,0,0
04,120247018754190126,ACTIVE,80,2.47,46,3,3,0,0,0
04,120243959229680146,ACTIVE,100,2.4699999999999998,70,2,2,1,1,41.98
04,120244918988320303,ACTIVE,40,2.46,60,1,2,0,0,0
04,120245515771490533,ACTIVE,100,2.43,47,0,1,0,0,0
04,120247040711430629,ACTIVE,100,2.42,82,1,2,0,0,0
04,120245198116820177,ACTIVE,100,2.39,52,0,0,0,0,0
04,120244076954320146,ACTIVE,100,2.3699999999999997,45,1,2,0,0,0
04,120244916355330436,ACTIVE,100,2.3,74,0,1,0,0,0
04,120249390394480054,ACTIVE,68,2.26,44,1,3,0,0,0
04,120246220030610241,ACTIVE,100,2.19,72,2,5,0,0,0
04,120246135470290032,ACTIVE,100,2.1100000000000003,47,2,4,0,0,0
04,120244824582450436,ACTIVE,90,2.09,86,4,3,0,0,0
04,120247829146440561,ACTIVE,76,2.08,35,2,2,0,0,0
04,120251314539200210,ACTIVE,50,2.05,75,0,1,0,0,0
04,120248025171210561,ACTIVE,86,2.04,141,1,1,0,0,0
04,120246257869280707,ACTIVE,80,2.04,58,0,4,1,0,0
04,120246008618270241,ACTIVE,100,1.99,77,0,2,0,0,0
04,120247866311490389,ACTIVE,100,1.99,72,2,5,0,0,0
04,120246699106190629,ACTIVE,100,1.99,61,0,0,0,0,0
04,120245706384310533,ACTIVE,67,1.97,90,0,2,0,0,0
04,120249152473440247,ACTIVE,100,1.9499999999999997,74,1,2,0,0,0
04,120245224111660179,ACTIVE,80,1.94,104,0,1,1,0,0
04,120250448461180210,ACTIVE,74,1.92,79,2,2,0,0,0
04,120247391019010168,ACTIVE,52,1.89,36,2,2,0,0,0
04,120247815782080642,ACTIVE,122,1.88,66,3,3,0,0,0
04,120246804547640175,ACTIVE,100,1.8,89,0,6,0,0,0
04,120248540698960725,ACTIVE,100,1.79,32,0,1,0,0,0
04,120248129114130695,ACTIVE,150,1.77,52,0,3,0,0,0
04,120246299721450751,ACTIVE,115,1.76,25,1,1,0,0,0
04,120247952380170544,ACTIVE,90,1.74,40,0,1,0,0,0
04,120246145720920470,ACTIVE,20,1.72,18,0,0,0,0,0
04,120243959700120146,ACTIVE,100,1.6600000000000001,29,0,0,0,0,0
04,120250703936480404,ACTIVE,92,1.6400000000000001,20,2,2,0,0,0
04,120248224227000725,ACTIVE,100,1.57,58,1,3,0,0,0
04,120243860628310436,ACTIVE,100,1.57,71,0,2,0,0,0
04,120246285998310241,ACTIVE,100,1.56,112,0,0,0,0,0
04,120246182405550752,ACTIVE,100,1.51,34,1,1,0,0,0
04,120247849750130663,ACTIVE,200,1.51,22,0,0,0,0,0
04,120247508094040725,ACTIVE,100,1.48,47,1,2,0,0,0
04,120244076954630146,ACTIVE,100,1.46,19,0,0,0,0,0
04,120246707623720509,ACTIVE,78,1.4200000000000002,25,1,2,0,0,0
04,120248107941650544,ACTIVE,80,1.38,32,0,2,0,0,0
04,120244761869100436,ACTIVE,100,1.36,75,1,4,0,0,0
04,120243227249480177,ACTIVE,100,1.35,18,0,0,0,0,0
04,120247797108450126,ACTIVE,80,1.34,28,0,0,0,0,0
04,120246302058490389,ACTIVE,100,1.34,78,1,2,1,0,0
04,120243211134690146,ACTIVE,100,1.32,35,0,3,0,0,0
04,120246928961250175,ACTIVE,100,1.32,30,0,2,0,0,0
04,120244581910630686,ACTIVE,80,1.31,15,0,0,0,0,0
04,120244312405200436,ACTIVE,100,1.31,80,2,4,0,0,0
04,120247702154240544,ACTIVE,73,1.28,29,0,0,0,0,0
04,120247952380210544,ACTIVE,90,1.26,53,0,0,0,0,0
04,120245602350460032,ACTIVE,100,1.19,37,0,0,0,0,0
04,120247109115250389,ACTIVE,100,1.14,29,3,2,0,1,59.91
04,120248849928910725,ACTIVE,100,1.11,26,0,2,0,0,0
04,120246145719630470,ACTIVE,20,1.1,17,0,0,0,0,0
04,120244418309400436,ACTIVE,100,1.08,31,0,0,0,0,0
04,120247267358630509,ACTIVE,100,1.07,23,0,0,0,0,0
04,120244561628480678,ACTIVE,106,1.06,28,0,0,0,0,0
04,120246338247960241,ACTIVE,100,1.05,57,0,5,0,0,0
04,120247504003740425,ACTIVE,100,1.04,33,0,1,0,0,0
04,120246597569540214,ACTIVE,80,1.04,37,0,2,0,0,0
04,120244011864950146,ACTIVE,100,1.02,32,1,1,0,0,0
04,120244011865020146,ACTIVE,100,1.02,35,2,2,1,0,0
04,120245292235740179,ACTIVE,100,0.99,46,0,1,0,0,0
04,120246338028120241,ACTIVE,100,0.96,90,0,3,0,0,0
04,120247115989200291,ACTIVE,80,0.95,41,1,4,0,0,0
04,120248123280260455,ACTIVE,100,0.95,23,0,0,0,0,0
04,120248346419460152,ACTIVE,94,0.9,41,0,1,0,0,0
04,120244077730710146,ACTIVE,100,0.88,39,1,1,0,0,0
04,120244077730640146,ACTIVE,100,0.87,27,1,1,0,0,0
04,120246971373670629,ACTIVE,100,0.8,9,0,0,0,0,0
04,120244076683170146,ACTIVE,100,0.79,25,2,2,1,1,75.22
04,120244761869050436,ACTIVE,100,0.79,49,0,0,0,0,0
04,120243727386670470,ACTIVE,5,0.77,18,2,1,0,0,0
04,120240849899190788,ACTIVE,10,0.75,4,0,0,0,0,0
04,120243723839750678,PAUSED,100,0.74,24,2,2,0,0,0
04,120246929317920175,ACTIVE,100,0.74,21,0,0,0,0,0
04,120248111423590168,ACTIVE,90,0.73,54,1,1,0,0,0
04,120246907642230291,ACTIVE,80,0.72,34,0,2,0,0,0
04,120245136181790470,ACTIVE,5,0.6300000000000001,8,1,2,0,0,0
04,120246169445720320,ACTIVE,108,0.62,38,0,0,0,0,0
04,120244349823030686,ACTIVE,100,0.61,16,1,1,1,1,71.21
04,120245241702630470,ACTIVE,5,0.6,12,0,0,0,0,0
04,120246666193770477,ACTIVE,100,0.58,14,2,2,0,0,0
04,120248224810100389,ACTIVE,80,0.5700000000000001,26,0,0,0,0,0
04,120247040711030629,ACTIVE,100,0.56,17,1,1,0,0,0
04,120245292365960179,ACTIVE,100,0.56,27,0,4,0,0,0
04,120246182718940752,ACTIVE,100,0.54,14,1,1,0,0,0
04,120248604432660663,ACTIVE,80,0.53,7,0,0,0,0,0
04,120247245864910389,ACTIVE,100,0.5,11,1,4,0,0,0
04,120247267347000509,ACTIVE,100,0.48000000000000004,16,0,0,0,0,0
04,120250596505340709,ACTIVE,100,0.45,10,0,0,0,0,0
04,120243629084050705,ACTIVE,80,0.44,8,0,0,0,0,0
04,120245099365240470,ACTIVE,5,0.39,12,0,0,0,0,0
04,120245691728160470,ACTIVE,5,0.36,15,0,1,0,0,0
04,120246174521010752,ACTIVE,75,0.36,5,0,0,0,0,0
04,120245466475870630,ACTIVE,73,0.35,16,0,1,0,0,0
04,120246971449150629,ACTIVE,100,0.35,8,0,0,0,0,0
04,120248448870780725,ACTIVE,100,0.34,14,0,1,0,0,0
04,120249985748090577,ACTIVE,100,0.33999999999999997,24,0,0,0,0,0
04,120244824816070686,ACTIVE,80,0.33,10,0,0,0,0,0
04,120247196420340465,ACTIVE,10,0.29,11,0,0,0,0,0
04,120244446224590630,ACTIVE,74,0.28,8,0,0,0,0,0
04,120248108495610544,ACTIVE,80,0.23,7,0,0,0,0,0
04,120248025171070561,ACTIVE,86,0.22999999999999998,25,1,0,0,0,0
04,120244477269830678,PAUSED,100,0.21,6,0,0,0,0,0
04,120246145791530470,ACTIVE,20,0.18,3,0,1,0,0,0
04,120248108608420544,ACTIVE,80,0.18,33,0,1,0,0,0
04,120250596545850709,ACTIVE,100,0.18,8,0,0,0,0,0
04,120246929603830175,ACTIVE,100,0.15,6,0,0,0,0,0
04,120246088780810320,ACTIVE,106,0.15,7,0,0,0,0,0
04,120248108495570544,ACTIVE,80,0.14,16,0,0,0,0,0
04,120246971318070629,ACTIVE,100,0.13,4,0,0,0,0,0
04,120245136181480470,ACTIVE,5,0.13,4,0,0,0,0,0
04,120243958669750146,ACTIVE,100,0.1,9,0,0,0,0,0
04,120247196420760465,ACTIVE,10,0.09,6,0,0,0,0,0
04,120245466475590630,ACTIVE,73,0.09,3,0,0,0,0,0
04,120241972248380630,ACTIVE,47,0.07,3,0,0,0,0,0
04,120246169445790320,ACTIVE,108,0.05,5,0,1,1,1,34.06999999999999
04,120248430211380152,ACTIVE,80,0.04,8,0,0,0,0,0
04,120245825448150533,ACTIVE,100,0.01,1,0,0,0,0,0
04,120248201085010469,ACTIVE,80,0.01,1,0,0,0,0,0
04,120247160674020043,ACTIVE,70,0.01,1,0,0,0,0,0
04,120247829243430751,ACTIVE,100,0,0,0,0,0,0,0
04,120247828626130751,ACTIVE,100,0,0,0,0,0,0,0
04,120247742995470065,ACTIVE,100,0,0,0,0,0,0,0
04,120247742995440065,ACTIVE,100,0,0,0,0,0,0,0
04,120247591402040065,PAUSED,100,0,0,0,0,0,0,0
04,120247392291490509,PAUSED,100,0,0,0,0,0,0,0
04,120247392291430509,PAUSED,100,0,0,0,0,0,0,0
04,120245956936730320,PAUSED,100,0,0,0,0,0,0,0
04,120247051620620509,PAUSED,100,0,0,0,1,0,0,0
04,120246145792030470,ACTIVE,20,0,0,0,1,0,0,0
04,120246054157270173,ACTIVE,100,0,0,0,0,0,0,0
04,120246631185540453,ACTIVE,100,0,0,0,0,0,0,0
04,120246054157300173,ACTIVE,100,0,0,0,0,0,0,0
04,120246054202590173,ACTIVE,100,0,0,0,0,0,0,0
04,120246054202660173,ACTIVE,100,0,0,0,0,0,0,0
04,120246631185460453,ACTIVE,100,0,0,0,0,0,0,0
04,120247314213280509,PAUSED,100,0,0,0,0,0,0,0
04,120246625257810453,PAUSED,100,0,0,0,0,0,0,0
04,120247313795220509,PAUSED,100,0,0,0,0,0,0,0
04,120247313696440509,PAUSED,100,0,0,0,0,0,0,0
04,120247313666680509,PAUSED,100,0,0,0,0,0,0,0
04,120247313590570509,PAUSED,100,0,0,0,0,0,0,0
04,120246625257750453,PAUSED,100,0,0,0,0,0,0,0
04,120246054251210173,ACTIVE,100,0,0,0,0,0,0,0
04,120246054251240173,ACTIVE,100,0,0,0,0,0,0,0
04,120247064860400731,PAUSED,80,0,0,0,1,0,0,0
04,120241273866440146,PAUSED,1116,0,0,0,2,0,0,0
04,120247245482410509,PAUSED,100,0,0,0,0,0,0,0
04,120246145595980470,ACTIVE,20,0,0,0,0,0,0,0
04,120247237472270043,PAUSED,70,0,0,0,0,0,0,0
04,120247195225440465,PAUSED,100,0,0,0,0,0,0,0
04,120247195225360465,PAUSED,100,0,0,0,0,0,0,0
04,120247195225310465,PAUSED,100,0,0,0,0,0,0,0
04,120246145189200470,ACTIVE,50,0,0,0,0,0,0,0
04,120246145189280470,ACTIVE,50,0,0,0,0,0,0,0
04,120246145304610470,PAUSED,50,0,0,0,0,0,0,0
04,120246145304640470,PAUSED,50,0,0,0,0,0,0,0
04,120246145364940470,ACTIVE,50,0,0,0,0,0,0,0
04,120246145365240470,ACTIVE,50,0,0,0,0,0,0,0
04,120246145506950470,ACTIVE,50,0,0,0,0,0,0,0
04,120247118332680629,ACTIVE,100,0,0,0,0,0,0,0
04,120247117862750629,ACTIVE,100,0,0,0,0,0,0,0
04,120246145507030470,ACTIVE,50,0,0,0,0,0,0,0
04,120249057927140663,ACTIVE,50,0,0,0,1,0,0,0
04,120247117519720629,ACTIVE,100,0,0,0,0,0,0,0
04,120249057669240663,ACTIVE,50,0,0,0,0,0,0,0
04,120249057598540663,ACTIVE,50,0,0,0,1,0,0,0
04,120244213676560686,PAUSED,80,0,0,0,0,0,0,0
04,120248958340820725,ACTIVE,100,0,1,0,0,0,0,0
04,120244115059620146,ACTIVE,100,0,0,0,0,0,0,0
04,120244114929610146,ACTIVE,100,0,0,0,0,0,0,0
04,120244114789840146,ACTIVE,100,0,0,0,0,0,0,0
04,120246777147100214,ACTIVE,80,0,0,0,1,0,0,0
04,120248812040790116,PAUSED,100,0,0,0,2,0,0,0
04,120244505802680686,PAUSED,80,0,0,0,1,0,0,0
04,120248574839550695,ACTIVE,50,0,0,0,0,0,0,0
04,120248574839520695,ACTIVE,50,0,0,0,0,0,0,0
04,120248573692120695,ACTIVE,90,0,0,0,0,0,0,0
04,120248573670680695,ACTIVE,90,0,0,0,0,0,0,0
04,120248566051210152,ACTIVE,80,0,0,0,0,0,0,0
04,120248566048970152,ACTIVE,80,0,0,0,0,0,0,0
04,120248565530720152,ACTIVE,100,0,0,0,0,0,0,0
04,120248565368580152,ACTIVE,100,0,0,0,0,0,0,0
04,120248565223490152,ACTIVE,100,0,0,0,0,0,0,0
04,120244750156460686,PAUSED,80,0,0,0,0,0,0,0
04,120248335985820354,PAUSED,80,0,0,0,1,0,0,0
04,120248302912210389,ACTIVE,100,0,0,0,0,0,0,0
04,120248302912110389,ACTIVE,100,0,0,0,0,0,0,0
04,120248302852090389,ACTIVE,100,0,0,0,0,0,0,0
04,120248302852030389,ACTIVE,100,0,0,0,0,0,0,0
04,120248302725690389,ACTIVE,100,0,0,0,0,0,0,0
04,120248302725660389,ACTIVE,100,0,0,0,0,0,0,0
04,120248302616530389,ACTIVE,100,0,0,0,0,0,0,0
04,120248302449280389,ACTIVE,100,0,0,0,0,0,0,0
04,120248302449150389,ACTIVE,100,0,0,0,0,0,0,0
04,120246208967220674,PAUSED,200,0,0,0,1,0,0,0
04,120248298800180389,ACTIVE,100,0,0,0,0,0,0,0
04,120248298800110389,ACTIVE,100,0,0,0,0,0,0,0
04,120249375397370064,PAUSED,100,0,0,0,1,0,0,0
04,120248298471980389,PAUSED,100,0,0,0,0,0,0,0
04,120249409076720589,ACTIVE,100,0,0,0,0,0,0,0
04,120249410938120589,ACTIVE,100,0,0,0,0,0,0,0
04,120249411708990589,ACTIVE,100,0,0,0,0,0,0,0
04,120246518965620674,ACTIVE,100,0,0,0,0,0,0,0
04,120248298471880389,PAUSED,100,0,0,0,0,0,0,0
04,120244911471140436,PAUSED,100,0,0,0,0,0,0,0
04,120244911471280436,PAUSED,100,0,0,0,0,0,0,0
04,120248151945870425,ACTIVE,100,0,0,0,2,1,0,0
04,120248151509340425,ACTIVE,100,0,0,0,3,0,0,0
04,120248150921990425,PAUSED,100,0,0,0,0,0,0,0
04,120249533719420019,PAUSED,45,0,0,0,1,0,0,0
04,120248121376990544,ACTIVE,80,0,0,0,0,0,0,0
04,120248121376260544,ACTIVE,80,0,0,0,0,0,0,0
04,120248108232400544,ACTIVE,80,0,2,0,0,0,0,0
04,120245004525000780,PAUSED,400,0,0,0,1,0,0,0
04,120248057050630561,PAUSED,60,0,0,0,0,0,0,0
04,120248036926730544,PAUSED,80,0,0,0,1,0,0,0
04,120250139848270577,ACTIVE,100,0,0,0,0,0,0,0
04,120243629084100705,ACTIVE,80,0,0,0,0,0,0,0
04,120247829716040751,ACTIVE,100,0,0,0,0,0,0,0
05,120247234597490455,ACTIVE,2406,430.86,12540,418,444,37,20,1345.9700000000003
05,120244761233710455,ACTIVE,1150,348.04999999999995,11498,305,313,24,14,895.7399999999999
05,120244761515050455,ACTIVE,1325,346.28999999999996,12248,334,326,31,12,742.89
05,120246005453800291,ACTIVE,900,269.25,7316,255,261,20,8,404.6
05,120243986668280589,ACTIVE,1000,266.7,6358,151,165,9,5,264.83
05,120244749532720686,ACTIVE,1000,248.89,4564,115,125,17,14,814.19
05,120246754801740509,ACTIVE,800,207.77999999999997,5670,135,136,14,9,346.81
05,120239930892250650,ACTIVE,800,199.11,3231,108,109,8,3,158.11
05,120245800978960674,ACTIVE,700,189.89000000000001,4390,124,129,9,6,230.91000000000003
05,120243276755660065,ACTIVE,500,161.76000000000002,4082,99,94,11,4,140.6
05,120244749327030686,ACTIVE,500,154.54,3262,85,91,12,8,303.55
05,120247583319740586,ACTIVE,500,132.02999999999997,5102,116,117,15,11,498.69
05,120245283264760677,ACTIVE,865,131.58,5554,61,72,10,6,362.38
05,120245453935690025,ACTIVE,100,130.82,1465,54,52,2,3,158.92
05,120250790045220586,ACTIVE,500,126.82,3935,80,81,11,3,107.33
05,120245380678000025,ACTIVE,100,125.95,1559,65,62,5,3,136.43
05,120246023777450751,ACTIVE,850,125.89999999999999,2372,104,103,10,6,187.26000000000002
05,120245334049460065,ACTIVE,400,124.19,2220,99,106,9,3,148.55
05,120245250322490642,ACTIVE,650,122.24,3124,92,88,8,5,379.16
05,120249115230940100,ACTIVE,354,121.77,2864,103,100,16,4,209.44000000000003
05,120248006730320100,ACTIVE,800,121.31,3892,99,95,9,6,268.99
05,120244691045450320,ACTIVE,700,120.21,4099,123,135,10,8,535.55
05,120249286765290368,ACTIVE,601,117.32,3762,73,82,7,1,38.98
05,120246638474110175,ACTIVE,525,117.27000000000001,2439,88,81,4,0,0
05,120247489931670431,ACTIVE,425,111.30999999999999,1867,52,54,5,2,96.34
05,120246483406720564,ACTIVE,500,110.01,3946,82,95,4,3,207.41
05,120245010386240709,ACTIVE,250,108.83000000000001,2366,66,72,5,3,118.41999999999999
05,120245899430510065,ACTIVE,325,108.71000000000001,1950,85,84,9,3,145.11
05,120242301213710065,ACTIVE,370,108.06,2678,69,72,10,3,164.63000000000002
05,120249052890110100,ACTIVE,500,107.72000000000001,3288,100,103,8,2,117.11
05,120245334049540065,ACTIVE,370,107.71000000000001,2227,101,98,12,7,288.01
05,120245980788570752,ACTIVE,469,106.05000000000001,3798,148,142,27,6,257.78999999999996
05,120244938793740663,ACTIVE,350,105.89,1779,67,77,5,2,130.39
05,120247780766070455,ACTIVE,552,103.53999999999999,3437,78,82,5,3,266.59999999999997
05,120245436310880780,ACTIVE,400,103.25,2033,67,69,8,4,151.89
05,120246962698830090,ACTIVE,350,102.35000000000001,2346,98,93,2,2,123.28999999999999
05,120248536188000100,ACTIVE,500,100.07000000000001,2121,86,86,8,3,99.32000000000001
05,120244431777030751,ACTIVE,680,98.88,3889,82,91,17,7,284.89000000000004
05,120246643142900065,ACTIVE,100,97.33,4396,108,105,9,5,275.18
05,120256572736720586,ACTIVE,500,97.02000000000001,2432,69,67,8,2,97.54
05,120249005372660589,ACTIVE,434,96.82,1860,52,60,13,7,414.40999999999997
05,120248139130280455,ACTIVE,455,96.59,2897,69,64,3,1,60.41
05,120247483865740100,ACTIVE,500,95.5,3094,75,74,5,2,118.71000000000001
05,120250789469770586,ACTIVE,100,95.45,2815,81,86,6,3,107.33000000000001
05,120248641712650319,ACTIVE,440,94.43,2738,70,73,3,2,74.00000000000001
05,120242301213170065,ACTIVE,300,92.89,3168,53,55,4,1,49.519999999999996
05,120248155192490455,ACTIVE,455,88.06000000000002,3046,69,68,3,4,350.96000000000004
05,120246710213410090,ACTIVE,325,83.75999999999999,2458,85,93,6,2,171.2
05,120246615285510642,ACTIVE,400,83.58,3043,66,72,4,1,92.3
05,120244783755130320,ACTIVE,300,82.66,4142,115,122,8,4,278.68
05,120248959176740725,ACTIVE,500,81.98,3035,67,64,6,6,372.98
05,120249086109210100,ACTIVE,500,79.84,2197,66,51,7,2,77.88000000000001
05,120242973433800146,ACTIVE,500,79.58000000000001,3193,99,107,7,1,41.98
05,120250445767170166,ACTIVE,150,79.18,2765,79,89,8,6,214.64
05,120245848127390707,ACTIVE,500,78.32000000000001,1805,75,76,10,3,161.51000000000002
05,120241066464020065,ACTIVE,289,77.91000000000001,2462,48,44,9,5,260.23
05,120249140482640100,ACTIVE,300,74.97,1627,74,72,4,2,90.72999999999999
05,120244581910350686,ACTIVE,300,73.3,920,29,24,4,4,203.61999999999998
05,120248698800290127,ACTIVE,300,72.07,993,42,48,4,1,60.47
05,120246221877410629,ACTIVE,335,71.99000000000001,1797,49,42,9,4,379.78000000000003
05,120248139130260455,ACTIVE,325,71.48,1598,58,51,6,4,240.14
05,120245380137820707,ACTIVE,500,70.82,1950,50,50,5,3,171.61
05,120245327669090320,ACTIVE,360,70.66,1708,48,49,2,0,0
05,120249140601980100,ACTIVE,300,70.31,1769,65,60,7,4,151.88
05,120242031621370065,ACTIVE,229,69.00999999999999,1831,36,40,6,0,0
05,120249251074180319,ACTIVE,350,68.03999999999999,2050,43,49,2,1,37
05,120246710213420090,ACTIVE,455,67.84,1937,76,85,6,4,198.66
05,120243458344350129,ACTIVE,600,66.79,2329,57,63,7,7,481.07000000000005
05,120249525957160319,ACTIVE,360,66.69,1935,46,47,4,0,0
05,120246040085600751,ACTIVE,370,66.6,1424,45,50,11,5,208.35000000000002
05,6966949200895,ACTIVE,250,66.25,1199,28,28,3,2,85.96
05,120244745582820125,ACTIVE,300,65.64,1600,31,32,2,0,0
05,120248965302070064,ACTIVE,500,65.38,1111,46,51,5,4,299.12
05,120245010772960663,ACTIVE,301,64.97,956,39,41,2,1,37.98
05,120246736742480477,PAUSED,90,64.71000000000001,834,29,31,1,0,0
05,120247324556450065,PAUSED,50,64.67,1090,41,40,6,1,51.629999999999995
05,120245823919130320,ACTIVE,360,64.38,2408,54,51,4,3,126.90999999999998
05,120248911416770577,ACTIVE,301,64.21000000000001,1449,79,70,7,3,137.12
05,120244878279420125,ACTIVE,270,64.19,2147,47,50,3,2,167.42000000000002
05,120247868045210695,ACTIVE,360,63.699999999999996,2040,35,33,3,1,37.98
05,120247941350370695,ACTIVE,250,63.63,1662,29,33,3,1,37.980000000000004
05,120245011207100320,ACTIVE,360,63.620000000000005,1863,45,49,2,2,140.79000000000002
05,120248536187780100,ACTIVE,300,63.28,1691,64,70,7,1,52.56
05,120246785226280564,ACTIVE,300,62.75,2271,56,64,2,0,0
05,120246273720740455,ACTIVE,250,62.35999999999999,1579,53,58,3,2,120.82
05,120245884994790214,ACTIVE,150,62.23,1118,25,26,1,1,24.97
05,120243508760940146,ACTIVE,143,60.42,1009,21,25,0,0,0
05,120246643142870065,PAUSED,148,59.79,1634,47,45,5,1,29.979999999999997
05,120252393021210348,PAUSED,80,59.27,1928,25,22,1,0,0
05,120247901344790425,ACTIVE,300,59.129999999999995,1214,34,34,2,1,69.67
05,120244270293390320,ACTIVE,300,59.06,1535,46,44,4,2,212.12
05,120251093896120404,ACTIVE,94,58.7,1065,40,36,1,1,41.980000000000004
05,120248056801340561,ACTIVE,260,58.650000000000006,1502,60,57,9,4,133.89000000000001
05,120247114934220455,ACTIVE,226,58.55,1003,41,40,4,3,274.08
05,120247616942850561,ACTIVE,300,58.11,1774,53,47,2,1,57.96
05,120243787103960686,ACTIVE,200,57.72,1485,31,35,3,2,59.96
05,120246375737140674,ACTIVE,175,57.43,1263,38,40,4,3,162.39
05,120247139572780564,ACTIVE,350,57.419999999999995,1263,35,29,4,2,109.69999999999999
05,120247026467550090,ACTIVE,60,57.099999999999994,810,39,48,8,5,235.60000000000002
05,120240901145360175,ACTIVE,245,56.650000000000006,1827,49,49,6,3,108.82
05,120243843991710129,ACTIVE,100,56.519999999999996,1919,56,61,3,2,166
05,120246791587200455,ACTIVE,307,56.11,663,45,48,4,4,283.58
05,120246962698770090,ACTIVE,325,54.989999999999995,1381,58,55,7,3,136.27
05,120250413795050709,ACTIVE,300,54.44,1136,31,31,6,4,130.31
05,120246007921740320,ACTIVE,318,54.32000000000001,1853,53,52,6,5,334.55
05,120244662020140686,PAUSED,50,53.92,983,13,14,3,1,51.22
05,120247479685940389,ACTIVE,100,53.81,1367,35,37,3,1,48.72
05,120246396470250674,ACTIVE,200,52.839999999999996,1148,30,31,4,2,76.2
05,120243482214180129,ACTIVE,300,52.150000000000006,1537,48,49,4,3,174.94000000000003
05,120243753190540054,ACTIVE,200,51.2,1287,37,37,5,4,251.6
05,120246549338880065,ACTIVE,50,50.76,1417,34,29,4,2,79.5
05,120242694742870146,ACTIVE,292,50.69,1362,40,44,3,1,75.21
05,120249286682560368,ACTIVE,337,50.54,1604,34,38,1,0,0
05,120245833631150707,ACTIVE,300,50.52000000000001,1038,40,40,4,1,102.61000000000001
05,120246947981930126,ACTIVE,80,50.31,1138,24,24,3,1,51.22
05,120246259925420674,ACTIVE,200,50.089999999999996,1021,39,35,3,1,46.23
05,120248056801410561,PAUSED,260,49.86,1367,47,46,1,0,0
05,120249081135480577,ACTIVE,100,48.89,836,36,32,3,1,28.98
05,120247184054680509,ACTIVE,270,48.75,838,34,32,6,4,177.36
05,120244895488610436,ACTIVE,119,48.43,1542,29,30,2,2,136.45000000000002
05,120246533502350368,ACTIVE,211,48.28,1528,28,26,3,1,96.75999999999999
05,120247547642310642,ACTIVE,340,47.84,883,18,20,2,2,134.94
05,120247228100240725,ACTIVE,100,47.730000000000004,2346,33,46,2,0,0
05,120246491099340090,ACTIVE,76,46.93,804,24,23,2,1,36.94
05,120248359442970589,ACTIVE,300,46.78,1277,19,20,4,1,67.91
05,120249120674110404,ACTIVE,300,46.62,1103,31,33,1,0,0
05,120248960171180100,ACTIVE,300,46.58,1355,21,25,2,0,0
05,120247175023780065,ACTIVE,76,46.419999999999995,1037,30,25,2,1,85.15
05,120249062217790019,ACTIVE,225,46.31,781,25,21,4,2,81.2
05,120243335632250705,ACTIVE,200,46.31,881,24,24,3,1,51.22
05,120248893532100100,ACTIVE,300,46.25,1312,43,41,3,2,154.68
05,120250554304290404,ACTIVE,200,45.879999999999995,741,31,31,3,2,169.68
05,120243602902170032,ACTIVE,200,45.870000000000005,1261,36,40,6,2,74.54
05,120250905694920651,ACTIVE,200,45.74,1203,32,35,4,3,141.98
05,120243071308620125,ACTIVE,100,45.22,1204,18,21,2,1,97.71
05,120249178585030725,ACTIVE,100,45.019999999999996,2524,40,33,1,0,0
05,120246396470350674,ACTIVE,100,44.97,1020,37,38,0,0,0
05,120248922585490210,ACTIVE,200,44.94,1157,26,22,2,2,116.91999999999999
05,120254529951930197,ACTIVE,100,44.88999999999999,634,22,23,2,1,66.21000000000001
05,120244360843810065,ACTIVE,135,44.71,1156,39,38,4,3,109.47
05,120248923191120589,ACTIVE,50,44.64,1532,41,38,5,4,214.15
05,120245848127430707,ACTIVE,300,44.53000000000001,1260,55,56,5,1,37.370000000000005
05,120243831461540146,ACTIVE,200,44.480000000000004,1711,37,36,3,0,0
05,120244581454670686,PAUSED,50,44.46,753,16,13,0,0,0
05,120245622959500630,ACTIVE,94,44.38,902,34,35,5,4,115.91
05,120244963455410686,ACTIVE,200,44.06,687,17,19,3,2,142.42000000000002
05,120246828454030629,ACTIVE,300,43.45,1074,40,43,3,2,153.28
05,120245282912580630,PAUSED,200,43.34,1152,32,30,3,1,40.97
05,120246396517520674,ACTIVE,200,43.33,1111,31,29,2,1,29.979999999999997
05,120244823852370686,ACTIVE,100,42.99000000000001,741,21,24,3,4,224.87
05,120246181834560241,PAUSED,150,42.96000000000001,2183,43,42,1,0,0
05,120249228754110589,ACTIVE,100,42.96,445,22,22,2,1,49.52
05,120247282176200431,ACTIVE,150,42.83,714,20,20,1,0,0
05,120243986595710788,PAUSED,50,42.79,673,19,21,0,0,0
05,120248429995370229,PAUSED,124,42.739999999999995,1136,33,29,2,1,40.97
05,120246191098970320,ACTIVE,120,42.730000000000004,1124,33,26,3,2,140.79
05,120243844678990129,ACTIVE,300,42.61,1191,38,41,5,2,162.7
05,120243951377020125,ACTIVE,80,42.49,842,25,26,4,3,237.15
05,120245124096920686,ACTIVE,80,42.36,1554,44,43,1,0,0
05,120247107054620509,ACTIVE,200,42.17,1041,24,25,1,0,0
05,120245899907660065,ACTIVE,115,41.949999999999996,751,26,24,3,1,49.52
05,120247136451350725,ACTIVE,100,41.67,1471,41,39,5,5,280.43
05,120245554821660177,ACTIVE,100,41.55,832,22,16,1,0,0
05,120246242129020477,ACTIVE,100,41.49,740,21,21,0,0,0
05,120243466971930678,ACTIVE,200,41.44,913,38,35,4,1,39.98
05,120245124074660686,ACTIVE,80,41.39,1524,42,43,3,1,29.98
05,120247970574990126,ACTIVE,80,41.2,791,20,19,2,2,81.2
05,120244995599860686,PAUSED,100,41.07,393,7,7,0,0,0
05,120248430355980229,ACTIVE,200,40.77,969,27,25,1,0,0
05,120243928954880129,ACTIVE,300,40.75,1283,43,48,3,4,269.22
05,120243948553180686,ACTIVE,80,40.55,645,22,23,3,3,89.94
05,120245859755050173,ACTIVE,120,40.54,1072,45,47,4,3,182.72
05,120244581811200686,ACTIVE,80,40.519999999999996,749,24,22,6,4,141.16
05,120246070715810752,ACTIVE,169,40.19,1191,40,42,3,2,65.94999999999999
05,120246024108390751,ACTIVE,355,40.02,839,35,30,6,3,133.60999999999999
05,120245622959630630,ACTIVE,94,39.97,809,24,25,3,2,65.95
05,120246382556450462,ACTIVE,195,39.93,856,33,32,2,1,57.98
05,120245435760750780,ACTIVE,200,39.92,577,12,12,3,3,92.92999999999999
05,120246666161080477,ACTIVE,100,39.89,451,11,12,2,2,59.96
05,120249228181020589,PAUSED,100,39.839999999999996,317,13,13,0,0,0
05,120251919170720054,ACTIVE,100,39.760000000000005,612,11,11,2,0,0
05,120245232977300320,ACTIVE,214,39.75,1406,38,38,5,3,176.31
05,120248698800650127,ACTIVE,100,39.53,468,25,26,2,1,60.47
05,120247322669120509,ACTIVE,200,39.449999999999996,1483,45,42,4,2,68.96000000000001
05,120247558121560065,ACTIVE,94,39.43,1007,39,40,4,1,49.51
05,120245686749070320,ACTIVE,200,39.37,1267,37,41,3,1,143.06
05,120247026467610090,ACTIVE,119,39.32,688,19,28,2,2,123.29
05,120247124966060090,PAUSED,119,39.15,672,27,28,2,0,0
05,120247199911460090,ACTIVE,122,38.75,816,35,30,2,1,62.39000000000001
05,120247705045190564,ACTIVE,165,38.61,1238,38,33,1,0,0
05,120248621604700283,ACTIVE,200,38.56,779,25,26,2,0,0
05,120251239771420586,ACTIVE,50,38.56,1663,49,46,2,1,28.979999999999997
05,120248085583180127,ACTIVE,100,38.53,390,16,19,2,1,60.46999999999999
05,120248248634970455,ACTIVE,132,38.41,616,25,23,2,1,84.37
05,120244349822900686,ACTIVE,100,38.309999999999995,572,16,18,2,2,101.19
05,120249061328590589,ACTIVE,50,38.209999999999994,758,10,17,2,1,29.98
05,120246850329040065,ACTIVE,136,38.16,1024,38,33,8,4,195.78
05,120247479945600065,ACTIVE,300,38.129999999999995,991,19,23,1,1,36.95
05,120248085583660127,ACTIVE,100,37.99,448,20,18,0,0,0
05,120244995090060686,PAUSED,100,37.94,507,13,13,0,0,0
05,120247534964830642,PAUSED,76,37.92,931,27,25,2,0,0
05,120247993581120462,PAUSED,104,37.83,509,17,16,0,0,0
05,120246588746810090,ACTIVE,140,37.78,825,32,34,5,4,156.38
05,120247322861560509,ACTIVE,200,37.730000000000004,1463,37,37,0,0,0
05,120247322946650509,ACTIVE,200,37.58,1343,32,33,3,1,59.62
05,120245622959400630,ACTIVE,73,37.49,879,24,24,3,3,106.92000000000002
05,120251910136180054,PAUSED,107,37.31,754,13,13,1,0,0
05,120244242496990780,ACTIVE,200,37.120000000000005,744,28,29,2,2,67.95
05,120248248635000455,ACTIVE,132,36.980000000000004,723,35,31,1,2,148.73999999999998
05,120245899907890065,ACTIVE,115,36.97,853,36,33,3,1,29.98
05,120246465927950677,ACTIVE,100,36.959999999999994,715,4,6,1,1,70.02
05,120247558121530065,PAUSED,94,36.9,731,24,22,2,0,0
05,120246178764690752,ACTIVE,100,36.86,904,16,16,3,1,40.970000000000006
05,120249179840870725,ACTIVE,100,36.730000000000004,1024,24,23,4,2,137.12
05,120245514271720065,ACTIVE,115,36.690000000000005,820,40,39,1,1,49.510000000000005
05,120244995263710686,PAUSED,100,36.68,375,6,7,1,0,0
05,120247728967360642,PAUSED,61,36.53,889,17,15,0,0,0
05,120247148756590731,ACTIVE,80,36.5,358,21,21,1,1,88.3
05,120248299218010431,ACTIVE,130,36.489999999999995,633,13,13,2,1,28.979999999999997
05,120245057027780564,ACTIVE,190,36.370000000000005,1385,26,29,1,1,69.72
05,120248364287170127,ACTIVE,100,36.33,388,27,31,1,0,0
05,120247193573040509,ACTIVE,200,36.31,1548,30,33,4,4,190.54999999999998
05,120244880653330686,ACTIVE,50,36.22,707,22,21,5,2,59.959999999999994
05,120248318268940152,ACTIVE,200,36.12,1212,18,17,2,1,46.980000000000004
05,120251916632010054,ACTIVE,100,36.01,560,7,8,1,0,0
05,120248523442100229,ACTIVE,94,35.98,577,25,30,3,0,0
05,120246178127590241,ACTIVE,150,35.92,1796,27,25,1,0,0
05,120247013051330065,PAUSED,50,35.77,792,23,21,0,0,0
05,120244428953860686,ACTIVE,150,35.65,788,19,21,3,3,132.42
05,120241671273870455,ACTIVE,212,35.63,815,33,26,3,2,144.78
05,120246377047690097,ACTIVE,150,34.75,1257,30,27,2,0,0
05,120247061936980509,ACTIVE,200,34.739999999999995,1293,23,21,2,0,0
05,120247956340000389,ACTIVE,100,34.730000000000004,1130,49,49,2,0,0
05,120243593315080146,ACTIVE,233,34.63,710,11,12,1,1,75.21
05,120248698801690127,ACTIVE,100,34.53,436,29,26,3,2,95.44999999999999
05,120245460221520177,ACTIVE,100,34.41,632,34,33,5,3,152.4
05,120246220421900725,ACTIVE,200,34.31,1055,19,22,1,0,0
05,120243734745460129,ACTIVE,300,34.230000000000004,1117,38,37,3,1,66.47999999999999
05,120244194695070177,ACTIVE,100,34.19,735,28,26,4,2,59.96
05,120247073165120090,ACTIVE,223,34.14,780,32,37,3,1,36.94
05,120242847129030686,ACTIVE,50,34.12,840,17,17,2,1,51.22
05,120245514271740065,ACTIVE,115,34.06,707,39,43,4,1,49.52
05,120246849779610090,ACTIVE,50,34.05,573,15,20,1,1,36.94
05,120246107483730752,ACTIVE,100,33.99,724,25,25,5,3,104.9
05,120244389916660436,ACTIVE,78,33.910000000000004,1454,34,34,3,2,110.19999999999999
05,120245999879420097,ACTIVE,80,33.849999999999994,1015,28,27,1,1,34.980000000000004
05,120245124026530686,ACTIVE,80,33.739999999999995,581,33,31,5,5,192.38
05,120248180636520589,ACTIVE,100,33.7,936,21,20,2,2,99.03
05,120248288633270389,ACTIVE,81,33.66,960,36,30,8,6,208.99000000000004
05,120243840045620129,ACTIVE,300,33.620000000000005,987,33,42,3,1,66.48
05,120246250745230674,ACTIVE,100,33.49999999999999,816,13,12,2,1,46.230000000000004
05,120247866597100389,ACTIVE,100,33.42,1114,49,43,5,1,37.06
05,120248270609930152,ACTIVE,100,33.25,1543,16,22,0,0,0
05,120247890133980642,ACTIVE,124,33.23,925,23,21,1,1,92.3
05,120246178929760752,ACTIVE,100,33.22,772,24,23,3,0,0
05,120245241360310455,ACTIVE,73,33.2,1402,19,17,1,0,0
05,120249179865040725,ACTIVE,100,33.07,907,12,13,1,1,68.56
05,120246286465380752,ACTIVE,100,33.03,806,32,34,6,0,0
05,120249151139280057,ACTIVE,100,32.870000000000005,513,19,22,0,0,0
05,120247678231050065,PAUSED,93,32.82,764,21,21,2,0,0
05,120235701428400210,ACTIVE,200,32.790000000000006,800,16,15,2,3,181.92000000000002
05,120244965177330686,PAUSED,80,32.790000000000006,493,10,11,0,0,0
05,120245650683780674,PAUSED,100,32.44,515,21,20,0,0,0
05,120251769553160054,ACTIVE,92,32.34,786,19,18,4,2,85.2
05,120247890133910642,ACTIVE,124,32.33,712,10,12,2,1,65.94999999999999
05,120245329462560320,ACTIVE,200,32.22,978,32,26,0,0,0
05,120244480112510436,PAUSED,78,32.17,1162,29,23,2,0,0
05,120246191098790320,ACTIVE,120,32.07,853,26,23,2,1,34.07
05,120246399807540674,ACTIVE,142,32.02,940,24,23,2,0,0
05,120245124561470686,ACTIVE,80,31.990000000000002,458,13,13,1,0,0
05,120245205425940677,ACTIVE,50,31.84,819,13,16,2,0,0
05,120251769553070054,ACTIVE,73,31.83,744,16,15,3,2,63.96000000000001
05,120235336090360210,ACTIVE,200,31.800000000000004,722,14,16,1,1,41.98
05,120244634571550678,ACTIVE,105,31.760000000000005,631,8,9,2,1,57.98
05,120249013372050100,PAUSED,64,31.69,532,15,14,0,0,0
05,120246184128390674,PAUSED,100,31.58,506,14,13,0,0,0
05,120244017128390686,PAUSED,50,31.57,619,23,23,1,0,0
05,120248064259890425,PAUSED,100,31.43,448,15,12,0,0,0
05,120247547590960642,ACTIVE,200,31.429999999999996,807,21,21,0,0,0
05,120247199911470090,PAUSED,122,31.410000000000004,801,18,17,2,0,0
05,120248299218060431,ACTIVE,130,31.4,523,25,23,3,3,175.69
05,120249222913600100,ACTIVE,91,31.189999999999998,892,26,26,2,1,52.56
05,120249228293700589,ACTIVE,100,31.14,191,7,8,0,0,0
05,120245124561510686,ACTIVE,80,31.05,566,17,19,3,1,29.98
05,120246471244780065,ACTIVE,135,31.029999999999998,915,36,34,3,1,67.89
05,120249366225680100,ACTIVE,100,31.009999999999998,619,16,14,2,1,52.56
05,120247487024380065,PAUSED,100,30.979999999999997,443,10,9,0,0,0
05,120246870229730642,ACTIVE,62,30.939999999999998,657,16,16,1,1,146.8
05,120246875435580731,PAUSED,100,30.83,346,13,10,0,0,0
05,120246668180150731,PAUSED,100,30.78,428,12,13,1,0,0
05,120248512806040048,ACTIVE,100,30.71,507,25,24,1,1,34.980000000000004
05,120247541912960469,ACTIVE,80,30.57,672,12,13,1,1,49.37
05,120245931951140650,ACTIVE,100,30.56,370,13,13,1,1,64.28
05,120246191098590320,ACTIVE,120,30.5,936,36,32,1,1,82.02
05,120249352629920127,ACTIVE,100,30.49,418,20,21,2,1,34.98
05,120246624884480455,ACTIVE,122,30.400000000000006,887,14,13,0,0,0
05,120248082904020663,ACTIVE,150,30.37,482,21,23,1,1,66.02
05,120246415849650214,ACTIVE,160,30.369999999999997,405,13,14,3,3,145.82
05,120248923493180565,ACTIVE,80,30.369999999999997,305,14,13,4,1,29.979999999999997
05,120248596343100048,ACTIVE,100,30.08,301,16,20,2,1,34.98
05,120245610768940032,ACTIVE,200,29.84,606,26,30,5,3,82.22999999999999
05,120245931951070650,ACTIVE,100,29.830000000000002,373,17,16,1,2,167.92
05,120249115231040100,ACTIVE,50,29.73,777,24,25,2,1,52.56
05,120247084134340065,ACTIVE,50,29.7,498,23,25,3,2,59.96
05,120248539381110725,ACTIVE,200,29.680000000000003,628,14,16,1,1,49.37
05,120247954410960425,PAUSED,69,29.68,559,19,19,2,0,0
05,120248124018900425,PAUSED,135,29.59,448,14,10,0,0,0
05,120247890206850725,ACTIVE,100,29.58,1058,28,31,2,1,49.37
05,120249222913640100,ACTIVE,91,29.57,696,26,24,2,2,107.37
05,120245964184870707,ACTIVE,113,29.509999999999998,583,15,16,2,2,151.48
05,120246007921720320,ACTIVE,80,29.25,707,19,16,2,1,34.07
05,120248880534940100,PAUSED,50,29.2,555,16,13,4,1,90.92999999999999
05,120248199130120168,ACTIVE,90,29.18,620,18,17,1,0,0
05,120246191098540320,ACTIVE,120,29.1,970,23,24,3,1,34.07
05,120244504303760686,ACTIVE,80,29.060000000000002,636,9,11,0,0,0
05,120251940198120054,ACTIVE,100,29.03,400,9,9,1,0,0
05,120246250177610320,PAUSED,110,29.02,730,18,16,0,0,0
05,120250139873910577,ACTIVE,100,28.93,620,16,17,1,0,0
05,120240258763950179,ACTIVE,140,28.68,979,19,24,0,0,0
05,120247293642140642,ACTIVE,120,28.67,600,13,12,3,1,92.3
05,120249347498540100,ACTIVE,91,28.589999999999996,652,19,18,1,1,52.56
05,120250066594120577,ACTIVE,100,28.549999999999997,538,22,17,2,2,147.99
05,120255653285300586,ACTIVE,50,28.51,563,22,16,3,2,78.35000000000001
05,120247921074920168,ACTIVE,74,28.47,741,16,19,0,0,0
05,120254529951780197,PAUSED,100,28.459999999999997,488,9,9,1,0,0
05,120247823215090168,ACTIVE,100,28.42,556,21,23,4,2,97.36
05,120246506737780126,ACTIVE,80,28.349999999999998,594,18,18,1,1,29.980000000000004
05,120251692404070054,ACTIVE,78,28.349999999999998,668,18,19,2,1,53.22
05,120248204881090455,ACTIVE,135,28.28,600,14,12,2,2,167.23999999999998
05,120244079033450320,ACTIVE,120,28.230000000000004,1211,25,26,1,0,0
05,120243593808880146,ACTIVE,100,28.18,837,31,25,6,2,117.19000000000001
05,120247370270380509,PAUSED,101,28.14,1166,22,20,0,0,0
05,120246599890040214,ACTIVE,120,28.07,465,10,11,3,2,85.9
05,120246219805000241,ACTIVE,150,27.95,705,17,17,1,0,0
05,120246804547700175,ACTIVE,60,27.95,1081,20,20,2,1,24.96
05,120246471244730065,ACTIVE,135,27.939999999999998,959,32,33,1,0,0
05,120247524798270389,ACTIVE,50,27.930000000000003,890,18,23,3,1,21.869999999999997
05,120244761350620455,ACTIVE,135,27.8,1062,18,21,2,1,60.41
05,120244618043630436,ACTIVE,100,27.770000000000003,1048,42,41,3,1,68.22999999999999
05,120244566548030788,ACTIVE,135,27.76,508,21,24,2,0,0
05,120246069254050470,ACTIVE,98,27.689999999999998,781,17,16,2,1,183.47
05,120248889583930116,ACTIVE,90,27.64,384,12,11,0,0,0
05,120246338142390241,ACTIVE,109,27.6,1311,18,17,1,0,0
05,120246733854770065,ACTIVE,80,27.52,524,21,17,0,0,0
05,120246286382660752,ACTIVE,100,27.5,616,13,13,2,2,65.95
05,120246770835970175,ACTIVE,110,27.5,722,22,22,2,1,24.96
05,120246887885530090,PAUSED,50,27.479999999999997,549,24,23,2,0,0
05,120247370270360509,ACTIVE,101,27.37,1133,22,22,1,1,37.98
05,120244428953840686,ACTIVE,50,27.310000000000002,547,17,17,1,2,119.93
05,120245825263430533,ACTIVE,100,27.240000000000002,694,21,22,3,1,24.98
05,120249251074290319,ACTIVE,120,27.220000000000002,690,9,9,1,1,37
05,120244823852300686,PAUSED,50,27.199999999999996,484,13,13,1,0,0
05,120244691045040320,ACTIVE,120,27.16,1004,12,14,2,1,58.77
05,120248072969470389,PAUSED,56,27.089999999999996,835,33,33,4,1,59.91
05,120245535022630455,ACTIVE,132,27.020000000000003,368,21,18,2,2,213.68
05,120247950274740126,ACTIVE,90,27.019999999999996,693,20,21,3,1,29.980000000000004
05,120246733901990065,ACTIVE,80,26.9,616,20,19,4,0,0
05,120245119189080630,ACTIVE,78,26.840000000000003,792,20,19,2,2,100.54
05,120245500027320032,ACTIVE,100,26.77,718,30,29,3,1,45.87
05,120243840045560129,ACTIVE,100,26.75,788,22,22,1,0,0
05,120244825046600686,ACTIVE,80,26.689999999999998,491,12,14,3,2,101.19000000000001
05,120249179840900725,ACTIVE,100,26.560000000000002,632,13,14,4,2,135.92
05,120243772020840146,ACTIVE,100,26.53,662,25,19,1,0,0
05,120247275556550642,ACTIVE,50,26.490000000000002,824,19,19,0,0,0
05,120244916431500436,ACTIVE,100,26.47,778,10,15,0,0,0
05,120245381315950677,ACTIVE,50,26.429999999999996,983,10,9,1,0,0
05,120247453928360065,PAUSED,94,26.419999999999998,700,11,11,0,0,0
05,120248056978460544,ACTIVE,150,26.35,803,9,11,2,2,75.5
05,120248017013520389,PAUSED,50,26.340000000000003,846,38,30,2,0,0
05,120246733876960065,ACTIVE,80,26.310000000000002,506,26,26,3,1,29.98
05,120244177553830678,ACTIVE,100,26.22,631,19,19,2,1,39.98
05,120246875316820731,PAUSED,100,26.2,345,8,11,0,0,0
05,120257220181140586,PAUSED,50,26.17,927,11,9,1,0,0
05,120245825367300533,ACTIVE,100,26.13,733,22,17,2,0,0
05,120247815782100642,ACTIVE,122,26.040000000000003,597,12,18,0,0,0
05,120249179367710725,ACTIVE,100,26.04,479,11,16,2,2,135.92
05,120247645229990642,ACTIVE,60,26.01,1121,16,17,1,0,0
05,120250139945670577,ACTIVE,100,25.980000000000004,469,21,18,4,0,0
05,120243734745510129,ACTIVE,100,25.88,959,12,16,2,0,0
05,120245251316060477,PAUSED,100,25.849999999999998,384,8,10,1,0,0
05,120247124966150090,ACTIVE,119,25.71,450,18,18,2,0,0
05,120246733877000065,ACTIVE,80,25.61,460,11,12,2,0,0
05,120247605280040425,ACTIVE,200,25.479999999999997,699,17,18,2,2,109.65
05,120248176825100455,ACTIVE,131,25.29,568,19,23,1,0,0
05,120243458900420436,ACTIVE,100,25.29,1055,27,25,2,0,0
05,120248556140990663,ACTIVE,200,25.250000000000004,369,14,15,0,0,0
05,120246570408620477,ACTIVE,100,25.189999999999998,503,16,10,0,1,107.44
05,120247485225890126,ACTIVE,80,25.18,524,12,11,1,0,0
05,120249179367830725,ACTIVE,100,25.169999999999998,463,14,12,1,1,146.51
05,120244486414960436,ACTIVE,100,25.12,717,17,14,1,0,0
05,120247678231030065,PAUSED,93,25.1,506,14,13,0,0,0
05,120247866680710389,ACTIVE,100,24.990000000000002,635,13,15,1,0,0
05,120249347498580100,PAUSED,91,24.98,361,9,8,0,0,0
05,120247390339080509,ACTIVE,100,24.89,746,15,15,0,1,36.47
05,120248072969230389,PAUSED,62,24.769999999999996,784,15,11,0,0,0
05,120249366225440100,ACTIVE,100,24.75,605,13,13,3,1,38.17
05,120245583667780533,PAUSED,66,24.700000000000003,553,13,13,0,0,0
05,120246250177540320,ACTIVE,110,24.669999999999998,743,19,20,0,0,0
05,120243734466660129,ACTIVE,100,24.64,678,22,24,1,0,0
05,120244083558220146,ACTIVE,100,24.64,866,28,30,4,2,117.19999999999999
05,120249179865340725,ACTIVE,100,24.61,608,15,13,2,2,135.92000000000002
05,120245911260540650,ACTIVE,120,24.490000000000002,317,7,10,2,1,61.57
05,120246867532700629,ACTIVE,50,24.409999999999997,554,19,15,2,0,0
05,120247149106470731,ACTIVE,80,24.4,353,8,9,2,1,60.39
05,120244083558180146,ACTIVE,100,24.38,612,24,23,5,2,117.20000000000002
05,120248045548240425,ACTIVE,136,24.35,548,14,12,0,0,0
05,120246733854740065,ACTIVE,80,24.32,529,17,16,3,0,0
05,120246981649870509,ACTIVE,100,24.259999999999998,770,16,19,3,0,0
05,120245617791190630,ACTIVE,111,24.200000000000003,815,23,26,3,2,54.96
05,120244243594070436,ACTIVE,50,24.2,670,11,15,0,0,0
05,120245987169440477,PAUSED,100,24.169999999999998,320,10,8,1,0,0
05,120250922808060054,ACTIVE,100,24.1,446,6,8,0,0,0
05,120248414403410695,ACTIVE,150,24.08,730,14,12,1,1,66.02
05,120246412451290629,ACTIVE,50,24.020000000000003,597,18,17,1,0,0
05,120246226742380674,ACTIVE,120,23.92,667,14,15,0,0,0
05,120246733902040065,ACTIVE,80,23.87,505,19,17,3,1,49.519999999999996
05,120245205078130630,PAUSED,80,23.82,797,12,13,3,0,0
05,120248974670400019,ACTIVE,80,23.76,471,19,24,1,1,29.98
05,120246459062250674,ACTIVE,110,23.72,654,13,14,1,1,29.98
05,120246011193300707,PAUSED,50,23.7,555,20,15,0,0,0
05,120247467569900455,ACTIVE,50,23.7,744,19,15,0,0,0
05,120248974670480019,ACTIVE,80,23.66,364,10,12,2,1,107.44
05,120245306349070462,ACTIVE,100,23.61,571,19,20,2,1,57.98
05,120248204881060455,ACTIVE,135,23.54,675,18,14,1,1,84.36999999999999
05,120245685799910707,PAUSED,50,23.41,452,17,14,0,0,0
05,120248923191070589,ACTIVE,50,23.37,543,12,12,0,0,0
05,120244312405140436,ACTIVE,100,23.31,818,28,28,1,1,99.72
05,120248429995310229,ACTIVE,77,23.21,515,21,21,1,1,40.97
05,120245923045620168,ACTIVE,100,23.17,468,15,17,2,0,0
05,120249179003180725,ACTIVE,100,23.12,513,8,8,1,1,49.37
05,120249179811790725,ACTIVE,100,23.09,697,12,12,0,0,0
05,120248958916870100,ACTIVE,100,23.080000000000002,494,13,13,2,0,0
05,120247267370990509,ACTIVE,100,23.07,465,17,12,1,0,0
05,120248162820950389,ACTIVE,100,22.990000000000002,741,42,45,8,3,80.79
05,120243929504820146,ACTIVE,100,22.97,684,13,9,3,1,41.980000000000004
05,120243458344240129,ACTIVE,100,22.96,952,15,12,0,0,0
05,120246286557160752,ACTIVE,100,22.94,524,13,14,4,3,90.93
05,120246672624130642,ACTIVE,50,22.92,518,8,9,1,1,37.95
05,120246374707600097,ACTIVE,77,22.81,759,19,20,2,0,0
05,120244794017770320,ACTIVE,120,22.71,921,14,13,3,2,117.53999999999999
05,120247995051750695,ACTIVE,93,22.69,728,9,12,0,0,0
05,120250057581290368,ACTIVE,136,22.619999999999997,699,5,5,0,0,0
05,120247453929680065,ACTIVE,94,22.57,636,10,11,3,2,99.04
05,120249179002100725,ACTIVE,100,22.54,502,8,7,0,0,0
05,120245124074630686,ACTIVE,80,22.54,386,12,12,3,1,29.98
05,120246819645500629,ACTIVE,50,22.52,502,13,14,1,2,100.86
05,120254368844920197,ACTIVE,70,22.5,472,18,18,2,1,46.23
05,120246560566740477,ACTIVE,90,22.49,492,20,17,4,3,149.91
05,120254284171910197,ACTIVE,100,22.479999999999997,530,13,13,1,1,29.98
05,120247482195350544,ACTIVE,74,22.369999999999997,445,9,10,2,2,93.89
05,120248802175730319,ACTIVE,120,22.35,550,14,16,3,3,138.19
05,120244389916630436,ACTIVE,100,22.270000000000003,726,12,13,0,0,0
05,120247865520180544,ACTIVE,80,22.240000000000002,436,13,11,1,1,27.98
05,120246946458510629,ACTIVE,128,22.24,691,15,15,4,0,0
05,120248535997930100,ACTIVE,100,22.24,519,13,13,0,0,0
05,120244550853910436,ACTIVE,122,22.21,637,15,20,0,0,0
05,120246985821510043,PAUSED,70,22.15,238,11,10,0,0,0
05,120246522122340677,ACTIVE,100,22.080000000000002,493,6,4,1,0,0
05,120240679404390629,ACTIVE,400,22.08,634,8,14,1,1,89.37
05,120244965177310686,ACTIVE,80,22.05,342,6,7,1,0,0
05,120246024108440751,ACTIVE,195,22.049999999999997,403,12,16,0,0,0
05,120249178308050725,ACTIVE,100,22.03,511,13,13,1,1,44.98
05,120245651364050303,ACTIVE,80,21.92,352,11,12,2,0,0
05,120248774488970725,ACTIVE,100,21.840000000000003,580,20,21,1,0,0
05,120248596343190048,ACTIVE,100,21.81,272,10,10,2,1,34.980000000000004
05,120247412626780168,ACTIVE,100,21.800000000000004,697,14,15,0,0,0
05,120246459062220674,ACTIVE,50,21.78,572,11,11,1,1,46.23
05,120246031764260509,ACTIVE,100,21.75,918,13,11,1,1,61.97
05,120244477400200678,ACTIVE,100,21.740000000000002,508,11,13,2,0,0
05,120247390339020509,ACTIVE,100,21.7,742,14,16,1,0,0
05,120254368844950197,ACTIVE,100,21.69,412,9,9,1,0,0
05,120244014047710146,ACTIVE,100,21.64,547,13,10,2,2,243.14000000000001
05,120245298343980752,ACTIVE,100,21.53,486,15,16,0,0,0
05,120245623471490177,ACTIVE,100,21.479999999999997,424,14,14,2,2,59.96
05,120242700474080358,ACTIVE,100,21.46,433,11,23,2,2,77.15
05,120247526522450425,ACTIVE,100,21.44,421,12,12,1,0,0
05,120247365755990509,ACTIVE,100,21.39,801,14,14,1,0,0
05,120247591966310642,ACTIVE,50,21.380000000000003,719,11,10,1,0,0
05,120247858934130544,ACTIVE,76,21.28,470,13,11,2,1,27.98
05,120247059116570175,PAUSED,87,21.150000000000002,669,12,12,1,0,0
05,120243929504970146,ACTIVE,50,21.15,576,14,12,0,1,41.980000000000004
05,120251014701600404,ACTIVE,50,21.12,239,4,7,1,1,74.94
05,120248069068060469,ACTIVE,80,21.06,447,8,8,2,0,0
05,120248159215720389,ACTIVE,79,21.01,557,15,31,1,0,0
05,120249872725020651,ACTIVE,80,21.009999999999998,408,14,14,1,0,0
05,120247365730510509,ACTIVE,100,20.9,707,17,16,1,1,34.980000000000004
05,120244070206100125,ACTIVE,80,20.810000000000002,402,7,11,3,2,167.42
05,120247238927080043,ACTIVE,70,20.779999999999998,333,11,12,2,1,29.12
05,120243928955960129,ACTIVE,100,20.77,691,15,13,0,0,0
05,120249283733020100,ACTIVE,90,20.730000000000004,453,11,14,0,1,52.559999999999995
05,120251150600140210,ACTIVE,82,20.72,553,17,18,0,0,0
05,120249088233310651,ACTIVE,80,20.66,441,12,13,1,1,37.980000000000004
05,120246522937100677,ACTIVE,100,20.630000000000003,491,7,6,1,0,0
05,120245049415260032,ACTIVE,100,20.580000000000002,581,18,12,0,0,0
05,120247367947390509,ACTIVE,100,20.54,789,12,12,0,0,0
05,120246232598650090,ACTIVE,132,20.47,479,10,12,0,0,0
05,120248151239370425,ACTIVE,100,20.43,281,7,9,3,1,39.980000000000004
05,120251701953330054,ACTIVE,100,20.43,449,7,8,0,0,0
05,120247367947350509,ACTIVE,100,20.39,595,8,9,0,0,0
05,120247970574920126,ACTIVE,80,20.36,414,12,13,3,3,152.40999999999997
05,120247163507460509,ACTIVE,50,20.35,1094,17,16,2,0,0
05,120246522442100677,ACTIVE,100,20.35,489,6,4,0,0,0
05,120247238927160043,ACTIVE,70,20.34,321,17,16,2,2,55.959999999999994
05,120248774501890725,ACTIVE,100,20.33,530,7,6,0,0,0
05,120247058049910303,ACTIVE,120,20.32,392,18,19,0,0,0
05,120244486325980436,ACTIVE,100,20.22,668,21,21,3,1,41.98
05,120247378425210561,ACTIVE,80,20.130000000000003,631,16,16,2,1,24.98
05,120246902634980175,ACTIVE,86,20.099999999999998,542,12,13,1,0,0
05,120243738734810686,ACTIVE,80,20.08,221,4,4,0,0,0
05,120247059116590175,PAUSED,87,20.07,524,15,13,1,0,0
05,120243063569770146,ACTIVE,100,20.07,668,18,21,3,1,75.21
05,120246299672700751,ACTIVE,195,20.05,530,12,14,1,0,0
05,120247504003780425,ACTIVE,61,20.03,307,7,12,1,0,0
05,120246270030590320,ACTIVE,120,19.979999999999997,500,6,6,0,0,0
05,120244486723120436,ACTIVE,100,19.919999999999998,555,15,11,1,0,0
05,120243832687650146,ACTIVE,100,19.919999999999998,391,10,9,1,1,106.71
05,120249179811830725,ACTIVE,100,19.87,706,12,12,1,1,86.55
05,120248764599250589,ACTIVE,100,19.87,522,14,10,2,2,153.02999999999997
05,6966949200095,ACTIVE,100,19.869999999999997,213,6,4,0,0,0
05,120243689609840436,ACTIVE,50,19.83,623,9,11,1,0,0
05,120247246948530509,ACTIVE,100,19.78,890,13,15,1,0,0
05,120243144633320146,ACTIVE,100,19.72,526,17,17,2,1,41.980000000000004
05,120246559951150097,ACTIVE,80,19.69,589,15,15,0,0,0
05,120244761582650436,ACTIVE,100,19.67,705,27,29,1,1,41.980000000000004
05,120243771828200436,ACTIVE,100,19.65,669,6,9,1,0,0
05,120250005173420404,ACTIVE,74,19.63,402,14,10,1,1,41.98
05,120246465900910677,ACTIVE,100,19.599999999999998,495,13,8,2,1,96.41
05,120245750558170707,ACTIVE,100,19.58,380,19,20,1,1,56.9
05,120246178825710752,ACTIVE,100,19.569999999999997,406,17,15,3,1,40.97
05,120249438611310064,ACTIVE,100,19.509999999999998,245,7,8,1,1,75.22000000000001
05,120248892319580365,ACTIVE,100,19.490000000000002,422,11,9,0,0,0
05,120249300729750589,ACTIVE,100,19.48,511,15,13,4,2,97.86999999999999
05,120249283732990100,ACTIVE,90,19.48,446,13,11,1,0,0
05,6993911140695,ACTIVE,100,19.47,337,6,9,1,1,54.98
05,120247157340280509,ACTIVE,100,19.45,700,7,8,1,0,0
05,120247365756650509,ACTIVE,100,19.34,783,10,11,0,0,0
05,120248224810100389,ACTIVE,80,19.31,496,9,15,0,1,37.06
05,120244165647870788,PAUSED,50,19.299999999999997,305,6,5,0,0,0
05,120247866400320389,ACTIVE,100,19.29,553,11,10,1,0,0
05,120246299721480751,ACTIVE,195,19.17,385,14,14,1,0,0
05,120245124052890686,ACTIVE,80,19.16,334,6,6,3,2,102.44
05,120244163991370436,ACTIVE,100,18.96,640,11,15,0,0,0
05,120248056801430561,ACTIVE,60,18.95,401,18,21,2,1,57.94
05,120243205951310642,ACTIVE,50,18.95,834,13,11,2,0,0
05,120242907734560129,ACTIVE,150,18.94,545,20,22,0,0,0
05,120254284171970197,ACTIVE,100,18.84,336,18,19,2,1,46.23
05,120244915705330436,ACTIVE,100,18.79,527,12,16,1,0,0
05,120244300638070032,ACTIVE,100,18.78,395,9,11,1,2,43.96
05,120243316803930436,ACTIVE,100,18.740000000000002,722,21,23,1,1,68.23
05,120246902635090175,ACTIVE,86,18.69,647,14,15,0,0,0
05,120242746886630788,ACTIVE,135,18.660000000000004,327,16,14,1,1,37.95
05,120247365730540509,ACTIVE,100,18.66,645,16,14,1,0,0
05,120247391144450509,ACTIVE,100,18.65,598,10,10,0,0,0
05,120246979930770509,ACTIVE,100,18.65,621,19,16,1,1,34.98
05,120245847712420650,ACTIVE,114,18.59,211,4,6,0,0,0
05,120246088780780320,ACTIVE,53,18.59,547,5,4,0,0,0
05,120247954411400425,ACTIVE,138,18.560000000000002,266,7,7,1,0,0
05,120243211247840146,ACTIVE,100,18.53,612,25,22,4,3,159.17000000000002
05,120247311647030509,ACTIVE,100,18.52,682,12,13,2,2,69.96
05,120247570572060455,ACTIVE,50,18.509999999999998,938,18,18,0,0,0
05,120242700474110358,ACTIVE,100,18.43,453,4,6,0,0,0
05,120242776941930146,ACTIVE,100,18.42,360,6,7,1,1,41.98
05,120243507783580146,ACTIVE,100,18.41,539,10,11,2,1,75.21
05,120247238880210043,ACTIVE,70,18.37,306,15,16,1,0,0
05,120248137514550561,ACTIVE,100,18.33,612,20,17,1,1,24.98
05,120244749895840686,ACTIVE,80,18.29,312,12,12,0,0,0
05,120248288633070389,PAUSED,81,18.240000000000002,528,12,9,1,0,0
05,120243065943950146,ACTIVE,150,18.23,418,15,14,0,0,0
05,120244034916020436,ACTIVE,100,18.23,584,11,10,3,1,129.44
05,120249438611220064,ACTIVE,100,18.23,283,8,6,2,0,0
05,120245785647070650,ACTIVE,100,18.19,234,6,8,0,0,0
05,120246447361050303,ACTIVE,120,18.14,461,20,20,0,1,43.97
05,120243465250350705,ACTIVE,80,18.14,341,17,17,0,0,0
05,120248289243870469,PAUSED,80,18.13,299,3,3,0,0,0
05,120247365940320642,ACTIVE,100,18.12,452,11,12,0,0,0
05,120250678039650651,ACTIVE,80,18.099999999999998,421,9,9,1,1,66.02
05,120245583666590533,ACTIVE,50,17.97,645,15,17,0,0,0
05,120248466107650695,ACTIVE,135,17.950000000000003,587,13,12,1,0,0
05,120243429905930146,ACTIVE,100,17.93,448,14,14,3,1,75.21000000000001
05,120247391144430509,ACTIVE,100,17.9,570,12,10,1,1,61.97
05,120244673897340436,ACTIVE,100,17.86,624,11,13,0,0,0
05,120245541619240177,ACTIVE,100,17.799999999999997,278,15,12,1,1,51.21
05,120247366315930509,ACTIVE,100,17.75,695,12,11,2,2,129.64
05,120247366316010509,ACTIVE,100,17.740000000000002,722,10,8,0,0,0
05,120243844958690129,ACTIVE,150,17.72,738,20,20,1,0,0
05,120248490741000152,ACTIVE,120,17.71,759,18,16,2,1,73.97999999999999
05,120245487786100032,ACTIVE,50,17.689999999999998,430,12,13,0,0,0
05,120245920600250032,ACTIVE,50,17.67,446,12,25,1,0,0
05,120246270264070320,ACTIVE,120,17.65,618,16,16,0,0,0
05,120242972188130146,ACTIVE,100,17.65,349,5,5,0,0,0
05,120245823079650320,ACTIVE,100,17.63,551,14,14,1,1,58.77
05,120244793522550320,ACTIVE,120,17.62,607,6,8,1,0,0
05,120247365568180509,ACTIVE,100,17.580000000000002,614,13,9,3,1,37.980000000000004
05,120247866597170389,ACTIVE,100,17.54,432,18,20,1,1,46.41
05,120244505803880686,ACTIVE,80,17.48,351,10,8,1,1,29.98
05,120247365568120509,ACTIVE,100,17.439999999999998,740,20,18,1,0,0
05,120244014492430146,ACTIVE,100,17.419999999999998,494,12,13,0,0,0
05,120245213356490125,ACTIVE,80,17.380000000000003,372,9,9,0,0,0
05,120244566387920788,ACTIVE,50,17.380000000000003,345,9,9,0,0,0
05,120247802943620389,ACTIVE,100,17.35,702,16,19,0,0,0
05,6968638622626,ACTIVE,50,17.27,357,12,10,1,0,0
05,120244915930020436,ACTIVE,100,17.16,567,11,11,0,0,0
05,120247392329400509,ACTIVE,100,17.16,541,11,11,2,0,0
05,120249265247170651,ACTIVE,80,17.130000000000003,362,11,12,0,0,0
05,120247615799520561,ACTIVE,50,17.12,329,16,13,0,0,0
05,120244505718600686,ACTIVE,80,17.090000000000003,240,9,8,0,0,0
05,120243860511490436,ACTIVE,100,17.03,737,11,10,1,1,68.23
05,120243142609020146,ACTIVE,100,16.96,304,19,16,1,2,85.7
05,120244915705670436,ACTIVE,100,16.94,505,7,7,0,0,0
05,120247245095750509,ACTIVE,300,16.9,752,12,10,1,1,87.46
05,120247403426120126,ACTIVE,122,16.78,350,8,8,0,0,0
05,120248535565040229,ACTIVE,116,16.759999999999998,336,15,15,2,1,49.97
05,120248151509340425,ACTIVE,100,16.72,259,7,9,1,0,0
05,120247392329370509,ACTIVE,100,16.62,543,8,8,0,0,0
05,120249533679040019,ACTIVE,50,16.53,318,18,15,2,1,24.98
05,120251692403590054,ACTIVE,73,16.47,348,10,8,1,0,0
05,120247728967380642,ACTIVE,122,16.45,453,7,9,0,0,0
05,120243673094650146,ACTIVE,100,16.45,466,16,11,2,0,0
05,120243772698880146,ACTIVE,100,16.41,551,6,9,0,0,0
05,120248224809960389,PAUSED,80,16.4,637,24,19,5,0,0
05,120245453935880025,ACTIVE,100,16.39,202,4,6,0,0,0
05,120248159215810389,PAUSED,79,16.389999999999997,394,15,12,1,0,0
05,120246270030620320,ACTIVE,120,16.369999999999997,435,4,7,0,0,0
05,120247061773550509,ACTIVE,100,16.26,602,12,15,2,1,34.980000000000004
05,120247467570380455,ACTIVE,100,16.259999999999998,447,10,11,1,1,60.410000000000004
05,120242376497180436,ACTIVE,100,16.23,596,11,11,0,0,0
05,120244015116230146,ACTIVE,100,16.2,487,13,9,0,0,0
05,120246488525160097,PAUSED,100,16.189999999999998,575,12,11,0,0,0
05,23857331534250799,ACTIVE,50,16.15,148,4,4,0,0,0
05,120247970691610126,ACTIVE,80,16.15,319,6,5,0,0,0
05,120248532436300048,ACTIVE,100,16.1,263,18,18,0,0,0
05,120248338395130283,ACTIVE,100,15.929999999999998,368,8,8,0,0,0
05,120248734559300565,ACTIVE,100,15.87,281,10,13,0,0,0
05,120247446150270425,ACTIVE,100,15.79,161,5,4,0,0,0
05,120245097017710677,ACTIVE,100,15.68,431,9,7,0,0,0
05,120246599961620214,ACTIVE,200,15.62,308,8,6,0,0,0
05,120245571282690707,ACTIVE,100,15.59,252,8,8,0,0,0
05,120242870748820133,ACTIVE,280,15.58,371,14,18,2,1,37.98
05,120246196163050707,ACTIVE,80,15.540000000000001,271,7,7,0,0,0
05,120246338179300642,ACTIVE,200,15.54,697,23,21,2,2,130.25
05,120244916355330436,ACTIVE,100,15.53,508,6,6,0,0,0
05,120245651364090303,ACTIVE,80,15.49,299,9,11,2,0,0
05,120248151946060425,ACTIVE,100,15.489999999999998,313,5,5,0,0,0
05,120245612998430455,ACTIVE,100,15.379999999999999,448,10,10,1,1,84.36999999999999
05,120244566743750788,ACTIVE,50,15.379999999999999,264,7,7,0,0,0
05,120248737641880722,ACTIVE,68,15.369999999999997,233,10,10,0,0,0
05,120247311646990509,ACTIVE,100,15.34,683,20,14,1,0,0
05,120247389356380455,ACTIVE,100,15.28,284,14,15,1,1,60.41
05,120248359764410589,ACTIVE,100,15.28,380,9,10,1,0,0
05,120244418309490436,ACTIVE,100,15.25,544,14,12,1,0,0
05,120245045578670686,ACTIVE,80,15.24,219,4,3,0,0,0
05,120243830466380146,ACTIVE,100,15.2,347,11,10,0,0,0
05,120250691304360722,PAUSED,40,15.18,219,3,2,0,0,0
05,120250691304310722,ACTIVE,40,15.13,237,13,11,1,0,0
05,120251037305040166,ACTIVE,100,15.06,276,11,11,2,1,68.15
05,120248138150990469,PAUSED,80,15.049999999999997,208,1,1,0,0,0
05,120249073800120725,ACTIVE,100,15.040000000000001,490,15,13,1,2,137.12
05,120246773871740629,ACTIVE,100,15.03,322,8,11,0,0,0
05,120246488537710097,PAUSED,80,14.990000000000002,395,8,8,0,0,0
05,120248819218450019,ACTIVE,50,14.89,254,8,10,1,1,29.98
05,120257487876160586,ACTIVE,50,14.82,345,7,7,1,2,78.35
05,120247970691860126,ACTIVE,80,14.809999999999999,334,10,12,0,0,0
05,120246299672740751,ACTIVE,115,14.780000000000001,435,11,10,3,1,22.98
05,120247998931350564,ACTIVE,100,14.75,454,12,11,0,0,0
05,120248108038860561,ACTIVE,85,14.709999999999999,516,22,19,0,0,0
05,120245842698410677,PAUSED,100,14.700000000000001,451,6,5,0,0,0
05,120257559013710586,ACTIVE,30,14.689999999999998,360,6,5,0,0,0
05,120244916355270436,ACTIVE,100,14.52,470,1,1,0,0,0
05,120249447732060577,ACTIVE,68,14.48,574,13,12,0,0,0
05,120247608650800126,ACTIVE,100,14.43,295,7,8,1,0,0
05,120249447732030577,ACTIVE,68,14.419999999999998,512,13,13,0,0,0
05,120247245979210389,ACTIVE,100,14.379999999999999,368,18,14,1,0,0
05,120249456993730057,ACTIVE,100,14.319999999999999,158,3,2,1,1,41.980000000000004
05,120248151509310425,ACTIVE,100,14.22,280,10,9,0,1,97.71
05,120244918988320303,ACTIVE,40,14.19,282,8,9,1,0,0
05,120244447104190303,ACTIVE,80,14.15,333,9,8,1,0,0
05,120248150922010425,ACTIVE,100,14.059999999999999,280,6,5,0,0,0
05,120248980523880019,PAUSED,50,14.009999999999998,229,15,14,0,0,0
05,120247064860080731,ACTIVE,80,13.98,194,8,11,1,0,0
05,120247333999410425,ACTIVE,100,13.92,373,13,12,1,0,0
05,120247757020520725,ACTIVE,100,13.91,373,7,9,1,0,0
05,120248823290310722,ACTIVE,80,13.909999999999998,201,5,6,0,0,0
05,120247995051780695,ACTIVE,95,13.86,394,4,4,0,0,0
05,120246559951040097,PAUSED,80,13.83,339,8,6,0,0,0
05,120244915858330436,ACTIVE,100,13.809999999999999,436,11,15,1,0,0
05,120250747283060166,ACTIVE,50,13.780000000000001,406,10,10,1,1,24.98
05,120246257869250707,ACTIVE,80,13.739999999999998,275,5,9,2,1,40.86
05,120249754760810019,ACTIVE,50,13.600000000000001,239,12,11,1,1,29.98
05,120247872778180425,ACTIVE,110,13.58,200,4,3,0,0,0
05,120247246948670509,ACTIVE,100,13.52,575,11,13,1,0,0
05,120245487786040032,ACTIVE,100,13.4,257,12,10,2,1,37.27
05,120246286484520097,ACTIVE,80,13.280000000000001,373,12,15,1,1,34.98
05,120247651426280455,ACTIVE,100,13.190000000000001,281,10,10,0,0,0
05,120248201085040469,ACTIVE,80,13.16,267,4,5,0,0,0
05,120246299672680751,ACTIVE,68,13.129999999999999,333,8,6,0,0,0
05,120243772698800146,ACTIVE,100,13.120000000000001,440,14,14,0,0,0
05,120244486326540436,ACTIVE,100,13.08,514,22,16,2,2,110.19999999999999
05,23857331534270799,ACTIVE,50,13.08,163,4,4,2,0,0
05,120244916431450436,ACTIVE,100,13.030000000000001,491,6,12,0,0,0
05,120244164847370788,PAUSED,85,13.02,279,4,3,0,0,0
05,120247130849060090,PAUSED,50,12.95,142,5,6,0,0,0
05,120246699106190629,ACTIVE,100,12.940000000000001,256,7,6,1,1,113.33
05,120244213617000686,ACTIVE,80,12.92,236,8,7,0,0,0
05,120245889270720065,ACTIVE,40,12.9,425,12,11,0,0,0
05,120244915930060436,ACTIVE,100,12.89,428,7,11,0,0,0
05,120245021443910179,PAUSED,80,12.879999999999999,492,8,7,0,0,0
05,120244077730640146,ACTIVE,100,12.879999999999999,241,6,6,2,0,0
05,120244915858300436,ACTIVE,100,12.84,435,12,11,0,0,0
05,120248694175490365,ACTIVE,100,12.76,510,12,12,1,1,60.41
05,120248448982680725,ACTIVE,100,12.75,240,5,5,1,1,68.56
05,120247601538900425,ACTIVE,100,12.67,273,12,10,0,0,0
05,120245889270610065,ACTIVE,40,12.61,396,6,5,0,0,0
05,120249533650900019,PAUSED,50,12.57,191,6,6,1,0,0
05,120256546977430586,ACTIVE,126,12.54,399,8,16,1,1,49.370000000000005
05,120247633428650725,ACTIVE,100,12.469999999999999,296,7,10,2,1,28.98
05,120245687813040097,ACTIVE,81,12.469999999999999,398,12,8,1,0,0
05,120246674923260175,ACTIVE,154,12.46,337,5,5,0,0,0
05,120249062394160019,ACTIVE,25,12.39,153,8,8,1,0,0
05,120247860181220455,ACTIVE,100,12.379999999999999,368,9,9,0,0,0
05,120244915743550436,ACTIVE,100,12.3,428,8,11,1,0,0
05,120247699025760561,ACTIVE,96,12.26,466,13,9,1,0,0
05,120248150860660425,ACTIVE,100,12.24,193,5,6,0,0,0
05,120244618043570436,ACTIVE,100,12.239999999999998,334,8,8,0,0,0
05,120249533650850019,PAUSED,50,12.229999999999999,192,10,9,0,0,0
05,120246619814540549,ACTIVE,55,12.21,185,4,5,1,1,53.22
05,120244963676310686,ACTIVE,80,12.18,174,8,7,0,1,53.51
05,120246697447950610,ACTIVE,80,12.15,178,5,5,0,0,0
05,120246657519770455,ACTIVE,100,12.14,408,12,12,3,3,298.04999999999995
05,120248737641910722,ACTIVE,80,12.129999999999999,176,9,8,0,0,0
05,120248129114130695,ACTIVE,150,12.129999999999999,390,7,8,1,1,66.02
05,6973002166826,ACTIVE,50,12.05,234,1,1,0,0,0
05,120246807795430509,ACTIVE,100,11.94,372,3,3,1,1,61.970000000000006
05,120245481989440065,ACTIVE,40,11.919999999999998,320,11,8,2,1,49.52
05,120248151945870425,ACTIVE,100,11.899999999999999,282,5,5,1,0,0
05,120246196163490707,ACTIVE,80,11.82,278,5,6,2,0,0
05,120257559013880586,ACTIVE,30,11.74,356,13,10,1,1,28.98
05,120245044044890686,ACTIVE,80,11.68,206,3,6,0,0,0
05,120251026838540210,ACTIVE,84,11.67,327,12,13,0,0,0
05,120246174521100752,ACTIVE,75,11.67,318,8,11,0,0,0
05,120246777147040214,ACTIVE,80,11.66,180,5,4,0,0,0
05,120249062394220019,ACTIVE,50,11.639999999999999,204,9,11,0,0,0
05,6993911147495,PAUSED,100,11.6,219,1,1,0,0,0
05,120246257869280707,ACTIVE,80,11.58,204,8,10,1,0,0
05,120249263766000247,ACTIVE,100,11.54,401,10,9,0,0,0
05,120248123660860455,ACTIVE,100,11.42,309,3,5,2,1,34.95
05,120247687263440425,ACTIVE,100,11.41,253,1,2,0,0,0
05,120245490989200133,ACTIVE,80,11.41,192,5,5,0,0,0
05,120245045512490686,ACTIVE,80,11.32,158,12,9,0,0,0
05,120235701428420210,ACTIVE,200,11.32,361,5,8,1,0,0
05,120246285677030241,ACTIVE,100,11.26,498,7,6,1,1,41.98
05,120244911557470436,ACTIVE,100,11.18,410,9,8,1,1,68.23
05,120247246390530389,ACTIVE,100,11.16,503,20,18,0,1,37.05
05,120251063106910166,ACTIVE,30,11.110000000000001,237,10,12,2,0,0
05,120249134484060166,ACTIVE,30,11.09,203,6,5,1,1,24.98
05,120245511607120780,ACTIVE,80,11.06,261,7,7,0,0,0
05,120249709883650577,ACTIVE,100,11.05,203,3,5,0,0,0
05,120247797464010126,ACTIVE,80,11.04,249,5,5,1,1,46.230000000000004
05,120249073752900725,ACTIVE,100,11.000000000000002,323,5,3,1,1,28.98
05,120244076954630146,ACTIVE,100,10.920000000000002,188,4,6,1,1,75.21
05,120251037305290166,ACTIVE,100,10.92,295,6,8,2,3,91.13000000000001
05,120244213478540707,ACTIVE,100,10.91,179,2,4,0,0,0
05,120250838901590404,ACTIVE,50,10.9,167,6,8,0,0,0
05,120244076954320146,ACTIVE,100,10.9,260,6,7,0,0,0
05,120245481989400065,ACTIVE,40,10.860000000000001,278,9,8,0,0,0
05,120245463474020177,ACTIVE,100,10.86,124,8,7,0,0,0
05,120248615909580019,PAUSED,50,10.81,162,1,1,0,0,0
05,120247313991580561,PAUSED,50,10.8,282,4,4,0,0,0
05,120245775225080097,ACTIVE,94,10.79,267,9,8,0,0,0
05,120249755037190019,ACTIVE,50,10.73,262,9,10,0,0,0
05,120245463311260177,ACTIVE,100,10.55,113,3,3,0,0,0
05,120245198116820177,ACTIVE,100,10.54,204,3,6,0,0,0
05,120249438225460064,ACTIVE,100,10.52,186,4,4,1,0,0
05,120244566507460788,PAUSED,50,10.48,194,2,2,0,0,0
05,120257487343530586,ACTIVE,30,10.47,272,8,5,1,1,49.37
05,120245686006250032,ACTIVE,100,10.469999999999999,206,4,8,0,0,0
05,120244883028360686,ACTIVE,80,10.46,187,4,5,0,0,0
05,120245460390490177,ACTIVE,100,10.42,224,7,6,1,0,0
05,120244911557440436,ACTIVE,100,10.370000000000001,484,14,17,1,0,0
05,120247040934670629,ACTIVE,100,10.24,491,7,8,1,1,113.33000000000001
05,120248224227000725,ACTIVE,100,10.24,203,3,5,0,0,0
05,120245993170520241,ACTIVE,77,10.21,418,11,9,0,0,0
05,120250837944350404,ACTIVE,50,10.209999999999999,249,9,8,0,0,0
05,120244504591950686,ACTIVE,80,10.19,214,7,7,1,0,0
05,120246697447920610,ACTIVE,80,10.17,160,5,5,0,0,0
05,120248057050710561,ACTIVE,60,10.169999999999998,299,7,8,0,0,0
05,120247336235960389,ACTIVE,100,10.16,344,4,3,1,0,0
05,120247051808860509,ACTIVE,100,10.09,482,4,3,0,0,0
05,120251014701570404,ACTIVE,80,10.06,170,4,3,0,0,0
05,120243594040740146,ACTIVE,100,10,343,8,11,1,0,0
05,120247114547280509,ACTIVE,85,9.99,263,7,7,1,1,106.95
05,120247972621170389,ACTIVE,100,9.92,353,15,14,0,0,0
05,120246270264110320,ACTIVE,120,9.9,390,9,8,0,0,0
05,120246686798620214,ACTIVE,100,9.89,204,5,7,1,0,0
05,120246562589300629,ACTIVE,100,9.889999999999999,148,2,4,0,0,0
05,120247245482580509,ACTIVE,100,9.84,391,11,12,1,1,61.97
05,120249057927140663,PAUSED,50,9.84,102,2,2,0,0,0
05,120247876590550126,ACTIVE,90,9.81,272,12,12,1,0,0
05,120247795310860126,ACTIVE,89,9.74,265,8,5,1,1,29.979999999999997
05,120247597779990751,ACTIVE,40,9.67,162,7,9,0,0,0
05,120243227249480177,ACTIVE,100,9.61,164,5,5,1,1,71.2
05,120246773871680629,ACTIVE,100,9.530000000000001,154,2,2,0,0,0
05,120247601292310065,ACTIVE,50,9.530000000000001,238,6,6,1,1,49.51
05,120244504666890686,ACTIVE,80,9.51,132,5,5,1,1,29.979999999999997
05,120246907642230291,ACTIVE,80,9.49,220,10,10,1,0,0
05,120245264539280177,ACTIVE,100,9.440000000000001,161,7,7,0,0,0
05,120244077730710146,ACTIVE,100,9.440000000000001,210,4,4,0,0,0
05,120247866311490389,ACTIVE,100,9.42,283,14,17,0,0,0
05,120246619814510549,ACTIVE,85,9.409999999999998,151,7,11,1,1,53.22
05,120248082736850695,ACTIVE,78,9.4,221,3,6,1,1,69.05
05,120246107235900707,ACTIVE,82,9.3,220,6,8,0,0,0
05,120247601292330065,ACTIVE,50,9.3,182,8,7,0,0,0
05,120252326382630348,PAUSED,80,9.29,123,3,4,1,1,95.7
05,120244076683170146,ACTIVE,100,9.27,224,8,9,1,1,75.22
05,120246299721620751,ACTIVE,68,9.24,216,8,10,0,0,0
05,120246579308100453,ACTIVE,100,9.180000000000001,98,1,1,0,0,0
05,120250015822460577,ACTIVE,100,9.18,198,6,5,0,0,0
05,120246802025580509,ACTIVE,42,9.17,293,10,10,0,0,0
05,120245004525000780,ACTIVE,400,9.13,139,2,9,1,0,0
05,120245063703470133,ACTIVE,80,9.07,268,9,11,1,1,66.02000000000001
05,120245044044870686,ACTIVE,80,9.059999999999999,129,4,2,0,0,0
05,120245292365960179,ACTIVE,100,9.04,287,10,15,1,0,0
05,120248123280260455,ACTIVE,100,9.03,149,4,4,1,1,34.949999999999996
05,120246283838280097,ACTIVE,73,9.03,307,3,4,0,0,0
05,120248108608490544,ACTIVE,80,8.98,190,3,3,0,0,0
05,120251275180530054,ACTIVE,100,8.93,246,4,4,1,1,76.49
05,120248108608420544,ACTIVE,80,8.92,175,7,7,0,0,0
05,120244404574840678,ACTIVE,79,8.829999999999998,274,5,7,1,1,57.98
05,120245490989600133,ACTIVE,80,8.809999999999999,173,5,6,1,1,37.980000000000004
05,120245881655400509,ACTIVE,41,8.77,273,9,6,2,2,123.93999999999998
05,120257221973410586,ACTIVE,25,8.73,181,4,5,0,0,0
05,120251063107220166,ACTIVE,30,8.719999999999999,198,7,7,0,0,0
05,120245943231800173,ACTIVE,80,8.71,198,9,9,1,1,71.39
05,120247799916380462,ACTIVE,35,8.71,167,4,3,0,0,0
05,120251494191110054,ACTIVE,78,8.69,247,3,3,0,0,0
05,120250895021460586,ACTIVE,25,8.67,252,12,8,1,0,0
05,120243924560270146,ACTIVE,100,8.55,228,8,8,1,0,0
05,120251062504040166,PAUSED,30,8.55,165,3,2,0,0,0
05,120256572736650586,ACTIVE,25,8.549999999999999,190,5,3,1,0,0
05,120246177720650032,ACTIVE,73,8.53,192,5,4,0,0,0
05,120247862754470462,ACTIVE,73,8.5,155,2,1,0,0,0
05,120247040934570629,ACTIVE,100,8.49,393,7,7,0,0,0
05,120245292235740179,ACTIVE,100,8.48,305,4,6,1,0,0
05,120244500948650177,ACTIVE,100,8.469999999999999,200,11,10,3,1,29.98
05,120247247927900509,ACTIVE,79,8.42,395,5,6,0,0,0
05,120245842687140677,PAUSED,100,8.41,217,2,1,1,1,96.41
05,23857304059010799,ACTIVE,50,8.41,87,4,3,0,0,0
05,23857304059050799,ACTIVE,50,8.350000000000001,90,2,3,0,0,0
05,120248566051210152,ACTIVE,80,8.33,294,2,1,0,0,0
05,120244483074140436,ACTIVE,100,8.32,300,8,5,0,0,0
05,120249300729780589,ACTIVE,100,8.31,154,5,7,0,0,0
05,120247109115250389,ACTIVE,100,8.23,195,8,7,0,1,59.91
05,120246777147100214,ACTIVE,80,8.209999999999999,148,3,3,0,0,0
05,120246867532780629,ACTIVE,100,8.2,218,3,4,1,1,176.24
05,120248108495610544,ACTIVE,80,8.16,130,1,3,2,1,27.98
05,120248566048970152,ACTIVE,80,8.139999999999999,256,1,1,0,0,0
05,120244566743700788,PAUSED,50,8.129999999999999,143,1,1,0,0,0
05,120249824676430057,ACTIVE,100,8.120000000000001,106,8,9,1,1,41.98
05,120246177720600032,ACTIVE,73,8.12,220,12,12,3,1,21.979999999999997
05,120243629084050705,ACTIVE,80,8.12,108,4,4,0,0,0
05,120244264704420436,ACTIVE,100,8.05,372,5,6,1,0,0
05,120247280578260065,ACTIVE,100,7.989999999999999,154,1,2,0,0,0
05,120249105110140210,ACTIVE,74,7.970000000000001,277,6,5,0,0,0
05,120245045033420177,ACTIVE,100,7.92,181,5,5,1,0,0
05,120249057598540663,ACTIVE,50,7.869999999999999,135,5,5,0,0,0
05,120247815782080642,ACTIVE,122,7.86,207,6,7,0,0,0
05,120246666123990477,ACTIVE,100,7.76,118,5,4,1,0,0
05,120246558672090097,ACTIVE,101,7.7,183,1,2,1,1,61.97
05,120245706384310533,ACTIVE,67,7.66,304,4,6,0,0,0
05,120246087968610032,ACTIVE,72,7.62,181,5,9,3,1,22.98
05,120248124140310455,ACTIVE,100,7.609999999999999,155,1,1,0,0,0
05,120251502157250054,ACTIVE,100,7.570000000000001,87,4,5,2,0,0
05,120249739079790279,ACTIVE,80,7.56,110,3,3,0,0,0
05,120246107235940707,ACTIVE,82,7.529999999999999,186,7,5,0,0,0
05,120251314539200210,ACTIVE,50,7.510000000000001,214,3,3,0,0,0
05,120246285998310241,ACTIVE,100,7.48,442,6,6,0,0,0
05,120248811958530116,ACTIVE,100,7.469999999999999,112,6,7,1,0,0
05,120246302058490389,ACTIVE,100,7.449999999999999,279,7,9,3,2,92.82
05,120246818759970303,ACTIVE,40,7.38,174,7,7,0,0,0
05,120243772061640146,ACTIVE,100,7.34,176,8,8,0,0,0
05,120248107941650544,ACTIVE,80,7.33,148,5,6,0,0,0
05,120246338028120241,ACTIVE,100,7.33,512,9,12,2,1,41.98
05,120246008618270241,ACTIVE,100,7.28,314,7,8,2,2,139.85
05,120248503799160116,ACTIVE,74,7.26,153,9,10,2,1,39.980000000000004
05,120244235259940678,ACTIVE,30,7.23,182,7,5,0,0,0
05,120246100011640752,ACTIVE,84,7.2299999999999995,185,10,9,0,0,0
05,120246222498150752,ACTIVE,75,7.17,187,5,5,1,1,40.97
05,120250501589970722,ACTIVE,40,7.16,113,3,3,0,0,0
05,120248604432660663,ACTIVE,80,7.16,78,4,4,0,0,0
05,120246169445790320,ACTIVE,108,7.15,227,6,7,1,1,34.06999999999999
05,120247504003740425,ACTIVE,100,7.09,156,2,2,0,0,0
05,120251314640370210,ACTIVE,50,7.039999999999999,176,1,3,0,0,0
05,120246928961250175,ACTIVE,100,6.99,177,3,3,0,0,0
05,120247115989200291,ACTIVE,80,6.880000000000001,180,8,8,0,0,0
05,120247018754190126,ACTIVE,80,6.8100000000000005,94,4,4,1,0,0
05,120248574839520695,ACTIVE,50,6.8,146,3,6,1,0,0
05,120246299721450751,ACTIVE,115,6.789999999999999,136,4,6,0,0,0
05,120246219568090241,ACTIVE,100,6.68,111,2,2,0,0,0
05,120245515771490533,ACTIVE,100,6.66,186,5,8,1,0,0
05,120246182500340752,ACTIVE,100,6.57,89,8,7,0,0,0
05,120249057669240663,ACTIVE,50,6.550000000000001,137,3,5,0,0,0
05,120243860628310436,ACTIVE,100,6.55,226,6,5,0,0,0
05,120246818759010303,ACTIVE,40,6.53,122,6,6,1,0,0
05,120248812003990116,ACTIVE,100,6.5,179,9,10,0,0,0
05,120246285367430241,PAUSED,100,6.46,305,2,2,0,0,0
05,120247040711430629,ACTIVE,100,6.35,193,3,5,0,0,0
05,120245224035350179,ACTIVE,80,6.3100000000000005,344,10,11,1,1,49.37
05,120246597569540214,ACTIVE,80,6.27,167,5,5,0,0,0
05,120256254668930586,ACTIVE,25,6.209999999999999,206,7,5,1,0,0
05,120247157407190509,ACTIVE,100,6.2,260,8,5,0,0,0
05,120246804547640175,ACTIVE,100,6.18,282,11,12,0,0,0
05,120248849928910725,ACTIVE,100,6.18,127,3,4,0,0,0
05,120247799916400462,ACTIVE,35,6.16,171,3,3,0,0,0
05,120247130848980090,PAUSED,50,6.16,45,1,1,0,0,0
05,120248540698960725,ACTIVE,100,6.140000000000001,156,6,7,1,1,86.55
05,120243959229680146,ACTIVE,100,6.1,119,2,4,1,1,41.98
05,120247799916320462,ACTIVE,35,6.1,227,7,4,0,0,0
05,120247597780010751,ACTIVE,40,6.1,77,3,2,1,1,38.27
05,120246581316290126,ACTIVE,80,6.08,244,2,4,0,0,0
05,120246088780810320,ACTIVE,106,6.04,174,3,3,0,0,0
05,120250501589950722,ACTIVE,40,6.0200000000000005,60,5,6,1,1,52.660000000000004
05,120251642537180054,ACTIVE,80,5.98,214,5,4,1,1,31.98
05,120243629084100705,ACTIVE,80,5.98,93,3,5,0,0,0
05,120246338247960241,ACTIVE,100,5.95,406,13,14,0,0,0
05,120246929317920175,ACTIVE,100,5.84,163,5,3,0,0,0
05,120246518965620674,ACTIVE,100,5.81,146,2,3,0,0,0
05,120246880890560629,ACTIVE,100,5.76,115,3,2,0,0,0
05,120246559887790097,ACTIVE,80,5.73,183,7,11,0,0,0
05,120245224111660179,ACTIVE,80,5.68,304,4,4,1,0,0
05,120243959700120146,ACTIVE,100,5.66,108,1,2,1,1,106.71000000000001
05,120248958340820725,ACTIVE,100,5.659999999999999,65,1,1,0,0,0
05,120247508094040725,ACTIVE,100,5.529999999999999,136,3,3,0,0,0
05,120248429859550116,ACTIVE,101,5.52,81,2,2,0,0,0
05,120248558918190695,ACTIVE,80,5.52,246,0,5,0,0,0
05,120249646481980279,ACTIVE,80,5.5,118,1,1,1,1,27.98
05,6973002165426,ACTIVE,50,5.410000000000001,158,5,4,0,0,0
05,120246971318070629,ACTIVE,100,5.36,109,5,4,0,0,0
05,120248474785690152,ACTIVE,100,5.300000000000001,289,6,6,2,0,0
05,120247391019010168,ACTIVE,52,5.18,104,2,3,0,0,0
05,120243211134690146,ACTIVE,100,5.18,125,6,7,1,1,41.98
05,120247653059200586,ACTIVE,25,5.1,193,3,3,0,0,0
05,120246145595780470,ACTIVE,20,5.050000000000001,48,3,2,0,0,0
05,120251856003590054,ACTIVE,100,4.83,292,5,5,1,0,0
05,120249390394480054,ACTIVE,68,4.720000000000001,91,2,4,0,0,0
05,120246135470290032,ACTIVE,100,4.66,129,5,7,0,0,0
05,120246388250070241,ACTIVE,100,4.62,170,1,3,0,0,0
05,120244761869100436,ACTIVE,100,4.62,167,8,8,1,0,0
05,120249031617290603,ACTIVE,50,4.52,60,0,0,0,0,0
05,120247829146440561,ACTIVE,76,4.51,69,2,2,0,0,0
05,120244761869050436,ACTIVE,100,4.43,135,1,0,0,0,0
05,120246169445720320,ACTIVE,108,4.41,216,3,2,0,0,0
05,120257359768220586,ACTIVE,30,4.390000000000001,157,3,1,0,0,0
05,120248108495570544,ACTIVE,80,4.34,156,1,3,0,0,0
05,120248430211380152,ACTIVE,80,4.29,144,2,4,0,0,0
05,120247160674020043,ACTIVE,70,4.26,90,0,6,0,0,0
05,120244824582450436,ACTIVE,90,4.1899999999999995,172,4,4,0,0,0
05,120248448870780725,ACTIVE,100,4.16,79,2,2,0,0,0
05,120246579308140453,ACTIVE,100,4.16,64,2,5,0,0,0
05,120246971373670629,ACTIVE,100,4.12,61,2,2,0,0,0
05,120244824816070686,ACTIVE,80,4.1,65,2,1,0,0,0
05,120246145720920470,PAUSED,20,4.07,43,1,0,0,0,0
05,120248318269050152,ACTIVE,80,4.03,138,3,4,1,1,73.98
05,120249805624030404,ACTIVE,92,3.8899999999999997,65,2,2,0,0,0
05,120248201085010469,ACTIVE,80,3.85,133,2,2,0,0,0
05,120248108232400544,ACTIVE,80,3.8200000000000003,108,3,3,0,0,0
05,120248554270560695,ACTIVE,80,3.8200000000000003,169,2,3,0,0,0
05,120244581910630686,ACTIVE,80,3.81,53,1,1,0,0,0
05,120246145791530470,ACTIVE,20,3.78,50,4,4,0,0,0
05,120244216235640630,ACTIVE,35,3.7199999999999998,110,3,5,1,1,24.98
05,120246971449150629,ACTIVE,100,3.7,47,0,0,0,0,0
05,120249152473440247,ACTIVE,100,3.6100000000000003,102,2,3,0,0,0
05,120248045547800425,ACTIVE,136,3.55,47,1,1,0,0,0
05,120246182405550752,ACTIVE,100,3.5300000000000002,58,1,1,0,0,0
05,120244561628480678,ACTIVE,106,3.5000000000000004,79,3,3,0,0,0
05,120246666193770477,ACTIVE,100,3.48,52,2,4,2,1,51.21
05,120246929603830175,ACTIVE,100,3.44,68,4,4,1,1,24.96
05,120248025171210561,ACTIVE,86,3.44,179,3,4,0,0,0
05,120246145719630470,ACTIVE,20,3.41,77,1,0,0,0,0
05,120248108038930561,ACTIVE,85,3.36,111,4,6,1,1,57.96
05,120250596505340709,ACTIVE,100,3.34,66,3,2,1,1,46.37
05,120244011865020146,ACTIVE,100,3.2800000000000002,97,4,5,1,0,0
05,120245532692360630,ACTIVE,73,3.27,127,3,3,0,0,0
05,120257469008430586,ACTIVE,30,3.14,90,2,2,1,1,28.98
05,120247952380170544,ACTIVE,90,3.13,66,0,1,0,0,0
05,120244011864950146,ACTIVE,100,3.1199999999999997,91,3,2,0,0,0
05,120241972248380630,ACTIVE,47,3.02,59,3,3,0,0,0
05,120245463210960177,ACTIVE,100,2.94,43,1,1,0,0,0
05,120247116212280291,ACTIVE,80,2.8600000000000003,39,9,6,0,0,0
05,120246220030610241,ACTIVE,100,2.79,99,7,6,0,0,0
05,120247115989130291,ACTIVE,80,2.7800000000000002,102,4,4,0,0,0
05,120247116212010291,ACTIVE,80,2.69,50,1,1,0,0,0
05,120250448461180210,ACTIVE,74,2.67,102,3,3,0,0,0
05,120248082904030663,ACTIVE,80,2.64,33,1,1,0,0,0
05,120246145792030470,PAUSED,20,2.61,41,2,2,0,0,0
05,120246707623720509,ACTIVE,78,2.61,61,4,4,0,0,0
05,120245334634580630,ACTIVE,77,2.47,79,0,2,0,0,0
05,120247797108450126,ACTIVE,80,2.36,55,0,0,0,0,0
05,120244418309400436,ACTIVE,100,2.34,72,1,0,0,0,0
05,120245602350460032,ACTIVE,100,2.27,60,0,0,0,0,0
05,120247702154240544,ACTIVE,73,2.24,40,0,0,0,0,0
05,120246182718940752,ACTIVE,100,2.17,44,1,1,0,0,0
05,120250703936480404,ACTIVE,92,2.14,34,2,2,0,0,0
05,120247267358630509,ACTIVE,100,2.06,31,0,0,0,0,0
05,120247040711030629,ACTIVE,100,1.95,64,3,2,0,0,0
05,120245466475870630,ACTIVE,73,1.9300000000000002,62,2,2,0,0,0
05,120244446224590630,ACTIVE,74,1.9,58,3,3,1,0,0
05,120244078600240146,ACTIVE,100,1.71,48,0,1,0,0,0
05,120244312405200436,ACTIVE,100,1.61,97,2,5,0,0,0
05,120247849750130663,ACTIVE,200,1.59,25,0,0,0,0,0
05,120250596545850709,ACTIVE,100,1.59,57,0,0,0,0,0
05,120247245864910389,ACTIVE,100,1.52,38,4,5,0,0,0
05,120247952380210544,ACTIVE,90,1.37,63,0,0,0,0,0
05,120247196420340465,ACTIVE,10,1.3,44,0,0,0,0,0
05,120244349823030686,ACTIVE,100,1.23,23,1,1,1,1,71.21
05,120257469008460586,ACTIVE,30,1.2000000000000002,47,1,1,0,0,0
05,120248346419460152,ACTIVE,94,1.1099999999999999,53,1,1,0,0,0
05,120246145595980470,PAUSED,20,1.1,35,0,0,0,0,0
05,120244078600520146,ACTIVE,100,1.07,30,0,0,0,0,0
05,120240849899190788,ACTIVE,10,1.06,9,0,0,0,0,0
05,120249985748090577,ACTIVE,100,1.06,38,0,1,0,0,0
05,120248111423590168,ACTIVE,90,1.05,61,1,1,0,0,0
05,120248557488550695,ACTIVE,80,1.03,59,1,1,0,0,0
05,120245241702630470,ACTIVE,5,0.96,21,1,1,0,0,0
05,120245136181790470,ACTIVE,5,0.92,13,2,2,0,0,0
05,120243727386670470,ACTIVE,5,0.8,20,2,1,0,0,0
05,120245691728160470,ACTIVE,5,0.74,29,1,1,0,0,0
05,120243723839750678,PAUSED,100,0.74,24,2,2,0,0,0
05,120247267347000509,ACTIVE,100,0.69,21,0,0,0,0,0
05,120245099365240470,ACTIVE,5,0.6,22,0,0,0,0,0
05,120243958669750146,ACTIVE,100,0.53,23,0,0,0,0,0
05,120246174521010752,ACTIVE,75,0.52,7,0,0,0,0,0
05,120249714435380166,PAUSED,15.91,0.49,13,1,1,0,0,0
05,120248025171070561,ACTIVE,86,0.44,33,1,0,0,0,0
05,120248532436280048,ACTIVE,100,0.35,3,0,0,0,0,0
05,120245136181480470,ACTIVE,5,0.32999999999999996,14,1,1,0,0,0
05,120245466475590630,ACTIVE,73,0.31,9,0,0,0,0,0
05,120244076700670146,ACTIVE,100,0.24,16,0,3,1,0,0
05,120244477269830678,PAUSED,100,0.21,6,0,0,0,0,0
05,120247196420760465,ACTIVE,10,0.09,7,0,0,0,0,0
05,120249335000310166,PAUSED,30,0.07,3,0,0,0,0,0
05,120244078670200146,ACTIVE,100,0.06,4,0,2,0,0,0
05,120245825448150533,ACTIVE,100,0.01,1,0,0,0,0,0
05,120248302852090389,ACTIVE,100,0,0,0,0,0,0,0
05,120248302852030389,ACTIVE,100,0,0,0,0,0,0,0
05,120249415811790589,ACTIVE,100,0,0,0,0,0,0,0
05,120249411708990589,ACTIVE,100,0,0,0,0,0,0,0
05,120248302725690389,ACTIVE,100,0,0,0,0,0,0,0
05,120249410938120589,ACTIVE,100,0,0,0,0,0,0,0
05,120246208967220674,PAUSED,200,0,0,0,2,0,0,0
05,120249409076720589,ACTIVE,100,0,0,0,0,0,0,0
05,120248302725660389,ACTIVE,100,0,0,0,0,0,0,0
05,120248302616530389,ACTIVE,100,0,0,0,0,0,0,0
05,120249533719420019,PAUSED,45,0,0,0,1,0,0,0
05,120248302449280389,ACTIVE,100,0,0,0,0,0,0,0
05,120248302449150389,ACTIVE,100,0,0,0,0,0,0,0
05,120248302912110389,ACTIVE,100,0,0,0,0,0,0,0
05,120244911471280436,PAUSED,100,0,0,0,0,0,0,0
05,120248298800180389,ACTIVE,100,0,0,0,0,0,0,0
05,120248298800110389,ACTIVE,100,0,0,0,0,0,0,0
05,120249375397370064,PAUSED,100,0,0,0,1,0,0,0
05,120248298471980389,PAUSED,100,0,0,0,0,0,0,0
05,120248298471880389,PAUSED,100,0,0,0,0,0,0,0
05,120248302912210389,ACTIVE,100,0,0,0,0,0,0,0
05,120244911471140436,PAUSED,100,0,0,0,0,0,0,0
05,120248335985820354,PAUSED,80,0,0,0,1,0,0,0
05,120248812040790116,PAUSED,100,0,0,0,2,0,0,0
05,120247245482410509,PAUSED,100,0,0,0,0,0,0,0
05,120250139848270577,ACTIVE,100,0,0,0,0,0,0,0
05,120247051620620509,PAUSED,100,0,0,0,1,0,0,0
05,120247237472270043,PAUSED,70,0,0,0,0,0,0,0
05,120248207466280561,ACTIVE,60,0,0,0,0,0,0,0
05,120248207465980561,ACTIVE,60,0,0,0,0,0,0,0
05,120246145189200470,ACTIVE,50,0,0,0,0,0,0,0
05,120247313590570509,PAUSED,100,0,0,0,0,0,0,0
05,120246145189280470,ACTIVE,50,0,0,0,0,0,0,0
05,120247313666680509,PAUSED,100,0,0,0,0,0,0,0
05,120248512806070048,PAUSED,100,0,0,0,0,0,0,0
05,120244750156460686,PAUSED,80,0,0,0,0,0,0,0
05,120248184359340354,PAUSED,200,0,0,0,1,0,0,0
05,120247313696440509,PAUSED,100,0,0,0,0,0,0,0
05,120247313795220509,PAUSED,100,0,0,0,0,0,0,0
05,120247064860400731,PAUSED,80,0,0,0,1,0,0,0
05,120247314213280509,PAUSED,100,0,0,0,0,0,0,0
05,120246054251240173,ACTIVE,100,0,0,0,0,0,0,0
05,120248155094770425,ACTIVE,100,0,0,0,0,0,0,0
05,120248155094740425,ACTIVE,100,0,0,0,0,0,0,0
05,120246054251210173,ACTIVE,100,0,0,0,0,0,0,0
05,120246054202660173,ACTIVE,100,0,0,0,0,0,0,0
05,120247362345500425,PAUSED,100,0,0,0,0,0,0,0
05,120246054202590173,ACTIVE,100,0,0,0,0,0,0,0
05,120246054157300173,ACTIVE,100,0,0,0,0,0,0,0
05,120243302068140470,PAUSED,100,0,0,0,1,0,0,0
05,120248150921990425,PAUSED,100,0,0,0,0,0,0,0
05,120246054157270173,ACTIVE,100,0,0,0,0,0,0,0
05,120244963644620686,PAUSED,80,0,0,0,0,0,0,0
05,120245956936730320,PAUSED,100,0,0,0,0,0,0,0
05,120245956936680320,PAUSED,50,0,0,0,4,0,0,0
05,120248121376990544,ACTIVE,80,0,0,0,1,1,0,0
05,120248121376260544,ACTIVE,80,0,0,0,0,0,0,0
05,120246145304610470,PAUSED,50,0,0,0,0,0,0,0
05,120247195225440465,PAUSED,100,0,0,0,0,0,0,0
05,120247195225360465,PAUSED,100,0,0,0,0,0,0,0
05,120247392291430509,PAUSED,100,0,0,0,0,0,0,0
05,120245021443960179,PAUSED,80,0,0,0,0,0,0,0
05,120247392291490509,PAUSED,100,0,0,0,0,0,0,0
05,120248057050630561,PAUSED,60,0,0,0,0,0,0,0
05,120244114789840146,ACTIVE,100,0,0,0,0,0,0,0
05,120244114929610146,ACTIVE,100,0,0,0,0,0,0,0
05,120248036926730544,PAUSED,80,0,0,0,1,0,0,0
05,120244115059620146,ACTIVE,100,0,0,0,0,0,0,0
05,120247110428960175,ACTIVE,100,0,0,0,0,0,0,0
05,120244569933480320,PAUSED,120,0,0,0,1,0,0,0
05,120244213532030686,PAUSED,80,0,0,0,0,0,0,0
05,120247110512200175,ACTIVE,100,0,0,0,0,0,0,0
05,120247976968270425,PAUSED,100,0,0,0,0,0,0,0
05,120247526522490425,PAUSED,100,0,0,0,0,0,0,0
05,120247110764820175,ACTIVE,100,0,0,0,0,0,0,0
05,120248565223490152,ACTIVE,100,0,0,0,0,0,0,0
05,120248565368580152,ACTIVE,100,0,0,0,0,0,0,0
05,120244213676560686,PAUSED,80,0,0,0,0,0,0,0
05,120246631185540453,PAUSED,100,0,0,0,0,0,0,0
05,120246631185460453,PAUSED,100,0,0,0,0,0,0,0
05,120242059074960146,PAUSED,100,0,0,0,1,0,0,0
05,120248565530720152,ACTIVE,100,0,0,0,0,0,0,0
05,120248573670680695,ACTIVE,90,0,0,0,0,0,0,0
05,120246625257810453,PAUSED,100,0,0,0,0,0,0,0
05,120248573692120695,ACTIVE,90,0,0,0,0,0,0,0
05,120241273866440146,PAUSED,1116,0,0,0,3,0,0,0
05,120248574839550695,ACTIVE,50,0,0,0,0,0,0,0
05,120247195225310465,PAUSED,100,0,0,0,0,0,0,0
05,120246145304640470,PAUSED,50,0,0,0,0,0,0,0
05,120246145364940470,ACTIVE,50,0,0,0,0,0,0,0
05,120246145365240470,ACTIVE,50,0,0,0,0,0,0,0
05,120247591402040065,PAUSED,100,0,0,0,0,0,0,0
05,120246625257750453,PAUSED,100,0,0,0,0,0,0,0
05,120247872777930425,PAUSED,100,0,0,0,1,0,0,0
05,120244505802680686,PAUSED,80,0,0,0,1,0,0,0
05,120247117519720629,ACTIVE,100,0,0,0,0,0,0,0
05,120247117862750629,ACTIVE,100,0,0,0,0,0,0,0
05,120247829716040751,ACTIVE,100,0,0,0,0,0,0,0
05,120247829243430751,ACTIVE,100,0,0,0,0,0,0,0
05,120247828626130751,ACTIVE,100,0,0,0,0,0,0,0
05,120247118332680629,ACTIVE,100,0,0,0,0,0,0,0
05,120246145506950470,ACTIVE,50,0,0,0,0,0,0,0
05,120247742995470065,ACTIVE,100,0,0,0,0,0,0,0
05,120246145507030470,ACTIVE,50,0,0,0,0,0,0,0
05,120247742995440065,ACTIVE,100,0,0,0,0,0,0,0
05,120249415903450589,ACTIVE,100,0,0,0,0,0,0,0
05,120247739160700425,PAUSED,111,0,0,0,0,0,0,0
05,120249416146940589,ACTIVE,100,0,0,0,0,0,0,0
06,120247234597490455,ACTIVE,2406,594.9300000000001,17451,629,620,42,24,1608.5800000000002
06,120244761515050455,ACTIVE,1325,427,15254,415,403,38,19,1140.29
06,120244761233710455,ACTIVE,1150,424.21000000000004,14222,391,382,31,17,1054.27
06,120243986668280589,ACTIVE,1000,339.6,8113,203,207,11,7,362.72
06,120246005453800291,ACTIVE,900,324.38,8951,319,327,27,12,634.0900000000001
06,120244749532720686,ACTIVE,1000,317.35,5854,154,153,22,15,844.17
06,120239930892250650,ACTIVE,500,253.14000000000001,4269,153,149,12,5,335.59
06,120246754801740509,ACTIVE,800,245.62,6691,163,156,16,10,414.72
06,120245800978960674,ACTIVE,700,231.65,5497,154,156,10,6,230.91
06,120243276755660065,ACTIVE,500,199.97,5105,131,120,21,10,401.88
06,120245283264760677,ACTIVE,865,187.74,7749,96,98,12,9,542.75
06,120246023777450751,ACTIVE,850,185.51,3563,143,145,17,9,286.78000000000003
06,120244749327030686,ACTIVE,500,185.17000000000002,3883,110,108,15,11,475.93999999999994
06,120248006730320100,ACTIVE,800,185.10000000000002,6051,163,141,15,9,412.28000000000003
06,120244691045450320,ACTIVE,700,165.95,5789,175,178,11,8,535.55
06,120250790045220586,ACTIVE,500,165.54,5223,118,112,15,6,214.66
06,120245250322490642,ACTIVE,650,165.18,4180,129,120,12,6,445.11000000000007
06,120247583319740586,ACTIVE,500,161.96,6362,163,146,18,12,548.0600000000001
06,120249286765290368,ACTIVE,601,160.9,5081,105,112,7,2,108.55
06,120246638474110175,ACTIVE,525,156.99,3405,123,109,6,0,0
06,120244431777030751,ACTIVE,680,153.45999999999998,5825,123,141,22,10,418.5
06,120246483406720564,ACTIVE,500,149.96,5374,117,134,5,4,277.13
06,120247489931670431,ACTIVE,325,148.55,2421,72,70,7,3,125.32000000000001
06,120249115230940100,ACTIVE,354,146.96,3437,124,122,18,5,232.42
06,120245010386240709,ACTIVE,250,145.33,3116,93,92,7,4,146.4
06,120249052890110100,ACTIVE,500,143.32,4297,146,148,11,4,221.42999999999998
06,120247780766070455,ACTIVE,552,141.83,4714,131,137,7,4,327.01
06,120245980788570752,ACTIVE,469,141.35,5100,204,188,35,9,364.71000000000004
06,120245334049460065,ACTIVE,400,141.06,2600,123,119,10,3,148.55
06,120245453935690025,ACTIVE,100,138.04,1562,62,58,2,3,158.92
06,120244938793740663,ACTIVE,350,136.36,2269,85,91,5,2,130.39
06,120248536188000100,ACTIVE,500,135.91000000000003,3010,124,123,12,3,99.32000000000001
06,120245334049540065,ACTIVE,370,134.99,2711,125,116,13,7,288.00999999999993
06,120245380678000025,ACTIVE,100,133.2,1686,71,69,6,3,136.43
06,120245899430510065,ACTIVE,325,131.56,2364,104,99,12,3,145.11
06,120242301213710065,ACTIVE,370,130.76,3260,80,80,12,4,214.14000000000001
06,120245436310880780,ACTIVE,400,129.37,2570,92,88,13,5,176.87
06,120256572736720586,ACTIVE,500,128.06,3292,94,89,12,4,175.89000000000001
06,120243458344350129,ACTIVE,1000,126.11999999999999,4516,100,101,10,9,589.5300000000001
06,120249005372660589,ACTIVE,434,123.98,2384,75,80,13,7,414.40999999999997
06,120247483865740100,ACTIVE,500,123.87,3969,101,102,10,6,314.56
06,120246962698830090,ACTIVE,350,123.86,2921,119,116,3,2,123.28999999999999
06,120250445767170166,ACTIVE,100,122.51,4193,107,101,8,6,214.64
06,120248139130280455,ACTIVE,455,122.46,3728,91,82,5,2,144.77999999999997
06,120248641712650319,ACTIVE,440,122.05,3462,96,97,4,3,111.00000000000001
06,120247026467550090,ACTIVE,60,121.77,2868,137,121,15,9,434.25999999999993
06,120248959176740725,ACTIVE,500,118.68,4274,83,84,7,6,372.98
06,120248155192490455,ACTIVE,455,117.00999999999998,4084,96,98,5,6,471.78
06,120249086109210100,ACTIVE,500,115.42999999999999,3175,102,83,9,4,139.03
06,120246615285510642,ACTIVE,400,113.69999999999999,4067,94,107,8,4,290.15
06,120245848127390707,ACTIVE,500,112.49000000000001,2566,113,111,12,4,198.88000000000002
06,120247026467610090,ACTIVE,60,111.79,2806,115,113,9,6,441.74
06,120242301213170065,ACTIVE,300,110.54,3713,62,66,4,1,49.519999999999996
06,120246710213410090,ACTIVE,325,109.11,3149,123,122,7,3,233.59
06,120246710213420090,ACTIVE,455,108.76000000000002,3086,126,149,11,6,272.54
06,120242694742870146,ACTIVE,146,108.73,3253,101,132,7,3,192.4
06,120250789469770586,ACTIVE,100,103.58,3049,91,97,7,4,136.31
06,120246791587200455,ACTIVE,694,102.49000000000001,1142,88,97,7,6,431.12
06,120249140601980100,ACTIVE,500,101.74000000000001,2510,99,85,10,6,213.02999999999997
06,120245380137820707,ACTIVE,500,100.95,2760,80,72,6,4,194.59
06,120241066464020065,ACTIVE,289,100.85,3146,62,58,11,7,320.19
06,120244783755130320,ACTIVE,300,100.69,4959,147,152,8,4,278.68
06,120246643142900065,ACTIVE,100,100.60999999999999,4494,113,108,9,5,275.18
06,120248698800290127,ACTIVE,300,99.33000000000001,1363,67,76,5,1,60.47
06,120242973433800146,ACTIVE,200,98.8,4017,137,132,9,2,117.19999999999999
06,120248965302070064,ACTIVE,1500,98.49,1730,70,68,6,5,341.09999999999997
06,120243593315080146,ACTIVE,116,98.25,1859,36,42,4,3,223.9
06,120249140482640100,ACTIVE,300,98.16,2129,86,84,4,2,90.72999999999999
06,120245010772960663,ACTIVE,301,97.42,1331,57,61,7,6,338.38
06,120244581910350686,ACTIVE,300,96.27,1297,37,31,6,6,302.36
06,120245327669090320,ACTIVE,360,95.56,2237,62,66,4,1,34.07
06,120249525957160319,ACTIVE,360,94.33,2703,77,79,6,2,101.19000000000001
06,120248911416770577,ACTIVE,501,94.21000000000001,2142,114,98,10,4,185.29
06,120248139130260455,ACTIVE,325,91.21000000000001,2166,78,64,6,4,240.14000000000001
06,120246221877410629,ACTIVE,335,90.32,2201,62,56,11,5,443.69
06,120246962698770090,ACTIVE,325,89.61999999999999,2359,104,99,8,3,136.27
06,120246040085600751,ACTIVE,370,87.31,1910,58,68,13,5,208.35000000000002
06,120247868045210695,ACTIVE,360,86.99999999999999,2779,45,43,4,2,75.96
06,120245823919130320,ACTIVE,360,86.89,3159,66,66,6,4,208.92999999999998
06,120246849779610090,ACTIVE,50,85.75,2416,71,70,3,2,73.88000000000001
06,120248536187780100,ACTIVE,300,85.54999999999998,2405,94,95,9,2,90.72999999999999
06,120246785226280564,ACTIVE,300,85.27,3129,88,81,3,0,0
06,120249251074180319,ACTIVE,350,85.09,2508,59,66,4,2,74
06,120244745582820125,PAUSED,150,84.44,2052,45,44,3,0,0
06,120244878279420125,ACTIVE,270,84.33,2758,57,60,4,2,167.42000000000002
06,120247114934220455,ACTIVE,365,84.32,1565,64,63,5,3,274.08
06,120248056801340561,ACTIVE,560,84.1,2256,95,88,12,5,191.85000000000002
06,120245011207100320,ACTIVE,360,83.35,2456,59,59,2,2,140.79000000000002
06,120247139572780564,ACTIVE,350,83.05,1895,45,41,6,4,189.66
06,120247941350370695,ACTIVE,250,82.81,2111,39,42,3,1,37.980000000000004
06,120242031621370065,ACTIVE,229,82.5,2164,46,49,8,1,29.98
06,6966949200895,ACTIVE,250,82.08000000000001,1525,39,38,3,2,85.96
06,120247616942850561,ACTIVE,300,81.29,2402,70,64,3,1,57.96
06,120247524798270389,ACTIVE,50,79.03999999999999,3392,83,81,11,4,112.01
06,120247547642310642,ACTIVE,340,78.39,1453,34,30,4,2,134.94
06,120250413795050709,ACTIVE,300,78.1,1647,47,48,8,5,158.29000000000002
06,120248893532100100,ACTIVE,500,77.87,2192,57,55,5,3,267.99
06,120243482214180129,ACTIVE,400,77.57,2405,64,70,7,4,241.42000000000002
06,120246273720740455,ACTIVE,250,77.5,1989,70,77,6,4,241.64
06,120248359442970589,ACTIVE,300,75.66,2053,37,31,4,1,67.91
06,120246007921740320,ACTIVE,318,75.62,2457,74,71,7,6,368.62
06,120244270293390320,ACTIVE,300,75.38,1931,55,61,6,4,304.96
06,120243753190540054,ACTIVE,500,75,1859,46,45,7,5,283.58
06,120249286682560368,ACTIVE,337,74.69,2251,54,55,3,1,38.980000000000004
06,120249120674110404,ACTIVE,300,74.03999999999999,1729,57,53,4,1,71.72
06,120247901344790425,ACTIVE,300,73.53,1575,52,52,5,4,339.26
06,120245833631150707,ACTIVE,300,72.35,1399,57,57,6,2,153.57000000000002
06,120240901145360175,ACTIVE,245,71.01,2451,67,69,7,3,108.82
06,120243508760940146,PAUSED,143,70.66,1218,34,27,0,0,0
06,120248960171180100,ACTIVE,200,70.35999999999999,2089,39,37,3,1,52.559999999999995
06,120243787103960686,ACTIVE,200,70.14,1827,42,47,4,2,59.96
06,120246828454030629,ACTIVE,300,68.5,1548,59,62,4,3,217.19
06,120246396470250674,ACTIVE,200,67.77,1600,41,42,5,2,76.2
06,120243928954880129,ACTIVE,600,67.49,2115,67,76,5,4,269.22
06,120246375737140674,ACTIVE,175,67.19,1466,44,47,5,4,192.36999999999998
06,120246024108390751,ACTIVE,355,66.58,1308,58,48,8,5,204.26
06,120250554304290404,ACTIVE,200,66.52000000000001,1120,45,42,3,2,169.68
06,120245848127430707,ACTIVE,300,66.36,1806,89,82,9,2,78.23
06,120244243594070436,PAUSED,50,66.1,2498,54,53,3,0,0
06,120246736742480477,PAUSED,90,66.02,843,29,31,1,0,0
06,120247324556450065,PAUSED,50,65.77000000000001,1108,41,41,7,1,51.629999999999995
06,120245884994790214,PAUSED,150,65.53,1175,31,32,1,1,24.97
06,120247184054680509,ACTIVE,270,65.03999999999999,1047,44,40,9,6,237.32
06,120245920600250032,PAUSED,50,64.64,1658,49,49,4,1,38.27
06,120246259925420674,ACTIVE,200,63.88999999999999,1301,46,45,6,2,92.46
06,120251093896120404,ACTIVE,94,63.54,1144,43,37,1,1,41.980000000000004
06,120243843991710129,ACTIVE,100,63.519999999999996,2152,65,67,3,2,166
06,120243844678990129,ACTIVE,300,63.33,1738,58,63,7,4,300.9
06,120244550853910436,ACTIVE,61,63.1,1970,26,55,1,0,0
06,120249062217790019,ACTIVE,225,62.830000000000005,1017,37,31,5,2,81.2
06,120246533502350368,ACTIVE,211,62.68,2029,41,38,5,2,166.32999999999998
06,120248922585490210,ACTIVE,200,62.43,1649,36,33,3,3,188.64
06,120250905694920651,ACTIVE,300,61.290000000000006,1646,48,55,5,3,141.98
06,120243951377020125,ACTIVE,300,61.24,1288,37,38,5,4,385.59
06,120243602902170032,ACTIVE,200,60.69,1647,54,55,8,2,74.54
06,120244163991370436,PAUSED,50,60.6,2305,51,42,1,1,99.72
06,120244963455410686,ACTIVE,200,60.120000000000005,998,26,28,5,3,193.64000000000001
06,120246643142870065,PAUSED,148,59.83,1636,47,45,5,1,29.979999999999997
06,120252393021210348,PAUSED,80,59.37,1948,26,23,1,0,0
06,120246396517520674,ACTIVE,200,59.260000000000005,1500,42,41,4,2,78.5
06,120249228754110589,PAUSED,100,58.96,648,34,33,3,1,49.52
06,120243335632250705,ACTIVE,100,58.49,1162,30,27,3,1,51.22
06,120246382556450462,ACTIVE,195,58.120000000000005,1166,46,45,3,1,57.98
06,120248430355980229,ACTIVE,200,57.769999999999996,1586,53,52,3,0,0
06,120243071308620125,ACTIVE,100,56.919999999999995,1681,31,35,2,1,97.71
06,120248621604700283,ACTIVE,200,56.809999999999995,1122,41,41,6,1,47.52
06,120247479685940389,PAUSED,100,56.28,1421,40,38,3,1,48.72
06,120247705045190564,ACTIVE,165,56,1777,54,45,4,2,109.69999999999999
06,120247073165120090,ACTIVE,223,55.82000000000001,1357,53,60,3,1,36.94
06,120245435760750780,ACTIVE,200,55.56999999999999,794,16,18,4,4,135.89999999999998
06,120235336090360210,ACTIVE,200,55.46,1188,28,27,2,1,41.98
06,120243948553180686,ACTIVE,80,55.44,871,25,30,4,3,89.94
06,120240679404390629,ACTIVE,400,54.82,1426,28,38,2,1,89.37
06,120247479945600065,ACTIVE,300,54.42,1479,31,38,2,1,36.95
06,120244662020140686,PAUSED,50,54.33,996,13,14,3,1,51.22
06,120243466971930678,ACTIVE,200,54.12,1253,56,51,5,1,39.98
06,120243144633320146,ACTIVE,50,54.1,1659,31,44,3,2,83.96
06,120245686749070320,ACTIVE,200,53.83,1764,53,56,4,2,225.07999999999998
06,120247107054620509,ACTIVE,200,53.599999999999994,1356,35,35,1,0,0
06,120244895488610436,ACTIVE,119,53.57000000000001,1676,31,36,3,2,136.45000000000002
06,120245232977300320,ACTIVE,214,53.18000000000001,1756,44,46,7,5,292.4
06,120245859755050173,ACTIVE,180,53.089999999999996,1448,65,68,5,4,222.66
06,120246549338880065,ACTIVE,50,52.81,1478,34,31,4,2,79.5
06,120249081135480577,PAUSED,100,52.72,888,40,33,3,1,28.98
06,120247175023780065,ACTIVE,76,52.7,1197,32,27,2,1,85.15
06,120235701428400210,ACTIVE,200,52.63,1232,26,25,3,4,253.64
06,120244360843810065,ACTIVE,135,52.58,1404,52,51,5,3,109.47
06,120247228100240725,PAUSED,100,52.47,2503,52,50,2,0,0
06,120243840045620129,ACTIVE,100,52.47,1518,57,60,3,1,66.48
06,120246947981930126,PAUSED,80,52.300000000000004,1170,25,25,3,1,51.22
06,120247193573040509,ACTIVE,300,52.260000000000005,2192,58,56,5,4,190.54999999999998
06,120248532436280048,ACTIVE,100,52.099999999999994,602,18,17,1,0,0
06,120246491099340090,ACTIVE,76,51.92,907,27,27,3,1,36.94
06,120247282176200431,PAUSED,150,51.85,903,29,27,1,0,0
06,120246191098970320,ACTIVE,120,51.6,1360,39,32,3,2,140.79
06,120245460221520177,ACTIVE,500,51.39,995,44,44,6,4,182.38
06,120245622959500630,ACTIVE,94,51.34,1018,38,36,5,4,115.91
06,120244823852370686,ACTIVE,100,51.279999999999994,859,29,29,3,4,224.87
06,120243831461540146,PAUSED,200,50.92,1935,44,39,4,0,0
06,120254529951930197,ACTIVE,100,50.900000000000006,774,30,28,4,1,66.21000000000001
06,120249178585030725,PAUSED,100,50.45,2603,42,35,1,0,0
06,120248318268940152,ACTIVE,200,50.33,1748,29,24,2,1,46.980000000000004
06,120248923191120589,ACTIVE,100,50.160000000000004,1625,45,41,6,4,214.15
06,120248056801410561,PAUSED,260,50.14,1381,51,47,1,0,0
06,120246070715810752,ACTIVE,169,50.05,1537,59,58,6,3,144.89
06,120247136451350725,ACTIVE,100,49.82,1694,48,49,6,5,280.43
06,120247322669120509,ACTIVE,200,49.81,1878,55,54,4,2,68.96000000000001
06,120244389916630436,PAUSED,50,49.510000000000005,1845,35,34,0,0,0
06,120251940198120054,ACTIVE,100,49.41,694,21,22,1,0,0
06,120247322861560509,ACTIVE,100,48.55,1811,45,43,0,0,0
06,120247558121560065,ACTIVE,94,48.38,1254,49,47,6,2,80.63
06,120248523442100229,ACTIVE,68,48.32,788,39,39,3,1,49.97
06,120246242129020477,ACTIVE,100,48.230000000000004,903,30,27,1,1,29.98
06,120246850329040065,ACTIVE,136,47.92,1240,44,38,8,4,195.78
06,120247199911460090,ACTIVE,122,47.6,1064,47,41,4,3,161.72
06,120245899907660065,ACTIVE,115,47.5,871,29,26,3,1,49.52
06,120246666161080477,ACTIVE,100,47.36,565,17,16,2,2,59.96
06,120248299218010431,ACTIVE,130,47.16,840,23,21,3,2,77.15
06,120246465927950677,ACTIVE,100,47.099999999999994,978,10,8,1,1,70.02
06,120244349822900686,ACTIVE,50,46.669999999999995,697,21,20,2,2,101.19
06,120245899907890065,ACTIVE,115,46.519999999999996,1047,45,43,4,1,29.98
06,120246588746810090,ACTIVE,140,46.33,1031,45,42,5,4,156.38
06,120245124074660686,ACTIVE,80,46.2,1617,42,44,3,1,29.98
06,120246396470350674,PAUSED,100,46.129999999999995,1048,40,38,0,0,0
06,120244070206100125,ACTIVE,300,46.02,958,25,26,6,4,277.11
06,120244581811200686,ACTIVE,80,45.93,863,27,25,6,4,141.16
06,120246399807540674,ACTIVE,142,45.879999999999995,1539,32,30,4,1,29.980000000000004
06,120247061936980509,ACTIVE,100,45.870000000000005,1758,34,31,2,0,0
06,120247970574990126,ACTIVE,80,45.800000000000004,929,20,21,2,2,81.2
06,120244428953860686,ACTIVE,150,45.76,941,22,24,4,3,132.42
06,120248248634970455,ACTIVE,132,45.39,741,31,29,2,1,84.37
06,120245124096920686,PAUSED,80,45.31,1610,45,43,1,0,0
06,120245057027780564,ACTIVE,190,45.2,1796,39,43,2,2,167.43
06,120244242496990780,ACTIVE,200,45.15,891,36,37,6,4,135.9
06,120247728967380642,ACTIVE,61,44.87,1143,21,23,1,0,0
06,120247365940320642,PAUSED,50,44.83,1036,22,22,0,0,0
06,120244581454670686,PAUSED,50,44.769999999999996,769,16,14,0,0,0
06,120248698800650127,ACTIVE,100,44.76,561,31,35,2,1,60.47
06,120248085583180127,ACTIVE,100,44.73,468,23,22,2,1,60.46999999999999
06,120251769553160054,ACTIVE,138,44.22,1132,25,26,6,3,138.42
06,120247547590960642,ACTIVE,200,44.06,1104,25,29,2,2,158.25
06,120248364287170127,PAUSED,100,44.03,476,36,37,1,0,0
06,120245554821660177,PAUSED,100,43.98,874,24,18,1,0,0
06,120246107483730752,ACTIVE,169,43.95,932,31,34,6,3,104.9
06,120247815782100642,ACTIVE,122,43.83,1163,35,36,3,1,92.3
06,120246181834560241,PAUSED,150,43.79,2207,44,44,1,0,0
06,120248299218060431,IN_PROCESS,220,43.779999999999994,761,35,33,4,4,223.86
06,120245622959630630,ACTIVE,94,43.6,902,28,27,3,2,65.95
06,120245282912580630,PAUSED,200,43.58,1158,32,30,3,1,40.97
06,120248159215720389,PAUSED,79,43.58,1251,53,45,2,1,62.88999999999999
06,120245514271720065,ACTIVE,115,43.57,986,47,43,1,1,49.510000000000005
06,120247148756590731,ACTIVE,80,43.53,454,26,27,1,1,88.3
06,120248248635000455,ACTIVE,132,43.480000000000004,834,39,32,1,2,148.73999999999998
06,120251239771420586,ACTIVE,50,43.46,1810,56,51,3,2,78.35
06,120245514271740065,ACTIVE,115,43.36,891,47,49,5,2,79.5
06,120247322946650509,ACTIVE,200,43.19,1555,37,36,4,2,93.60000000000001
06,120248085583660127,PAUSED,100,43.11,515,26,22,0,0,0
06,120241671273870455,ACTIVE,212,43.05,990,36,31,3,2,144.78
06,120248429995370229,PAUSED,124,42.96,1143,33,29,2,1,40.97
06,120243986595710788,PAUSED,50,42.89,683,20,21,0,0,0
06,120247605280040425,ACTIVE,300,42.86,1125,31,33,4,4,219.29999999999998
06,120243734745460129,ACTIVE,100,42.71,1337,44,42,3,1,66.47999999999999
06,120249179840870725,ACTIVE,100,42.42,1202,27,26,4,2,137.12
06,120249061328590589,ACTIVE,50,42.370000000000005,835,19,18,2,1,29.98
06,120251919170720054,PAUSED,100,42.13,645,11,11,2,0,0
06,120247890133980642,ACTIVE,124,42.019999999999996,1203,30,28,1,1,92.3
06,120244634571550678,ACTIVE,105,41.99,794,10,10,2,1,57.98
06,120246178127590241,PAUSED,150,41.76,2123,36,32,1,0,0
06,120248556140990663,ACTIVE,200,41.669999999999995,636,26,26,0,0,0
06,120245622959400630,ACTIVE,73,41.510000000000005,981,25,25,3,3,106.92000000000002
06,120246178764690752,ACTIVE,100,41.480000000000004,1048,20,18,3,1,40.970000000000006
06,120248698801690127,ACTIVE,300,41.29,536,33,33,5,2,95.44999999999999
06,120244995599860686,PAUSED,100,41.29,396,7,7,0,0,0
06,120245610768940032,ACTIVE,200,41.18000000000001,883,44,45,6,4,104.21
06,120244194695070177,ACTIVE,100,41.05,882,36,31,4,2,59.96
06,120249222913640100,ACTIVE,129,41.05,962,38,35,3,3,145.54
06,120247866597100389,ACTIVE,100,40.989999999999995,1390,60,46,6,2,83.47
06,120248082904020663,ACTIVE,150,40.95,652,24,24,1,1,66.02
06,120245124026530686,ACTIVE,80,40.900000000000006,686,39,39,5,5,192.38
06,120246178929760752,ACTIVE,100,40.89,966,27,25,3,0,0
06,120248180636520589,ACTIVE,100,40.61,1142,22,24,2,2,99.03
06,120244673897340436,PAUSED,50,40.44,1427,24,21,0,0,0
06,120245329462560320,ACTIVE,200,40.4,1257,41,38,3,0,0
06,120248176825100455,PAUSED,131,40.35,932,33,32,2,0,0
06,120246250745230674,ACTIVE,100,40.269999999999996,1031,20,18,2,1,46.230000000000004
06,120246286465380752,ACTIVE,100,40.25,995,41,39,6,1,40.97
06,120249228181020589,PAUSED,100,40.23,322,13,13,1,0,0
06,120247956340000389,PAUSED,50,40.080000000000005,1328,62,56,3,0,0
06,120248539381110725,PAUSED,200,39.879999999999995,904,14,16,1,1,49.37
06,120248923493180565,ACTIVE,80,39.839999999999996,397,18,18,5,1,29.979999999999997
06,120246191098590320,ACTIVE,120,39.76,1193,48,41,2,1,82.02
06,120247504003780425,ACTIVE,61,39.74,705,14,14,2,1,72.78
06,120247124966060090,PAUSED,119,39.63,686,29,29,2,0,0
06,120246415849650214,ACTIVE,160,39.43,598,17,19,3,3,145.82
06,120246672624130642,PAUSED,50,39.3,883,11,10,1,1,37.95
06,120246220421900725,PAUSED,200,39.22,1252,28,25,1,0,0
06,120249179865040725,PAUSED,100,39.14,1065,20,18,1,1,68.56
06,120245964184870707,ACTIVE,113,39.07,749,25,23,5,4,245.75000000000003
06,120246219805000241,ACTIVE,150,39.03,1036,24,21,1,0,0
06,120249352629920127,ACTIVE,100,38.98,525,28,30,2,1,34.98
06,120247890133910642,ACTIVE,124,38.97,893,19,18,2,1,65.94999999999999
06,120249366225680100,ACTIVE,100,38.88,795,22,22,2,1,52.56
06,120244566548030788,ACTIVE,220,38.83,670,30,32,3,1,92.3
06,120249456993730057,ACTIVE,100,38.769999999999996,491,20,22,1,1,41.980000000000004
06,120247993581120462,PAUSED,104,38.69,511,17,16,0,0,0
06,120245931951140650,ACTIVE,100,38.65,484,20,25,2,1,64.28
06,120244995090060686,PAUSED,100,38.629999999999995,512,13,13,0,0,0
06,120247890206850725,ACTIVE,100,38.62,1403,39,40,2,1,49.37
06,120242847129030686,ACTIVE,50,38.61,915,19,22,3,2,122.42
06,120242870748820133,ACTIVE,280,38.41,884,32,34,3,2,104
06,120251769553070054,ACTIVE,73,38.39,900,22,19,3,2,63.96000000000001
06,120244880653330686,ACTIVE,50,38.38,763,24,23,6,3,111.18
06,120249222913600100,ACTIVE,91,38.28,1142,31,30,2,1,52.56
06,120243959700120146,ACTIVE,100,38.230000000000004,725,5,6,1,1,106.71000000000001
06,120244389916660436,ACTIVE,78,38.209999999999994,1648,45,44,4,2,110.19999999999999
06,120251910136180054,PAUSED,107,38.18,770,13,13,1,0,0
06,120245999879420097,PAUSED,80,38.16,1138,38,35,1,1,34.980000000000004
06,120247534964830642,PAUSED,76,38.11,939,28,26,2,0,0
06,120248270609930152,ACTIVE,100,37.96,1813,25,27,3,3,198.61999999999998
06,120247246948530509,ACTIVE,50,37.93,1874,33,33,2,2,105.65
06,120246506737780126,PAUSED,80,37.879999999999995,793,23,20,1,1,29.980000000000004
06,120246191098790320,ACTIVE,120,37.78,1063,35,30,2,1,34.07
06,120245487786040032,ACTIVE,50,37.730000000000004,725,29,26,3,1,37.27
06,120246270264110320,ACTIVE,120,37.730000000000004,1115,19,17,0,0,0
06,120248288633270389,ACTIVE,81,37.66,1133,42,35,8,6,208.99
06,120249151139280057,ACTIVE,100,37.63,629,26,26,1,0,0
06,120246007921720320,ACTIVE,80,37.55,978,24,21,3,1,34.07
06,120246377047690097,PAUSED,150,37.4,1352,32,30,3,0,0
06,120242700474080358,ACTIVE,100,37.38,734,24,28,2,2,77.15
06,120247823215090168,ACTIVE,100,37.2,686,23,26,4,2,97.36
06,120247866400320389,PAUSED,100,37.150000000000006,1056,29,26,3,0,0
06,120251916632010054,PAUSED,100,37.15,600,7,9,1,0,0
06,120247558121530065,PAUSED,94,37.129999999999995,739,24,22,2,0,0
06,120246191098540320,ACTIVE,120,37.09,1241,32,30,3,2,92.84
06,120245241360310455,PAUSED,73,37,1527,22,21,1,0,0
06,120245931951070650,ACTIVE,100,36.99,503,24,24,3,3,202.89999999999998
06,120248596343100048,ACTIVE,100,36.989999999999995,383,24,26,3,2,69.96
06,120246624884480455,ACTIVE,122,36.93000000000001,1108,21,19,1,1,60.410000000000004
06,120247293642140642,ACTIVE,120,36.89,828,18,15,3,1,92.3
06,120249228293700589,PAUSED,100,36.82,231,9,8,0,0,0
06,120249179840900725,ACTIVE,100,36.82,833,15,15,4,2,135.92
06,120244995263710686,PAUSED,100,36.78,377,6,7,1,0,0
06,120247728967360642,PAUSED,61,36.769999999999996,897,17,15,0,0,0
06,120246471244730065,ACTIVE,135,36.72,1279,41,42,2,0,0
06,120248204881090455,ACTIVE,135,36.67999999999999,774,20,14,2,2,167.23999999999998
06,120244300638070032,ACTIVE,200,36.459999999999994,702,24,25,4,2,43.96
06,120247866680710389,ACTIVE,100,36.44,959,21,21,3,2,43.739999999999995
06,120243959229680146,ACTIVE,100,36.43999999999999,710,18,15,1,1,41.98
06,120250139945670577,ACTIVE,100,36.410000000000004,670,24,21,5,0,0
06,120245541619240177,ACTIVE,100,36.29,652,23,24,3,1,51.21
06,120248512806040048,ACTIVE,100,36.25,601,29,29,1,1,34.980000000000004
06,120246599890040214,ACTIVE,120,36.199999999999996,616,16,16,5,2,85.9
06,120247013051330065,PAUSED,50,36.1,802,23,21,0,0,0
06,120246338142390241,ACTIVE,109,35.98,1699,24,23,2,1,41.980000000000004
06,120245124561510686,ACTIVE,80,35.839999999999996,645,21,21,3,1,29.98
06,120247149106470731,ACTIVE,80,35.69,486,14,17,2,1,60.39
06,120249347498540100,ACTIVE,91,35.65,835,22,22,2,2,90.73
06,120246471244780065,ACTIVE,135,35.54,1048,41,38,3,1,67.89
06,120243840045560129,ACTIVE,100,35.47,1076,32,33,2,0,0
06,120243593808880146,ACTIVE,100,35.16,1067,32,31,7,2,117.19000000000001
06,120248199130120168,ACTIVE,90,35.129999999999995,757,24,22,1,0,0
06,120246870229730642,ACTIVE,62,34.949999999999996,761,17,20,2,2,212.75
06,120250066594120577,ACTIVE,100,34.89,667,26,24,3,2,147.99
06,120247311647030509,ACTIVE,100,34.74,1373,25,28,3,4,172.61
06,120247084134340065,ACTIVE,50,34.7,568,27,26,3,2,59.96
06,120244618043630436,ACTIVE,144,34.69,1263,50,49,3,1,68.22999999999999
06,120247124966150090,PAUSED,119,34.67,665,30,29,3,0,0
06,120244761350620455,ACTIVE,135,34.66,1378,26,28,2,1,60.41
06,120243832687650146,ACTIVE,100,34.58,748,18,15,1,1,106.71
06,120248889583930116,ACTIVE,90,34.57,469,14,13,0,0,0
06,120245825263430533,ACTIVE,100,34.57,867,25,29,3,1,24.98
06,120244428953840686,ACTIVE,100,34.53,668,20,24,3,3,149.91
06,120245205425940677,PAUSED,50,34.5,924,17,19,2,0,0
06,120249251074290319,ACTIVE,120,34.5,877,11,15,1,1,37
06,120244079033450320,ACTIVE,120,34.47,1452,35,33,2,1,85.85
06,120246286382660752,ACTIVE,100,34.45,828,21,20,3,2,65.95
06,120246981649870509,ACTIVE,100,34.230000000000004,1133,27,29,4,0,0
06,120245686006250032,ACTIVE,50,34.2,672,22,27,2,1,50.86
06,120246657519770455,ACTIVE,143,34.199999999999996,1021,31,28,3,3,298.04999999999995
06,120244504303760686,PAUSED,80,34.17,730,14,15,0,0,0
06,120245124561470686,PAUSED,80,34.150000000000006,505,14,14,1,0,0
06,120247390339020509,ACTIVE,100,34.09,903,24,21,1,0,0
06,120249179367710725,ACTIVE,100,33.99,661,18,19,3,3,204.48000000000002
06,120248414403410695,ACTIVE,150,33.9,1002,23,19,2,1,66.02
06,120245535022630455,ACTIVE,132,33.82,465,26,24,4,3,298.05
06,120255653285300586,ACTIVE,50,33.72,651,27,20,3,2,78.35000000000001
06,120243063569770146,ACTIVE,100,33.69,1170,29,31,4,2,117.19
06,120246459062250674,ACTIVE,110,33.64,1012,22,26,2,2,78.5
06,120246299672700751,ACTIVE,195,33.550000000000004,871,23,28,3,0,0
06,120245004525000780,ACTIVE,400,33.4,495,16,18,1,0,0
06,120247370270360509,ACTIVE,101,33.31,1353,27,25,1,1,37.98
06,120244965177330686,PAUSED,80,33.19,497,11,11,0,0,0
06,120244691045040320,ACTIVE,120,33.18,1224,18,22,2,1,58.77
06,120246232598650090,ACTIVE,132,33.13,827,25,24,2,0,0
06,120245785647070650,ACTIVE,100,33.1,421,17,20,1,0,0
06,120247678231050065,PAUSED,93,33.07,776,21,21,2,0,0
06,120249366225440100,ACTIVE,100,33.03,872,17,18,3,1,38.17
06,120244825046600686,ACTIVE,80,32.99,622,14,16,3,2,101.19000000000001
06,120248056978460544,ACTIVE,150,32.96,970,12,12,2,2,75.5
06,120247541912960469,PAUSED,80,32.95,735,15,13,1,1,49.37
06,120246031764260509,ACTIVE,50,32.839999999999996,1438,18,15,2,1,61.97
06,120243316803930436,ACTIVE,100,32.78,1048,24,34,1,1,68.23
06,120245500027320032,ACTIVE,100,32.76,894,35,32,3,1,45.87
06,120248045548240425,PAUSED,136,32.75,702,15,14,0,0,0
06,120243734745510129,ACTIVE,100,32.71,1197,21,22,3,0,0
06,120245617791190630,ACTIVE,111,32.71,1046,33,32,4,2,54.96
06,120246770835970175,ACTIVE,110,32.67,895,25,25,4,1,24.96
06,120245911260540650,ACTIVE,120,32.650000000000006,448,17,17,2,2,194.51000000000002
06,120242746886630788,ACTIVE,220,32.650000000000006,567,23,24,2,1,37.95
06,120251692404070054,ACTIVE,78,32.629999999999995,781,20,21,2,1,53.22
06,120249115231040100,ACTIVE,50,32.6,870,27,27,2,1,52.56
06,120244480112510436,PAUSED,78,32.589999999999996,1173,31,23,2,0,0
06,120243734466660129,ACTIVE,100,32.559999999999995,899,31,30,1,0,0
06,120245650683780674,PAUSED,100,32.54,517,21,20,0,0,0
06,120247950274740126,ACTIVE,90,32.53,860,26,25,3,1,29.980000000000004
06,120246069254050470,ACTIVE,98,32.480000000000004,964,22,22,2,1,183.47
06,120245825367300533,ACTIVE,100,32.39,936,30,26,3,1,41.97
06,120240258763950179,PAUSED,140,32.38,1085,25,25,0,0,0
06,120246184128390674,PAUSED,100,32.27,514,14,14,0,0,0
06,120246733854770065,ACTIVE,80,32.27,638,28,23,1,1,49.52
06,120248802175730319,ACTIVE,120,32.13,837,23,24,4,3,138.19
06,120249179367830725,ACTIVE,100,32.120000000000005,616,16,14,1,1,146.51
06,120247391144430509,ACTIVE,200,32.089999999999996,980,25,25,2,2,95.95
06,120249179811790725,PAUSED,100,32,955,17,15,0,0,0
06,120249179865340725,ACTIVE,100,32,810,21,19,2,2,135.92000000000002
06,120242776941930146,ACTIVE,50,31.92,650,15,18,2,2,148.69
06,120244017128390686,PAUSED,50,31.92,623,23,23,1,0,0
06,120248224810100389,ACTIVE,80,31.84,952,38,33,2,2,74.11999999999999
06,120246570408620477,ACTIVE,100,31.8,598,18,11,0,1,107.44
06,120247199911470090,PAUSED,122,31.79,808,18,17,2,0,0
06,120249013372050100,PAUSED,64,31.76,535,15,14,0,0,0
06,120246024108440751,ACTIVE,195,31.72,601,17,23,0,0,0
06,120248064259890425,PAUSED,100,31.650000000000002,451,15,12,0,0,0
06,120244177553830678,ACTIVE,100,31.619999999999997,764,27,24,2,1,39.98
06,120246668180150731,PAUSED,100,31.43,436,12,13,1,0,0
06,120248204881060455,ACTIVE,135,31.35,1047,23,22,1,1,84.36999999999999
06,120246226742380674,ACTIVE,120,31.29,849,24,20,1,0,0
06,120246733901990065,ACTIVE,80,31.189999999999998,716,23,23,4,0,0
06,120243772698800146,ACTIVE,50,31.16,1101,18,25,1,1,41.980000000000004
06,120245119189080630,ACTIVE,78,31.16,925,24,22,2,2,100.54
06,120246875435580731,PAUSED,100,31.15,351,13,10,0,0,0
06,120247487024380065,PAUSED,100,31.15,446,10,9,0,0,0
06,120246979930770509,ACTIVE,100,31.15,1023,26,27,3,1,34.98
06,120246733876960065,ACTIVE,80,31.099999999999994,600,27,26,3,1,29.98
06,120248974670480019,ACTIVE,80,31.090000000000003,481,15,15,2,1,107.44
06,120248162820950389,ACTIVE,100,31.07,1043,63,62,9,3,80.79
06,120247453929680065,ACTIVE,124,30.990000000000002,838,13,14,3,2,99.04
06,120242972188130146,PAUSED,50,30.96,618,15,12,1,0,0
06,120246299721480751,ACTIVE,195,30.950000000000003,661,25,25,3,1,47.67
06,120248923191070589,PAUSED,50,30.869999999999997,780,18,16,0,0,0
06,120243771828200436,PAUSED,50,30.83,1151,16,15,1,0,0
06,120246286557160752,ACTIVE,169,30.78,674,18,20,4,3,90.93
06,120250139873910577,PAUSED,100,30.769999999999996,669,18,18,2,0,0
06,120246804547700175,ACTIVE,60,30.679999999999996,1181,21,23,3,1,24.96
06,120246733877000065,ACTIVE,80,30.599999999999998,569,12,12,2,0,0
06,120246522122340677,ACTIVE,100,30.549999999999997,654,9,5,1,0,0
06,120245306349070462,ACTIVE,100,30.48,781,26,26,3,1,57.98
06,120246946458510629,ACTIVE,64,30.45,912,22,23,4,0,0
06,120235701428420210,ACTIVE,200,30.389999999999997,842,15,17,2,0,0
06,120248774488970725,ACTIVE,100,30.27,797,24,23,3,2,138.38
06,120247645229990642,ACTIVE,60,30.220000000000002,1328,24,25,1,0,0
06,120249179003180725,ACTIVE,100,30.06,695,12,12,3,3,186.49
06,120243772020840146,PAUSED,100,29.970000000000002,734,29,22,1,0,0
06,120247954410960425,PAUSED,69,29.939999999999998,562,19,19,2,0,0
06,120248124018900425,PAUSED,135,29.88,450,14,10,0,0,0
06,120254284171910197,ACTIVE,100,29.849999999999998,695,18,17,1,1,29.98
06,120244794017770320,ACTIVE,120,29.840000000000003,1215,16,17,3,2,117.53999999999999
06,120247485225890126,PAUSED,80,29.82,654,14,13,1,0,0
06,120245124074630686,ACTIVE,80,29.799999999999997,471,17,16,3,1,29.98
06,120244034916020436,ACTIVE,100,29.77,1129,23,18,4,1,129.44
06,120243458900420436,ACTIVE,100,29.759999999999998,1224,30,27,2,0,0
06,120246560566740477,ACTIVE,125,29.72,722,28,25,5,4,201.11999999999998
06,120244477400200678,ACTIVE,100,29.72,697,18,17,2,0,0
06,120247390339080509,ACTIVE,100,29.72,968,21,18,0,1,36.47
06,120249872725020651,PAUSED,80,29.599999999999998,576,20,20,1,0,0
06,120248596343190048,ACTIVE,100,29.59,387,15,13,2,1,34.980000000000004
06,120245381315950677,ACTIVE,50,29.560000000000002,1098,10,9,1,0,0
06,120244916431500436,PAUSED,100,29.520000000000003,880,15,15,0,0,0
06,120254529951780197,PAUSED,100,29.500000000000004,491,9,9,1,0,0
06,120247275556550642,ACTIVE,50,29.39,936,19,19,0,0,0
06,120248958916870100,ACTIVE,100,29.3,690,17,17,2,0,0
06,120246522937100677,ACTIVE,100,29.29,665,10,9,1,0,0
06,120248974670400019,ACTIVE,80,29.270000000000003,580,26,29,1,1,29.98
06,120251701953330054,ACTIVE,100,29.27,689,17,20,2,2,126.42999999999998
06,120246733902040065,ACTIVE,80,29.259999999999998,615,21,19,4,1,49.519999999999996
06,120248880534940100,PAUSED,50,29.24,557,16,13,4,1,90.92999999999999
06,120247921074920168,PAUSED,74,29.22,772,17,20,0,0,0
06,120247163507460509,ACTIVE,50,29.15,1570,24,20,2,0,0
06,120246250177610320,PAUSED,110,29.04,731,18,16,0,0,0
06,120243689609840436,PAUSED,50,28.92,991,20,19,1,0,0
06,120244083558220146,ACTIVE,100,28.830000000000002,1032,37,37,5,3,192.41
06,120250005173420404,ACTIVE,74,28.83,570,23,20,2,1,41.98
06,120249300729750589,ACTIVE,200,28.82,728,22,20,6,3,127.85
06,120246522442100677,ACTIVE,100,28.77,645,8,5,0,0,0
06,120246250177540320,PAUSED,110,28.73,855,22,21,0,0,0
06,120246733854740065,ACTIVE,80,28.71,620,20,20,5,2,59.96000000000001
06,120243929504820146,ACTIVE,50,28.71,841,17,14,3,1,41.980000000000004
06,120245923045620168,ACTIVE,100,28.68,649,17,20,2,0,0
06,120248466107650695,ACTIVE,135,28.61,932,19,19,1,0,0
06,120254368844950197,ACTIVE,100,28.590000000000003,608,15,14,1,0,0
06,120246459062220674,ACTIVE,50,28.58,692,16,13,1,1,46.23
06,120246867532700629,ACTIVE,50,28.46,643,22,19,2,0,0
06,120249300729780589,ACTIVE,100,28.409999999999997,514,14,16,1,0,0
06,120247858934130544,ACTIVE,76,28.409999999999997,630,17,14,2,1,27.98
06,120243065943950146,PAUSED,150,28.36,690,28,24,0,0,0
06,120247995051750695,ACTIVE,93,28.35,944,16,19,1,1,92.41
06,120245460390490177,ACTIVE,100,28.310000000000002,560,11,12,1,0,0
06,120247467570380455,ACTIVE,50,28.28,782,18,20,1,1,60.410000000000004
06,120247370270380509,PAUSED,101,28.240000000000002,1173,22,20,0,0,0
06,120249178308050725,ACTIVE,100,28.240000000000002,631,17,18,1,1,44.98
06,120246887885530090,PAUSED,50,28.229999999999997,557,25,25,2,0,0
06,120247267370990509,ACTIVE,100,28.22,578,18,14,1,0,0
06,120248429995310229,ACTIVE,77,28.199999999999996,611,23,24,1,1,40.97
06,120247058049910303,ACTIVE,120,28.19,527,27,26,1,1,26.98
06,120247970574920126,ACTIVE,80,28.17,583,20,17,3,3,152.40999999999997
06,120249179002100725,PAUSED,100,28.139999999999997,636,12,12,0,0,0
06,120244312405140436,ACTIVE,100,28.03,952,31,29,1,1,99.72
06,120248490741000152,ACTIVE,120,27.99,1084,26,27,2,1,73.97999999999999
06,120245623471490177,ACTIVE,100,27.959999999999997,558,17,18,2,2,59.96
06,120247412626780168,ACTIVE,100,27.95,929,20,19,0,0,0
06,120247389356380455,ACTIVE,50,27.95,493,27,31,2,2,172.32000000000002
06,120246374707600097,ACTIVE,77,27.89,938,23,24,2,0,0
06,120249088233310651,ACTIVE,80,27.72,589,16,19,1,1,37.980000000000004
06,120244823852300686,PAUSED,50,27.68,490,13,13,1,0,0
06,120244824582450436,ACTIVE,90,27.67,942,14,14,2,1,68.22999999999999
06,120242907734560129,ACTIVE,150,27.6,780,33,37,0,0,0
06,120248069068060469,ACTIVE,80,27.58,560,11,11,2,0,0
06,120243465250350705,ACTIVE,80,27.53,501,23,24,3,1,29.98
06,120244083558180146,ACTIVE,100,27.52,733,27,25,5,2,117.20000000000002
06,120247378425210561,ACTIVE,180,27.440000000000005,864,24,22,3,2,66.95
06,120247403426120126,ACTIVE,61,27.44,576,13,20,2,0,0
06,120248535565040229,ACTIVE,137,27.43,571,20,21,2,1,49.97
06,120248072969470389,ACTIVE,56,27.419999999999998,856,35,33,4,1,59.91
06,120247238927160043,ACTIVE,70,27.39,439,20,20,2,2,55.959999999999994
06,120254368844920197,ACTIVE,70,27.39,602,19,19,2,1,46.23
06,120243458344240129,PAUSED,100,27.38,1118,22,16,0,0,0
06,120247365755990509,ACTIVE,100,27.330000000000002,1025,17,18,1,0,0
06,120244486414960436,PAUSED,100,27.29,782,18,16,1,0,0
06,120247467569900455,ACTIVE,50,27.189999999999998,858,24,19,0,0,0
06,120247865520180544,ACTIVE,80,27.09,530,14,12,1,1,27.98
06,120257220181140586,PAUSED,50,27.080000000000002,946,12,9,1,0,0
06,120246875316820731,PAUSED,100,27.069999999999997,358,14,13,0,0,0
06,120245651364050303,ACTIVE,80,27.029999999999998,459,16,16,2,0,0
06,120244916355330436,ACTIVE,100,26.97,844,10,11,1,1,68.23
06,120245298343980752,PAUSED,100,26.92,644,19,16,0,0,0
06,120247526522450425,ACTIVE,100,26.89,528,18,18,1,0,0
06,120251150600140210,ACTIVE,82,26.89,767,24,24,1,1,97.96
06,120250922808060054,PAUSED,100,26.86,513,11,10,0,0,0
06,120246088780780320,ACTIVE,53,26.83,757,10,7,0,0,0
06,120248017013520389,PAUSED,50,26.82,858,39,30,2,0,0
06,120247482195350544,ACTIVE,74,26.79,543,11,11,2,2,93.89
06,120246270030590320,ACTIVE,120,26.79,672,11,11,1,1,82.02
06,120244915705330436,PAUSED,100,26.729999999999997,820,21,23,1,1,41.980000000000004
06,120243844958690129,ACTIVE,150,26.72,1114,35,36,2,1,64.72
06,120246819645500629,ACTIVE,50,26.689999999999998,599,16,16,2,3,164.76999999999998
06,120244965177310686,ACTIVE,80,26.630000000000003,400,9,9,1,0,0
06,120254284171970197,ACTIVE,100,26.6,527,21,23,2,1,46.23
06,120247367947390509,ACTIVE,100,26.599999999999998,992,17,16,0,0,0
06,120247157340280509,PAUSED,100,26.580000000000002,953,16,13,1,0,0
06,120247453928360065,PAUSED,94,26.53,706,11,11,0,0,0
06,120247995051780695,ACTIVE,95,26.509999999999998,773,14,14,0,0,0
06,120246412451290629,ACTIVE,50,26.419999999999998,668,21,19,1,0,0
06,120245124052890686,ACTIVE,80,26.37,425,8,8,4,3,153.66
06,120245453935880025,ACTIVE,100,26.340000000000003,328,6,6,0,0,0
06,120247245095750509,ACTIVE,300,26.28,1189,20,15,1,1,87.46
06,120245612998430455,ACTIVE,100,26.21,850,15,16,1,1,84.36999999999999
06,120243928955960129,ACTIVE,100,26.1,872,19,18,0,0,0
06,120245251316060477,PAUSED,100,26.05,387,10,12,1,0,0
06,120246270264070320,ACTIVE,120,26.05,921,26,25,0,0,0
06,120246270030620320,ACTIVE,120,26.03,676,11,13,0,0,0
06,120249438611220064,ACTIVE,100,25.85,431,15,14,2,0,0
06,120250057581290368,ACTIVE,136,25.829999999999995,775,8,7,0,0,0
06,120244761582650436,ACTIVE,100,25.8,898,34,35,1,1,41.980000000000004
06,120248137514550561,ACTIVE,100,25.79,833,31,25,1,1,24.98
06,120245049415260032,ACTIVE,100,25.76,790,27,18,0,0,0
06,120246559951150097,ACTIVE,80,25.71,749,20,20,0,0,0
06,120247391144450509,ACTIVE,100,25.69,860,18,17,0,0,0
06,120249283733020100,ACTIVE,90,25.65,567,20,19,0,1,52.559999999999995
06,120247601538900425,ACTIVE,100,25.57,551,14,13,0,0,0
06,120243929504970146,ACTIVE,50,25.549999999999997,710,20,16,0,1,41.980000000000004
06,120245602350460032,ACTIVE,100,25.52,621,13,15,1,1,38.27
06,120247678231030065,PAUSED,93,25.500000000000004,512,14,13,0,0,0
06,120248359764410589,ACTIVE,100,25.5,655,17,17,2,0,0
06,120248338395130283,ACTIVE,100,25.49,590,14,14,1,1,27.979999999999997
06,120243205951310642,ACTIVE,50,25.420000000000005,1085,20,16,2,0,0
06,120247367947350509,PAUSED,100,25.42,791,14,11,0,0,0
06,120243772698880146,ACTIVE,50,25.38,1001,17,16,1,1,41.980000000000004
06,120247570572060455,ACTIVE,50,25.37,1261,28,25,0,0,0
06,120247866597170389,ACTIVE,100,25.36,697,24,25,2,1,46.41
06,120244014047710146,ACTIVE,100,25.36,661,16,11,2,2,243.14000000000001
06,120244486325980436,ACTIVE,100,25.310000000000002,861,26,27,3,1,41.98
06,120247238927080043,ACTIVE,70,25.25,417,14,14,2,1,29.12
06,120247954411400425,ACTIVE,69,25.25,371,8,8,1,0,0
06,120249347498580100,PAUSED,91,25.229999999999997,368,9,8,0,0,0
06,120248151239370425,ACTIVE,100,25.180000000000003,377,10,12,3,1,39.980000000000004
06,6993911140695,ACTIVE,100,25.1,454,15,14,2,1,54.98
06,120247998931350564,ACTIVE,100,25.049999999999997,701,18,18,0,0,0
06,120244915705670436,PAUSED,100,25.03,771,15,15,0,0,0
06,120248072969230389,PAUSED,62,25,788,15,11,0,0,0
06,120249438611310064,ACTIVE,300,24.92,335,10,11,1,1,75.22000000000001
06,120245583667780533,PAUSED,66,24.91,558,14,13,0,0,0
06,120247365730510509,PAUSED,100,24.840000000000003,855,19,17,1,1,34.980000000000004
06,120248764599250589,ACTIVE,100,24.82,605,15,11,2,2,153.02999999999997
06,120243830466380146,ACTIVE,100,24.779999999999998,586,21,20,2,0,0
06,120245571282690707,ACTIVE,50,24.769999999999996,421,11,10,0,0,0
06,120247872778180425,ACTIVE,55,24.74,435,10,10,1,0,0
06,120247591966310642,ACTIVE,50,24.69,823,12,12,1,0,0
06,120249179811830725,ACTIVE,100,24.68,898,14,14,1,1,86.55
06,120243860511490436,ACTIVE,100,24.58,981,14,13,1,1,68.23
06,120251014701600404,ACTIVE,50,24.500000000000004,285,6,9,1,1,74.94
06,120248892319580365,ACTIVE,100,24.490000000000002,650,14,13,0,0,0
06,120243507783580146,ACTIVE,100,24.42,666,14,14,2,1,75.21
06,120244618043570436,ACTIVE,50,24.340000000000003,713,12,16,1,0,0
06,120244915858330436,ACTIVE,100,24.32,671,15,17,1,0,0
06,120246447361050303,ACTIVE,120,24.189999999999998,632,27,30,1,1,43.97
06,120248774501890725,PAUSED,100,24.189999999999998,639,12,8,0,0,0
06,120245987169440477,PAUSED,100,24.17,321,10,8,1,0,0
06,120243738734810686,PAUSED,80,24.169999999999998,268,9,7,0,0,0
06,120246465900910677,ACTIVE,100,24.120000000000005,612,15,9,2,1,96.41
06,120247238880210043,ACTIVE,70,24.099999999999998,406,18,20,1,0,0
06,120244916431450436,ACTIVE,100,24.09,834,14,17,0,0,0
06,120250678039650651,ACTIVE,80,24.08,579,13,14,2,2,132.04
06,120246011193300707,PAUSED,50,24.060000000000002,563,20,15,0,0,0
06,120248535997930100,PAUSED,100,24.01,600,14,13,0,0,0
06,120249283732990100,PAUSED,90,23.96,578,14,11,1,0,0
06,120245205078130630,PAUSED,80,23.95,802,12,13,3,0,0
06,120245685799910707,PAUSED,50,23.949999999999996,462,19,15,1,0,0
06,120247365756650509,PAUSED,100,23.93,987,14,15,0,0,0
06,120245651364090303,ACTIVE,80,23.919999999999998,444,15,17,3,0,0
06,120248056801430561,ACTIVE,260,23.91,522,26,28,5,2,83.91
06,120247970691610126,ACTIVE,80,23.85,471,11,9,0,0,0
06,120251692403590054,ACTIVE,73,23.82,519,11,10,1,0,0
06,120246674923260175,ACTIVE,154,23.729999999999997,565,14,15,0,0,0
06,120243142609020146,ACTIVE,100,23.67,452,29,22,1,3,127.68
06,120242700474110358,PAUSED,100,23.660000000000004,554,7,7,0,0,0
06,120245487786100032,ACTIVE,50,23.619999999999997,553,22,18,3,1,21.98
06,120246178825710752,ACTIVE,169,23.580000000000002,527,23,22,4,2,65.95
06,120244915930020436,ACTIVE,100,23.560000000000002,792,17,18,0,0,0
06,120245847712420650,ACTIVE,114,23.5,287,8,8,0,0,0
06,120246338179300642,ACTIVE,200,23.499999999999996,966,28,25,2,2,130.25
06,120248123280260455,ACTIVE,100,23.44,424,9,9,1,1,34.949999999999996
06,120246902635090175,PAUSED,86,23.28,798,17,17,0,0,0
06,120248734559300565,ACTIVE,100,23.28,428,18,20,0,0,0
06,120247392329400509,ACTIVE,100,23.12,729,16,13,2,0,0
06,120248123660860455,ACTIVE,100,23.119999999999997,592,10,10,2,1,34.95
06,120247392329370509,ACTIVE,100,23.089999999999996,732,16,17,2,1,76.92
06,120248532436300048,ACTIVE,100,23.089999999999996,370,28,25,0,0,0
06,120248151509340425,ACTIVE,100,23.08,382,9,10,1,0,0
06,120249073800120725,ACTIVE,100,23.049999999999997,724,20,18,2,3,245.32999999999998
06,120248151509310425,ACTIVE,100,23.04,403,14,13,1,1,97.71
06,120247366315930509,ACTIVE,100,23.03,970,21,15,2,2,129.64
06,120245823079650320,ACTIVE,100,23.03,688,17,15,1,1,58.77
06,120244793522550320,ACTIVE,120,22.97,803,10,11,2,1,34.07
06,120247365568180509,ACTIVE,100,22.94,782,18,13,3,1,37.980000000000004
06,120246773871740629,ACTIVE,50,22.9,553,13,16,0,0,0
06,120247651426280455,ACTIVE,50,22.76,512,18,20,0,0,0
06,120244505718600686,ACTIVE,80,22.759999999999998,334,12,10,1,1,71.21
06,120247802943620389,ACTIVE,100,22.729999999999997,969,22,27,1,1,37.06
06,120248108038860561,ACTIVE,85,22.72,783,31,29,2,1,24.98
06,120246286484520097,ACTIVE,120,22.58,626,22,27,2,2,96.94999999999999
06,120247970691860126,ACTIVE,80,22.54,530,13,13,0,0,0
06,120244014492430146,ACTIVE,100,22.509999999999998,657,20,18,0,0,0
06,120249265247170651,ACTIVE,80,22.5,536,12,16,1,1,66.02
06,120246985821510043,PAUSED,70,22.48,241,11,10,0,0,0
06,120245750558170707,ACTIVE,100,22.32,450,25,25,2,2,107.86
06,120246087968610032,ACTIVE,72,22.25,415,19,25,3,1,22.98
06,120246196163050707,ACTIVE,80,22.22,409,10,9,0,0,0
06,120243673094650146,ACTIVE,50,22.15,623,24,19,2,0,0
06,120245097017710677,ACTIVE,100,22.099999999999998,558,12,8,0,0,0
06,120247860181220455,ACTIVE,100,22.07,641,20,17,1,1,84.37
06,120244213617000686,ACTIVE,80,22.060000000000002,353,13,12,1,1,51.22
06,120244077730640146,ACTIVE,100,22.009999999999998,414,12,11,2,0,0
06,120246902634980175,PAUSED,86,21.95,599,14,14,2,0,0
06,120246699106190629,ACTIVE,100,21.939999999999998,356,8,7,1,1,113.33
06,120244011865020146,ACTIVE,100,21.870000000000005,656,19,22,1,0,0
06,120247246948670509,ACTIVE,100,21.75,946,28,22,3,2,125.44
06,120244916355270436,PAUSED,100,21.720000000000002,739,3,2,0,0,0
06,120247365730540509,PAUSED,100,21.689999999999998,763,17,15,1,0,0
06,120249533679040019,ACTIVE,50,21.53,388,21,20,2,1,24.98
06,120247051808860509,ACTIVE,100,21.490000000000002,874,12,16,2,2,127.43999999999998
06,120244011864950146,ACTIVE,100,21.439999999999998,622,17,26,2,0,0
06,120246579308100453,ACTIVE,100,21.43,231,6,7,0,0,0
06,120245213356490125,PAUSED,80,21.37,400,10,10,0,0,0
06,120247059116570175,PAUSED,87,21.32,675,12,12,1,0,0
06,120247061773550509,ACTIVE,100,21.310000000000002,825,20,21,2,1,34.980000000000004
06,120247615799520561,PAUSED,50,21.26,400,21,15,0,0,0
06,120248737641880722,ACTIVE,68,21.250000000000004,331,13,14,0,0,0
06,120247608650800126,ACTIVE,50,21.17,412,14,20,1,0,0
06,120247114547280509,ACTIVE,85,21.1,536,8,9,1,1,106.95
06,120247336235960389,ACTIVE,100,21.09,842,26,24,5,2,74.12
06,120248150922010425,ACTIVE,100,21.06,409,8,7,0,0,0
06,120247366316010509,PAUSED,100,21,875,12,10,0,0,0
06,120247064860080731,ACTIVE,80,20.990000000000002,333,14,17,1,0,0
06,120244505803880686,ACTIVE,80,20.970000000000002,439,12,10,1,1,29.98
06,120246257869280707,ACTIVE,80,20.97,364,13,14,1,0,0
06,120244915743550436,ACTIVE,100,20.96,697,19,18,2,0,0
06,120246257869250707,ACTIVE,80,20.939999999999998,423,16,14,2,1,40.86
06,120244486723120436,ACTIVE,100,20.71,576,15,11,1,0,0
06,120247876590550126,ACTIVE,90,20.71,491,18,20,2,1,71.21
06,120244749895840686,PAUSED,80,20.69,345,14,14,0,0,0
06,120247633428650725,ACTIVE,100,20.67,515,10,20,3,2,147.91
06,120246107235900707,ACTIVE,82,20.64,413,14,11,0,0,0
06,6968638622626,ACTIVE,50,20.45,420,13,11,1,0,0
06,120244566387920788,ACTIVE,50,20.37,405,13,12,0,0,0
06,120247446150270425,PAUSED,100,20.349999999999998,246,8,7,0,0,0
06,120245045578670686,ACTIVE,80,20.349999999999998,303,7,5,1,1,29.98
06,120247333999410425,ACTIVE,100,20.270000000000003,531,17,17,3,1,97.71
06,120247059116590175,PAUSED,87,20.229999999999997,532,15,13,1,0,0
06,120244213478540707,ACTIVE,100,20.18,339,9,9,0,0,0
06,120247365568120509,PAUSED,100,20.11,872,23,20,1,0,0
06,120243211247840146,ACTIVE,100,20.049999999999997,629,27,23,4,3,159.17000000000002
06,120248201085040469,ACTIVE,80,20,397,9,12,0,0,0
06,6966949200095,PAUSED,100,19.990000000000002,218,8,5,0,0,0
06,120247311646990509,ACTIVE,100,19.96,904,22,20,1,0,0
06,120248082736850695,ACTIVE,78,19.93,519,10,12,1,1,69.05
06,120246807795430509,ACTIVE,100,19.91,685,5,7,1,1,61.970000000000006
06,120247795310860126,ACTIVE,89,19.81,523,15,15,2,1,29.979999999999997
06,120246174521100752,ACTIVE,75,19.799999999999997,514,14,17,1,0,0
06,120244076954630146,ACTIVE,100,19.750000000000004,387,11,11,1,1,75.21
06,120244312405200436,ACTIVE,100,19.7,784,18,24,1,0,0
06,120248737641910722,ACTIVE,80,19.65,278,10,9,0,0,0
06,120250691304310722,ACTIVE,40,19.619999999999997,278,15,16,1,0,0
06,120247699025760561,ACTIVE,96,19.509999999999998,615,16,15,2,1,24.98
06,120244165647870788,PAUSED,50,19.479999999999997,307,6,5,0,0,0
06,120248151945870425,ACTIVE,100,19.439999999999998,427,6,8,1,0,0
06,120251037305040166,ACTIVE,100,19.42,381,14,14,3,1,68.15
06,120245687813040097,ACTIVE,81,19.41,645,21,17,2,1,61.97
06,120246299672740751,ACTIVE,115,19.38,539,14,12,4,1,22.98
06,120251502157250054,ACTIVE,100,19.32,304,6,8,2,0,0
06,120245045512490686,ACTIVE,80,19.29,257,17,13,2,1,29.98
06,120248129114130695,ACTIVE,150,19.21,601,7,10,1,1,66.02
06,120249447732060577,ACTIVE,68,19.1,736,20,15,1,1,41.97
06,120242376497180436,ACTIVE,100,19.06,684,12,11,0,0,0
06,120244915930060436,ACTIVE,100,19.02,622,16,19,1,1,68.23
06,120249447732030577,ACTIVE,68,19.009999999999998,667,20,19,1,0,0
06,120248150860660425,PAUSED,100,18.96,237,7,7,0,0,0
06,120248823290310722,ACTIVE,80,18.92,282,7,9,1,0,0
06,120244915858300436,ACTIVE,100,18.86,675,15,15,0,0,0
06,120244015116230146,PAUSED,100,18.86,566,14,9,0,0,0
06,120246196163490707,ACTIVE,80,18.810000000000002,420,13,11,2,0,0
06,120257487876160586,ACTIVE,50,18.75,437,10,9,1,2,78.35
06,120246107235940707,ACTIVE,82,18.689999999999998,412,15,16,0,0,0
06,120248289243870469,PAUSED,80,18.67,303,3,3,0,0,0
06,120251014701570404,ACTIVE,80,18.54,313,8,7,1,0,0
06,120247504003740425,ACTIVE,100,18.47,331,6,6,1,0,0
06,120249105110140210,ACTIVE,74,18.47,471,14,12,3,1,71.72
06,120248111423590168,ACTIVE,90,18.41,389,6,7,1,1,59.38
06,120245583666590533,PAUSED,50,18.39,658,15,18,0,0,0
06,120245490989600133,ACTIVE,80,18.380000000000003,300,11,10,1,1,37.980000000000004
06,120248288633070389,PAUSED,81,18.34,532,12,9,1,0,0
06,120244076683170146,ACTIVE,100,18.28,450,17,16,3,2,117.2
06,120246599961620214,ACTIVE,200,18.28,362,13,11,0,0,0
06,120246558672090097,ACTIVE,101,18.25,448,6,8,1,1,61.97
06,120248694175490365,ACTIVE,100,18.229999999999997,868,25,22,2,1,60.41
06,120247245482580509,ACTIVE,100,18.2,677,15,15,1,1,61.97
06,120243429905930146,ACTIVE,100,18.19,459,14,14,3,1,75.21000000000001
06,120246562589300629,ACTIVE,50,18.1,289,10,14,1,1,36.949999999999996
06,120246971318070629,ACTIVE,100,18.02,252,7,6,0,0,0
06,120244076954320146,ACTIVE,100,17.91,452,10,11,1,0,0
06,120249073752900725,ACTIVE,100,17.91,557,10,8,2,2,115.53
06,120249263766000247,ACTIVE,100,17.77,546,10,10,0,0,0
06,120244566743750788,PAUSED,50,17.76,298,9,9,0,0,0
06,120244404574840678,ACTIVE,79,17.69,456,8,10,1,1,57.98
06,120249754760810019,ACTIVE,50,17.65,344,16,14,2,1,29.98
06,120248819218450019,ACTIVE,50,17.64,320,16,16,4,1,29.98
06,120246777147040214,ACTIVE,80,17.58,286,6,6,0,0,0
06,120244918988320303,ACTIVE,40,17.55,360,12,14,2,1,26.98
06,120251275180530054,ACTIVE,100,17.46,502,10,11,2,2,108.47
06,120245511607120780,ACTIVE,80,17.28,374,10,9,0,0,0
06,120246697447950610,ACTIVE,80,17.27,274,7,8,0,0,0
06,120245889270610065,ACTIVE,40,17.16,547,7,6,0,1,49.52
06,120246299672680751,ACTIVE,68,17.16,440,12,10,0,0,0
06,23857331534250799,PAUSED,50,17.14,170,6,5,0,0,0
06,120247247927900509,ACTIVE,79,17.07,677,15,16,1,0,0
06,120246686798620214,ACTIVE,100,17.05,335,16,16,2,0,0
06,120245490989200133,ACTIVE,80,17,309,7,8,0,0,0
06,120247157407190509,ACTIVE,100,16.93,657,11,8,0,0,0
06,120248124140310455,ACTIVE,100,16.84,374,4,3,0,0,0
06,120245993170520241,ACTIVE,77,16.83,686,15,17,0,0,0
06,120245044044890686,ACTIVE,80,16.72,309,11,11,1,0,0
06,120251037305290166,ACTIVE,100,16.689999999999998,469,11,13,3,3,91.13000000000001
06,120244078670840146,ACTIVE,100,16.67,424,9,14,1,0,0
06,120247866311490389,ACTIVE,100,16.66,498,23,23,0,0,0
06,120247109115250389,ACTIVE,100,16.6,346,11,11,0,1,59.91
06,120248151946060425,PAUSED,100,16.59,342,6,5,0,0,0
06,120248224809960389,PAUSED,80,16.58,648,24,19,5,0,0
06,120244447104190303,ACTIVE,80,16.58,426,10,9,1,0,0
06,120248159215810389,PAUSED,79,16.54,400,15,12,1,0,0
06,120250015822460577,PAUSED,100,16.52,298,6,5,0,0,0
06,120245775225080097,ACTIVE,94,16.4,450,11,12,0,0,0
06,23857331534270799,ACTIVE,50,16.39,196,5,4,2,0,0
06,120246518965620674,ACTIVE,100,16.38,313,10,11,0,0,0
06,120247757020520725,ACTIVE,100,16.37,425,8,10,2,0,0
06,120246488525160097,PAUSED,100,16.36,581,12,11,0,0,0
06,120248201085010469,ACTIVE,80,16.140000000000004,396,9,8,0,0,0
06,120244077730710146,ACTIVE,100,16.090000000000003,344,9,8,0,0,0
06,120247245979210389,ACTIVE,100,16.07,414,18,15,1,0,0
06,120243629084050705,ACTIVE,80,16.05,251,10,10,0,0,0
06,120249709883650577,PAUSED,100,15.940000000000001,296,7,7,0,0,0
06,120256546977430586,ACTIVE,126,15.940000000000001,492,14,21,2,1,49.370000000000005
06,120248448982680725,ACTIVE,100,15.92,301,6,7,1,1,68.56
06,120257559013710586,ACTIVE,30,15.83,402,7,6,0,0,0
06,120243629084100705,ACTIVE,80,15.79,235,12,12,0,0,0
06,120250747283060166,PAUSED,50,15.760000000000002,468,11,11,2,1,24.98
06,120246299721450751,ACTIVE,115,15.719999999999999,306,7,9,0,0,0
06,120246697447920610,ACTIVE,80,15.7,234,8,7,1,0,0
06,120244418309490436,ACTIVE,100,15.7,555,14,12,1,0,0
06,120247849750130663,ACTIVE,200,15.68,213,5,4,1,0,0
06,120247815782080642,ACTIVE,122,15.65,405,14,15,1,0,0
06,120247280578260065,ACTIVE,100,15.589999999999998,316,3,6,0,0,0
06,120251494191110054,ACTIVE,78,15.510000000000002,431,3,3,0,0,0
06,120245889270720065,ACTIVE,40,15.47,524,13,12,0,0,0
06,120244911557470436,ACTIVE,100,15.44,588,13,13,2,1,68.23
06,120249057598540663,ACTIVE,50,15.349999999999998,197,7,7,0,0,0
06,120250691304360722,PAUSED,40,15.329999999999998,223,3,2,0,0,0
06,120249755037190019,ACTIVE,50,15.3,354,16,15,0,0,0
06,120247972621170389,ACTIVE,100,15.22,524,18,18,0,0,0
06,120246773871680629,ACTIVE,100,15.19,262,8,7,2,1,113.33
06,120244486326540436,ACTIVE,100,15.14,610,24,17,2,2,110.19999999999999
06,120246488537710097,PAUSED,80,15.14,397,8,8,0,0,0
06,120248138150990469,PAUSED,80,15.139999999999997,210,1,1,0,0,0
06,120246283838280097,ACTIVE,73,15.129999999999999,496,6,7,0,0,0
06,120246619814510549,ACTIVE,85,15.080000000000002,286,12,14,1,1,53.22
06,120244911557440436,ACTIVE,100,15.05,779,25,29,1,0,0
06,120246619814540549,ACTIVE,55,15.02,252,6,7,1,1,53.22
06,120245532692360630,ACTIVE,73,14.94,503,9,11,2,1,82.45
06,120249062394220019,ACTIVE,50,14.93,271,14,17,0,0,0
06,120245481989440065,ACTIVE,40,14.889999999999999,405,14,11,2,1,49.52
06,120245463474020177,ACTIVE,100,14.879999999999999,178,8,9,0,0,0
06,120245463311260177,ACTIVE,100,14.77,156,3,4,1,1,29.98
06,120246777147100214,ACTIVE,80,14.77,265,6,5,1,0,0
06,120245842698410677,PAUSED,100,14.700000000000001,451,6,5,0,0,0
06,120248108608420544,ACTIVE,80,14.66,310,10,8,0,0,0
06,120250838901590404,ACTIVE,50,14.649999999999999,251,10,11,1,1,97.96
06,120245943231800173,ACTIVE,120,14.589999999999998,351,10,12,2,2,111.33
06,120248430211380152,ACTIVE,80,14.56,358,8,10,0,0,0
06,120246177720600032,ACTIVE,73,14.51,350,19,17,3,1,21.979999999999997
06,120245292365960179,ACTIVE,100,14.400000000000002,474,18,19,1,0,0
06,120248155094770425,ACTIVE,100,14.32,264,7,7,1,0,0
06,120250837944350404,ACTIVE,50,14.309999999999999,340,13,11,1,0,0
06,120246579308140453,ACTIVE,100,14.3,264,9,9,0,0,0
06,120246177720650032,ACTIVE,73,14.239999999999998,305,9,12,1,0,0
06,120248980523880019,PAUSED,50,14.2,231,15,14,0,0,0
06,120257487343530586,ACTIVE,30,14.19,375,14,13,2,2,78.35
06,120244500948650177,ACTIVE,100,14.100000000000001,308,18,16,3,1,29.98
06,120247246390530389,ACTIVE,100,14.05,599,21,19,0,1,37.05
06,120245045033420177,ACTIVE,100,14.04,289,8,7,1,0,0
06,120248057050710561,PAUSED,60,14.030000000000001,423,10,10,1,0,0
06,120248604432660663,ACTIVE,80,14.02,168,6,8,0,0,0
06,120245063703470133,ACTIVE,80,13.97,381,12,16,1,1,66.02000000000001
06,120248107941650544,ACTIVE,80,13.870000000000001,302,7,7,1,0,0
06,120246559951040097,PAUSED,80,13.85,340,8,6,0,0,0
06,120247040934670629,ACTIVE,100,13.82,661,7,8,1,1,113.33000000000001
06,120248108495610544,ACTIVE,80,13.809999999999999,258,6,5,2,1,27.98
06,6973002166826,ACTIVE,50,13.8,292,1,2,1,0,0
06,120244883028360686,ACTIVE,80,13.790000000000001,238,5,6,0,0,0
06,120251026838540210,ACTIVE,84,13.78,416,14,15,0,0,0
06,120245481989400065,ACTIVE,40,13.750000000000002,347,9,9,0,0,0
06,120249985748090577,ACTIVE,100,13.75,288,4,15,1,0,0
06,120249062394160019,ACTIVE,25,13.66,189,14,13,2,0,0
06,120245198116820177,ACTIVE,100,13.649999999999999,277,6,6,0,0,0
06,120246338028120241,ACTIVE,100,13.64,970,13,16,2,1,41.98
06,120249057669240663,ACTIVE,50,13.59,226,7,7,1,1,66.02000000000001
06,120245466475870630,ACTIVE,73,13.55,347,10,13,2,2,90.94
06,120257559013880586,ACTIVE,30,13.380000000000003,424,18,14,2,1,28.98
06,120244963676310686,ACTIVE,80,13.370000000000001,190,9,9,0,1,53.51
06,120246666123990477,ACTIVE,100,13.33,222,10,10,2,1,29.98
06,120246299721620751,ACTIVE,68,13.329999999999998,281,15,14,0,0,0
06,120247160674020043,ACTIVE,70,13.3,280,13,16,1,0,0
06,120248566048970152,ACTIVE,80,13.22,442,2,2,0,0,0
06,120248108495570544,ACTIVE,80,13.2,306,6,8,1,1,27.98
06,120245021443910179,PAUSED,80,13.2,508,8,7,0,0,0
06,120246285677030241,PAUSED,100,13.19,563,8,6,1,1,41.98
06,120244561628480678,ACTIVE,106,13.18,308,4,10,0,0,0
06,120245515771490533,ACTIVE,100,13.17,370,15,19,1,0,0
06,120248155094740425,ACTIVE,100,13.149999999999999,289,7,8,0,0,0
06,120247601292330065,ACTIVE,50,13.11,270,13,12,0,0,0
06,120244164847370788,PAUSED,85,13.059999999999999,280,4,3,0,0,0
06,120249824676430057,ACTIVE,100,13.059999999999999,183,13,16,1,1,41.98
06,120246802025580509,ACTIVE,42,13.019999999999998,359,17,13,0,0,0
06,120251642537180054,ACTIVE,80,12.95,353,5,8,2,1,31.98
06,120247130849060090,PAUSED,50,12.95,142,5,6,0,0,0
06,120245264539280177,ACTIVE,100,12.94,221,10,9,0,0,0
06,120246008618270241,ACTIVE,300,12.92,496,8,9,2,2,139.85
06,120251063106910166,ACTIVE,100,12.870000000000001,290,12,12,2,0,0
06,120248566051210152,ACTIVE,80,12.75,414,3,2,0,0,0
06,120245044044870686,ACTIVE,80,12.72,199,5,3,1,1,71.21
06,120248558918190695,ACTIVE,80,12.72,527,6,8,0,0,0
06,120249533650900019,PAUSED,50,12.64,194,6,7,1,0,0
06,120248554270560695,ACTIVE,80,12.54,484,7,10,0,0,0
06,120246867532780629,ACTIVE,100,12.49,293,5,5,1,1,176.24
06,120247687263440425,ACTIVE,100,12.41,267,2,7,0,0,0
06,120248318269050152,ACTIVE,80,12.399999999999999,323,8,9,2,1,73.98
06,120248108608490544,PAUSED,80,12.34,251,4,4,0,0,0
06,120246302058490389,ACTIVE,100,12.3,406,16,15,3,3,114.69
06,120245706384310533,ACTIVE,67,12.28,481,7,9,1,0,0
06,120249533650850019,PAUSED,50,12.23,192,10,9,0,0,0
06,120248474785690152,ACTIVE,100,12.209999999999999,558,11,13,2,0,0
06,120244504666890686,ACTIVE,80,12.2,185,5,6,2,2,59.96
06,120248224227000725,ACTIVE,100,12.14,278,5,6,0,0,0
06,120247601292310065,ACTIVE,50,12.05,288,7,8,1,1,49.51
06,120244483074140436,ACTIVE,100,12.04,402,9,8,0,0,0
06,120249438225460064,ACTIVE,100,12.010000000000002,233,5,5,1,0,0
06,120249390394480054,ACTIVE,68,11.76,232,5,8,0,1,31.979999999999997
06,120251314640370210,ACTIVE,50,11.75,257,7,7,0,0,0
06,120245292235740179,ACTIVE,100,11.7,459,10,12,1,0,0
06,120249134484060166,PAUSED,30,11.67,212,6,5,1,1,24.98
06,120247040711430629,ACTIVE,100,11.639999999999999,313,6,9,0,0,0
06,6993911147495,PAUSED,100,11.629999999999999,221,1,1,0,0,0
06,120247597779990751,ACTIVE,40,11.629999999999999,213,11,12,0,0,0
06,120251314539200210,ACTIVE,50,11.620000000000001,348,9,8,0,0,0
06,120247040934570629,ACTIVE,100,11.58,554,10,10,0,0,0
06,120246707623720509,ACTIVE,78,11.540000000000001,216,7,9,0,0,0
06,120246559887790097,ACTIVE,80,11.5,402,17,17,1,0,0
06,120251953956170054,ACTIVE,100,11.46,202,1,2,0,0,0
06,120246818759970303,ACTIVE,40,11.39,239,9,7,0,0,0
06,120251953466380054,ACTIVE,50,11.38,179,2,4,0,0,0
06,120244446224590630,ACTIVE,74,11.33,341,12,11,3,0,0
06,120241972248380630,ACTIVE,47,11.25,303,5,8,0,0,0
06,120247797464010126,ACTIVE,80,11.22,260,5,5,1,1,46.230000000000004
06,120247391019010168,ACTIVE,52,11.17,229,7,7,1,0,0
06,120248615909580019,PAUSED,50,11.059999999999999,165,1,1,0,0,0
06,120243594040740146,ACTIVE,100,11.030000000000001,377,9,12,1,0,0
06,120250501589970722,ACTIVE,40,10.98,161,5,4,0,0,0
06,120244076700670146,ACTIVE,100,10.95,376,5,10,2,1,41.980000000000004
06,120248574839520695,ACTIVE,50,10.95,276,6,8,1,0,0
06,120247313991580561,PAUSED,50,10.84,284,4,4,0,0,0
06,120244504591950686,ACTIVE,80,10.839999999999998,232,7,7,1,0,0
06,120247799916380462,ACTIVE,35,10.82,193,4,4,0,0,0
06,120246219568090241,ACTIVE,100,10.79,212,3,4,0,0,0
06,120251063107220166,PAUSED,30,10.79,244,9,8,0,0,0
06,120246338247960241,ACTIVE,100,10.780000000000001,807,20,19,0,0,0
06,120243227249480177,ACTIVE,100,10.74,200,6,6,1,1,71.2
06,120244566507460788,PAUSED,50,10.700000000000001,195,2,2,0,0,0
06,120245881655400509,ACTIVE,41,10.61,350,9,6,2,2,123.93999999999998
06,120244076700620146,ACTIVE,100,10.52,348,6,7,0,0,0
06,23857304059010799,ACTIVE,50,10.459999999999999,107,4,3,0,0,0
06,120245224035350179,ACTIVE,80,10.239999999999998,464,15,17,1,1,49.37
06,120246928961250175,ACTIVE,100,10.19,232,7,7,0,0,0
06,120246907642230291,ACTIVE,80,10.18,234,10,10,1,0,0
06,120256572736650586,ACTIVE,25,10.17,246,6,5,2,0,0
06,120256254668930586,ACTIVE,25,10.07,291,14,11,1,0,0
06,6973002165426,ACTIVE,50,10.03,264,6,6,0,0,0
06,120247952380170544,ACTIVE,90,10.03,183,2,4,0,0,0
06,120249057927140663,PAUSED,50,9.959999999999999,103,2,2,0,0,0
06,120245334634580630,ACTIVE,77,9.93,335,5,7,1,0,0
06,120248812003990116,ACTIVE,100,9.809999999999999,274,15,15,0,0,0
06,120245224111660179,ACTIVE,80,9.8,469,6,8,1,0,0
06,120257221973410586,ACTIVE,25,9.799999999999999,217,7,7,0,0,0
06,120248811958530116,ACTIVE,100,9.7,176,8,8,1,0,0
06,120244076631460146,ACTIVE,100,9.67,198,4,5,0,0,0
06,120246169445790320,ACTIVE,108,9.67,287,7,8,1,1,34.06999999999999
06,120246182500340752,ACTIVE,100,9.66,129,8,7,0,0,0
06,120248540698960725,ACTIVE,100,9.64,228,7,8,1,1,86.55
06,120246804547640175,ACTIVE,100,9.51,434,14,15,0,0,0
06,120243924560270146,ACTIVE,100,9.37,252,8,8,1,0,0
06,120250895021460586,ACTIVE,25,9.309999999999999,268,12,10,1,0,0
06,120252326382630348,PAUSED,80,9.29,124,3,4,1,1,95.7
06,120249646481980279,ACTIVE,80,9.14,179,6,8,1,1,27.98
06,23857304059050799,ACTIVE,50,9.13,107,4,4,0,0,0
06,120246220030610241,ACTIVE,100,9.09,277,11,12,0,0,0
06,120251062504040166,PAUSED,30,9.05,169,3,2,0,0,0
06,120244235259940678,ACTIVE,30,8.92,243,7,5,0,0,0
06,120247799916400462,ACTIVE,35,8.91,235,5,9,0,0,0
06,120246145595780470,ACTIVE,20,8.89,86,3,2,0,0,0
06,120249739079790279,ACTIVE,80,8.86,138,3,4,0,0,0
06,120246597569540214,ACTIVE,80,8.850000000000001,216,6,5,0,0,0
06,120246285998310241,ACTIVE,100,8.82,521,7,7,0,0,0
06,120246818759010303,ACTIVE,40,8.8,179,8,10,1,0,0
06,120244078600520146,ACTIVE,100,8.76,239,8,8,0,0,0
06,120248429859550116,ACTIVE,101,8.62,140,6,5,0,0,0
06,120247862754470462,ACTIVE,73,8.6,157,2,1,0,0,0
06,120246222498150752,ACTIVE,75,8.45,197,5,7,1,1,40.97
06,120245842687140677,PAUSED,100,8.41,217,2,1,1,1,96.41
06,120244264704420436,ACTIVE,100,8.4,394,6,6,1,0,0
06,120244078670200146,ACTIVE,100,8.370000000000001,184,6,9,0,0,0
06,120248108232400544,ACTIVE,80,8.36,275,6,5,0,0,0
06,120246880890560629,ACTIVE,100,8.35,160,3,2,0,0,0
06,120243772061640146,ACTIVE,100,8.33,194,8,8,0,0,0
06,120250501589950722,ACTIVE,40,8.27,96,6,6,1,1,52.660000000000004
06,120246666193770477,ACTIVE,100,8.269999999999998,165,9,11,2,1,51.21
06,120247799916320462,ACTIVE,35,8.2,322,9,6,0,0,0
06,120247115989200291,ACTIVE,80,8.18,213,9,9,0,0,0
06,120246088780810320,ACTIVE,106,8.16,221,3,3,0,0,0
06,120244566743700788,PAUSED,50,8.129999999999999,143,1,1,0,0,0
06,120248849928910725,ACTIVE,100,8.12,183,3,4,0,0,0
06,120246100011640752,ACTIVE,84,8.11,187,10,9,0,0,0
06,120244078600240146,ACTIVE,100,8.08,272,8,8,0,0,0
06,120246929317920175,ACTIVE,100,8.03,191,5,3,0,0,0
06,120245466475590630,ACTIVE,73,7.79,239,9,14,3,1,54.96
06,120248082904030663,ACTIVE,80,7.76,94,4,5,1,1,140.23999999999998
06,120247040711030629,ACTIVE,100,7.66,161,4,3,0,0,0
06,120248557488550695,ACTIVE,80,7.6499999999999995,297,2,3,0,0,0
06,120246174521010752,ACTIVE,75,7.33,188,3,5,0,0,0
06,120248503799160116,ACTIVE,74,7.31,158,9,10,2,1,39.980000000000004
06,120247597780010751,ACTIVE,40,7.27,110,5,3,2,2,85.94
06,120246135470290032,ACTIVE,100,7.07,196,11,9,0,0,0
06,120251856003590054,ACTIVE,100,6.98,347,5,6,1,0,0
06,120257359768220586,ACTIVE,30,6.9399999999999995,223,3,1,0,0,0
06,120247018754190126,ACTIVE,80,6.93,98,4,4,1,0,0
06,120247508094040725,ACTIVE,100,6.66,187,3,4,0,0,0
06,120243860628310436,ACTIVE,100,6.6499999999999995,235,6,5,0,0,0
06,120246145791530470,ACTIVE,20,6.56,93,4,4,0,0,0
06,120246285367430241,PAUSED,100,6.5,308,2,2,0,0,0
06,120244216235640630,ACTIVE,35,6.38,196,5,6,2,2,54.96
06,120246388250070241,PAUSED,100,6.28,219,4,5,0,0,0
06,120243958669750146,ACTIVE,100,6.26,163,1,5,0,0,0
06,120246581316290126,ACTIVE,80,6.25,249,4,5,0,0,0
06,120246929603830175,ACTIVE,100,6.209999999999999,112,5,4,1,1,24.96
06,120247653059200586,ACTIVE,25,6.17,233,5,4,0,0,0
06,120247130848980090,PAUSED,50,6.16,45,1,1,0,0,0
06,120249031617290603,ACTIVE,50,6.16,78,1,1,0,0,0
06,120244076650050146,ACTIVE,100,6.010000000000001,184,3,7,0,0,0
06,120246145719630470,ACTIVE,20,5.93,116,2,2,0,0,0
06,120248958340820725,ACTIVE,100,5.92,73,2,2,0,0,0
06,120249152473440247,ACTIVE,100,5.84,142,5,6,0,0,0
06,120247267358630509,ACTIVE,100,5.84,76,0,0,0,0,0
06,120244076721430146,ACTIVE,100,5.829999999999999,124,1,1,0,0,0
06,120248045547800425,ACTIVE,136,5.82,72,1,1,0,0,0
06,120251954196980054,ACTIVE,50,5.54,115,1,4,0,0,0
06,120247115989130291,ACTIVE,80,5.41,154,5,6,0,0,0
06,120243211134690146,ACTIVE,100,5.3,130,7,7,1,1,41.98
06,120244076500250146,ACTIVE,100,5.25,107,5,7,0,0,0
06,120248121376260544,ACTIVE,80,5.19,114,1,2,0,0,0
06,120247245864910389,ACTIVE,100,5.03,151,7,9,0,0,0
06,120246169445720320,ACTIVE,108,4.9,237,3,2,0,0,0
06,120247829146440561,ACTIVE,76,4.89,75,2,3,0,0,0
06,120246971373670629,ACTIVE,100,4.88,85,2,2,0,0,0
06,120248448870780725,ACTIVE,100,4.86,103,2,3,0,0,0
06,120246145189280470,ACTIVE,50,4.86,87,2,2,1,0,0
06,120248108038930561,ACTIVE,85,4.76,133,5,8,1,1,57.96
06,120244761869100436,ACTIVE,100,4.75,176,8,8,1,0,0
06,120244581910630686,ACTIVE,80,4.71,69,2,2,0,0,0
06,120250596545850709,ACTIVE,100,4.55,134,0,1,0,0,0
06,120246971449150629,ACTIVE,100,4.52,64,0,0,0,0,0
06,120248121376990544,ACTIVE,80,4.52,114,2,1,1,0,0
06,120245463210960177,ACTIVE,100,4.51,57,3,2,0,0,0
06,120243663751470146,ACTIVE,100,4.48,63,1,2,0,0,0
06,120244761869050436,ACTIVE,100,4.45,137,1,1,0,0,0
06,120244824816070686,ACTIVE,80,4.41,75,2,1,0,0,0
06,120246145364940470,ACTIVE,50,4.08,70,0,1,0,0,0
06,120246145720920470,PAUSED,20,4.07,43,1,0,0,0,0
06,120244076631420146,ACTIVE,100,3.9800000000000004,128,4,7,1,0,0
06,120249805624030404,ACTIVE,92,3.97,69,2,2,0,0,0
06,120250448461180210,ACTIVE,74,3.84,134,3,3,0,0,0
06,120246182405550752,ACTIVE,100,3.8200000000000003,60,1,1,0,0,0
06,120248025171210561,ACTIVE,86,3.76,189,5,4,0,0,0
06,120250596505340709,ACTIVE,100,3.67,74,3,2,1,1,46.37
06,120257469008430586,ACTIVE,30,3.5300000000000002,103,2,2,1,1,28.98
06,120247116212010291,ACTIVE,80,3.4200000000000004,66,2,2,0,0,0
06,120247196420340465,ACTIVE,10,3.36,75,7,6,0,0,0
06,120246145365240470,ACTIVE,50,3.3,80,3,5,1,1,39.98
06,120247116212280291,ACTIVE,80,3.23,49,9,6,0,0,0
06,120248346419460152,ACTIVE,94,3.1399999999999997,98,1,1,0,0,0
06,120247832290650425,ACTIVE,100,3.13,44,0,2,0,0,0
06,120247952380210544,ACTIVE,90,2.99,111,0,2,0,0,0
06,120247797108450126,ACTIVE,80,2.71,59,0,0,0,0,0
06,120247702154240544,ACTIVE,73,2.7,56,0,0,0,0,0
06,120246145792030470,PAUSED,20,2.61,41,2,2,0,0,0
06,120246145507030470,ACTIVE,50,2.5300000000000002,84,2,2,0,0,0
06,120246145506950470,ACTIVE,50,2.53,69,1,1,0,0,0
06,120247267347000509,ACTIVE,100,2.3899999999999997,54,0,1,0,0,0
06,120244418309400436,ACTIVE,100,2.37,76,1,0,0,0,0
06,120246182718940752,ACTIVE,100,2.2800000000000002,46,1,1,0,0,0
06,120246145189200470,ACTIVE,50,2.1999999999999997,68,0,0,0,0,0
06,120250703936480404,ACTIVE,92,2.1900000000000004,37,2,2,0,0,0
06,120248025171070561,ACTIVE,86,2.0399999999999996,96,1,1,0,0,0
06,120248302725660389,ACTIVE,100,1.94,63,0,6,0,0,0
06,120248302852090389,ACTIVE,100,1.93,59,0,0,0,0,0
06,120248302616530389,ACTIVE,100,1.93,64,0,3,0,0,0
06,120247196420760465,ACTIVE,10,1.78,63,0,0,0,0,0
06,120248302449150389,ACTIVE,100,1.69,60,0,3,1,0,0
06,120244349823030686,ACTIVE,100,1.56,33,1,1,1,1,71.21
06,120248302912210389,ACTIVE,100,1.43,52,0,4,0,0,0
06,120248302725690389,ACTIVE,100,1.32,66,0,2,0,0,0
06,120245099365240470,ACTIVE,5,1.29,37,0,0,0,0,0
06,120245136181790470,ACTIVE,5,1.29,17,2,2,0,0,0
06,120246145595980470,PAUSED,20,1.23,36,0,0,0,0,0
06,120257469008460586,ACTIVE,30,1.21,49,1,1,0,0,0
06,120243727386670470,ACTIVE,5,1.1900000000000002,29,3,2,0,0,0
06,120245241702630470,ACTIVE,5,1.19,31,1,2,0,0,0
06,120248302449280389,ACTIVE,100,1.15,44,1,3,1,0,0
06,120245136181480470,ACTIVE,5,1.1400000000000001,24,1,1,0,0,0
06,120240849899190788,ACTIVE,10,1.0899999999999999,12,0,0,0,0,0
06,120245691728160470,ACTIVE,5,1.01,35,1,1,0,0,0
06,120243723839750678,PAUSED,100,0.74,24,2,2,0,0,0
06,120249714435380166,PAUSED,30,0.67,15,1,1,0,0,0
06,120248298800180389,ACTIVE,100,0.53,23,1,3,0,0,0
06,120248302912110389,ACTIVE,100,0.36,25,0,3,0,0,0
06,120244477269830678,PAUSED,100,0.21,6,0,0,0,0,0
06,120248298800110389,ACTIVE,100,0.08,7,0,2,0,0,0
06,120249335000310166,PAUSED,30,0.07,3,0,0,0,0,0
06,120245825448150533,ACTIVE,100,0.01,3,0,0,0,0,0
06,120245901615420707,PAUSED,100,0,0,0,0,0,0,0
06,120244911471140436,PAUSED,100,0,0,0,0,0,0,0
06,120248207466280561,ACTIVE,60,0,0,0,0,0,0,0
06,120248207465980561,ACTIVE,60,0,0,0,0,0,0,0
06,120248298471880389,PAUSED,100,0,0,0,0,0,0,0
06,120248298471980389,PAUSED,100,0,0,0,0,0,0,0
06,120244880653370686,PAUSED,100,0,0,0,0,0,0,0
06,120248302852030389,ACTIVE,100,0,0,0,0,0,0,0
06,120248184359340354,PAUSED,200,0,0,0,1,0,0,0
06,120248335985820354,PAUSED,80,0,0,0,1,0,0,0
06,120248150921990425,PAUSED,100,0,0,0,0,0,0,0
06,120244750156460686,PAUSED,80,0,0,0,0,0,0,0
06,120248482685330695,PAUSED,60,0,0,0,1,0,0,0
06,120248512806070048,PAUSED,100,0,0,0,0,0,0,0
06,120244569933480320,PAUSED,120,0,0,0,1,0,0,0
06,120248565223490152,ACTIVE,100,0,0,0,0,0,0,0
06,120248565368580152,ACTIVE,100,0,0,0,0,0,0,0
06,120248565530720152,ACTIVE,100,0,0,0,0,0,0,0
06,120244963644620686,PAUSED,80,0,0,0,0,0,0,0
06,120248573670680695,ACTIVE,90,0,0,0,0,0,0,0
06,120248573692120695,ACTIVE,90,0,0,0,0,0,0,0
06,120248574839550695,ACTIVE,50,0,0,0,0,0,0,0
06,120248585696940695,ACTIVE,50,0,0,0,0,0,0,0
06,120248585697040695,ACTIVE,50,0,0,0,0,0,0,0
06,120246887363960509,PAUSED,100,0,0,0,0,0,0,0
06,120244505802680686,PAUSED,80,0,0,0,1,0,0,0
06,120248057050720561,PAUSED,60,0,0,0,0,0,0,0
06,120248057050630561,PAUSED,60,0,0,0,0,0,0,0
06,120245021443960179,PAUSED,80,0,0,0,0,0,0,0
06,120248036926730544,PAUSED,80,0,0,0,1,0,0,0
06,120248812040790116,PAUSED,100,0,0,0,2,0,0,0
06,120246145304640470,PAUSED,50,0,0,0,0,0,0,0
06,120247986827960425,PAUSED,100,0,0,0,0,0,0,0
06,120247986766630425,PAUSED,100,0,0,0,0,0,0,0
06,120247976968270425,PAUSED,100,0,0,0,0,0,0,0
06,120246145304610470,PAUSED,50,0,0,0,0,0,0,0
06,120244213676560686,PAUSED,80,0,0,0,0,0,0,0
06,120246208967220674,PAUSED,200,0,0,0,2,0,0,0
06,120244213532030686,PAUSED,80,0,0,0,0,0,0,0
06,120247872777930425,PAUSED,100,0,0,0,1,0,0,0
06,120244115059620146,ACTIVE,100,0,0,0,0,0,0,0
06,120244114929610146,ACTIVE,100,0,0,0,0,0,0,0
06,120244114789840146,ACTIVE,100,0,0,0,0,0,0,0
06,120247829716040751,ACTIVE,100,0,0,0,0,0,0,0
06,120247829243430751,ACTIVE,100,0,0,0,0,0,0,0
06,120247828626130751,ACTIVE,100,0,0,0,0,0,0,0
06,120247802797890425,PAUSED,111,0,0,0,0,0,0,0
06,120247802797810425,PAUSED,111,0,0,0,0,0,0,0
06,120246631185540453,PAUSED,100,0,0,0,0,0,0,0
06,120246631185460453,PAUSED,100,0,0,0,0,0,0,0
06,120246625257810453,PAUSED,100,0,0,0,0,0,0,0
06,120246625257750453,PAUSED,100,0,0,0,0,0,0,0
06,120247742995470065,ACTIVE,100,0,0,0,0,0,0,0
06,120249375397370064,PAUSED,100,0,0,0,1,1,0,0
06,120247742995440065,ACTIVE,100,0,0,0,0,0,0,0
06,120249409076720589,ACTIVE,100,0,0,0,0,0,0,0
06,120249410938120589,ACTIVE,100,0,0,0,0,0,0,0
06,120249411708990589,ACTIVE,100,0,0,0,0,0,0,0
06,120249415811790589,ACTIVE,100,0,0,0,0,0,0,0
06,120249415903450589,ACTIVE,100,0,0,0,0,0,0,0
06,120249416146940589,ACTIVE,100,0,0,0,0,0,0,0
06,120247739160700425,PAUSED,111,0,0,0,0,0,0,0
06,120247051620620509,PAUSED,100,0,0,0,1,0,0,0
06,120249533719420019,PAUSED,45,0,0,0,1,0,0,0
06,120247591402040065,PAUSED,100,0,0,0,0,0,0,0
06,120247526522490425,PAUSED,100,0,0,0,0,0,0,0
06,120247064860400731,PAUSED,80,0,0,0,1,0,0,0
06,120247110428960175,ACTIVE,100,0,0,0,0,0,0,0
06,120247110512200175,ACTIVE,100,0,0,0,0,0,0,0
06,120247110764820175,ACTIVE,100,0,0,0,0,0,0,0
06,120250139848270577,ACTIVE,100,0,0,0,0,0,0,0
06,120246054251240173,ACTIVE,100,0,0,0,0,0,0,0
06,120247117519720629,ACTIVE,100,0,0,0,0,0,0,0
06,120247117862750629,ACTIVE,100,0,0,0,0,0,0,0
06,120247118332680629,ACTIVE,100,0,0,0,0,0,0,0
06,120246054251210173,ACTIVE,100,0,0,0,0,0,0,0
06,120247237472270043,PAUSED,70,0,0,0,0,0,0,0
06,120246054202660173,ACTIVE,100,0,0,0,0,0,0,0
06,120247392291490509,PAUSED,100,0,0,0,0,0,0,0
06,120247392291430509,PAUSED,100,0,0,0,0,0,0,0
06,120246054202590173,ACTIVE,100,0,0,0,0,0,0,0
06,120246054157300173,ACTIVE,100,0,0,0,0,0,0,0
06,120251239771490586,PAUSED,25,0,0,0,0,0,0,0
06,120246054157270173,ACTIVE,100,0,0,0,0,0,0,0
06,120245956936730320,PAUSED,100,0,0,0,0,0,0,0
06,120247195225310465,PAUSED,100,0,0,0,0,0,0,0
06,120247195225360465,PAUSED,100,0,0,0,0,0,0,0
06,120247362345500425,PAUSED,100,0,0,0,0,0,0,0
06,120247195225440465,PAUSED,100,0,0,0,0,0,0,0
06,120245833240950707,PAUSED,80,0,0,0,0,0,0,0
06,120245833240990707,PAUSED,80,0,0,0,0,0,0,0
06,120247314213280509,PAUSED,100,0,0,0,0,0,0,0
06,120243302068140470,PAUSED,100,0,0,0,2,0,0,0
06,120247313795220509,PAUSED,100,0,0,0,0,0,0,0
06,120246302096860389,PAUSED,100,0,0,0,0,0,0,0
06,120252458707720586,PAUSED,100,0,0,0,0,0,0,0
06,120247313696440509,PAUSED,100,0,0,0,0,0,0,0
06,120247313666680509,PAUSED,100,0,0,0,0,0,0,0
06,120247313590570509,PAUSED,100,0,0,0,0,0,0,0
06,120242059074960146,PAUSED,100,0,0,0,1,0,0,0
06,120241273866440146,PAUSED,1116,0,0,0,3,0,0,0
06,120256678317220586,PAUSED,45,0,0,0,0,0,0,0
06,120246377100470097,PAUSED,80,0,0,0,0,0,0,0
06,120247245482410509,PAUSED,100,0,0,0,0,0,0,0
06,120245956936680320,PAUSED,50,0,0,0,4,0,0,0
06,120247244234580509,PAUSED,100,0,0,0,0,0,0,0
06,120247244169600509,PAUSED,100,0,0,0,0,0,0,0
06,120244911471280436,PAUSED,100,0,0,0,0,0,0,0
07,120247234597490455,ACTIVE,7218,854.9300000000001,25452,805,848,51,26,1775.8300000000004
07,120244761515050455,ACTIVE,3135,563.1099999999999,20355,523,520,45,22,1321.52
07,120244761233710455,ACTIVE,2400,535.08,18016,474,487,40,21,1344.7999999999997
07,120243986668280589,ACTIVE,1000,410.11,9749,260,257,16,9,422.68
07,120246005453800291,ACTIVE,900,384.27,10726,380,372,32,13,671.07
07,120244749532720686,ACTIVE,1000,372.09000000000003,6923,194,188,27,19,1006.56
07,120239930892250650,ACTIVE,500,289.61,4868,180,178,13,6,397.15999999999997
07,120245800978960674,ACTIVE,1000,281.76,6845,195,206,18,12,570.73
07,120246754801740509,ACTIVE,800,275.81,7572,184,177,17,11,444.69999999999993
07,120248006730320100,ACTIVE,1200,256.7,8511,208,204,20,13,564.1600000000001
07,120245283264760677,ACTIVE,1217,242.3,9892,121,135,14,11,656.3900000000001
07,120246023777450751,ACTIVE,850,235.32999999999998,4600,182,183,21,11,398.79999999999995
07,120243276755660065,ACTIVE,500,230.83,5927,149,133,23,10,401.88
07,120244691045450320,ACTIVE,700,225.66,7884,250,251,14,9,594.3199999999999
07,120244749327030686,ACTIVE,500,215,4344,127,125,19,13,535.9
07,120249286765290368,ACTIVE,601,200.44,6474,132,134,9,2,108.55
07,120247780766070455,ACTIVE,1252,199.57,6838,203,208,11,6,422.36999999999995
07,120245250322490642,ACTIVE,650,197.25,5060,148,137,17,10,675.97
07,120250790045220586,ACTIVE,500,196.32999999999998,6355,146,134,18,7,264.03000000000003
07,120244431777030751,ACTIVE,680,191.72,7212,159,168,27,12,504.44
07,120247583319740586,ACTIVE,500,187.06,7285,191,178,21,13,616.62
07,120249052890110100,ACTIVE,500,182.79000000000002,5348,183,184,16,7,320.75000000000006
07,120246483406720564,ACTIVE,300,181.52,6517,148,172,6,4,277.13
07,120243458344350129,ACTIVE,1000,180.43,6353,145,146,10,9,589.5300000000001
07,120248965302070064,ACTIVE,1500,179.51999999999998,3209,115,122,9,7,458.2999999999999
07,120249115230940100,ACTIVE,399,177.98,4132,150,145,19,7,337.53999999999996
07,120246710213420090,ACTIVE,925,175.79000000000002,4952,205,207,15,8,445.24
07,120248536188000100,ACTIVE,500,175.67000000000002,3836,155,151,14,3,99.32000000000001
07,120248155192490455,ACTIVE,1055,172.55,5811,132,136,5,6,471.78000000000003
07,120247483865740100,ACTIVE,1000,171.58999999999997,5581,142,143,10,7,352.73
07,120247489931670431,ACTIVE,325,169.55,2788,91,87,10,4,173.48999999999998
07,120246638474110175,PAUSED,525,168.79,3687,141,120,7,0,0
07,120245980788570752,ACTIVE,469,168.73,6162,233,220,41,10,389.68999999999994
07,120256572736720586,ACTIVE,500,166.22,4292,123,119,15,6,313.01
07,120244938793740663,ACTIVE,350,163.66,2661,107,113,7,4,236.03
07,120245848127390707,ACTIVE,500,161.98,3649,159,155,15,4,198.88000000000002
07,120249005372660589,ACTIVE,868,161.20999999999998,3255,103,108,17,9,493.9
07,120245334049460065,ACTIVE,400,159.07999999999998,3043,146,135,13,6,261.28
07,120249086109210100,ACTIVE,1000,158.19,4544,132,114,14,7,312.25
07,120245010386240709,PAUSED,250,157.57999999999998,3382,101,102,8,4,146.4
07,120245436310880780,ACTIVE,400,157.51999999999998,3145,113,105,15,6,201.85
07,120242301213710065,ACTIVE,370,156.90999999999997,3928,96,95,13,4,214.14000000000001
07,120248959176740725,ACTIVE,500,155.31,5757,116,111,11,8,471.72
07,120245334049540065,ACTIVE,370,153.93,3169,148,134,14,7,288.00999999999993
07,120246962698830090,ACTIVE,135,152.54000000000002,3525,146,143,5,2,123.28999999999999
07,120248139130280455,ACTIVE,455,152.07,4460,115,100,7,4,296.28000000000003
07,120245899430510065,ACTIVE,325,150.24,2719,121,113,14,3,145.11
07,120249140601980100,ACTIVE,800,147.17,3797,125,125,12,7,265.59000000000003
07,120246710213410090,ACTIVE,560,146.03,4179,153,149,11,4,272.02
07,120245453935690025,ACTIVE,100,145.35999999999999,1658,66,64,2,3,158.92
07,120248641712650319,ACTIVE,440,144.77,4094,122,118,5,4,148.00000000000003
07,120246615285510642,ACTIVE,400,142.74,5034,119,127,9,4,290.15
07,120246791587200455,ACTIVE,694,141.9,1617,128,122,14,11,706.2099999999999
07,120245380678000025,ACTIVE,100,138.73999999999998,1781,72,69,6,3,136.42999999999998
07,120247026467550090,ACTIVE,120,138.68,3212,160,142,16,11,533.59
07,120245380137820707,ACTIVE,500,132.22,3595,105,98,10,4,194.59
07,120242301213170065,ACTIVE,300,129.51999999999998,4407,71,73,6,2,99.03999999999999
07,120246962698770090,ACTIVE,625,129.31,3378,147,142,9,3,136.27
07,120246643142900065,ACTIVE,197,126.00000000000001,5071,132,127,10,6,343.09000000000003
07,120248893532100100,ACTIVE,800,124.97999999999999,3611,86,90,9,6,396.09000000000003
07,120250445767170166,PAUSED,30,124.67999999999999,4279,113,102,8,6,214.64
07,120248911416770577,ACTIVE,501,122.59,2752,139,122,13,6,243.25
07,120241066464020065,ACTIVE,289,121.84,3798,73,68,14,8,369.7099999999999
07,120244783755130320,ACTIVE,300,119.71999999999998,5703,171,177,10,4,278.68
07,120247026467610090,ACTIVE,120,119.56,2942,121,118,9,6,441.74
07,120248698800290127,ACTIVE,300,119.55000000000001,1592,93,97,8,3,155.92
07,120249525957160319,ACTIVE,360,118.41,3330,96,97,10,4,175.19000000000003
07,120249251074180319,ACTIVE,350,116.30000000000001,3434,85,90,8,4,175.19
07,120242694742870146,ACTIVE,146,115.61,3498,153,139,9,4,267.62
07,120245327669090320,ACTIVE,360,114.92,2723,79,78,6,2,68.14
07,120249140482640100,PAUSED,300,114.9,2558,110,100,5,3,128.9
07,120248056801340561,ACTIVE,560,114.56,3226,143,138,18,8,364.71000000000004
07,120244581910350686,ACTIVE,300,113.58,1568,53,39,7,6,302.36
07,120245011207100320,ACTIVE,360,113.43,3240,77,71,3,2,140.79000000000002
07,120245010772960663,ACTIVE,301,111.07,1529,70,69,7,6,338.38
07,120247139572780564,ACTIVE,350,110.63,2520,64,53,7,4,189.66
07,120250789469770586,ACTIVE,100,110.22,3209,102,101,8,5,222.85999999999999
07,120248536187780100,ACTIVE,300,109.88,3198,129,121,11,2,90.72999999999999
07,120245823919130320,ACTIVE,360,108.52000000000001,3906,90,86,8,5,270.38
07,120248139130260455,ACTIVE,325,108.03,2741,91,81,6,4,240.14000000000001
07,120247868045210695,ACTIVE,360,107.91999999999999,3384,54,52,7,2,75.96
07,120247114934220455,ACTIVE,365,106.99000000000001,2043,82,80,5,3,274.08
07,120244878279420125,ACTIVE,270,106.56,3427,73,76,7,5,346.84
07,120246273720740455,ACTIVE,550,106.42,2685,94,99,6,4,241.64
07,120246785226280564,ACTIVE,200,105.39,3946,103,101,4,1,97.71000000000001
07,120250413795050709,ACTIVE,500,105.35000000000001,2285,67,68,11,7,248.72999999999996
07,120243753190540054,ACTIVE,500,104.49000000000001,2548,55,60,9,8,421.99
07,120246040085600751,ACTIVE,370,104.41999999999999,2317,78,79,16,6,269.51000000000005
07,120243593315080146,ACTIVE,116,103.64,1965,52,44,5,4,330.6
07,120243928954880129,ACTIVE,600,103.05,3201,88,101,6,4,269.22
07,120246221877410629,ACTIVE,335,102.45,2529,70,64,12,5,443.69
07,120247547642310642,ACTIVE,340,100.63999999999999,1793,50,40,6,5,350.91
07,120242973433800146,ACTIVE,200,100.61000000000001,4077,141,134,10,3,223.91
07,120243482214180129,ACTIVE,400,100.16999999999999,3059,90,97,7,4,241.42000000000002
07,120247616942850561,ACTIVE,300,98.12,2868,93,79,4,1,57.96
07,120240901145360175,ACTIVE,745,98.08000000000001,3405,91,99,10,6,250.58000000000004
07,120249286682560368,ACTIVE,337,97.68,2926,69,70,5,3,147.53
07,120245833631150707,ACTIVE,300,96.86,1920,71,80,8,4,228.4
07,120249120674110404,ACTIVE,300,96.55000000000001,2316,79,69,5,1,71.72
07,120247941350370695,ACTIVE,250,95.61000000000001,2454,49,49,4,1,37.980000000000004
07,120242031621370065,ACTIVE,229,95.27,2511,52,57,10,1,29.98
07,120244270293390320,ACTIVE,300,94.32,2421,82,81,10,4,304.96
07,120246849779610090,ACTIVE,100,94.22999999999999,2637,83,81,3,2,73.88000000000001
07,6966949200895,ACTIVE,250,93.58,1791,53,50,4,2,85.96
07,120245848127430707,ACTIVE,300,92.34,2377,116,108,12,4,156.46
07,120247901344790425,ACTIVE,300,91.89999999999999,1973,73,65,8,5,408.93
07,120246007921740320,ACTIVE,318,91.46000000000001,2840,87,84,7,6,368.62
07,120246828454030629,ACTIVE,390,90.85,2035,78,81,5,3,217.19
07,120248359442970589,ACTIVE,300,90.77999999999999,2477,46,46,5,2,97.89
07,120246024108390751,ACTIVE,355,90.25,1839,76,67,11,7,280.8
07,120240679404390629,ACTIVE,400,88.30000000000001,2297,54,53,3,1,89.37
07,120244745582820125,PAUSED,150,85.03,2065,46,44,3,0,0
07,120250554304290404,ACTIVE,200,84.44,1396,63,54,3,2,169.68
07,120246533502350368,ACTIVE,211,81.46000000000001,2540,46,42,5,2,166.32999999999998
07,120247184054680509,ACTIVE,400,80.89,1354,55,47,12,8,316.82000000000005
07,120250905694920651,ACTIVE,300,80.77000000000001,2103,63,67,5,3,141.98
07,120246396470250674,ACTIVE,331,80.11,1905,51,52,6,3,122.43
07,120243787103960686,ACTIVE,200,80.11,2119,55,59,5,2,59.96
07,120247524798270389,ACTIVE,50,79.91,3440,85,82,11,4,112.01
07,120248621604700283,ACTIVE,500,79.31,1579,59,53,10,3,141.4
07,120247073165120090,ACTIVE,523,79.17999999999999,1949,78,76,6,4,245.08
07,120246375737140674,ACTIVE,272,79.00999999999999,1770,56,55,5,4,192.36999999999998
07,120248922585490210,ACTIVE,200,78.75,2118,49,41,4,3,188.64
07,120245686006250032,PAUSED,50,78.68,1820,51,48,4,3,118.71000000000001
07,120248960171180100,PAUSED,200,78.05,2296,47,42,4,1,52.559999999999995
07,120243951377020125,ACTIVE,300,77.77000000000001,1776,50,50,7,4,385.59000000000003
07,120243844678990129,ACTIVE,600,76.94,2153,69,74,7,4,300.9
07,120248430355980229,ACTIVE,200,76.47,2049,71,66,3,0,0
07,120246259925420674,ACTIVE,200,75.25,1575,57,52,7,2,92.46
07,120243602902170032,ACTIVE,200,73.85000000000001,1969,65,66,10,3,97.52000000000001
07,120247479945600065,ACTIVE,300,73.72,2129,50,52,3,1,36.95
07,120249062217790019,ACTIVE,100,73.32,1231,43,33,5,2,81.2
07,120245460221520177,ACTIVE,500,72.22999999999999,1432,69,67,8,6,263.58
07,120235336090360210,ACTIVE,200,71.91,1535,35,36,2,2,83.96
07,120235701428400210,ACTIVE,200,71.78,1653,40,37,3,4,253.64
07,120246396517520674,ACTIVE,200,71.39,1786,49,45,4,2,78.5
07,120247193573040509,ACTIVE,300,71.31,2954,87,82,6,4,190.55
07,120243508760940146,PAUSED,143,71.00999999999999,1235,35,29,0,0,0
07,120245686749070320,ACTIVE,200,70.75,2343,69,73,5,3,283.85
07,120243071308620125,ACTIVE,100,69.61999999999999,2059,39,42,3,2,137.69
07,120246382556450462,ACTIVE,195,69.46,1450,60,54,3,2,107.96
07,120244963455410686,ACTIVE,200,69.02,1177,34,36,5,3,193.64000000000001
07,120243843991710129,ACTIVE,600,69,2341,76,77,4,3,262.21
07,120243466971930678,ACTIVE,200,68.32,1588,69,61,6,2,69.96
07,120251093896120404,ACTIVE,94,68.28,1227,46,41,1,1,41.980000000000004
07,120247705045190564,ACTIVE,165,67.51,2070,61,50,4,3,149.68
07,120243948553180686,ACTIVE,80,66.72,1121,34,38,4,4,119.92
07,120244550853910436,PAUSED,61,66.55,2108,57,57,1,1,68.22
07,120244243594070436,PAUSED,50,66.34,2529,54,54,3,0,0
07,120246736742480477,PAUSED,90,66.32,850,29,31,1,0,0
07,120247324556450065,PAUSED,50,66.19999999999999,1119,42,41,7,1,51.629999999999995
07,120245920600250032,PAUSED,50,66.12,1687,50,49,4,1,38.27
07,120245884994790214,PAUSED,150,65.69999999999999,1180,32,32,1,1,24.97
07,120245232977300320,ACTIVE,214,64.78999999999999,2096,63,61,8,5,292.40000000000003
07,120245435760750780,ACTIVE,200,64.12,967,20,19,4,4,135.89999999999998
07,120247605280040425,ACTIVE,300,63.980000000000004,1551,45,41,5,4,219.3
07,120246643142870065,ACTIVE,104,63.88,1739,48,47,5,1,29.979999999999997
07,120247136451350725,ACTIVE,100,63.03999999999999,2078,58,56,8,6,348.99000000000007
07,120248318268940152,ACTIVE,200,62.900000000000006,2195,40,33,3,1,46.980000000000004
07,120248698801690127,ACTIVE,300,62.23,796,52,55,5,2,95.44999999999999
07,120245859755050173,ACTIVE,180,62.14,1732,82,79,5,4,222.66
07,120248299218060431,ACTIVE,220,61.78,1101,50,48,6,4,223.86
07,120244823852370686,ACTIVE,188,61.56,1052,40,40,4,4,224.87
07,120246070715810752,ACTIVE,169,61.540000000000006,1936,71,72,7,3,144.89
07,120244163991370436,PAUSED,50,61.239999999999995,2334,51,42,1,1,99.72
07,120247322669120509,ACTIVE,200,61.040000000000006,2253,67,67,5,3,103.94000000000001
07,120244360843810065,ACTIVE,135,60.01,1638,60,56,5,3,109.47
07,120246850329040065,ACTIVE,272,59.41,1567,51,47,11,4,195.77999999999997
07,120252393021210348,PAUSED,80,59.37,1961,27,24,1,0,0
07,120244070206100125,ACTIVE,300,59.31,1300,29,33,6,4,277.10999999999996
07,120248299218010431,ACTIVE,130,59.23,1082,27,27,6,4,135.10999999999999
07,120249228754110589,PAUSED,100,59.190000000000005,657,34,33,3,1,49.52
07,120243335632250705,PAUSED,100,58.959999999999994,1177,30,27,3,1,51.22
07,120248532436280048,PAUSED,100,58.79,697,26,23,1,0,0
07,120245057027780564,ACTIVE,190,58.480000000000004,2298,44,47,2,2,167.43
07,120247199911460090,ACTIVE,122,58.22,1325,58,51,5,3,161.72
07,120244895488610436,ACTIVE,119,58.010000000000005,1807,36,39,3,2,136.45000000000002
07,120243144633320146,ACTIVE,50,57.73,1842,51,45,3,2,83.96
07,120247866680710389,ACTIVE,100,57.56,1572,40,37,5,3,90.14999999999999
07,120247107054620509,PAUSED,200,57.48,1466,40,36,2,0,0
07,120247728967380642,PAUSED,61,57.1,1420,32,29,2,1,37.95
07,120251940198120054,ACTIVE,100,57.08999999999999,845,24,25,3,1,31.980000000000004
07,120247547590960642,ACTIVE,200,57.04,1442,38,40,3,3,196.20000000000002
07,120245487786040032,PAUSED,50,56.940000000000005,1249,51,43,7,3,99.36
07,120249222913640100,ACTIVE,129,56.84,1235,44,52,5,4,198.10000000000002
07,120246107483730752,ACTIVE,169,56.839999999999996,1252,46,41,6,4,129.88000000000002
07,120247479685940389,PAUSED,100,56.589999999999996,1431,40,38,3,1,48.72
07,120247175023780065,ACTIVE,76,56.56,1263,33,28,2,1,85.15
07,120254529951930197,ACTIVE,100,56.55,865,34,31,4,1,66.21000000000001
07,120245535022630455,ACTIVE,425,56.36,730,41,42,7,4,386.38
07,120244428953860686,ACTIVE,300,56.120000000000005,1110,27,32,4,3,132.42
07,120247815782100642,ACTIVE,122,55.790000000000006,1456,46,42,4,1,92.3
07,120244242496990780,ACTIVE,200,55.65,1127,45,45,7,4,135.9
07,120246491099340090,ACTIVE,76,55.61,1026,30,30,3,2,145.75
07,120247558121560065,ACTIVE,94,55.53,1450,55,52,7,3,130.14000000000001
07,120246191098970320,ACTIVE,120,55.44,1498,45,36,3,2,140.79
07,120245899907660065,ACTIVE,115,55.13,1046,33,29,4,1,49.52
07,120247608650800126,PAUSED,50,54.85,1171,41,39,4,1,51.21
07,120246465927950677,ACTIVE,100,54.83,1179,10,8,1,1,70.02
07,120246549338880065,ACTIVE,50,54.82,1525,36,32,5,2,79.5
07,120244662020140686,PAUSED,50,54.769999999999996,1002,13,14,3,1,51.22
07,120245622959500630,ACTIVE,102,54.75,1100,41,39,6,4,115.91
07,120246242129020477,ACTIVE,100,54.730000000000004,1024,34,31,1,1,29.98
07,120242870748820133,ACTIVE,280,54.11,1321,44,45,3,2,104
07,120247228100240725,PAUSED,100,53.94,2533,52,50,2,0,0
07,120248556140990663,ACTIVE,200,53.74,828,34,34,0,0,0
07,120251769553160054,ACTIVE,138,53.7,1392,36,32,6,3,138.42
07,120245004525000780,ACTIVE,200,53.540000000000006,808,24,23,2,0,0
07,120249081135480577,PAUSED,100,53.47,895,40,34,3,1,28.98
07,120246588746810090,ACTIVE,140,53.36,1209,55,51,5,4,156.38
07,120248923191120589,ACTIVE,100,53.209999999999994,1704,52,47,6,4,214.15
07,120248248635000455,ACTIVE,132,52.95,952,43,37,1,2,148.73999999999998
07,120243840045620129,ACTIVE,100,52.739999999999995,1523,57,60,3,1,66.48
07,120244581811200686,ACTIVE,80,52.64,991,31,28,7,4,141.16
07,120248085583180127,ACTIVE,100,52.620000000000005,592,31,28,2,1,60.46999999999999
07,120245610768940032,ACTIVE,300,52.6,1178,64,62,6,4,104.21
07,120246947981930126,PAUSED,80,52.58,1179,26,25,3,1,51.22
07,120247322861560509,PAUSED,100,52.550000000000004,1946,50,48,0,0,0
07,120246399807540674,ACTIVE,142,52.50000000000001,1850,38,37,4,1,29.980000000000004
07,120247282176200431,PAUSED,150,52.39000000000001,919,30,27,1,0,0
07,120245899907890065,ACTIVE,115,52.33,1181,51,48,4,1,29.98
07,120246666161080477,ACTIVE,100,52.230000000000004,662,23,20,3,3,89.94000000000001
07,120247849750130663,ACTIVE,200,51.93,712,24,26,3,1,37.980000000000004
07,120248248634970455,ACTIVE,132,51.910000000000004,870,39,36,4,3,229.14999999999998
07,120249178585030725,PAUSED,100,51.910000000000004,2628,43,35,1,0,0
07,120245124074660686,ACTIVE,80,51.51,1706,44,46,3,1,29.98
07,120245329462560320,ACTIVE,200,51.459999999999994,1624,56,49,5,0,0
07,120243959700120146,ACTIVE,100,51.22,1035,8,8,1,1,106.71000000000001
07,120243831461540146,PAUSED,200,51.22,1940,44,39,4,0,0
07,120246008618270241,ACTIVE,300,50.96,1749,20,26,3,2,139.85
07,120244566548030788,ACTIVE,66,50.9,916,37,36,3,1,92.3
07,120248523442100229,PAUSED,68,50.86,844,42,42,3,1,49.97
07,120248698800650127,ACTIVE,100,50.83,673,42,42,2,1,60.47
07,120245931951070650,ACTIVE,300,50.78,714,31,32,3,3,202.89999999999998
07,120249456993730057,ACTIVE,100,50.769999999999996,686,27,28,1,1,41.980000000000004
07,120248056801410561,PAUSED,260,50.73,1386,51,47,1,0,0
07,120241671273870455,ACTIVE,212,50.629999999999995,1215,41,38,3,2,144.78
07,120247322946650509,ACTIVE,300,50.02,1813,41,42,4,2,93.60000000000001
07,120242746886630788,ACTIVE,66,49.9,961,42,35,2,1,37.95
07,120244389916630436,PAUSED,50,49.84,1862,35,34,0,0,0
07,120247061936980509,PAUSED,100,49.809999999999995,1909,39,33,3,1,85.96
07,120243734745460129,ACTIVE,100,49.71,1562,46,47,4,1,66.47999999999999
07,120246232598650090,ACTIVE,132,49.620000000000005,1120,37,33,2,1,36.94
07,120245514271740065,ACTIVE,115,49.36,1007,52,54,6,2,79.5
07,120247970574990126,ACTIVE,80,49.29,1082,25,25,2,2,81.2
07,120245514271720065,ACTIVE,115,49.21,1115,51,47,1,1,49.510000000000005
07,120247890206850725,ACTIVE,100,49.12,1723,44,46,2,1,49.37
07,120248596343100048,ACTIVE,100,48.82,511,27,27,3,2,69.96
07,120244634571550678,ACTIVE,105,48.59,893,13,14,2,1,57.98
07,120247890133980642,ACTIVE,124,48.489999999999995,1428,33,33,1,1,92.3
07,120245622959630630,ACTIVE,73,48.48,1045,29,30,3,2,65.95
07,120244349822900686,ACTIVE,50,48.36,720,21,20,2,2,101.19
07,120249179840870725,ACTIVE,100,47.89000000000001,1357,29,30,4,2,137.12
07,120251239771420586,ACTIVE,50,47.8,1947,62,58,4,3,107.33
07,120243959229680146,ACTIVE,100,47.78,961,20,16,1,1,41.98
07,120249222913600100,PAUSED,91,47.76,1387,33,34,3,1,52.56
07,120246178764690752,ACTIVE,100,47.72,1239,25,23,3,1,40.970000000000006
07,120245964184870707,ACTIVE,113,47.52,888,27,25,5,5,286.61
07,120247293642140642,ACTIVE,120,47.15,1115,22,24,3,1,92.3
07,120246396470350674,PAUSED,100,46.76,1054,40,39,0,0,0
07,120248082904020663,ACTIVE,150,46.75000000000001,750,27,27,2,1,66.02
07,120246178929760752,ACTIVE,100,46.75,1077,28,26,3,0,0
07,120248159215720389,ACTIVE,79,46.59,1311,58,47,2,1,62.88999999999999
07,120247403426120126,PAUSED,61,46.410000000000004,1124,29,26,2,1,29.98
07,120245124096920686,PAUSED,80,46.220000000000006,1627,45,43,1,0,0
07,120247148756590731,PAUSED,80,46.11,501,31,29,1,1,88.3
07,120244300638070032,ACTIVE,200,46.099999999999994,890,33,32,4,2,43.96
07,120246286465380752,ACTIVE,100,46.05,1135,43,43,6,1,40.97
07,120245622959400630,ACTIVE,86,45.94,1049,26,27,3,3,106.92
07,120247866597100389,ACTIVE,100,45.739999999999995,1544,61,49,6,2,83.47
07,120246270264110320,ACTIVE,120,45.61,1411,27,24,1,0,0
07,120235701428420210,ACTIVE,200,45.39,1281,29,30,2,0,0
07,120245124026530686,ACTIVE,80,45.32,738,43,42,5,5,192.38
07,120246415849650214,ACTIVE,160,45.239999999999995,698,22,22,4,3,145.82
07,120245541619240177,ACTIVE,100,45.099999999999994,866,33,27,3,1,51.21
07,120247365940320642,PAUSED,50,45.05,1043,22,22,0,0,0
07,120246979930770509,ACTIVE,100,44.980000000000004,1463,46,41,4,2,72.96
07,120248923493180565,ACTIVE,80,44.98,452,21,19,5,1,29.979999999999997
07,120246981649870509,ACTIVE,100,44.92,1528,36,37,4,0,0
07,120244581454670686,PAUSED,50,44.88999999999999,774,18,14,0,0,0
07,120246459062250674,ACTIVE,302,44.76,1359,33,33,3,3,108.48
07,120248180636520589,ACTIVE,100,44.7,1258,29,27,3,3,228.98000000000002
07,120245554821660177,PAUSED,100,44.7,881,24,18,1,0,0
07,120248364287170127,PAUSED,100,44.65,480,37,37,1,0,0
07,120243663751470146,ACTIVE,100,44.51,8589,1,93,2,1,41.980000000000004
07,120247311647030509,ACTIVE,100,44.42999999999999,1720,33,32,3,4,172.60999999999999
07,120247149106470731,ACTIVE,80,44.28,617,24,26,2,1,60.39
07,120247391144430509,ACTIVE,200,44.25,1330,40,39,2,2,95.95
07,120249061328590589,PAUSED,50,44.24,876,19,18,2,1,29.98
07,120246219805000241,PAUSED,150,44.230000000000004,1209,31,24,1,0,0
07,120246770835970175,ACTIVE,110,44.18,1202,34,35,6,2,49.92
07,120247504003780425,ACTIVE,61,44.099999999999994,831,17,17,4,2,142.45
07,120244194695070177,ACTIVE,100,44.06,956,42,37,4,2,59.96
07,120246191098590320,ACTIVE,120,44.040000000000006,1308,52,43,3,2,140.79
07,120245775225080097,ACTIVE,94,44.02,1341,35,33,0,0,0
07,120243316803930436,PAUSED,100,44,1393,41,45,3,1,68.23
07,120248204881090455,ACTIVE,135,43.989999999999995,905,25,17,2,2,167.23999999999998
07,120247890133910642,ACTIVE,124,43.89,1057,24,22,2,1,65.94999999999999
07,120246181834560241,PAUSED,150,43.88,2214,45,44,1,0,0
07,120245282912580630,PAUSED,200,43.85,1162,32,31,3,1,40.97
07,120248270609930152,ACTIVE,100,43.709999999999994,2044,29,29,3,3,198.61999999999998
07,120244794017770320,ACTIVE,120,43.61,1970,25,25,3,2,117.53999999999999
07,120246471244730065,ACTIVE,135,43.51,1510,50,52,3,0,0
07,120246299721480751,ACTIVE,195,43.49,918,29,30,3,1,47.67
07,120246250745230674,PAUSED,100,43.39,1119,23,21,2,1,46.230000000000004
07,120249151139280057,ACTIVE,100,43.379999999999995,711,31,32,2,1,73.42
07,120249179840900725,ACTIVE,100,43.26,979,17,17,4,2,135.92
07,120243986595710788,PAUSED,50,43.24,687,20,21,0,0,0
07,120248429995370229,PAUSED,124,43.199999999999996,1146,33,29,2,1,40.97
07,120248085583660127,PAUSED,100,43.169999999999995,517,26,22,0,0,0
07,120247245095750509,ACTIVE,300,43.150000000000006,1887,29,24,2,1,87.46
07,120248414403410695,ACTIVE,150,43.08,1249,26,22,2,1,66.02
07,120244389916660436,ACTIVE,78,42.790000000000006,1804,46,45,4,2,110.19999999999999
07,120246178127590241,PAUSED,150,42.79,2141,36,33,1,0,0
07,120251769553070054,ACTIVE,73,42.73,991,23,20,3,2,63.96000000000001
07,120245931951140650,PAUSED,100,42.64,551,26,26,2,1,64.28
07,120244880653330686,ACTIVE,100,42.62,840,29,29,6,3,111.18
07,120246599890040214,ACTIVE,120,42.480000000000004,689,20,18,6,3,128.85
07,120244618043630436,ACTIVE,144,42.480000000000004,1566,58,55,3,1,68.22999999999999
07,120243593808880146,ACTIVE,100,42.42999999999999,1278,43,37,8,3,195.80000000000004
07,120242700474080358,ACTIVE,100,42.39,857,30,31,2,2,77.15
07,120249352629920127,ACTIVE,100,42.35000000000001,587,32,32,3,1,34.98
07,120246191098790320,ACTIVE,120,42.22,1241,36,32,2,1,34.07
07,120246624884480455,ACTIVE,122,42.17999999999999,1271,22,22,1,1,60.410000000000004
07,120251919170720054,PAUSED,100,42.17,647,11,11,2,0,0
07,120243840045560129,ACTIVE,100,42.129999999999995,1262,38,34,2,0,0
07,120249366225680100,PAUSED,100,42.09,894,28,24,2,1,52.56
07,120249438611310064,ACTIVE,300,42.010000000000005,619,25,26,4,3,159.18
07,120248151239370425,ACTIVE,100,41.94,600,17,16,4,1,39.980000000000004
07,120246191098540320,ACTIVE,120,41.92,1404,40,36,3,2,92.84
07,120247823215090168,ACTIVE,100,41.89,780,26,28,4,2,97.36
07,120250139945670577,ACTIVE,100,41.84,794,32,27,5,0,0
07,120247246948530509,ACTIVE,50,41.839999999999996,2006,35,34,2,2,105.65
07,120244761350620455,ACTIVE,135,41.74999999999999,1739,32,31,2,1,60.41
07,120244995599860686,PAUSED,100,41.650000000000006,400,7,7,0,0,0
07,120248288633270389,ACTIVE,81,41.65,1238,48,40,9,6,208.99
07,120246471244780065,ACTIVE,135,41.56999999999999,1193,50,45,4,1,67.89
07,120246338142390241,ACTIVE,109,41.519999999999996,1925,29,27,2,1,41.980000000000004
07,120247757020520725,ACTIVE,100,41.510000000000005,976,17,23,4,3,126.51999999999998
07,120243063569770146,ACTIVE,100,41.480000000000004,1469,36,37,4,2,117.19
07,120243860511490436,PAUSED,100,41.47,1752,29,29,1,1,68.23
07,120246007921720320,ACTIVE,80,41.34,1095,25,24,3,1,34.07
07,120247687263440425,ACTIVE,100,41.31,797,21,21,1,2,112.76
07,120249347498540100,ACTIVE,91,41.21,1012,25,24,2,2,90.73
07,120242847129030686,ACTIVE,50,41.040000000000006,961,25,22,3,2,122.42
07,120244673897340436,PAUSED,50,41.01,1453,25,21,0,0,0
07,120247956340000389,PAUSED,50,40.879999999999995,1345,62,56,3,0,0
07,120247995051780695,ACTIVE,95,40.839999999999996,1276,25,22,0,0,0
07,120248176825100455,PAUSED,131,40.82,946,34,33,2,0,0
07,120245124561510686,ACTIVE,80,40.82,715,23,23,4,2,81.2
07,120247954411400425,PAUSED,69,40.82,569,12,12,1,0,0
07,120247876590550126,ACTIVE,90,40.53,967,36,32,4,3,132.40999999999997
07,120249228181020589,PAUSED,100,40.52,326,13,13,1,0,0
07,120249251074290319,ACTIVE,120,40.470000000000006,1061,17,18,1,1,37
07,120246024108440751,ACTIVE,195,40.42,795,26,29,1,0,0
07,120245911260540650,ACTIVE,120,40.370000000000005,566,22,24,2,2,194.51000000000002
07,120243832687650146,ACTIVE,100,40.36,883,25,19,2,1,106.71
07,120246286382660752,ACTIVE,100,40.33,1010,24,23,5,3,90.92999999999999
07,120246657519770455,ACTIVE,143,40.27,1227,34,30,3,3,298.04999999999995
07,120246870229730642,ACTIVE,62,40.160000000000004,848,22,23,2,2,212.75
07,120248539381110725,PAUSED,200,40.16,912,14,16,1,1,49.37
07,120248512806040048,PAUSED,100,40.019999999999996,664,31,31,2,1,34.980000000000004
07,120244079033450320,ACTIVE,120,39.96000000000001,1705,42,43,3,1,85.85
07,120247124966060090,PAUSED,119,39.900000000000006,692,29,29,2,0,0
07,120249366225440100,ACTIVE,100,39.809999999999995,1037,23,22,3,1,38.17
07,120248596343190048,PAUSED,100,39.76,529,20,19,2,1,34.980000000000004
07,120246672624130642,PAUSED,50,39.52,892,11,10,1,1,37.95
07,120246220421900725,PAUSED,200,39.46000000000001,1263,29,25,1,0,0
07,120244428953840686,ACTIVE,100,39.42,757,25,28,5,4,221.11999999999998
07,120249179865040725,PAUSED,100,39.31,1075,20,18,1,1,68.56
07,120250066594120577,ACTIVE,100,39.300000000000004,759,35,27,3,2,147.99
07,120244995090060686,PAUSED,100,39.17,518,13,13,0,0,0
07,120248802175730319,ACTIVE,120,39.13,1031,30,33,4,3,138.19
07,120248056978460544,ACTIVE,80,39.01,1174,16,19,2,2,75.5
07,120249179367710725,ACTIVE,100,38.93,783,18,21,3,3,204.48000000000002
07,120251910136180054,PAUSED,107,38.92,776,14,14,1,0,0
07,120247993581120462,PAUSED,104,38.919999999999995,518,17,16,0,0,0
07,120246506737780126,PAUSED,80,38.900000000000006,803,23,20,1,1,29.980000000000004
07,120248151509340425,ACTIVE,100,38.89,645,17,21,4,1,97.71000000000001
07,120247453929680065,ACTIVE,124,38.879999999999995,1025,21,20,3,2,99.04
07,120246299672700751,ACTIVE,195,38.830000000000005,965,30,33,3,0,0
07,120243734466660129,ACTIVE,100,38.81,1083,35,38,1,0,0
07,120249300729750589,ACTIVE,200,38.69,945,34,31,7,3,127.85
07,120244486723120436,ACTIVE,100,38.68000000000001,1109,26,26,2,1,99.72
07,120245602350460032,ACTIVE,300,38.68,991,30,36,4,3,122.41000000000003
07,120246069254050470,ACTIVE,98,38.6,1130,26,27,2,1,183.47
07,120248151509310425,ACTIVE,100,38.54,679,20,20,3,2,195.42
07,120248889583930116,ACTIVE,90,38.53,530,14,14,0,0,0
07,120247795310860126,ACTIVE,89,38.519999999999996,978,30,32,5,2,59.96
07,120245785647070650,PAUSED,100,38.44,525,23,21,1,0,0
07,120245999879420097,PAUSED,80,38.39,1145,38,35,1,1,34.980000000000004
07,120245306349070462,ACTIVE,100,38.3,956,31,31,3,1,57.98
07,120247370270360509,ACTIVE,101,38.28,1549,32,31,1,1,37.98
07,120247157407190509,ACTIVE,100,38.18,1413,28,22,1,1,34.980000000000004
07,120247534964830642,PAUSED,76,38.160000000000004,944,28,26,2,0,0
07,120243734745510129,ACTIVE,100,38.12,1382,22,23,3,0,0
07,120246377047690097,PAUSED,150,38.07,1364,33,31,3,0,0
07,120243211247840146,ACTIVE,100,38.059999999999995,1191,47,51,5,4,201.15
07,120245825263430533,ACTIVE,100,38.040000000000006,988,26,29,3,1,24.98
07,120247866400320389,PAUSED,100,37.87,1080,30,26,3,0,0
07,120248204881060455,ACTIVE,135,37.85,1349,29,25,2,1,84.36999999999999
07,120248774488970725,ACTIVE,100,37.76,987,30,28,4,2,138.38
07,120249115231040100,ACTIVE,50,37.7,982,30,29,2,1,52.56
07,120246107235940707,PAUSED,82,37.64000000000001,793,27,26,1,0,0
07,120244691045040320,ACTIVE,120,37.61,1422,26,27,2,1,58.77
07,120248056801430561,ACTIVE,260,37.61,933,38,40,6,2,83.91
07,120245241360310455,PAUSED,73,37.589999999999996,1541,23,21,1,0,0
07,120247558121530065,PAUSED,94,37.589999999999996,749,24,22,2,0,0
07,120246338179300642,ACTIVE,200,37.589999999999996,1333,39,35,3,2,130.25
07,120245460390490177,ACTIVE,100,37.42,773,19,18,2,1,29.98
07,120251916632010054,PAUSED,100,37.4,605,8,9,1,0,0
07,120246570408620477,ACTIVE,100,37.38,711,19,12,0,1,107.44
07,120247950274740126,ACTIVE,90,37.330000000000005,1008,30,28,3,1,29.980000000000004
07,120242907734560129,ACTIVE,150,37.290000000000006,1023,46,48,1,0,0
07,120247084134340065,ACTIVE,50,37.29,618,30,31,4,2,59.96
07,120249179367830725,ACTIVE,100,37.17,728,19,17,1,1,146.51
07,120244995263710686,PAUSED,100,37.099999999999994,378,6,7,1,0,0
07,120247390339020509,PAUSED,100,37.01,1024,27,23,1,0,0
07,120248045547800425,ACTIVE,136,37,523,4,9,1,0,0
07,120247378425210561,ACTIVE,180,36.97,1198,35,33,5,2,66.95
07,120245617791190630,ACTIVE,111,36.93,1191,38,39,5,2,54.96
07,120243507783580146,ACTIVE,100,36.88,1103,23,21,4,1,75.21
07,120247728967360642,PAUSED,61,36.879999999999995,903,17,15,0,0,0
07,120249228293700589,PAUSED,100,36.82,231,9,8,0,0,0
07,120244477400200678,ACTIVE,100,36.790000000000006,869,24,22,2,0,0
07,120246286557160752,ACTIVE,169,36.76,811,20,22,4,3,90.93
07,120247389356380455,ACTIVE,50,36.620000000000005,582,35,34,2,2,172.32000000000002
07,120247390339080509,ACTIVE,100,36.59,1187,25,27,0,1,36.47
07,120245500027320032,ACTIVE,100,36.58,1046,39,40,4,2,83.14
07,120242376497180436,PAUSED,100,36.57,1219,26,25,1,0,0
07,120247601538900425,ACTIVE,100,36.55,690,21,19,1,1,39.980000000000004
07,120246226742380674,PAUSED,120,36.55,1009,30,24,1,1,46.230000000000004
07,120244824582450436,ACTIVE,90,36.42,1270,22,19,2,1,68.22999999999999
07,120245923045620168,ACTIVE,100,36.38,875,21,26,3,1,59.379999999999995
07,120246270030590320,ACTIVE,120,36.35,844,12,11,1,1,82.02
07,120251692404070054,ACTIVE,78,36.34,878,22,22,2,1,53.22
07,120246522122340677,ACTIVE,100,36.34,762,14,8,2,0,0
07,120247013051330065,PAUSED,50,36.330000000000005,811,23,21,0,0,0
07,120246674923260175,ACTIVE,77,36.31,973,22,21,0,0,0
07,120244034916020436,ACTIVE,100,36.3,1444,25,20,4,1,129.44
07,120249179865340725,ACTIVE,100,36.24,987,24,20,2,2,135.92000000000002
07,120246178825710752,ACTIVE,169,36.21,839,33,30,4,3,120.89
07,120247633428650725,ACTIVE,100,36.160000000000004,825,28,30,4,3,197.28000000000003
07,120254284171910197,ACTIVE,100,36.13,848,23,21,2,2,59.96
07,120248974670400019,ACTIVE,80,36.11,693,30,32,3,1,29.98
07,120245825367300533,ACTIVE,100,36.099999999999994,1040,32,27,3,1,41.97
07,120244825046600686,ACTIVE,80,36.08,701,17,20,4,3,152.4
07,120255653285300586,ACTIVE,50,36.07,714,30,22,3,2,78.35000000000001
07,120251275180530054,ACTIVE,100,35.93000000000001,964,17,20,2,2,108.47
07,120249300729780589,ACTIVE,100,35.9,712,19,21,2,0,0
07,120248199130120168,PAUSED,90,35.87,782,24,22,1,0,0
07,120248958916870100,ACTIVE,100,35.79,922,20,21,2,0,0
07,120243465250350705,ACTIVE,80,35.76,678,29,28,3,1,29.98
07,120250057581290368,ACTIVE,136,35.75999999999999,999,10,10,0,0,0
07,120249179003180725,ACTIVE,100,35.75,856,13,12,3,3,186.49
07,120248162820950389,ACTIVE,100,35.730000000000004,1194,75,69,9,3,80.79
07,120251701953330054,ACTIVE,100,35.72,812,22,24,3,3,158.40999999999997
07,120243844958690129,ACTIVE,300,35.71,1431,44,47,4,2,131.20000000000002
07,120242776941930146,ACTIVE,50,35.68,734,17,19,2,2,148.69
07,120248224810100389,ACTIVE,80,35.65,1075,46,36,2,2,74.11999999999999
07,120246560566740477,ACTIVE,125,35.65,867,33,30,6,6,302.31
07,120248490741000152,ACTIVE,120,35.62,1320,34,34,3,1,73.97999999999999
07,120246946458510629,ACTIVE,64,35.59,1021,29,29,7,0,0
07,120246374707600097,ACTIVE,77,35.480000000000004,1111,33,29,3,1,61.97
07,120246522442100677,ACTIVE,100,35.38,806,12,9,2,1,70.02
07,120248535565040229,ACTIVE,137,35.339999999999996,726,23,24,2,1,49.97
07,120248111423590168,ACTIVE,90,35.33,833,19,21,1,1,59.38
07,120246733901990065,ACTIVE,80,35.3,798,25,24,4,0,0
07,120248129114130695,ACTIVE,150,35.3,1066,12,20,2,2,158.43
07,120248069068060469,ACTIVE,80,35.25,677,16,15,3,0,0
07,120247124966150090,PAUSED,119,35.239999999999995,680,33,29,3,0,0
07,120244011865020146,PAUSED,100,35.21,1054,28,26,1,0,0
07,120244480112510436,ACTIVE,55,35.18,1236,31,23,2,0,0
07,120246733854770065,ACTIVE,80,35.11,723,31,24,1,1,49.52
07,120247645229990642,ACTIVE,60,35.08,1471,28,28,2,1,65.95
07,120246804547700175,ACTIVE,60,35.03,1347,32,30,3,1,24.96
07,120246522937100677,ACTIVE,100,35.019999999999996,804,10,10,1,0,0
07,120244177553830678,ACTIVE,100,34.9,871,32,29,5,3,119.94
07,120245847712420650,ACTIVE,114,34.870000000000005,395,8,11,0,0,0
07,120247995051750695,ACTIVE,140,34.84,1204,23,25,3,2,161.45999999999998
07,120244504591950686,ACTIVE,80,34.81,650,16,19,3,1,107.42
07,120248429995310229,ACTIVE,58,34.75,737,34,31,1,1,40.97
07,120248123660860455,ACTIVE,100,34.64,874,20,16,3,1,34.95
07,120245205425940677,PAUSED,50,34.59,930,17,19,2,0,0
07,120247109115250389,ACTIVE,100,34.58,823,24,27,1,1,59.91
07,120246733877000065,ACTIVE,80,34.53,655,15,15,3,1,49.52
07,120251502157250054,ACTIVE,100,34.53,499,16,18,4,1,31.979999999999997
07,120244504303760686,PAUSED,80,34.43000000000001,733,14,15,0,0,0
07,120246270264070320,ACTIVE,120,34.379999999999995,1285,34,28,0,0,0
07,120248150922010425,ACTIVE,100,34.37,653,10,11,0,0,0
07,120247367947390509,ACTIVE,100,34.31,1310,24,21,0,0,0
07,120244618043570436,PAUSED,50,34.29,1075,26,27,2,1,41.980000000000004
07,120243830466380146,ACTIVE,100,34.28,784,26,26,2,0,0
07,120247541912960469,PAUSED,80,34.28,742,15,14,1,1,49.37
07,120247699025760561,ACTIVE,96,34.22,980,34,37,2,1,24.98
07,120248466107650695,ACTIVE,135,34.17,1109,22,22,2,1,37.980000000000004
07,120245124561470686,PAUSED,80,34.160000000000004,506,14,14,1,0,0
07,120247058049910303,ACTIVE,120,34.1,647,31,31,1,1,26.98
07,120244965177330686,PAUSED,80,34.09,502,11,11,0,0,0
07,120248540698960725,ACTIVE,100,34.09,670,17,19,2,3,184.09000000000003
07,120250005173420404,ACTIVE,74,34.08,679,33,26,2,1,41.98
07,120245119189080630,ACTIVE,78,33.99,1043,27,27,4,4,171.49
07,120244083558180146,ACTIVE,100,33.9,957,31,26,5,2,117.20000000000002
07,120244312405140436,ACTIVE,100,33.78,1155,32,33,1,1,99.72
07,120247336235960389,ACTIVE,100,33.78,1620,40,41,6,3,95.99000000000001
07,120248123280260455,ACTIVE,100,33.75,642,18,15,1,1,34.949999999999996
07,120244213617000686,ACTIVE,80,33.730000000000004,596,21,21,1,1,51.22
07,120246733876960065,ACTIVE,80,33.730000000000004,667,30,29,3,1,29.98
07,120246031764260509,ACTIVE,50,33.7,1469,19,16,2,1,61.97
07,120248974670480019,PAUSED,80,33.69,525,17,16,2,1,107.44
07,120243458900420436,PAUSED,100,33.65,1354,34,30,3,0,0
07,120248045548240425,PAUSED,136,33.56,707,16,14,0,0,0
07,120248224227000725,ACTIVE,100,33.55,979,9,14,1,0,0
07,120247051808860509,ACTIVE,100,33.51,1288,18,20,2,2,127.43999999999998
07,120245623471490177,ACTIVE,100,33.49,703,19,21,2,2,59.96
07,120243772698800146,ACTIVE,50,33.45,1184,27,27,1,1,41.980000000000004
07,120247872778180425,PAUSED,55,33.44,611,14,11,1,0,0
07,120249178308050725,ACTIVE,100,33.42,738,19,19,1,2,94.35
07,120244083558220146,ACTIVE,100,33.4,1175,43,44,5,3,192.41
07,120249088233310651,ACTIVE,80,33.32,715,20,22,1,1,37.980000000000004
07,120254368844920197,ACTIVE,70,33.279999999999994,773,21,21,2,1,46.23
07,120247526522450425,ACTIVE,100,33.24,653,23,24,1,0,0
07,120247678231050065,PAUSED,93,33.21,781,21,21,2,0,0
07,120246733902040065,ACTIVE,80,33.15,743,24,23,4,1,49.519999999999996
07,120245124074630686,ACTIVE,80,33.05,523,19,17,3,1,29.98
07,120249283733020100,ACTIVE,90,32.95,743,31,27,0,1,52.559999999999995
07,120247412626780168,ACTIVE,100,32.93,1103,21,21,0,0,0
07,120245381315950677,ACTIVE,50,32.91,1219,10,10,1,0,0
07,120240258763950179,PAUSED,140,32.870000000000005,1091,25,25,0,0,0
07,120247365755990509,ACTIVE,100,32.72,1262,21,20,1,0,0
07,120247238927160043,ACTIVE,140,32.67,510,23,22,3,3,103.47999999999999
07,120247651426280455,PAUSED,50,32.64,784,36,30,0,0,0
07,120245650683780674,PAUSED,100,32.620000000000005,520,21,20,0,0,0
07,120244486326540436,ACTIVE,100,32.53,1135,31,32,3,2,110.19999999999999
07,120244011864950146,PAUSED,100,32.44,952,35,30,3,0,0
07,120243929504820146,ACTIVE,50,32.44,951,20,17,3,1,41.980000000000004
07,120247858934130544,ACTIVE,76,32.42,722,18,16,2,1,27.98
07,120246184128390674,PAUSED,100,32.379999999999995,515,14,14,0,0,0
07,120246668180150731,PAUSED,100,32.34,443,12,14,1,0,0
07,120248359764410589,ACTIVE,100,32.339999999999996,847,23,24,2,0,0
07,120246971449150629,ACTIVE,100,32.3,343,3,3,0,0,0
07,120245612998430455,ACTIVE,100,32.28,1149,26,18,3,1,84.36999999999999
07,120249179811790725,PAUSED,100,32.269999999999996,968,17,15,0,0,0
07,120249013372050100,PAUSED,64,32.25,540,15,14,0,0,0
07,120244017128390686,PAUSED,50,32.23,629,23,23,1,0,0
07,120246270030620320,ACTIVE,120,32.22,832,17,16,0,0,0
07,120246733854740065,ACTIVE,80,32.21000000000001,693,21,21,5,2,59.96000000000001
07,120247267370990509,ACTIVE,100,32.2,660,20,15,1,0,0
07,120247333999410425,ACTIVE,100,32.199999999999996,778,24,22,3,1,97.71
07,120248064259890425,PAUSED,100,32.19,456,15,12,0,0,0
07,120247199911470090,PAUSED,122,32.129999999999995,815,18,17,2,0,0
07,6993911140695,ACTIVE,100,32.11,555,17,17,2,1,54.98
07,120248892319580365,ACTIVE,100,32.1,905,19,20,2,0,0
07,120246087968610032,ACTIVE,72,32.040000000000006,642,32,31,5,2,60.25
07,120244916355330436,ACTIVE,100,31.999999999999996,983,14,15,1,1,68.23
07,120248082736850695,ACTIVE,78,31.870000000000005,934,21,23,1,1,69.05
07,120247467570380455,ACTIVE,50,31.869999999999997,921,26,24,1,1,60.410000000000004
07,120247275556550642,ACTIVE,50,31.770000000000003,1059,20,20,0,0,0
07,120244014047710146,ACTIVE,100,31.759999999999998,831,23,19,2,2,243.14000000000001
07,120246447361050303,ACTIVE,120,31.71,803,38,35,1,1,43.97
07,120246459062220674,PAUSED,85,31.67,778,18,15,1,1,46.23
07,120254284171970197,ACTIVE,100,31.669999999999998,663,26,26,3,2,76.21
07,120248923191070589,PAUSED,50,31.58,792,18,16,0,0,0
07,120250139873910577,PAUSED,100,31.58,680,18,18,2,0,0
07,120246285998310241,ACTIVE,100,31.569999999999997,1330,23,25,1,1,129.45
07,120245466475870630,ACTIVE,110,31.480000000000004,910,22,24,3,2,90.94
07,120246875435580731,PAUSED,100,31.48,356,14,10,0,0,0
07,120244486325980436,ACTIVE,100,31.470000000000002,1040,31,31,5,3,209.92999999999998
07,120244504666890686,ACTIVE,80,31.46,490,12,12,2,2,59.96
07,120247866597170389,ACTIVE,100,31.439999999999998,936,28,27,3,2,68.28
07,120243928955960129,ACTIVE,100,31.380000000000003,1059,26,26,1,0,0
07,120248532436300048,ACTIVE,100,31.28,455,32,29,3,1,36.47
07,120248448982680725,ACTIVE,100,31.169999999999998,740,16,18,1,1,68.56
07,120247487024380065,PAUSED,100,31.16,447,10,9,0,0,0
07,120243771828200436,PAUSED,50,31.07,1170,16,15,1,0,0
07,120247998931350564,ACTIVE,100,31.049999999999997,875,25,23,0,0,0
07,120242972188130146,PAUSED,50,30.990000000000002,622,15,12,1,0,0
07,120249438611220064,ACTIVE,100,30.979999999999997,515,20,19,2,0,0
07,120247970574920126,ACTIVE,80,30.950000000000003,685,25,20,4,3,152.40999999999997
07,120245993170520241,ACTIVE,77,30.89,1272,26,26,0,0,0
07,120248764599250589,ACTIVE,100,30.86,739,18,14,2,2,153.02999999999997
07,120256546977430586,ACTIVE,126,30.810000000000002,986,23,31,2,1,49.370000000000005
07,120247238880210043,ACTIVE,70,30.72,511,19,22,1,0,0
07,120247238927080043,ACTIVE,70,30.71,533,16,16,2,1,29.12
07,120245750558170707,ACTIVE,100,30.630000000000003,630,29,30,2,2,107.86
07,120245651364090303,ACTIVE,80,30.479999999999997,556,20,20,3,0,0
07,120254368844950197,PAUSED,100,30.44,643,15,14,1,0,0
07,120243860628310436,PAUSED,100,30.43,968,19,25,1,0,0
07,120243205951310642,ACTIVE,50,30.410000000000004,1207,24,20,3,1,92.3
07,120246819645500629,ACTIVE,50,30.409999999999997,679,17,18,2,3,164.76999999999998
07,120251150600140210,ACTIVE,82,30.399999999999995,875,31,29,1,1,97.96
07,120248338395130283,ACTIVE,100,30.330000000000002,725,24,25,2,1,27.979999999999997
07,120246807795430509,ACTIVE,100,30.32,971,17,16,1,1,61.970000000000006
07,120251494191110054,ACTIVE,78,30.19,801,6,10,0,0,0
07,120248474785690152,ACTIVE,100,30.18,1128,20,25,2,1,73.98
07,120243772020840146,PAUSED,100,30.14,740,30,24,2,1,106.71000000000001
07,120244965177310686,PAUSED,80,30.130000000000003,441,14,12,1,0,0
07,120247485225890126,PAUSED,80,30.1,664,16,15,2,0,0
07,120247954410960425,PAUSED,69,29.999999999999996,563,19,19,2,0,0
07,120248137514550561,ACTIVE,100,29.979999999999997,939,31,27,1,1,24.98
07,120248124018900425,PAUSED,135,29.97,453,14,10,0,0,0
07,120246286484520097,ACTIVE,120,29.950000000000003,815,29,31,4,2,96.94999999999999
07,120244761582650436,ACTIVE,100,29.909999999999997,1075,37,38,1,1,41.980000000000004
07,120245823079650320,ACTIVE,100,29.9,840,21,20,1,1,58.77
07,120247114547280509,ACTIVE,85,29.850000000000005,791,12,10,1,1,106.95
07,120247482195350544,ACTIVE,74,29.8,625,13,13,2,2,93.89
07,120244916431500436,PAUSED,100,29.75,891,16,15,1,1,104.66999999999999
07,120254529951780197,PAUSED,100,29.75,495,9,9,1,0,0
07,120249985748090577,ACTIVE,100,29.75,671,30,28,3,2,127.52000000000001
07,120249872725020651,PAUSED,80,29.74,581,22,20,1,0,0
07,120243142609020146,ACTIVE,100,29.68,615,38,31,1,3,127.68
07,120248072969470389,ACTIVE,56,29.68,929,36,35,4,1,59.91
07,120250678039650651,ACTIVE,300,29.619999999999997,727,18,18,4,3,170.02
07,120246222498150752,ACTIVE,75,29.6,677,26,25,2,1,40.97
07,120246219568090241,ACTIVE,100,29.57,620,9,12,0,0,0
07,120247504003740425,ACTIVE,50,29.54,536,9,10,2,0,0
07,120246302058490389,ACTIVE,100,29.45,1023,35,37,3,3,114.69
07,120245124052890686,ACTIVE,80,29.410000000000004,475,10,8,4,3,153.66
07,120245651364050303,PAUSED,80,29.41,476,16,16,2,0,0
07,120247163507460509,PAUSED,50,29.4,1591,24,20,2,0,0
07,120246412451290629,PAUSED,50,29.38,734,22,20,1,0,0
07,120248880534940100,PAUSED,50,29.37,562,16,13,4,1,90.92999999999999
07,120247391144450509,PAUSED,100,29.33,1006,26,23,1,0,0
07,120249179811830725,ACTIVE,100,29.31,1036,14,15,1,1,86.55
07,120243689609840436,PAUSED,50,29.270000000000003,1002,21,21,1,0,0
07,120247921074920168,PAUSED,74,29.240000000000002,774,17,20,0,0,0
07,120244793522550320,ACTIVE,120,29.199999999999996,1024,14,17,3,1,34.07
07,120247467569900455,ACTIVE,50,29.190000000000005,932,25,21,0,0,0
07,120248535997930100,ACTIVE,100,29.12,812,16,19,3,0,0
07,120246250177610320,PAUSED,110,29.089999999999996,735,18,16,0,0,0
07,120247366315930509,ACTIVE,100,29.080000000000002,1191,25,21,2,2,129.64
07,120244213478540707,ACTIVE,100,29.04,547,19,17,2,0,0
07,120244486414960436,PAUSED,100,29.03,789,18,16,1,0,0
07,120246250177540320,PAUSED,110,29.02,861,22,21,0,0,0
07,120246887885530090,PAUSED,50,29.02,564,26,25,2,0,0
07,120245049415260032,PAUSED,100,28.970000000000002,894,33,23,0,0,0
07,120244077730640146,ACTIVE,100,28.92,550,16,14,4,1,75.22
07,120246867532700629,PAUSED,50,28.91,659,22,19,2,0,0
07,120247245979210389,PAUSED,100,28.89,750,36,35,2,0,0
07,120246867532780629,ACTIVE,100,28.79,551,10,12,3,1,176.24
07,120246465900910677,ACTIVE,100,28.770000000000003,702,17,11,2,1,96.41
07,120244561628480678,ACTIVE,106,28.729999999999997,665,18,17,0,0,0
07,120247365568180509,ACTIVE,100,28.6,1004,22,15,3,1,37.980000000000004
07,120243065943950146,PAUSED,150,28.56,698,28,24,0,0,0
07,120248734559300565,ACTIVE,100,28.55,543,23,22,0,0,0
07,120243929504970146,ACTIVE,50,28.549999999999997,808,23,17,0,1,41.980000000000004
07,120249179002100725,PAUSED,100,28.5,644,12,12,0,0,0
07,120251014701600404,ACTIVE,50,28.480000000000004,339,8,10,1,1,74.94
07,120246699106190629,ACTIVE,100,28.48,479,8,7,1,1,113.33
07,120247392329400509,ACTIVE,100,28.42,944,18,15,2,0,0
07,120246257869250707,ACTIVE,80,28.38,601,22,18,2,1,40.86
07,120247865520180544,PAUSED,80,28.37,576,16,13,1,1,27.98
07,120244915858330436,PAUSED,100,28.33,796,17,19,1,0,0
07,120248151945870425,ACTIVE,100,28.33,608,12,14,1,0,0
07,120246773871740629,ACTIVE,50,28.3,680,18,20,2,1,63.910000000000004
07,120247370270380509,PAUSED,101,28.25,1174,22,20,0,0,0
07,120247246390530389,ACTIVE,100,28.14,1147,34,32,1,1,37.05
07,120245097017710677,ACTIVE,100,28.11,676,14,9,0,0,0
07,120244823852300686,PAUSED,50,28.1,494,13,13,1,0,0
07,120247570572060455,ACTIVE,50,28.000000000000004,1381,33,27,0,0,0
07,120249805624030404,ACTIVE,92,27.86,469,18,21,1,0,0
07,120248108038860561,ACTIVE,85,27.86,987,44,37,2,1,24.98
07,120247860181220455,ACTIVE,100,27.85,824,23,21,1,1,84.37
07,120247392329370509,ACTIVE,200,27.810000000000002,862,24,25,5,2,110.9
07,120257220181140586,PAUSED,50,27.77,963,12,9,1,0,0
07,120247246948670509,ACTIVE,100,27.700000000000003,1205,35,26,3,2,125.44
07,120246875316820731,PAUSED,100,27.66,363,14,13,0,0,0
07,120246088780780320,PAUSED,53,27.63,773,11,7,0,0,0
07,120247245482580509,ACTIVE,100,27.55,1005,24,20,2,1,61.97
07,120248017013520389,PAUSED,50,27.529999999999998,867,39,30,2,0,0
07,120245453935880025,PAUSED,100,27.519999999999996,352,6,6,0,0,0
07,120243458344240129,PAUSED,100,27.51,1127,23,17,1,1,66.48
07,120247802943620389,ACTIVE,100,27.47,1164,28,33,2,1,37.06
07,120244505718600686,ACTIVE,80,27.44,422,12,10,1,1,71.21
07,120249265247170651,ACTIVE,80,27.39,676,17,22,1,1,66.02
07,120246299672740751,ACTIVE,115,27.39,733,18,17,5,1,22.98
07,120251692403590054,ACTIVE,73,27.2,601,12,10,1,0,0
07,120247591966310642,ACTIVE,50,27.18,907,17,19,2,0,0
07,120245487786100032,ACTIVE,50,27.179999999999996,616,25,19,4,2,43.959999999999994
07,120250922808060054,PAUSED,100,27.169999999999998,521,11,10,0,0,0
07,120245298343980752,PAUSED,100,27.15,654,19,16,0,0,0
07,120244916431450436,PAUSED,100,27.130000000000003,948,18,19,0,0,0
07,120244883028360686,ACTIVE,80,27.130000000000003,486,11,18,3,3,191.13
07,120248124140310455,ACTIVE,100,27.12,604,8,8,1,0,0
07,120244915705330436,PAUSED,100,27.06,836,21,24,1,1,41.980000000000004
07,120246773871680629,ACTIVE,100,27.019999999999996,566,13,12,2,1,113.33
07,120246559951150097,PAUSED,80,27.019999999999996,802,22,22,0,0,0
07,120246174521100752,PAUSED,75,26.869999999999997,633,28,27,1,0,0
07,120247453928360065,PAUSED,94,26.840000000000003,718,11,12,1,1,67.91
07,120244014492430146,ACTIVE,100,26.789999999999996,789,24,23,1,0,0
07,120248448870780725,ACTIVE,100,26.72,586,19,20,1,1,49.37
07,120245251316060477,PAUSED,100,26.71,392,10,12,1,0,0
07,120246599961620214,ACTIVE,200,26.700000000000003,537,14,14,1,0,0
07,120244076954630146,ACTIVE,100,26.68,568,15,14,1,1,75.21
07,120246971318070629,ACTIVE,100,26.669999999999998,430,10,10,0,0,0
07,120247157340280509,PAUSED,100,26.63,957,17,13,1,0,0
07,120249073800120725,ACTIVE,100,26.62,845,23,20,3,4,274.31
07,120244915930020436,PAUSED,100,26.6,906,20,18,0,0,0
07,120243772698880146,ACTIVE,50,26.37,1045,18,17,1,1,41.980000000000004
07,120247970691610126,PAUSED,80,26.270000000000003,536,15,11,0,0,0
07,120247064860080731,ACTIVE,80,26.18,419,22,23,1,0,0
07,120245571282690707,PAUSED,50,26.1,427,11,10,0,0,0
07,120246100011640752,ACTIVE,84,26.040000000000003,647,23,26,3,0,0
07,120247311646990509,ACTIVE,100,26.04,1175,28,23,1,0,0
07,120246220030610241,ACTIVE,100,26.01,773,20,22,0,0,0
07,120251642537180054,ACTIVE,80,25.97,709,16,17,2,1,31.98
07,120248072969230389,PAUSED,62,25.93,793,15,11,0,0,0
07,120245687813040097,ACTIVE,81,25.9,820,24,19,3,1,61.97
07,120247061773550509,ACTIVE,100,25.880000000000003,1016,24,27,2,1,34.980000000000004
07,120244312405200436,ACTIVE,50,25.87,991,30,30,1,0,0
07,120243958669750146,ACTIVE,100,25.860000000000003,546,12,9,0,0,0
07,120244915743550436,PAUSED,100,25.82,867,21,21,2,0,0
07,120247970691860126,PAUSED,80,25.71,640,16,15,0,0,0
07,120247678231030065,PAUSED,93,25.650000000000002,517,14,13,0,0,0
07,120244076683170146,ACTIVE,100,25.54,626,25,26,4,2,117.2
07,120247367947350509,PAUSED,100,25.51,797,14,11,0,0,0
07,120249283732990100,PAUSED,90,25.5,587,15,12,1,0,0
07,120243227249480177,ACTIVE,100,25.5,379,6,12,2,3,131.16000000000003
07,120249347498580100,PAUSED,91,25.47,371,9,8,0,0,0
07,120246558672090097,ACTIVE,101,25.439999999999998,679,15,19,2,1,61.97
07,120244915705670436,PAUSED,100,25.42,785,15,15,0,0,0
07,120245583667780533,PAUSED,66,25.39,562,14,13,0,0,0
07,120247832290650425,ACTIVE,100,25.36,389,4,4,0,0,0
07,120248155094740425,ACTIVE,100,25.31,494,10,10,0,0,0
07,120251856003590054,ACTIVE,100,25.270000000000003,896,10,10,2,0,0
07,120245205078130630,ACTIVE,56,25.230000000000004,829,12,14,3,0,0
07,120249073752900725,ACTIVE,100,25.209999999999997,697,12,12,2,2,115.53
07,120247365730510509,PAUSED,100,25.119999999999997,865,19,17,1,1,34.980000000000004
07,120243673094650146,ACTIVE,50,25.060000000000002,732,28,23,3,1,41.980000000000004
07,120248849928910725,ACTIVE,100,25,536,12,13,0,0,0
07,120243594040740146,ACTIVE,100,24.93,822,23,26,2,0,0
07,120244915930060436,ACTIVE,100,24.87,800,24,24,1,1,68.23
07,120245987169440477,PAUSED,100,24.66,323,10,8,1,0,0
07,120244915858300436,PAUSED,100,24.659999999999997,873,18,16,0,0,0
07,120248694175490365,ACTIVE,100,24.64,1232,29,28,2,1,60.41
07,120243738734810686,PAUSED,80,24.61,270,9,7,0,0,0
07,120244076954320146,ACTIVE,100,24.57,577,13,13,1,1,43.72
07,120246579308100453,PAUSED,100,24.569999999999997,272,8,9,0,0,0
07,120249533679040019,ACTIVE,50,24.55,457,25,22,2,1,24.98
07,120244078670840146,ACTIVE,100,24.49,626,24,24,2,0,0
07,120244505803880686,ACTIVE,80,24.47,497,14,12,2,2,101.19
07,120248346419460152,ACTIVE,94,24.45,815,16,21,1,1,46.980000000000004
07,120246283838280097,ACTIVE,73,24.400000000000002,808,15,18,3,1,61.96999999999999
07,120249105110140210,ACTIVE,74,24.4,694,17,15,3,1,71.72
07,120246011193300707,PAUSED,50,24.4,565,20,15,0,0,0
07,120251037305040166,PAUSED,30,24.369999999999997,493,18,16,3,1,68.15
07,120248774501890725,PAUSED,100,24.3,645,12,8,0,0,0
07,120247365756650509,PAUSED,100,24.189999999999998,1001,14,15,0,0,0
07,120245685799910707,PAUSED,50,24.17,465,19,15,1,0,0
07,120247280578260065,ACTIVE,100,24.13,560,11,12,1,1,63.91
07,120245532692360630,ACTIVE,73,24.07,840,16,17,3,2,107.42999999999999
07,120247952380170544,ACTIVE,90,24,431,8,8,0,0,0
07,120245490989200133,ACTIVE,80,24,440,13,11,1,0,0
07,120248737641910722,ACTIVE,80,23.979999999999997,342,15,15,0,0,0
07,120242700474110358,PAUSED,100,23.759999999999998,559,7,7,0,0,0
07,120246902635090175,PAUSED,86,23.75,808,17,17,0,0,0
07,120246562589300629,ACTIVE,50,23.75,432,18,17,2,1,36.949999999999996
07,120245045578670686,ACTIVE,80,23.71,351,8,6,1,1,29.98
07,120248823290310722,ACTIVE,80,23.619999999999997,360,10,11,1,0,0
07,120246777147040214,ACTIVE,80,23.56,407,10,9,0,0,0
07,120246697447920610,ACTIVE,80,23.55,320,11,9,1,0,0
07,120243772061640146,ACTIVE,100,23.52,536,18,17,1,1,75.22
07,120247866311490389,PAUSED,100,23.509999999999998,752,32,30,0,0,0
07,120251037305290166,ACTIVE,500,23.48,669,19,22,5,3,91.13000000000001
07,120247815782080642,ACTIVE,122,23.370000000000005,622,24,23,1,1,37.949999999999996
07,120244404574840678,ACTIVE,79,23.32,622,16,16,1,1,57.98
07,120246088780810320,ACTIVE,106,23.290000000000003,546,5,9,2,0,0
07,120251014701570404,ACTIVE,80,23.28,382,10,7,1,0,0
07,120244483074140436,PAUSED,100,23.24,773,17,13,0,0,0
07,120243429905930146,ACTIVE,100,23.19,616,17,17,4,1,75.21000000000001
07,120247972621170389,ACTIVE,100,23.16,825,24,25,0,0,0
07,120247508094040725,ACTIVE,100,23.16,730,10,11,1,1,49.37
07,120247797464010126,ACTIVE,80,23.13,563,9,10,1,1,46.230000000000004
07,120245466475590630,ACTIVE,110,23.119999999999997,672,22,22,5,3,234.42000000000002
07,120247247927900509,ACTIVE,79,23.11,859,23,22,1,0,0
07,120245264539280177,ACTIVE,100,23.1,392,18,19,0,0,0
07,120248201085040469,PAUSED,80,23.05,486,13,12,0,0,0
07,120249390394480054,ACTIVE,68,23,558,10,12,1,1,31.979999999999997
07,120246985821510043,PAUSED,70,22.88,243,11,10,0,0,0
07,120245063703470133,ACTIVE,80,22.83,628,20,24,1,1,66.02000000000001
07,120248108038930561,ACTIVE,85,22.770000000000003,589,17,21,2,1,57.96
07,120246518965620674,ACTIVE,100,22.77,429,14,15,0,0,0
07,23857331534270799,ACTIVE,50,22.75,243,8,9,3,1,27.979999999999997
07,120246196163050707,PAUSED,80,22.720000000000002,417,10,10,0,0,0
07,120246686798620214,ACTIVE,100,22.71,411,20,20,2,0,0
07,120248737641880722,PAUSED,68,22.63,352,14,15,0,0,0
07,120244500948650177,ACTIVE,100,22.62,498,19,23,4,1,29.98
07,120249447732030577,ACTIVE,68,22.5,813,25,26,1,0,0
07,120248430211380152,ACTIVE,80,22.380000000000003,623,19,22,0,0,0
07,120245044044890686,ACTIVE,80,22.35,400,16,14,2,1,29.980000000000004
07,6968638622626,ACTIVE,50,22.3,473,14,12,1,0,0
07,120249447732060577,ACTIVE,68,22.29,888,23,17,1,1,41.97
07,120244916355270436,PAUSED,100,22.28,762,3,2,0,0,0
07,120244418309490436,ACTIVE,100,22.22,775,20,19,1,0,0
07,120246169445790320,ACTIVE,108,22.21,640,13,15,2,1,34.06999999999999
07,120250691304310722,ACTIVE,40,22.11,306,19,18,2,0,0
07,120244264704420436,ACTIVE,100,22.09,874,15,17,1,0,0
07,120247245864910389,ACTIVE,100,22.020000000000003,614,29,30,5,2,144.26999999999998
07,120246902634980175,PAUSED,86,22,602,14,14,2,0,0
07,120245490989600133,ACTIVE,80,21.97,395,12,12,1,1,37.980000000000004
07,120244077730710146,ACTIVE,100,21.96,473,13,10,0,0,0
07,120245943231800173,ACTIVE,120,21.93,539,18,21,2,2,111.33
07,120247365730540509,PAUSED,100,21.92,769,17,15,1,0,0
07,120249057598540663,ACTIVE,50,21.81,295,10,11,1,0,0
07,120245198116820177,ACTIVE,50,21.759999999999998,420,9,12,0,1,89.93
07,120249263766000247,ACTIVE,100,21.71,712,12,10,0,0,0
07,120244447104190303,ACTIVE,80,21.690000000000005,534,13,11,1,0,0
07,120244566387920788,PAUSED,50,21.659999999999997,437,16,14,0,0,0
07,120245045512490686,ACTIVE,80,21.58,307,17,14,2,1,29.98
07,120246107235900707,PAUSED,82,21.57,423,14,11,0,0,0
07,120248201085010469,PAUSED,80,21.560000000000002,473,10,9,0,0,0
07,120244963676310686,ACTIVE,80,21.56,290,12,12,0,1,53.51
07,120248155094770425,ACTIVE,100,21.439999999999998,406,9,10,2,0,0
07,120247615799520561,PAUSED,50,21.410000000000004,405,22,15,0,0,0
07,120245213356490125,PAUSED,80,21.390000000000004,401,10,10,0,0,0
07,120245511607120780,ACTIVE,80,21.39,477,11,10,0,0,0
07,120247059116570175,PAUSED,87,21.389999999999997,679,12,12,1,0,0
07,120245515771490533,PAUSED,100,21.38,591,27,29,1,0,0
07,120246182718940752,ACTIVE,100,21.289999999999996,326,5,6,0,0,0
07,120246257869280707,PAUSED,80,21.27,369,14,14,1,0,0
07,120249754760810019,ACTIVE,100,21.27,407,17,15,2,1,29.98
07,120246804547640175,ACTIVE,100,21.25,889,24,32,0,0,0
07,120248566051210152,ACTIVE,80,21.12,625,7,6,1,1,46.980000000000004
07,120247366316010509,PAUSED,100,21.11,880,12,10,0,0,0
07,120244749895840686,PAUSED,80,21.08,349,14,15,0,0,0
07,120243629084100705,ACTIVE,80,21.04,346,17,18,0,0,0
07,120246697447950610,ACTIVE,80,20.9,328,10,10,1,1,29.979999999999997
07,120246579308140453,ACTIVE,100,20.88,363,13,12,1,0,0
07,120247446150270425,PAUSED,100,20.85,248,8,7,0,0,0
07,120244911557470436,ACTIVE,100,20.82,815,17,16,2,1,68.23
07,120246880890560629,ACTIVE,100,20.82,422,7,10,2,1,63.91
07,120244581910630686,ACTIVE,80,20.8,298,7,7,1,1,51.22
07,120245045033420177,ACTIVE,100,20.69,429,10,9,1,0,0
07,120244918988320303,ACTIVE,40,20.68,419,18,19,2,1,26.98
07,120246299721450751,ACTIVE,115,20.61,442,15,17,0,0,0
07,120245463474020177,ACTIVE,100,20.520000000000003,250,13,12,0,0,0
07,120244446224590630,ACTIVE,74,20.5,649,16,17,4,0,0
07,120247059116590175,PAUSED,87,20.49,536,15,13,1,0,0
07,120248566048970152,ACTIVE,80,20.48,682,5,5,0,0,0
07,120243629084050705,PAUSED,80,20.380000000000003,307,13,12,0,0,0
07,120249438225460064,ACTIVE,100,20.36,368,9,11,1,0,0
07,120244076700670146,ACTIVE,100,20.33,701,19,21,3,1,41.980000000000004
07,120250703936480404,ACTIVE,92,20.29,312,12,19,0,0,0
07,120257487876160586,ACTIVE,50,20.27,465,11,10,1,2,78.35
07,120245292365960179,ACTIVE,100,20.26,630,23,24,1,0,0
07,120244824816070686,ACTIVE,80,20.240000000000002,352,9,8,3,2,81.19999999999999
07,120247365568120509,PAUSED,100,20.22,879,24,21,1,0,0
07,120246174521010752,ACTIVE,75,20.02,489,20,17,1,1,54.96
07,120246777147100214,ACTIVE,80,20.009999999999998,378,10,11,2,1,42.95
07,6966949200095,PAUSED,100,20.009999999999998,219,8,5,0,0,0
07,120248819218450019,ACTIVE,150,19.93,376,16,18,4,1,29.98
07,120244911557440436,ACTIVE,100,19.83,966,37,36,1,0,0
07,120246338028120241,ACTIVE,100,19.81,1423,22,25,2,1,41.98
07,120246299672680751,ACTIVE,68,19.619999999999997,507,15,12,0,0,0
07,120250448461180210,ACTIVE,74,19.590000000000003,562,9,9,2,0,0
07,120245334634580630,ACTIVE,77,19.53,630,15,15,3,1,40.97
07,120248558918190695,ACTIVE,80,19.53,814,8,11,0,0,0
07,120244165647870788,PAUSED,50,19.53,308,6,5,0,0,0
07,120250838901590404,ACTIVE,50,19.490000000000002,318,15,14,1,1,97.96
07,120247862754470462,ACTIVE,73,19.479999999999997,339,9,12,0,0,0
07,120245889270610065,ACTIVE,40,19.459999999999997,621,11,8,2,2,79.5
07,120249062394220019,ACTIVE,50,19.42,347,19,21,1,0,0
07,120246196163490707,PAUSED,80,19.38,432,13,11,2,0,0
07,120243924560270146,ACTIVE,100,19.29,484,13,15,1,0,0
07,120247829146440561,ACTIVE,76,19.22,399,12,17,1,0,0
07,120241972248380630,ACTIVE,47,19.21,519,12,12,0,0,0
07,120246619814510549,ACTIVE,85,19.119999999999997,375,15,17,1,1,53.22
07,120248150860660425,PAUSED,100,19.06,240,7,7,0,0,0
07,120247267358630509,ACTIVE,100,19.05,297,0,5,0,0,0
07,120248318269050152,ACTIVE,80,18.95,517,12,12,2,1,73.98
07,120244015116230146,PAUSED,100,18.89,567,14,9,0,0,0
07,120246182405550752,ACTIVE,100,18.87,372,5,9,0,0,0
07,120257487343530586,ACTIVE,200,18.790000000000003,511,20,19,3,2,78.35
07,120248289243870469,PAUSED,80,18.72,304,3,3,0,0,0
07,120246619814540549,ACTIVE,55,18.68,330,7,8,1,1,53.22
07,120245583666590533,PAUSED,50,18.53,661,15,18,0,0,0
07,120248604432660663,ACTIVE,80,18.529999999999998,253,8,10,0,0,0
07,120246666123990477,ACTIVE,100,18.44,323,13,11,3,2,59.959999999999994
07,120248288633070389,PAUSED,81,18.43,537,12,9,1,0,0
07,120249755037190019,PAUSED,50,18.36,427,17,16,0,0,0
07,120246707623720509,ACTIVE,78,18.349999999999998,447,15,16,1,1,59.62
07,120245224111660179,ACTIVE,80,18.31,844,13,17,2,0,0
07,120244076631460146,ACTIVE,100,18.270000000000003,434,13,15,3,1,41.98
07,120250837944350404,ACTIVE,50,18.24,416,17,12,1,0,0
07,120246177720600032,ACTIVE,73,18.230000000000004,478,24,21,3,1,21.979999999999997
07,120251953956170054,ACTIVE,100,18.2,342,2,2,0,0,0
07,120251063106910166,PAUSED,30,18.119999999999997,407,16,16,2,0,0
07,120249824676430057,ACTIVE,100,18.05,258,19,21,1,1,41.98
07,120248108608420544,PAUSED,80,18.04,342,11,8,0,0,0
07,120246597569540214,ACTIVE,80,18.02,378,11,11,0,0,0
07,120245463311260177,ACTIVE,100,17.93,192,3,4,1,1,29.98
07,120246559887790097,ACTIVE,80,17.91,612,25,24,2,0,0
07,120244566743750788,PAUSED,50,17.900000000000002,300,9,9,0,0,0
07,120246177720650032,ACTIVE,73,17.87,401,18,18,3,1,37.27
07,120247160674020043,ACTIVE,70,17.84,385,17,16,1,0,0
07,120245889270720065,ACTIVE,40,17.75,612,13,12,0,0,0
07,120251026838540210,ACTIVE,84,17.75,528,17,17,0,0,0
07,120257559013710586,ACTIVE,30,17.75,460,9,7,0,0,0
07,120244076700620146,ACTIVE,100,17.740000000000002,696,19,24,1,0,0
07,120248554270560695,ACTIVE,80,17.63,721,13,14,1,1,37.98
07,120248108495610544,PAUSED,80,17.619999999999997,322,6,5,2,1,27.98
07,6973002166826,ACTIVE,50,17.57,391,5,4,1,0,0
07,120248108495570544,PAUSED,80,17.53,417,7,8,1,1,27.98
07,120247391019010168,ACTIVE,52,17.48,422,9,13,1,0,0
07,120244078670200146,ACTIVE,100,17.34,432,15,18,0,0,0
07,120249057669240663,ACTIVE,50,17.28,301,9,7,1,1,66.02000000000001
07,23857331534250799,PAUSED,50,17.16,171,6,5,0,0,0
07,120243211134690146,ACTIVE,100,17.01,489,12,17,4,3,159.17000000000002
07,120245292235740179,ACTIVE,100,16.98,666,16,18,1,0,0
07,120245224035350179,ACTIVE,80,16.96,736,19,22,1,1,49.37
07,120250015822460577,PAUSED,100,16.95,304,6,5,0,0,0
07,120244076721430146,ACTIVE,100,16.919999999999998,377,7,7,0,0,0
07,120247952380210544,ACTIVE,90,16.849999999999998,452,6,8,0,0,0
07,120245481989440065,ACTIVE,40,16.73,459,16,12,2,1,49.52
07,120246338247960241,ACTIVE,100,16.7,1194,29,30,0,0,0
07,120248224809960389,PAUSED,80,16.69,651,24,19,5,0,0
07,120248151946060425,PAUSED,100,16.69,347,6,5,0,0,0
07,120250691304360722,PAUSED,40,16.66,229,3,2,0,0,0
07,120247601292330065,ACTIVE,50,16.64,348,16,15,0,0,0
07,120251953466380054,ACTIVE,50,16.63,267,5,5,1,1,31.98
07,120246488525160097,PAUSED,100,16.59,588,12,11,0,0,0
07,120247040934670629,ACTIVE,100,16.59,805,8,10,1,1,113.33000000000001
07,120248159215810389,PAUSED,79,16.580000000000002,402,15,12,1,0,0
07,120244078600520146,ACTIVE,100,16.5,426,17,16,1,1,75.22
07,120246182500340752,ACTIVE,100,16.439999999999998,226,13,12,0,0,0
07,120245481989400065,ACTIVE,40,16.25,401,9,10,0,0,0
07,120249709883650577,PAUSED,100,16.22,300,8,7,0,0,0
07,120245044044870686,ACTIVE,80,16.21,259,5,4,2,2,122.42999999999999
07,120247040711430629,ACTIVE,100,16.2,458,8,10,0,0,0
07,120248107941650544,PAUSED,80,16.150000000000002,350,7,7,1,0,0
07,120246299721620751,ACTIVE,68,15.86,332,16,16,1,0,0
07,120250747283060166,PAUSED,50,15.85,471,12,11,2,1,24.98
07,120245706384310533,PAUSED,67,15.7,588,11,10,1,0,0
07,120251314640370210,ACTIVE,50,15.620000000000001,355,9,10,0,0,0
07,120249062394160019,ACTIVE,80,15.610000000000001,234,16,15,2,0,0
07,120251314539200210,ACTIVE,50,15.57,466,12,12,1,1,41.980000000000004
07,120244076500250146,ACTIVE,100,15.56,365,19,19,0,0,0
07,120246666193770477,ACTIVE,100,15.549999999999999,318,14,14,2,1,51.21
07,120244076650050146,ACTIVE,100,15.469999999999999,425,12,12,0,0,0
07,120257559013880586,ACTIVE,30,15.280000000000001,478,20,15,2,1,28.98
07,120248138150990469,PAUSED,80,15.27,211,1,1,0,0,0
07,120246488537710097,PAUSED,80,15.200000000000001,399,8,8,0,0,0
07,120244078600240146,ACTIVE,100,15.100000000000001,527,14,13,0,0,0
07,120248557488550695,ACTIVE,80,15.06,589,5,7,0,1,92.41
07,120246818759970303,ACTIVE,40,14.989999999999998,292,10,9,1,1,43.97
07,120247702154240544,ACTIVE,73,14.81,336,4,4,0,0,0
07,120248980523880019,PAUSED,50,14.75,233,15,14,0,0,0
07,120245842698410677,PAUSED,100,14.7,451,6,5,0,0,0
07,120246928961250175,ACTIVE,100,14.41,317,8,8,0,0,0
07,120246135470290032,ACTIVE,100,14.349999999999998,354,13,11,0,0,0
07,120248108232400544,ACTIVE,80,14.34,453,9,8,0,0,0
07,6973002165426,ACTIVE,50,14.25,353,8,7,0,0,0
07,120248574839520695,ACTIVE,50,14.219999999999999,377,9,9,1,0,0
07,120248057050710561,PAUSED,60,14.150000000000002,427,10,10,1,0,0
07,120247018754190126,ACTIVE,80,14.14,288,7,14,1,0,0
07,120248812003990116,ACTIVE,100,14.11,384,21,21,0,0,0
07,120246169445720320,ACTIVE,108,14.02,494,4,8,2,1,58.77
07,120246802025580509,ACTIVE,42,13.95,391,17,13,0,0,0
07,120244076631420146,ACTIVE,100,13.940000000000001,443,15,15,3,1,75.22
07,120246559951040097,PAUSED,80,13.94,341,8,6,0,0,0
07,120247601292310065,ACTIVE,50,13.93,339,9,12,2,1,49.51
07,120247040934570629,ACTIVE,100,13.820000000000002,687,12,12,0,0,0
07,120248503799160116,ACTIVE,74,13.62,283,13,19,2,1,39.980000000000004
07,120248811958530116,ACTIVE,100,13.580000000000002,244,12,13,1,0,0
07,23857304059010799,ACTIVE,50,13.57,139,6,5,0,0,0
07,120245881655400509,ACTIVE,41,13.5,437,10,7,3,2,123.93999999999998
07,120246285677030241,PAUSED,100,13.360000000000001,569,9,6,1,1,41.98
07,120245021443910179,PAUSED,80,13.36,513,8,7,0,0,0
07,120249646481980279,ACTIVE,80,13.36,283,8,8,1,1,27.98
07,120247799916380462,ACTIVE,35,13.3,232,7,7,0,0,0
07,120244164847370788,PAUSED,50,13.23,281,4,3,0,0,0
07,120247130849060090,PAUSED,50,12.95,142,5,6,0,0,0
07,120247597779990751,ACTIVE,40,12.8,238,11,13,0,0,0
07,120256572736650586,ACTIVE,200,12.7,299,8,5,2,0,0
07,120249533650900019,PAUSED,50,12.69,196,6,7,1,0,0
07,120248108608490544,PAUSED,80,12.58,254,4,4,0,0,0
07,120250501589950722,ACTIVE,68,12.34,141,8,8,1,1,52.660000000000004
07,120249533650850019,PAUSED,50,12.23,192,10,9,0,0,0
07,120244761869050436,ACTIVE,100,12.219999999999999,400,4,9,0,0,0
07,6993911147495,PAUSED,100,11.93,224,1,1,0,0,0
07,120247799916400462,ACTIVE,35,11.75,314,10,12,0,0,0
07,120244216235640630,ACTIVE,52,11.75,346,11,11,3,2,54.96
07,23857304059050799,ACTIVE,50,11.719999999999999,140,5,6,0,0,0
07,120247040711030629,ACTIVE,100,11.71,257,7,6,0,0,0
07,120250501589970722,PAUSED,40,11.71,172,5,4,0,0,0
07,120249134484060166,PAUSED,30,11.69,213,6,5,1,1,24.98
07,120246929317920175,ACTIVE,100,11.649999999999999,281,5,5,1,1,57.900000000000006
07,120246929603830175,ACTIVE,100,11.58,230,9,9,1,1,24.96
07,120247267347000509,ACTIVE,100,11.36,266,7,6,0,0,0
07,120256254668930586,ACTIVE,25,11.22,343,15,13,1,0,0
07,120248615909580019,PAUSED,50,11.16,166,1,1,0,0,0
07,120247313991580561,PAUSED,50,11.030000000000001,289,4,4,0,0,0
07,120249739079790279,ACTIVE,80,11.02,178,4,5,0,0,0
07,120251063107220166,PAUSED,30,10.829999999999998,246,9,8,0,0,0
07,120248429859550116,ACTIVE,101,10.790000000000001,191,8,7,0,0,0
07,120244235259940678,ACTIVE,30,10.739999999999998,290,7,6,0,0,0
07,120244566507460788,PAUSED,50,10.71,196,2,2,0,0,0
07,120244761869100436,ACTIVE,100,10.68,388,13,18,1,0,0
07,120248025171210561,ACTIVE,86,10.68,460,10,12,2,2,99.91
07,120247799916320462,ACTIVE,35,10.540000000000001,389,14,11,0,0,0
07,120246818759010303,ACTIVE,40,10.530000000000001,220,9,11,1,0,0
07,120246907642230291,ACTIVE,80,10.52,244,10,10,1,0,0
07,120257359768220586,ACTIVE,30,10.52,344,5,3,0,0,0
07,120250895021460586,ACTIVE,25,10.42,301,15,13,1,0,0
07,120249152473440247,ACTIVE,100,10.39,231,12,12,1,1,38.17
07,120257221973410586,ACTIVE,25,10.309999999999999,240,7,8,0,0,0
07,120248302725660389,ACTIVE,100,10.26,294,17,15,1,0,0
07,120248121376990544,ACTIVE,80,10.14,294,5,4,2,1,27.979999999999997
07,120246971373670629,ACTIVE,100,10.129999999999999,206,3,4,0,0,0
07,120249057927140663,PAUSED,50,9.959999999999999,103,2,2,0,0,0
07,120244418309400436,ACTIVE,100,9.879999999999999,304,4,5,1,0,0
07,120248302725690389,ACTIVE,100,9.870000000000001,349,8,10,0,0,0
07,120248958340820725,ACTIVE,100,9.85,165,3,3,0,0,0
07,120250596545850709,ACTIVE,100,9.56,197,3,4,0,0,0
07,120251954196980054,ACTIVE,50,9.4,173,6,5,0,0,0
07,120248302912210389,ACTIVE,100,9.379999999999999,260,7,8,0,0,0
07,120248121376260544,PAUSED,80,9.33,204,3,3,0,0,0
07,120252326382630348,PAUSED,80,9.29,124,3,4,1,1,95.7
07,120246145595780470,PAUSED,20,9.200000000000001,92,3,2,0,0,0
07,120247597780010751,ACTIVE,40,9.11,160,5,4,2,2,85.94
07,120251062504040166,PAUSED,30,9.05,169,3,2,0,0,0
07,120249031617290603,ACTIVE,50,8.850000000000001,121,1,3,0,0,0
07,120246145719630470,ACTIVE,20,8.719999999999999,133,4,4,0,0,0
07,120248082904030663,ACTIVE,80,8.709999999999999,106,4,6,1,1,140.23999999999998
07,120248302449150389,ACTIVE,100,8.6,296,11,13,2,0,0
07,120248025171070561,ACTIVE,86,8.469999999999999,290,8,9,3,0,0
07,120245842687140677,PAUSED,100,8.41,217,2,1,1,1,96.41
07,120248302616530389,ACTIVE,100,8.28,306,6,7,0,0,0
07,120246145791530470,ACTIVE,20,8.26,123,5,5,0,0,0
07,120244566743700788,PAUSED,50,8.25,144,1,1,0,0,0
07,120247115989200291,ACTIVE,80,8.22,215,9,9,0,0,0
07,120247653059200586,ACTIVE,25,7.71,305,8,5,0,0,0
07,120248302449280389,ACTIVE,100,7.64,282,8,12,2,0,0
07,120248298800180389,ACTIVE,100,7.51,245,8,7,1,0,0
07,120246145364940470,ACTIVE,50,7.16,129,3,2,0,0,0
07,120246145189280470,ACTIVE,50,7.04,130,3,5,2,1,68.01
07,120246551461500674,ACTIVE,80,6.94,183,0,9,0,0,0
07,120248298800110389,ACTIVE,100,6.9,210,8,10,0,0,0
07,120248302912110389,ACTIVE,100,6.6899999999999995,200,8,11,1,0,0
07,120248302852090389,ACTIVE,100,6.67,288,11,12,1,0,0
07,120245463210960177,ACTIVE,100,6.51,85,3,3,0,0,0
07,120246285367430241,PAUSED,100,6.51,310,2,2,0,0,0
07,120246388250070241,PAUSED,100,6.29,220,5,5,0,0,0
07,120246581316290126,ACTIVE,80,6.27,252,4,5,0,0,0
07,120247130848980090,PAUSED,50,6.16,45,1,1,0,0,0
07,120247115989130291,ACTIVE,80,5.92,159,5,6,0,0,0
07,120246145365240470,ACTIVE,50,5.57,139,5,6,1,1,39.98
07,120247196420340465,ACTIVE,10,5.26,101,9,8,0,0,0
07,120246145506950470,ACTIVE,50,5.14,133,3,3,0,0,0
07,120246145507030470,ACTIVE,50,4.76,154,3,4,0,0,0
07,120248302852030389,ACTIVE,100,4.6,120,5,6,1,0,0
07,120246145189200470,ACTIVE,50,4.55,123,0,2,0,0,0
07,120250596505340709,ACTIVE,100,4.54,101,3,4,1,1,46.37
07,120248573692120695,ACTIVE,90,4.51,85,1,1,0,0,0
07,120257469008430586,ACTIVE,30,4.470000000000001,132,4,3,1,1,28.98
07,120247797108450126,ACTIVE,80,4.29,73,1,1,0,0,0
07,120246145720920470,PAUSED,20,4.13,45,1,0,0,0,0
07,120247116212280291,ACTIVE,80,3.8800000000000003,63,10,8,0,0,0
07,120247196420760465,ACTIVE,10,3.81,93,2,3,0,0,0
07,120257469008460586,ACTIVE,30,3.59,114,1,2,0,0,0
07,120247116212010291,ACTIVE,80,3.5500000000000003,69,2,2,0,0,0
07,120247804598860431,ACTIVE,150,3.1599999999999997,78,3,3,1,1,28.98
07,120246551175300674,ACTIVE,100,3.11,94,0,0,0,0,0
07,120248573670680695,ACTIVE,90,3.08,104,1,1,0,0,0
07,120246145792030470,PAUSED,20,2.61,41,2,2,0,0,0
07,120245825448150533,ACTIVE,100,2.55,68,0,0,0,0,0
07,120244349823030686,ACTIVE,100,1.75,39,1,1,1,1,71.21
07,120245241702630470,ACTIVE,5,1.71,50,2,3,0,0,0
07,120245099365240470,ACTIVE,5,1.65,55,0,0,0,0,0
07,120245136181790470,ACTIVE,5,1.34,20,2,2,0,0,0
07,120245136181480470,ACTIVE,5,1.3299999999999998,31,1,1,0,0,0
07,120248299568450431,ACTIVE,80,1.32,22,0,1,0,0,0
07,120246145595980470,PAUSED,20,1.29,38,0,0,0,0,0
07,120243727386670470,ACTIVE,5,1.2600000000000002,34,3,2,0,0,0
07,120240849899190788,ACTIVE,10,1.11,14,0,0,0,0,0
07,120245691728160470,ACTIVE,5,1.06,37,1,1,0,0,0
07,120243723839750678,PAUSED,100,0.74,24,2,2,0,0,0
07,120249714435380166,PAUSED,30,0.67,15,1,1,0,0,0
07,120248299568480431,ACTIVE,80,0.21,12,0,1,0,0,0
07,120244477269830678,PAUSED,100,0.21,6,0,0,0,0,0
07,120249335000310166,PAUSED,30,0.07,3,0,0,0,0,0
07,120249375397370064,PAUSED,100,0,0,0,1,1,0,0
07,120247828626130751,ACTIVE,100,0,0,0,0,0,0,0
07,120249409076720589,ACTIVE,100,0,0,0,0,0,0,0
07,120249410938120589,ACTIVE,100,0,0,0,0,0,0,0
07,120249411708990589,ACTIVE,100,0,0,0,0,0,0,0
07,120249415811790589,ACTIVE,100,0,0,0,0,0,0,0
07,120249415903450589,ACTIVE,100,0,0,0,0,0,0,0
07,120249416146940589,ACTIVE,100,0,0,0,0,0,0,0
07,120246551175210674,ACTIVE,100,0,0,0,1,0,0,0
07,120244114789840146,ACTIVE,100,0,0,0,0,0,0,0
07,120247802797890425,PAUSED,111,0,0,0,0,0,0,0
07,120247802797810425,PAUSED,111,0,0,0,0,0,0,0
07,120247986827960425,PAUSED,100,0,0,0,0,0,0,0
07,120244505802680686,PAUSED,80,0,0,0,1,0,0,0
07,120248036926730544,PAUSED,80,0,0,0,1,0,0,0
07,120244569933480320,PAUSED,120,0,0,0,1,0,0,0
07,120244750156460686,PAUSED,80,0,0,0,0,0,0,0
07,120249533719420019,PAUSED,45,0,0,0,1,0,0,0
07,120244880653370686,PAUSED,100,0,0,0,0,0,0,0
07,120248057050630561,PAUSED,60,0,0,0,0,0,0,0
07,120244911471140436,PAUSED,100,0,0,0,0,0,0,0
07,120246551258310674,PAUSED,80,0,0,0,0,0,0,0
07,120246551461460674,ACTIVE,80,0,0,0,1,0,0,0
07,120247742995470065,ACTIVE,100,0,0,0,0,0,0,0
07,120247742995440065,ACTIVE,100,0,0,0,0,0,0,0
07,120247739160700425,PAUSED,111,0,0,0,0,0,0,0
07,120248057050720561,PAUSED,60,0,0,0,0,0,0,0
07,120244911471280436,PAUSED,100,0,0,0,0,0,0,0
07,120246145304640470,PAUSED,50,0,0,0,0,0,0,0
07,120246145304610470,PAUSED,50,0,0,0,0,0,0,0
07,120250139848270577,ACTIVE,100,0,0,0,0,0,0,0
07,120246054251240173,ACTIVE,100,0,0,0,0,0,0,0
07,120248147750980544,ACTIVE,80,0,0,0,0,0,0,0
07,120244963644620686,PAUSED,80,0,0,0,0,0,0,0
07,120247591402040065,PAUSED,100,0,0,0,0,0,0,0
07,120246625257750453,PAUSED,100,0,0,0,0,0,0,0
07,120248147803220544,ACTIVE,80,0,0,0,0,0,0,0
07,120245021443960179,PAUSED,80,0,0,0,0,0,0,0
07,120246625257810453,PAUSED,100,0,0,0,0,0,0,0
07,120248150921990425,PAUSED,100,0,0,0,0,0,0,0
07,120246054251210173,ACTIVE,100,0,0,0,0,0,0,0
07,120246054202660173,ACTIVE,100,0,0,0,0,0,0,0
07,120246631185460453,PAUSED,100,0,0,0,0,0,0,0
07,120246631185540453,PAUSED,100,0,0,0,0,0,0,0
07,120246657519530455,PAUSED,50,0,0,0,0,0,0,0
07,120247526522490425,PAUSED,100,0,0,0,0,0,0,0
07,120246054202590173,ACTIVE,100,0,0,0,0,0,0,0
07,120244015261070146,PAUSED,100,0,0,0,0,0,0,0
07,120246054157300173,ACTIVE,100,0,0,0,3,0,0,0
07,120246887363960509,PAUSED,100,0,0,0,0,0,0,0
07,120246054157270173,ACTIVE,100,0,0,0,3,0,0,0
07,120244015261060146,PAUSED,100,0,0,0,0,0,0,0
07,120248162820870389,PAUSED,100,0,0,0,0,0,0,0
07,120247392291490509,PAUSED,100,0,0,0,0,0,0,0
07,120247392291430509,PAUSED,100,0,0,0,0,0,0,0
07,120248812040790116,PAUSED,100,0,0,0,2,0,0,0
07,120245956936730320,PAUSED,100,0,0,0,0,0,0,0
07,120245956936680320,PAUSED,50,0,0,0,4,0,0,0
07,120248184359340354,PAUSED,200,0,0,0,2,0,0,0
07,120248771595920283,ACTIVE,100,0,0,0,0,0,0,0
07,120248771595650283,ACTIVE,100,0,0,0,0,0,0,0
07,120244014492200146,PAUSED,100,0,0,0,0,0,0,0
07,120244014260570146,PAUSED,100,0,0,0,0,0,0,0
07,120251239771490586,PAUSED,25,0,0,0,0,0,0,0
07,120244014225950146,PAUSED,100,0,0,0,0,0,0,0
07,120245901615420707,PAUSED,100,0,0,0,0,0,0,0
07,120247051620620509,PAUSED,100,0,0,0,1,0,0,0
07,120247362345500425,PAUSED,100,0,0,0,0,0,0,0
07,120247064860400731,PAUSED,80,0,0,0,1,0,0,0
07,120247110428960175,ACTIVE,100,0,0,0,0,0,0,0
07,120247110512200175,ACTIVE,100,0,0,0,0,0,0,0
07,120247110764820175,ACTIVE,100,0,0,0,0,0,0,0
07,120247314213280509,PAUSED,100,0,0,0,0,0,0,0
07,120248207465980561,ACTIVE,60,0,0,0,0,0,0,0
07,120247313795220509,PAUSED,100,0,0,0,0,0,0,0
07,120247313696440509,PAUSED,100,0,0,0,0,0,0,0
07,120247313666680509,PAUSED,100,0,0,0,0,0,0,0
07,120247313590630509,PAUSED,100,0,0,0,0,0,0,0
07,120247313590570509,PAUSED,100,0,0,0,0,0,0,0
07,120248207466280561,ACTIVE,60,0,0,0,0,0,0,0
07,120245833240990707,PAUSED,80,0,0,0,0,0,0,0
07,120252458707720586,PAUSED,100,0,0,0,0,0,0,0
07,120243593603170146,PAUSED,500,0,0,0,0,0,0,0
07,120245833240950707,PAUSED,80,0,0,0,0,0,0,0
07,120248298471880389,PAUSED,100,0,0,0,0,0,0,0
07,120243302068140470,PAUSED,100,0,0,0,2,0,0,0
07,120247117519720629,ACTIVE,100,0,0,0,0,0,0,0
07,120248585697040695,ACTIVE,50,0,1,0,0,0,0,0
07,120247117862750629,ACTIVE,100,0,0,0,0,0,0,0
07,120248585696940695,ACTIVE,50,0,0,0,0,0,0,0
07,120242059074960146,PAUSED,100,0,0,0,1,0,0,0
07,120248574839550695,ACTIVE,50,0,0,0,0,0,0,0
07,120247118332680629,ACTIVE,100,0,0,0,0,0,0,0
07,120256678317220586,PAUSED,45,0,0,0,0,0,0,0
07,120248298471980389,PAUSED,100,0,0,0,0,0,0,0
07,120248565530720152,ACTIVE,100,0,0,0,0,0,0,0
07,120248565368580152,ACTIVE,100,0,0,0,0,0,0,0
07,120248565223490152,ACTIVE,100,0,0,0,0,0,0,0
07,120247245482410509,PAUSED,100,0,0,0,0,0,0,0
07,120247244234580509,PAUSED,100,0,0,0,0,0,0,0
07,120247244169600509,PAUSED,100,0,0,0,0,0,0,0
07,120248512806070048,PAUSED,100,0,0,0,0,0,0,0
07,120247195225310465,PAUSED,100,0,0,0,0,0,0,0
07,120247237472270043,PAUSED,70,0,0,0,0,0,0,0
07,120247195225360465,PAUSED,100,0,0,0,0,0,0,0
07,120241273866440146,PAUSED,1116,0,0,0,3,0,0,0
07,120247195225440465,PAUSED,100,0,0,0,0,0,0,0
07,120248335985820354,PAUSED,80,0,0,0,1,0,0,0
07,120248482685330695,PAUSED,60,0,0,0,1,0,0,0
07,120246302096860389,PAUSED,100,0,0,0,0,0,0,0
07,120248482530260695,PAUSED,50,0,0,0,1,0,0,0
07,120246377100470097,PAUSED,80,0,0,0,0,0,0,0
07,120247872777930425,PAUSED,100,0,0,0,1,0,0,0
07,120244264704370436,PAUSED,100,0,0,0,0,0,0,0
07,120246208967220674,PAUSED,200,0,0,0,2,0,0,0
07,120247976968270425,PAUSED,100,0,0,0,0,0,0,0
07,120244213676560686,PAUSED,80,0,0,0,0,0,0,0
07,120244213532030686,PAUSED,80,0,0,0,0,0,0,0
07,120247829716040751,ACTIVE,100,0,0,0,0,0,0,0
07,120247829243430751,ACTIVE,100,0,0,0,0,0,0,0
07,120247986766630425,PAUSED,100,0,0,0,0,0,0,0
07,120244115059620146,ACTIVE,100,0,0,0,0,0,0,0
07,120244114929610146,ACTIVE,100,0,0,0,0,0,0,0
08,120247234597490455,ACTIVE,7218,1248.36,37771,1169,1186,65,34,2396.8999999999996
08,120244761515050455,ACTIVE,3135,732.3800000000001,26759,712,670,55,30,1897.6500000000003
08,120244761233710455,ACTIVE,2400,663.6800000000001,22651,603,585,51,27,1755.1799999999998
08,120243986668280589,ACTIVE,1000,482.02,11675,310,299,18,9,422.68000000000006
08,120246005453800291,ACTIVE,900,427.33,11990,430,410,36,14,708.05
08,120244749532720686,ACTIVE,1000,419.45000000000005,7895,224,213,29,21,1087.75
08,120245800978960674,ACTIVE,1300,335.75,8277,252,259,21,14,646.94
08,120248006730320100,ACTIVE,1200,328.77000000000004,10961,277,265,26,19,850.7399999999999
08,120246754801740509,ACTIVE,800,323.72,8822,214,214,23,15,564.62
08,120239930892250650,ACTIVE,500,323.22,5509,204,200,17,8,544.08
08,120245283264760677,ACTIVE,1217,322.73,13040,176,184,21,14,840.04
08,120246023777450751,ACTIVE,850,279.52,5661,227,225,26,14,513.61
08,120247780766070455,ACTIVE,1252,267.76,9211,276,261,11,6,422.36999999999995
08,120244691045450320,ACTIVE,700,265.19,9330,304,301,17,11,780.1599999999999
08,120243276755660065,ACTIVE,500,254.63,6757,157,148,26,12,461.84000000000003
08,120248965302070064,ACTIVE,1500,247.14,4461,156,164,11,8,565.01
08,120249286765290368,ACTIVE,601,242.95,7886,152,151,11,3,147.53
08,120247483865740100,ACTIVE,1000,239.76,7475,190,178,13,7,352.72999999999996
08,120245250322490642,ACTIVE,650,233.08999999999997,5851,172,158,18,11,741.9200000000001
08,120248155192490455,ACTIVE,1055,231.67,7541,185,181,10,10,761.34
08,120243458344350129,ACTIVE,1000,231.46,8174,205,189,13,10,685.75
08,120244749327030686,ACTIVE,500,231.21,4625,138,134,21,14,565.8799999999999
08,120246710213420090,ACTIVE,925,230.25000000000003,6477,265,258,18,8,445.24
08,120246791587200455,ACTIVE,2179,220.42000000000002,2386,173,180,19,14,911.3999999999999
08,120249052890110100,ACTIVE,500,218.61,6334,223,221,19,9,411.48
08,120248536188000100,ACTIVE,500,216.72000000000003,4778,200,189,19,6,242.61
08,120249086109210100,ACTIVE,1000,214.54,6367,180,152,18,9,418.11
08,120244431777030751,ACTIVE,680,205.85,7669,176,179,30,12,504.44
08,120245848127390707,ACTIVE,500,203.69000000000003,4465,200,191,22,6,290.7
08,120249115230940100,ACTIVE,399,202.79000000000002,4778,184,167,21,8,390.09999999999997
08,120249005372660589,ACTIVE,868,202.3,4144,139,141,20,10,523.8799999999999
08,120250790045220586,ACTIVE,500,202.13,6598,166,157,23,11,400.34
08,120249140601980100,ACTIVE,800,195.01,5173,197,171,20,10,436.8599999999999
08,120245980788570752,ACTIVE,469,194.21999999999997,7178,265,255,48,12,455.64
08,120247583319740586,ACTIVE,500,193.38,7512,220,201,22,14,645.6
08,120248959176740725,ACTIVE,500,188.94000000000003,7125,153,148,12,9,500.70000000000005
08,120247489931670431,ACTIVE,325,185.85,3128,103,96,12,5,238.45000000000002
08,120244938793740663,ACTIVE,350,185.69,3050,133,130,8,5,274.01
08,120246483406720564,ACTIVE,300,185.46999999999997,6655,166,174,6,4,277.13
08,120245334049460065,ACTIVE,400,183.01999999999998,3403,163,153,14,7,329.17999999999995
08,120245436310880780,ACTIVE,400,178.49,3548,128,116,16,6,201.85
08,120246710213410090,ACTIVE,560,178.32,5126,178,181,12,4,272.02
08,120248893532100100,ACTIVE,800,176.23,5186,134,123,14,9,552.97
08,120242301213710065,ACTIVE,370,176.01,4467,106,105,13,4,214.14000000000001
08,120246962698770090,ACTIVE,625,173.58,4466,187,175,12,5,305.47
08,120256572736720586,ACTIVE,500,173.13,4514,160,163,21,9,420.34000000000003
08,120245334049540065,ACTIVE,370,172.42000000000002,3636,166,149,14,7,288.00999999999993
08,120248641712650319,ACTIVE,440,170.77,4880,136,141,7,6,222.00000000000003
08,120245380137820707,ACTIVE,500,170.42999999999998,4499,132,124,15,5,231.96
08,120246638474110175,PAUSED,525,169.91,3704,143,121,8,1,41.93
08,120248139130280455,ACTIVE,455,166.39999999999998,4905,124,114,8,4,296.28
08,120246962698830090,ACTIVE,135,166.25,3838,162,156,6,3,160.23
08,120245899430510065,ACTIVE,325,164.56,3066,132,123,15,4,175.09000000000003
08,120246615285510642,ACTIVE,400,161.67000000000002,5723,139,141,11,4,290.15
08,120245010386240709,PAUSED,250,158.41000000000003,3400,103,104,9,5,174.38
08,120247114934220455,ACTIVE,1446,152.62000000000003,3081,105,119,8,3,274.08
08,120248911416770577,ACTIVE,501,151.20000000000002,3433,174,146,17,8,301.21000000000004
08,120245453935690025,ACTIVE,100,150.29000000000002,1725,73,67,2,3,158.92
08,120245380678000025,ACTIVE,100,147.55,1903,78,76,7,4,202.45
08,120242301213170065,ACTIVE,300,146.13,4997,82,87,7,3,148.55
08,120247026467550090,ACTIVE,120,143.59,3349,167,146,16,11,533.59
08,120240901145360175,ACTIVE,745,142.65,4986,143,148,13,7,292.51000000000005
08,120246785226280564,PAUSED,200,142.39000000000001,5142,132,130,5,1,97.71000000000001
08,120248056801340561,ACTIVE,560,140.73000000000002,3992,181,165,18,8,364.71
08,120249251074180319,ACTIVE,350,140.51999999999998,4142,112,118,12,7,397.57000000000005
08,120249525957160319,ACTIVE,360,140.14,3943,115,112,13,6,276.38
08,120243928954880129,ACTIVE,600,138.6,4405,122,132,8,6,402.18
08,120244783755130320,ACTIVE,300,138.12,6463,187,199,10,4,278.68
08,120245327669090320,ACTIVE,360,138.08,3205,92,94,8,3,126.91000000000001
08,120243753190540054,ACTIVE,500,134.57999999999998,3298,77,82,9,8,421.99
08,120248698800290127,ACTIVE,300,134.46999999999997,1781,108,103,9,4,190.89999999999998
08,120241066464020065,ACTIVE,289,134.09,4258,85,80,15,9,437.6000000000001
08,120245010772960663,ACTIVE,301,133.98,1828,80,75,8,6,338.38
08,120248536187780100,ACTIVE,300,133.71,3866,157,146,16,5,190.04999999999998
08,120246273720740455,ACTIVE,1250,132.21,3304,114,123,7,5,302.04999999999995
08,120247139572780564,ACTIVE,600,131.86,3015,79,62,8,5,313.61
08,120245011207100320,ACTIVE,360,131.21,3700,94,91,3,2,140.79000000000002
08,120246643142900065,ACTIVE,197,130.89999999999998,5192,134,128,10,6,343.09000000000003
08,120247868045210695,ACTIVE,360,130.18,4035,62,63,8,2,75.96
08,120250413795050709,ACTIVE,500,130.10000000000002,2756,83,81,11,7,248.72999999999996
08,120244878279420125,ACTIVE,270,128.82,4002,88,87,10,8,529.48
08,120242694742870146,ACTIVE,385,127.95,3892,159,153,11,6,384.81999999999994
08,120245823919130320,ACTIVE,360,127.74999999999999,4654,107,98,8,5,270.38
08,120249286682560368,ACTIVE,505,125.15,3732,88,89,8,6,378.32
08,120250445767170166,PAUSED,30,124.83000000000001,4323,114,103,8,6,214.64000000000001
08,120246221877410629,ACTIVE,335,124.83000000000001,3011,75,69,12,5,443.69
08,120244581910350686,ACTIVE,300,124.76000000000002,1736,58,44,9,7,373.56999999999994
08,120245833631150707,ACTIVE,300,124.14000000000001,2470,96,93,11,7,387.2199999999999
08,120247026467610090,ACTIVE,120,123.61,3059,122,119,9,6,441.74
08,120248139130260455,ACTIVE,325,123.13,3110,104,89,7,4,240.14000000000001
08,120246040085600751,ACTIVE,370,122.47,2774,87,90,17,6,269.51000000000005
08,120243482214180129,ACTIVE,400,120.43,3565,114,118,7,4,241.42000000000002
08,120249140482640100,PAUSED,300,117.78,2595,111,101,5,3,128.9
08,120246007921740320,ACTIVE,636,116.66999999999999,3611,102,106,9,6,368.62
08,120247547642310642,ACTIVE,340,116.47999999999999,2154,61,55,7,6,416.86
08,120243593315080146,ACTIVE,503,116.31000000000002,2244,54,47,7,5,372.58
08,120247073165120090,ACTIVE,523,113.41,2769,109,104,7,4,245.08
08,120245848127430707,ACTIVE,300,113.35999999999999,2897,132,126,14,4,156.46
08,120246828454030629,ACTIVE,390,113.17,2618,98,97,6,4,283.93
08,120244270293390320,ACTIVE,300,113.02,2891,99,90,12,6,422.5
08,120247901344790425,ACTIVE,300,111.96,2409,86,76,9,5,408.93
08,120250789469770586,ACTIVE,100,111.86999999999999,3253,108,109,9,6,251.84000000000003
08,120249120674110404,ACTIVE,300,110.99999999999999,2707,93,81,6,2,113.69999999999999
08,120247941350370695,ACTIVE,250,109.66999999999999,2855,53,55,4,1,37.980000000000004
08,120240679404390629,ACTIVE,400,109.30999999999999,2889,62,65,3,2,178.74
08,120243844678990129,ACTIVE,600,108.24,2903,99,96,9,5,342.87999999999994
08,120247616942850561,ACTIVE,300,108.15,3130,99,91,5,1,57.96
08,120248359442970589,ACTIVE,300,107.94,2962,64,60,7,4,232.53
08,120242031621370065,ACTIVE,229,107.71000000000001,2904,65,67,12,2,97.88000000000001
08,6966949200895,PAUSED,250,104.19,2054,65,57,6,2,85.96
08,120246024108390751,ACTIVE,355,102.59,2191,85,77,13,7,280.8
08,120242973433800146,ACTIVE,200,101.66,4124,143,135,10,3,223.91
08,120246396470250674,ACTIVE,331,100.79,2417,63,65,6,3,122.43
08,120247184054680509,ACTIVE,400,99.42000000000002,1699,61,55,12,8,316.82000000000005
08,120250554304290404,ACTIVE,200,99.21000000000001,1667,76,64,6,4,362.1
08,120248621604700283,ACTIVE,500,98.86,2017,74,65,12,4,169.38
08,120246849779610090,ACTIVE,100,98.77,2720,85,82,3,2,73.88000000000001
08,120248922585490210,ACTIVE,200,98.36,2698,57,50,4,3,188.64
08,120250905694920651,ACTIVE,300,97.72,2533,77,80,5,3,141.98
08,120246533502350368,ACTIVE,211,95.66,2932,58,54,5,2,166.32999999999998
08,120245460221520177,ACTIVE,500,95.60000000000001,1908,82,77,9,6,263.58
08,120243951377020125,ACTIVE,300,95.06,2303,65,67,8,4,385.59000000000003
08,120248430355980229,ACTIVE,200,94.42000000000002,2454,89,87,5,1,29.979999999999997
08,120247479945600065,ACTIVE,300,93.7,2723,67,65,4,2,100.86
08,120246375737140674,ACTIVE,272,92.55,2040,63,60,5,4,192.36999999999998
08,120243843991710129,ACTIVE,600,91.35,3138,101,105,6,3,262.21
08,120246259925420674,ACTIVE,331,89.94,1979,68,63,7,2,92.46
08,120247193573040509,ACTIVE,300,87.55,3564,105,98,7,4,190.54999999999998
08,120235336090360210,ACTIVE,200,87.14,1884,43,41,2,2,83.96
08,120247524798270389,ACTIVE,100,87.13999999999999,3767,95,92,11,4,112.01
08,120245232977300320,ACTIVE,428,86.52,2581,75,77,10,5,292.4
08,120243787103960686,PAUSED,200,85.82,2237,65,65,5,2,59.96
08,120235701428400210,ACTIVE,200,85.50999999999999,1959,47,45,4,4,253.64
08,120244745582820125,PAUSED,150,85.27000000000001,2070,46,44,3,0,0
08,120243602902170032,ACTIVE,200,85.02999999999999,2247,71,70,11,3,97.52000000000001
08,120245535022630455,ACTIVE,425,84.81,1044,68,59,7,4,386.38000000000005
08,120243466971930678,ACTIVE,200,84.7,1901,76,65,6,2,69.96
08,120245686749070320,ACTIVE,200,83.52999999999999,2662,79,80,5,3,283.84999999999997
08,120246396517520674,ACTIVE,200,81.41,2040,54,49,5,3,124.73000000000002
08,120246382556450462,ACTIVE,195,81.34,1764,65,60,3,2,107.96
08,120243071308620125,ACTIVE,100,80.19,2382,46,50,4,4,247.39000000000001
08,120247705045190564,ACTIVE,300,79.96000000000001,2477,75,61,6,4,189.65999999999997
08,120245686006250032,PAUSED,50,79.95,1860,52,48,4,3,118.71000000000001
08,120248960171180100,PAUSED,200,79.57000000000001,2327,48,44,4,1,52.559999999999995
08,120249062217790019,ACTIVE,100,78.86999999999999,1340,45,36,5,2,81.2
08,120247605280040425,ACTIVE,300,77.88,1939,52,49,6,5,259.28
08,120243948553180686,ACTIVE,80,77.39,1326,41,42,4,4,119.92
08,120244963455410686,ACTIVE,200,76.67,1316,38,38,5,3,193.64000000000001
08,120244070206100125,ACTIVE,300,76.63,1685,38,38,6,4,277.10999999999996
08,120247136451350725,ACTIVE,100,76.45,2560,67,66,12,9,476.71
08,120247687263440425,ACTIVE,200,75.78,1382,32,30,1,2,112.76
08,120248698801690127,ACTIVE,300,75.67,974,65,65,8,3,130.42999999999998
08,120245859755050173,ACTIVE,300,74.31,2148,93,99,5,4,222.66
08,120251093896120404,ACTIVE,94,74.31,1319,49,45,1,1,41.980000000000004
08,120245435760750780,ACTIVE,200,74.17999999999999,1129,27,26,5,5,160.88
08,120248318268940152,ACTIVE,200,72.6,2513,43,34,3,2,93.96000000000001
08,120246850329040065,ACTIVE,272,72.52,1932,55,49,11,5,280.93
08,120248556140990663,ACTIVE,200,72.2,1121,38,39,0,0,0
08,120248299218060431,ACTIVE,220,72.06,1336,58,53,6,4,223.86
08,120245610768940032,ACTIVE,300,71.77000000000001,1668,83,78,10,6,164.45999999999998
08,120243508760940146,PAUSED,143,71.25,1242,36,29,0,0,0
08,120243663751470146,ACTIVE,100,71.19,10278,144,126,3,1,41.980000000000004
08,120245057027780564,ACTIVE,300,70.94,2774,56,58,4,4,306.87
08,120249222913640100,ACTIVE,258,70.9,1545,64,66,7,5,250.66
08,120247547590960642,ACTIVE,200,70.43,1776,47,43,3,3,196.20000000000002
08,120246008618270241,ACTIVE,300,70.43,2639,34,40,5,4,250.05
08,120242870748820133,ACTIVE,280,69.84,1677,53,55,3,2,104
08,120244428953860686,ACTIVE,300,69.63,1386,37,46,7,5,213.61999999999998
08,120246070715810752,ACTIVE,169,69.55000000000001,2214,83,81,8,3,144.89
08,120247322946650509,ACTIVE,300,69.55,2432,58,59,4,2,93.60000000000001
08,120247322669120509,ACTIVE,200,69.28,2569,81,73,6,4,165.91
08,120244823852370686,ACTIVE,188,69.06,1190,42,42,5,4,224.87
08,120245931951070650,ACTIVE,300,68.81,980,44,50,3,3,202.89999999999998
08,120244242496990780,ACTIVE,200,68.53999999999999,1416,54,52,7,4,135.9
08,120247866680710389,ACTIVE,100,67.72999999999999,1916,56,51,8,4,127.19999999999999
08,120247849750130663,ACTIVE,200,67.28,947,33,30,3,1,37.980000000000004
08,120244243594070436,PAUSED,50,67.25,2557,54,54,3,0,0
08,120246643142870065,PAUSED,104,67.2,1826,49,47,5,1,29.979999999999997
08,120246657519770455,ACTIVE,878,67.02,2026,58,56,6,6,479.2799999999999
08,120244550853910436,PAUSED,61,67.01,2116,57,57,1,1,68.22
08,120244360843810065,ACTIVE,135,66.76,1825,66,61,5,3,109.47
08,120246736742480477,PAUSED,90,66.65,854,29,31,1,0,0
08,120247324556450065,PAUSED,50,66.42,1127,42,41,7,1,51.629999999999995
08,120245920600250032,PAUSED,50,66.39,1701,51,49,4,1,38.27
08,120248299218010431,ACTIVE,130,66.32000000000001,1281,36,31,6,4,135.10999999999999
08,120247815782100642,PAUSED,122,65.99,1616,51,47,4,1,92.3
08,120245884994790214,PAUSED,150,65.8,1183,32,32,1,1,24.97
08,120245329462560320,ACTIVE,200,65.17,2022,67,64,5,0,0
08,120246107483730752,ACTIVE,169,65.14,1474,53,51,7,5,154.85999999999999
08,120245004525000780,ACTIVE,200,65.09,1038,26,25,2,0,0
08,120254529951930197,ACTIVE,70,64.52,1047,40,37,4,1,66.21000000000001
08,120247199911460090,ACTIVE,122,63.87,1477,61,53,5,3,161.72000000000003
08,120244895488610436,ACTIVE,119,62.440000000000005,1941,41,41,3,2,136.45000000000002
08,120247245095750509,ACTIVE,300,62.120000000000005,2820,56,45,2,1,87.46
08,120251769553160054,ACTIVE,138,61.87,1621,40,37,7,4,191.64000000000001
08,120245622959500630,ACTIVE,102,61.68,1295,51,46,7,4,115.91
08,120246588746810090,ACTIVE,170,61.370000000000005,1401,62,63,7,6,226.17
08,120244163991370436,PAUSED,50,61.36,2346,51,42,1,1,99.72
08,120246459062250674,ACTIVE,302,61.339999999999996,1820,48,48,3,3,108.48
08,120245899907660065,ACTIVE,115,60.47,1153,36,33,4,1,49.52
08,120247558121560065,ACTIVE,94,60.47,1622,58,54,7,3,130.14000000000001
08,120245602350460032,ACTIVE,300,60.220000000000006,1500,57,54,9,5,206.55000000000004
08,120246465927950677,ACTIVE,100,60.22,1318,12,9,1,1,70.02
08,120248248634970455,ACTIVE,132,60.040000000000006,963,42,39,4,3,229.14999999999998
08,120246242129020477,ACTIVE,100,60.03999999999999,1132,36,34,3,2,81.19
08,120247175023780065,ACTIVE,76,59.95,1338,36,31,3,2,134.67
08,120245964184870707,ACTIVE,174,59.919999999999995,1119,33,30,6,5,286.61
08,120246491099340090,ACTIVE,76,59.84,1119,34,35,3,2,145.75
08,120243144633320146,ACTIVE,50,59.76,1906,53,45,3,2,83.96
08,120252393021210348,PAUSED,80,59.63,1971,27,24,1,0,0
08,120235701428420210,ACTIVE,200,59.63,1669,41,39,2,0,0
08,120249228754110589,PAUSED,100,59.589999999999996,659,34,33,3,1,49.52
08,120248532436280048,PAUSED,100,59.410000000000004,706,26,23,1,0,0
08,120243335632250705,PAUSED,100,58.980000000000004,1178,30,27,3,1,51.22
08,120248923191120589,ACTIVE,200,58.71,1835,54,49,6,4,214.15
08,120243959700120146,ACTIVE,100,58.49999999999999,1149,10,10,1,1,106.71000000000001
08,120251940198120054,PAUSED,100,58.17,861,24,25,3,1,31.980000000000004
08,120248248635000455,ACTIVE,132,58.019999999999996,1041,46,38,1,2,148.73999999999998
08,120247728967380642,PAUSED,61,58.010000000000005,1428,32,30,2,1,37.95
08,120246399807540674,ACTIVE,142,58,2083,43,43,4,1,29.980000000000004
08,120247107054620509,PAUSED,200,57.980000000000004,1477,40,36,2,0,0
08,120245487786040032,ACTIVE,50,57.87,1281,51,43,7,3,99.36
08,120246232598650090,ACTIVE,132,57.720000000000006,1317,46,43,2,1,36.94
08,120246191098970320,ACTIVE,120,57.660000000000004,1594,48,38,3,2,140.79
08,120243734745460129,ACTIVE,100,57.540000000000006,1816,56,54,4,1,66.47999999999999
08,120249438611310064,ACTIVE,300,57.46999999999999,870,31,30,4,3,159.18
08,120243840045620129,ACTIVE,100,57.44,1653,62,63,3,1,66.48
08,120244581811200686,ACTIVE,80,57.339999999999996,1078,34,31,7,4,141.16
08,120241671273870455,ACTIVE,212,57.31,1417,50,46,4,3,205.19
08,120247479685940389,PAUSED,100,57.059999999999995,1442,40,38,3,1,48.72
08,120248698800650127,ACTIVE,100,56.75,741,47,44,2,1,60.47
08,120245899907890065,ACTIVE,115,56.74,1312,57,51,5,2,59.959999999999994
08,120244486326540436,ACTIVE,100,56.550000000000004,2067,59,52,5,3,152.17999999999998
08,120247757020520725,ACTIVE,100,56.480000000000004,1352,26,26,4,3,126.51999999999998
08,120248085583180127,ACTIVE,100,56.45,666,38,35,4,1,60.46999999999999
08,120247890133980642,ACTIVE,124,56.02,1690,41,38,2,2,158.25
08,120244300638070032,ACTIVE,200,55.96,1158,47,41,5,3,89.83000000000001
08,120246549338880065,ACTIVE,50,55.900000000000006,1570,36,32,5,2,79.5
08,120246666161080477,ACTIVE,100,55.89999999999999,749,26,22,3,3,89.94000000000001
08,120247391144430509,ACTIVE,200,55.88,1688,51,46,3,3,157.92000000000002
08,120247293642140642,ACTIVE,120,55.81999999999999,1334,30,29,3,2,130.25
08,120247228100240725,PAUSED,100,55.739999999999995,2557,52,50,2,0,0
08,120244566548030788,ACTIVE,50,55.629999999999995,1015,40,39,5,1,92.3
08,120245124074660686,PAUSED,80,55.239999999999995,1756,47,48,3,1,29.98
08,120248082904020663,ACTIVE,150,55.18000000000001,849,32,32,3,1,66.02
08,120247608650800126,PAUSED,50,55.08,1179,41,39,4,1,51.21
08,120248151509310425,ACTIVE,200,54.980000000000004,1036,26,30,4,3,265.09
08,120244662020140686,PAUSED,50,54.98,1005,13,14,3,1,51.22
08,120248596343100048,ACTIVE,100,54.96,588,30,31,5,3,133.43
08,120242746886630788,ACTIVE,150,54.75,1078,48,41,3,2,130.25
08,120246415849650214,ACTIVE,160,54.629999999999995,853,27,25,4,3,145.82
08,120245514271740065,ACTIVE,115,54.45,1124,60,60,6,2,79.5
08,120246299721480751,ACTIVE,195,54.31,1155,37,37,4,3,145.36
08,120248180636520589,ACTIVE,200,53.96000000000001,1496,33,32,3,3,228.98000000000002
08,120249081135480577,PAUSED,100,53.95,902,40,34,3,1,28.98
08,120246979930770509,ACTIVE,100,53.93,1736,53,46,4,2,72.96
08,120249456993730057,PAUSED,100,53.730000000000004,713,31,28,1,1,41.980000000000004
08,120244486723120436,PAUSED,100,53.629999999999995,1588,44,36,2,1,99.72
08,120245514271720065,ACTIVE,115,53.470000000000006,1232,53,51,1,1,49.510000000000005
08,120245622959630630,ACTIVE,73,53.45,1196,35,36,3,2,65.95
08,120246947981930126,PAUSED,80,53.19,1184,26,25,3,1,51.22
08,120243959229680146,ACTIVE,100,53.02,1078,22,20,1,1,41.98
08,120243211247840146,ACTIVE,100,52.94,1657,66,67,5,4,201.15000000000003
08,120244634571550678,ACTIVE,105,52.82,1015,17,17,2,1,57.98
08,120247322861560509,PAUSED,100,52.81,1953,51,48,0,0,0
08,120247282176200431,PAUSED,150,52.730000000000004,925,30,27,1,0,0
08,120243507783580146,ACTIVE,100,52.61,1618,34,30,5,1,75.21
08,120246270264110320,ACTIVE,120,52.580000000000005,1651,33,28,1,0,0
08,120244349822900686,ACTIVE,50,52.47,768,22,22,3,2,101.19
08,120249179840870725,ACTIVE,100,52.349999999999994,1506,35,33,4,2,137.12
08,120249178585030725,PAUSED,100,52.34,2636,43,35,1,0,0
08,120247890206850725,PAUSED,100,52.239999999999995,1825,50,51,2,1,49.37
08,120244794017770320,ACTIVE,120,52.14,2312,28,29,4,2,117.53999999999999
08,120247876590550126,ACTIVE,90,52.120000000000005,1258,43,40,6,5,213.60999999999999
08,120251037305290166,ACTIVE,500,51.989999999999995,1211,42,42,9,3,91.13000000000001
08,120246178764690752,ACTIVE,100,51.75,1350,28,27,3,1,40.970000000000006
08,120244618043630436,ACTIVE,144,51.58,1924,61,60,3,1,68.22999999999999
08,120246338179300642,ACTIVE,200,51.510000000000005,1762,48,40,3,2,130.25
08,120248523442100229,PAUSED,68,51.42,851,43,42,3,1,49.97
08,120246770835970175,ACTIVE,110,51.37,1408,41,38,6,2,49.92
08,120248414403410695,ACTIVE,150,51.37,1471,30,24,2,1,66.02
08,120246286465380752,ACTIVE,100,51.36,1305,48,49,6,1,40.97
08,120247970574990126,PAUSED,80,51.33,1178,28,27,2,2,81.2
08,120243831461540146,PAUSED,200,51.33,1946,44,39,4,0,0
08,120247699025760561,ACTIVE,96,51.3,1417,54,49,3,1,24.98
08,120248270609930152,ACTIVE,200,51.16,2315,33,34,3,3,198.61999999999998
08,120248056801410561,PAUSED,260,50.75000000000001,1389,51,47,1,0,0
08,120246024108440751,ACTIVE,195,50.56999999999999,1008,32,37,3,1,38.269999999999996
08,120243844958690129,ACTIVE,600,50.480000000000004,1897,61,61,6,3,227.42000000000002
08,120244389916630436,PAUSED,50,50.47,1872,35,35,1,1,183.66
08,120247795310860126,ACTIVE,89,50.459999999999994,1362,45,45,6,3,89.94
08,120245622959400630,ACTIVE,86,50.42,1187,29,31,5,4,156.89
08,120251275180530054,ACTIVE,100,50.25,1336,26,28,2,2,108.47
08,120248056801430561,ACTIVE,260,50.11,1244,52,57,8,3,108.89
08,120247061936980509,PAUSED,100,50.010000000000005,1918,39,33,3,1,85.96
08,120247890133910642,ACTIVE,124,49.99000000000001,1231,26,25,2,1,65.94999999999999
08,120249300729750589,ACTIVE,200,49.84,1178,40,39,10,5,225.73999999999998
08,120247504003780425,ACTIVE,61,49.779999999999994,945,21,22,4,2,142.45
08,120247311647030509,ACTIVE,100,49.660000000000004,1939,40,41,4,4,172.61
08,120245124026530686,ACTIVE,80,49.57,782,44,43,5,5,192.38000000000002
08,120248159215720389,ACTIVE,79,49.519999999999996,1417,64,53,3,1,62.88999999999999
08,120246471244730065,ACTIVE,135,49.49,1755,58,63,3,0,0
08,120248151239370425,ACTIVE,100,49.39,745,20,19,4,1,39.980000000000004
08,120246981649870509,PAUSED,100,49.35,1712,44,40,4,0,0
08,120245775225080097,PAUSED,94,49.04,1504,47,39,2,1,34.98
08,120250678039650651,ACTIVE,300,49.02,1257,26,32,5,3,170.02
08,120248540698960725,ACTIVE,100,49.02,973,23,28,3,3,184.09000000000003
08,120250066594120577,ACTIVE,200,48.97,956,42,31,4,2,147.99
08,120245541619240177,ACTIVE,100,48.949999999999996,969,34,30,3,1,51.21
08,120243593808880146,ACTIVE,100,48.84,1481,47,38,8,3,195.80000000000004
08,120244880653330686,ACTIVE,100,48.790000000000006,945,31,32,6,3,111.18
08,120249222913600100,PAUSED,91,48.769999999999996,1406,34,34,3,1,52.56
08,120247823215090168,ACTIVE,100,48.74,952,34,36,5,3,135.34000000000003
08,120247866597100389,ACTIVE,100,48.7,1645,67,51,6,2,83.47
08,120251239771420586,ACTIVE,100,48.629999999999995,1969,65,63,5,3,107.33
08,120246471244780065,ACTIVE,135,48.55,1410,60,53,4,1,67.89
08,120246191098590320,ACTIVE,120,48.54,1449,56,50,5,4,278.68
08,120249151139280057,ACTIVE,100,48.28,802,39,44,2,1,73.42
08,120249985748090577,ACTIVE,500,48.010000000000005,1043,44,46,6,4,204.67
08,120248204881090455,ACTIVE,135,47.97,986,29,20,3,2,167.23999999999998
08,120250139945670577,ACTIVE,100,47.69,909,34,29,6,0,0
08,120246178929760752,PAUSED,100,47.68,1100,28,26,3,0,0
08,120249352629920127,ACTIVE,100,47.61,700,35,38,3,1,34.98
08,120246302058490389,ACTIVE,100,47.52,1829,60,53,4,5,198.15
08,120248129114130695,ACTIVE,300,47.510000000000005,1418,23,27,2,2,158.43
08,120247403426120126,PAUSED,61,47.44,1139,29,27,2,1,29.98
08,120245124096920686,PAUSED,80,47.42,1640,48,43,1,0,0
08,120248923493180565,ACTIVE,80,47.37,495,21,19,5,1,29.979999999999997
08,120242700474080358,ACTIVE,100,47.35,1020,35,38,2,2,77.15
08,120249251074290319,ACTIVE,120,47.31999999999999,1251,18,21,1,1,37
08,120246191098790320,ACTIVE,120,47.28,1373,41,37,2,1,34.07
08,120245911260540650,ACTIVE,120,47.260000000000005,689,30,28,2,2,194.51000000000002
08,120249179840900725,ACTIVE,100,47.25,1128,19,20,4,2,135.92
08,120244428953840686,ACTIVE,200,47.11,923,29,33,5,4,221.12
08,120248802175730319,ACTIVE,120,47.02,1219,39,39,4,3,138.19
08,120249347498540100,ACTIVE,91,46.980000000000004,1193,31,30,4,2,90.73
08,120246396470350674,PAUSED,100,46.95,1058,40,39,0,0,0
08,120244504591950686,ACTIVE,80,46.93,858,28,21,4,2,137.4
08,120251701953330054,ACTIVE,200,46.760000000000005,1056,23,27,3,3,158.41
08,120247109115250389,ACTIVE,100,46.629999999999995,1143,51,50,5,2,96.97
08,120244194695070177,ACTIVE,100,46.59,1021,46,41,4,2,59.96
08,120246191098540320,ACTIVE,120,46.58,1554,45,41,3,2,92.84
08,120247148756590731,PAUSED,80,46.56,502,31,29,1,1,88.3
08,120243832687650146,ACTIVE,100,46.56,1037,28,22,2,1,106.71
08,120244691045040320,ACTIVE,120,46.5,1722,30,30,2,1,58.77
08,120248045547800425,PAUSED,136,46.459999999999994,696,12,12,2,0,0
08,120244761350620455,ACTIVE,135,46.43,1958,35,34,3,1,60.41
08,120246338142390241,ACTIVE,109,46.36,2171,38,35,2,1,41.980000000000004
08,120247601538900425,ACTIVE,100,46.349999999999994,795,30,25,1,1,39.980000000000004
08,120249179367710725,ACTIVE,100,46.309999999999995,951,21,23,3,3,204.48000000000002
08,120246286382660752,ACTIVE,100,46.05,1157,27,30,6,3,90.92999999999999
08,120248364287170127,PAUSED,100,46,484,37,37,1,0,0
08,120246007921720320,ACTIVE,80,45.98,1220,30,25,3,1,34.07
08,120246624884480455,PAUSED,122,45.849999999999994,1398,26,25,1,1,60.410000000000004
08,120243063569770146,ACTIVE,100,45.769999999999996,1686,42,42,4,2,117.19
08,120248535565040229,ACTIVE,96,45.75,941,29,30,4,2,74.95
08,120246599890040214,ACTIVE,120,45.699999999999996,767,21,19,6,3,128.85000000000002
08,120251769553070054,ACTIVE,73,45.61,1084,25,22,3,2,63.96000000000001
08,120244389916660436,ACTIVE,78,45.61,1971,46,47,4,2,110.19999999999999
08,120248151509340425,ACTIVE,100,45.4,791,22,25,4,1,97.71000000000001
08,120246286557160752,ACTIVE,169,45.39,1027,30,32,6,3,90.93
08,120247365940320642,PAUSED,50,45.35000000000001,1050,22,22,0,0,0
08,120245124561510686,ACTIVE,80,45.23,782,26,26,4,3,132.41
08,120247149106470731,PAUSED,80,45.2,634,26,26,2,1,60.39
08,120249179865340725,ACTIVE,100,45.03,1151,29,24,2,2,135.92000000000002
08,120250057581290368,ACTIVE,136,44.95,1259,16,13,0,0,0
08,120244581454670686,PAUSED,50,44.919999999999995,775,18,14,0,0,0
08,120245554821660177,PAUSED,100,44.89999999999999,887,24,19,1,0,0
08,120244079033450320,ACTIVE,120,44.86,1969,47,45,3,1,85.85
08,120247336235960389,ACTIVE,100,44.75,2268,55,54,7,3,95.99000000000001
08,120247378425210561,ACTIVE,180,44.68,1476,45,43,7,3,124.91
08,120248111423590168,ACTIVE,90,44.6,1128,28,26,1,1,59.38
08,120249061328590589,PAUSED,50,44.550000000000004,882,19,18,2,1,29.98
08,120251502157250054,ACTIVE,100,44.55,677,19,19,4,1,31.979999999999997
08,120245306349070462,ACTIVE,100,44.47,1095,36,39,5,1,57.98
08,120243316803930436,PAUSED,100,44.33,1402,41,45,3,1,68.23
08,120247246948530509,ACTIVE,50,44.32,2120,37,37,2,2,105.65
08,120246219805000241,PAUSED,150,44.31,1215,31,24,1,0,0
08,120249115231040100,ACTIVE,50,44.13,1107,36,35,5,2,90.72999999999999
08,120243734745510129,ACTIVE,100,44.040000000000006,1593,24,24,3,0,0
08,120246181834560241,PAUSED,150,44.029999999999994,2221,45,44,1,0,0
08,120246250745230674,PAUSED,100,44,1128,23,21,2,1,46.230000000000004
08,120249366225440100,ACTIVE,100,43.980000000000004,1167,27,26,3,1,38.17
08,120245931951140650,PAUSED,100,43.97,557,26,26,2,1,64.28
08,120245282912580630,PAUSED,200,43.93,1167,32,31,3,1,40.97
08,120248429995370229,PAUSED,124,43.91,1152,33,29,2,1,40.97
08,120248958916870100,ACTIVE,100,43.8,1090,22,23,2,0,0
08,120246178127590241,PAUSED,150,43.66,2154,36,33,1,0,0
08,120248774488970725,ACTIVE,100,43.43000000000001,1196,42,41,5,2,138.38
08,120248204881060455,ACTIVE,135,43.42,1550,32,31,2,1,84.36999999999999
08,120247370270360509,ACTIVE,101,43.31,1804,36,37,1,1,37.98
08,120246069254050470,ACTIVE,98,43.28999999999999,1264,30,27,2,1,183.47
08,120243986595710788,PAUSED,50,43.27,692,21,21,0,0,0
08,120248889583930116,ACTIVE,90,43.22,599,17,17,0,0,0
08,120248085583660127,PAUSED,100,43.21000000000001,519,26,22,0,0,0
08,120246560566740477,ACTIVE,250,43.18,1049,38,35,7,7,332.29
08,120248466107650695,ACTIVE,202,43.16,1378,34,30,4,2,155.13000000000002
08,120244477400200678,ACTIVE,100,43.120000000000005,1029,26,23,2,0,0
08,120248474785690152,ACTIVE,100,43.11,1797,40,41,2,1,73.98
08,120249300729780589,ACTIVE,100,42.970000000000006,905,25,24,2,0,0
08,120243840045560129,PAUSED,100,42.88,1305,40,35,2,0,0
08,120248288633270389,ACTIVE,81,42.879999999999995,1296,48,40,9,6,208.99000000000004
08,120247995051780695,PAUSED,95,42.879999999999995,1318,26,22,0,0,0
08,120247453929680065,ACTIVE,124,42.83,1152,21,22,3,2,99.04
08,120247633428650725,ACTIVE,100,42.769999999999996,995,32,37,4,3,197.28
08,120246570408620477,ACTIVE,100,42.7,833,23,16,1,1,107.44
08,120245500027320032,ACTIVE,100,42.67,1223,49,45,4,2,83.14
08,120245923045620168,ACTIVE,100,42.59,1055,30,30,4,1,59.379999999999995
08,120249179003180725,ACTIVE,100,42.56,1039,14,14,4,4,235.86
08,120245617791190630,ACTIVE,111,42.550000000000004,1365,46,44,6,3,95.92999999999999
08,120246270030590320,ACTIVE,120,42.53999999999999,1028,13,12,1,1,82.02
08,120247157407190509,PAUSED,100,42.53999999999999,1615,32,23,1,1,34.980000000000004
08,120246178825710752,ACTIVE,169,42.489999999999995,1012,39,34,4,3,120.89
08,120248490741000152,ACTIVE,120,42.44,1496,40,40,3,1,73.97999999999999
08,120242847129030686,ACTIVE,50,42.379999999999995,995,25,22,4,3,153.64
08,120249366225680100,PAUSED,100,42.36,900,28,24,2,1,52.56
08,120246870229730642,ACTIVE,62,42.34,924,23,23,3,2,212.75
08,120251919170720054,PAUSED,100,42.17,647,11,11,2,0,0
08,120247051808860509,ACTIVE,100,42.12,1690,22,22,2,2,127.43999999999998
08,120248448982680725,ACTIVE,100,42.040000000000006,1036,22,25,1,1,68.56
08,120247390339080509,ACTIVE,100,42.019999999999996,1368,35,32,0,1,36.47
08,120243860511490436,PAUSED,100,41.99,1794,35,29,1,1,68.23
08,120244034916020436,ACTIVE,100,41.92,1622,30,25,5,2,171.42000000000002
08,120254284171910197,ACTIVE,100,41.910000000000004,978,28,23,2,2,59.96
08,120246299672700751,ACTIVE,195,41.9,1050,31,33,3,0,0
08,120250005173420404,ACTIVE,74,41.9,785,35,29,2,1,41.98
08,120246880890560629,ACTIVE,100,41.86,847,21,17,4,2,177.24
08,120244995599860686,PAUSED,100,41.85,401,7,7,0,0,0
08,120247995051750695,ACTIVE,140,41.75999999999999,1431,29,29,4,3,227.48000000000002
08,120244177553830678,ACTIVE,200,41.61,1074,36,32,5,3,119.94
08,120247058049910303,ACTIVE,120,41.56,785,38,39,2,1,26.98
08,120244824582450436,ACTIVE,90,41.49999999999999,1487,24,22,2,1,68.22999999999999
08,120247950274740126,PAUSED,90,41.48,1131,32,29,3,1,29.980000000000004
08,120243227249480177,ACTIVE,100,41.43,688,27,28,4,4,161.14000000000001
08,120244673897340436,PAUSED,50,41.35,1466,25,21,0,0,0
08,120248056978460544,PAUSED,80,41.290000000000006,1233,17,19,2,2,75.5
08,120246522122340677,ACTIVE,100,41.14,848,14,8,2,0,0
08,120245825263430533,ACTIVE,100,41.080000000000005,1096,27,33,5,3,91.93
08,120243465250350705,ACTIVE,80,41.06,842,31,29,3,1,29.98
08,120248176825100455,PAUSED,131,40.97,951,34,33,2,0,0
08,120247956340000389,PAUSED,50,40.96,1349,62,56,3,0,0
08,120247954411400425,PAUSED,69,40.94,571,13,12,1,0,0
08,120251692404070054,ACTIVE,78,40.91,975,23,23,2,1,53.22
08,120249179367830725,PAUSED,100,40.88,792,21,17,1,1,146.51
08,120247238927160043,ACTIVE,140,40.84,673,27,27,4,4,151.00000000000003
08,120248539381110725,PAUSED,200,40.84,923,15,17,1,1,49.37
08,120248123660860455,ACTIVE,100,40.74,1034,28,21,3,1,34.95
08,120248069068060469,ACTIVE,80,40.72,782,18,18,3,0,0
08,120247534964830642,ACTIVE,46,40.67,1016,28,26,2,0,0
08,120246971449150629,PAUSED,100,40.57,453,5,4,0,0,0
08,120249228181020589,PAUSED,100,40.540000000000006,327,13,13,1,0,0
08,120246270030620320,ACTIVE,120,40.480000000000004,1051,22,23,0,1,34.07
08,120248974670400019,ACTIVE,80,40.46000000000001,796,32,33,3,1,29.98
08,120244504666890686,PAUSED,80,40.44,620,17,14,2,2,59.96
08,120246270264070320,ACTIVE,120,40.42,1532,38,30,0,0,0
08,120243429905930146,ACTIVE,100,40.38,1085,33,30,4,1,75.21000000000001
08,120245623471490177,ACTIVE,200,40.31,834,22,23,3,3,131.16
08,120248512806040048,PAUSED,100,40.230000000000004,671,33,31,2,1,34.980000000000004
08,120246374707600097,ACTIVE,77,40.220000000000006,1272,36,31,3,1,61.97
08,120254368844920197,ACTIVE,100,40.16,969,29,31,4,2,76.21000000000001
08,120249805624030404,ACTIVE,92,40.16,656,24,22,1,0,0
08,120245825367300533,ACTIVE,100,40.150000000000006,1207,35,29,3,1,41.97
08,120248596343190048,PAUSED,100,40.129999999999995,539,22,20,2,2,69.96
08,120243830466380146,PAUSED,100,40.03,902,32,30,2,0,0
08,120247124966060090,PAUSED,119,40.02,696,29,29,2,0,0
08,120244312405140436,ACTIVE,100,39.78,1366,39,37,1,1,99.72
08,120246522937100677,ACTIVE,100,39.75,905,13,11,1,0,0
08,120248123280260455,ACTIVE,100,39.739999999999995,767,22,20,1,1,34.949999999999996
08,120245460390490177,PAUSED,100,39.72,832,25,20,2,1,29.98
08,120247392329370509,ACTIVE,200,39.660000000000004,1285,35,38,5,2,110.9
08,120247084134340065,ACTIVE,50,39.620000000000005,665,33,34,4,2,59.96
08,120249179865040725,PAUSED,100,39.599999999999994,1081,20,18,1,1,68.56
08,120246220421900725,PAUSED,200,39.589999999999996,1269,29,25,1,0,0
08,120246672624130642,PAUSED,50,39.55,895,11,10,1,1,37.95
08,120247333999410425,ACTIVE,100,39.47,923,28,25,4,1,97.71
08,120243734466660129,PAUSED,100,39.46,1110,39,38,1,0,0
08,120248082736850695,ACTIVE,78,39.45000000000001,1168,26,29,1,1,69.05
08,120244995090060686,PAUSED,100,39.44,520,13,13,0,0,0
08,120248224227000725,PAUSED,100,39.42,1214,15,17,1,0,0
08,120246946458510629,ACTIVE,64,39.42,1111,32,30,7,0,0
08,120244825046600686,ACTIVE,80,39.38,766,19,21,4,3,152.4
08,120251910136180054,PAUSED,107,39.269999999999996,783,14,14,1,0,0
08,120246286484520097,ACTIVE,120,39.21,1012,38,38,4,2,96.94999999999999
08,120248224810100389,ACTIVE,80,39.18,1181,53,40,3,3,120.52
08,120247993581120462,PAUSED,104,39.06,522,17,16,0,0,0
08,120248532436300048,ACTIVE,100,39.02,552,34,31,3,1,36.47
08,120244213617000686,PAUSED,80,39,683,27,24,2,2,79.2
08,120246733854770065,ACTIVE,80,38.980000000000004,795,32,25,1,1,49.52
08,120246506737780126,PAUSED,80,38.98,806,23,20,1,1,29.980000000000004
08,120242907734560129,PAUSED,150,38.94,1067,54,49,1,0,0
08,120244083558180146,ACTIVE,100,38.910000000000004,1133,39,33,6,2,117.20000000000002
08,120248429995310229,ACTIVE,58,38.870000000000005,806,39,34,1,1,40.97
08,120247389356380455,ACTIVE,50,38.85,621,35,34,2,2,172.32000000000002
08,120245785647070650,PAUSED,100,38.78,531,24,22,1,0,0
08,120248892319580365,ACTIVE,100,38.769999999999996,1179,31,28,2,0,0
08,120246522442100677,ACTIVE,100,38.74,880,12,9,2,1,70.02
08,120248150922010425,PAUSED,100,38.68,738,13,13,0,0,0
08,120247866597170389,ACTIVE,100,38.67,1241,39,39,3,2,68.28
08,120246733901990065,ACTIVE,80,38.65,882,28,27,4,0,0
08,120248162820950389,ACTIVE,100,38.589999999999996,1325,84,82,9,3,80.79
08,120248448870780725,ACTIVE,100,38.55,797,26,24,1,1,49.37
08,120248108038930561,ACTIVE,128,38.53999999999999,1002,37,39,5,2,99.93
08,120246733876960065,ACTIVE,80,38.53999999999999,740,31,32,3,1,29.98
08,120245750558170707,ACTIVE,100,38.519999999999996,833,35,39,4,2,107.86
08,120246222498150752,ACTIVE,75,38.46,887,33,31,3,1,40.97
08,120245999879420097,PAUSED,80,38.41,1146,38,35,1,1,34.980000000000004
08,120246377047690097,PAUSED,150,38.3,1373,34,33,3,0,0
08,120247866400320389,PAUSED,100,38.22,1091,30,26,3,0,0
08,120246733877000065,ACTIVE,80,38.2,729,22,22,5,1,49.52
08,120246804547700175,ACTIVE,60,38.120000000000005,1471,35,32,3,1,24.96
08,120254284171970197,ACTIVE,100,38.09,837,34,33,5,3,106.19
08,120245612998430455,ACTIVE,100,38.07,1493,34,23,4,3,207.64999999999998
08,120246088780810320,PAUSED,106,38.03,906,14,13,3,1,34.07
08,120251494191110054,PAUSED,78,38.02,1042,12,13,0,0,0
08,120245241360310455,PAUSED,73,38,1556,24,21,1,0,0
08,120246087968610032,ACTIVE,72,37.99,818,36,34,5,3,82.22999999999999
08,6993911140695,ACTIVE,100,37.95,670,23,23,3,1,54.98
08,120246107235940707,PAUSED,82,37.89,802,27,26,1,0,0
08,120247245864910389,ACTIVE,100,37.86,1137,49,46,5,3,190.67999999999998
08,120249088233310651,ACTIVE,80,37.84,832,22,22,1,1,37.980000000000004
08,120251642537180054,ACTIVE,80,37.8,995,24,25,2,1,31.98
08,120242776941930146,ACTIVE,50,37.8,784,17,21,3,2,148.69
08,120251916632010054,PAUSED,100,37.79,612,8,9,1,0,0
08,120246674923260175,PAUSED,77,37.75,1015,25,24,0,0,0
08,120244213478540707,ACTIVE,100,37.74,734,27,25,2,0,0
08,120247558121530065,PAUSED,94,37.67,754,24,22,2,0,0
08,120244480112510436,PAUSED,55,37.660000000000004,1322,31,26,2,0,0
08,120248338395130283,ACTIVE,100,37.6,875,33,31,2,1,27.979999999999997
08,120249283733020100,ACTIVE,90,37.57,872,37,32,1,2,75.53999999999999
08,120245119189080630,ACTIVE,166,37.55,1198,29,30,4,4,171.49
08,120249178308050725,ACTIVE,100,37.489999999999995,861,19,20,1,2,94.35
08,120244083558220146,ACTIVE,100,37.46,1343,50,49,5,3,192.40999999999997
08,120246773871680629,ACTIVE,100,37.41,801,23,20,2,1,113.33
08,120246733902040065,ACTIVE,80,37.37,845,28,26,4,1,49.519999999999996
08,120245847712420650,PAUSED,114,37.36,429,11,13,1,1,86.75999999999999
08,120247367947390509,PAUSED,100,37.28,1439,25,22,0,0,0
08,120248359764410589,ACTIVE,100,37.230000000000004,949,29,26,2,0,0
08,120247645229990642,ACTIVE,60,37.18000000000001,1556,28,29,2,1,65.95
08,120242376497180436,PAUSED,100,37.150000000000006,1241,26,25,1,0,0
08,120246219568090241,ACTIVE,100,37.15,831,16,17,1,0,0
08,120247998931350564,PAUSED,100,37.12,1034,29,25,0,0,0
08,120244995263710686,PAUSED,100,37.099999999999994,378,6,7,1,0,0
08,120247390339020509,PAUSED,100,37.07,1026,27,23,1,0,0
08,120255653285300586,ACTIVE,50,37.019999999999996,730,36,25,3,2,78.35000000000001
08,120247728967360642,PAUSED,61,36.97,906,17,15,0,0,0
08,120246182718940752,PAUSED,100,36.87,566,15,12,1,1,24.98
08,120246226742380674,PAUSED,120,36.83,1015,30,25,1,1,46.230000000000004
08,120249228293700589,PAUSED,100,36.82,231,9,8,0,0,0
08,120251150600140210,ACTIVE,82,36.8,1002,35,33,1,1,97.96
08,120246220030610241,ACTIVE,100,36.8,1178,31,29,0,0,0
08,120246465900910677,ACTIVE,100,36.77,827,18,12,2,1,96.41
08,120246807795430509,ACTIVE,100,36.75,1194,23,22,2,2,123.94000000000003
08,120244883028360686,ACTIVE,80,36.739999999999995,670,21,23,3,3,191.13
08,120244014047710146,ACTIVE,100,36.72,959,26,22,2,2,243.14000000000001
08,120246285998310241,PAUSED,100,36.72,1484,26,25,1,1,129.45
08,120244500948650177,ACTIVE,100,36.69,801,27,27,4,1,29.98
08,120246447361050303,ACTIVE,120,36.53,952,39,38,3,1,43.97
08,120247114547280509,ACTIVE,85,36.47,942,14,14,3,3,203.89999999999998
08,120247365755990509,PAUSED,100,36.43,1427,26,24,1,0,0
08,120247526522450425,PAUSED,100,36.39,742,28,26,1,0,0
08,120248764599250589,ACTIVE,100,36.36,862,25,18,4,3,204.65999999999997
08,120247013051330065,PAUSED,50,36.35,813,23,21,0,0,0
08,120246867532780629,ACTIVE,100,36.29,716,16,15,3,1,176.24
08,120244486325980436,ACTIVE,100,36.21,1212,34,33,5,3,209.92999999999998
08,120248151945870425,ACTIVE,100,36.18,729,14,15,2,1,69.67
08,120249438611220064,ACTIVE,100,36.120000000000005,609,23,20,2,0,0
08,120243772698800146,ACTIVE,50,36.080000000000005,1295,29,28,1,1,41.980000000000004
08,120247267370990509,PAUSED,100,36.019999999999996,758,21,17,1,0,0
08,120246599961620214,ACTIVE,200,35.980000000000004,739,26,22,1,1,24.97
08,120247858934130544,ACTIVE,76,35.9,792,21,18,3,2,55.96
08,120248199130120168,PAUSED,90,35.89,783,24,22,1,0,0
08,120244561628480678,PAUSED,106,35.839999999999996,865,25,20,1,0,0
08,120246031764260509,ACTIVE,50,35.76,1556,21,18,2,1,61.97
08,120246733854740065,ACTIVE,80,35.63,770,23,25,5,2,59.96000000000001
08,120247365568180509,ACTIVE,100,35.61,1222,27,20,3,1,37.980000000000004
08,120247453928360065,ACTIVE,94,35.540000000000006,914,14,13,1,1,67.91
08,120244761869050436,ACTIVE,100,35.510000000000005,1151,26,29,1,0,0
08,120251856003590054,ACTIVE,100,35.51,1178,21,19,3,1,31.98
08,120247860181220455,ACTIVE,100,35.5,1036,28,26,2,1,84.37
08,120247124966150090,PAUSED,119,35.46,687,34,30,4,0,0
08,120244011865020146,PAUSED,100,35.45,1065,28,26,1,0,0
08,120243929504820146,ACTIVE,50,35.349999999999994,1038,21,19,3,1,41.980000000000004
08,120244504303760686,PAUSED,80,35.3,738,14,15,0,0,0
08,120248137514550561,ACTIVE,100,35.28,1090,35,31,2,1,24.98
08,120247970574920126,ACTIVE,80,35.22,837,30,24,4,3,152.40999999999997
08,120247392329400509,ACTIVE,100,35.22,1178,20,18,2,0,0
08,120244916355330436,ACTIVE,100,35.21,1090,20,16,1,1,68.23
08,120245823079650320,ACTIVE,100,35.19,994,28,26,1,1,58.77
08,120247238927080043,ACTIVE,70,35.11,609,17,17,2,1,29.12
08,120245466475870630,ACTIVE,110,35.11,1005,26,27,3,2,90.94
08,120244793522550320,ACTIVE,120,34.97,1222,18,21,3,1,34.07
08,120248535997930100,ACTIVE,100,34.800000000000004,1030,26,30,5,2,129.10000000000002
08,120244077730640146,ACTIVE,100,34.72,696,24,18,5,3,197.55
08,120244618043570436,PAUSED,50,34.7,1089,27,27,2,1,41.980000000000004
08,120245124561470686,PAUSED,80,34.67,512,14,14,1,0,0
08,120247482195350544,ACTIVE,74,34.61,740,15,15,2,2,93.89
08,120248694175490365,ACTIVE,100,34.6,1707,44,37,3,2,167.23999999999998
08,120245205425940677,PAUSED,50,34.599999999999994,931,17,19,2,0,0
08,120247541912960469,PAUSED,80,34.57,747,15,14,1,1,49.37
08,120247412626780168,PAUSED,100,34.56,1140,22,21,0,0,0
08,120246819645500629,ACTIVE,100,34.48,796,19,21,2,3,164.76999999999998
08,120244824816070686,ACTIVE,80,34.45,548,13,12,3,2,81.19999999999999
08,120246971318070629,PAUSED,100,34.43,545,15,13,1,0,0
08,120243211134690146,ACTIVE,100,34.370000000000005,1022,36,31,5,4,201.14999999999995
08,120244761869100436,ACTIVE,100,34.290000000000006,1265,28,23,1,0,0
08,120247275556550642,PAUSED,50,34.29,1153,23,23,0,0,0
08,120246699106190629,ACTIVE,100,34.28,645,9,9,1,1,113.33
08,120244965177330686,PAUSED,80,34.19,505,11,11,0,0,0
08,120247467570380455,ACTIVE,50,34.18000000000001,1024,28,25,1,1,60.410000000000004
08,120247366315930509,ACTIVE,100,34.14,1421,29,23,2,2,129.64
08,120247872778180425,PAUSED,55,34.089999999999996,618,14,11,1,0,0
08,120245124074630686,PAUSED,80,34.07,541,19,17,3,1,29.98
08,120246182405550752,PAUSED,100,34.06999999999999,604,14,14,0,0,0
08,120244581910630686,ACTIVE,80,34,523,21,15,3,3,149.96
08,120244076954630146,ACTIVE,100,33.91,727,20,17,1,2,150.42
08,120248974670480019,PAUSED,80,33.900000000000006,530,17,16,2,1,107.44
08,120243142609020146,ACTIVE,100,33.870000000000005,711,42,33,2,4,234.39000000000001
08,120247678231050065,PAUSED,93,33.77,792,21,21,2,0,0
08,120245124052890686,ACTIVE,80,33.7,567,13,10,4,3,153.66
08,120243458900420436,PAUSED,100,33.68,1357,34,30,3,0,0
08,120245381315950677,PAUSED,50,33.61,1256,11,10,1,0,0
08,120248045548240425,PAUSED,136,33.56,709,16,15,0,0,0
08,120245651364090303,ACTIVE,80,33.55,625,23,22,3,0,0
08,120250703936480404,ACTIVE,92,33.53,502,25,26,0,0,0
08,120247246948670509,ACTIVE,100,33.4,1476,38,34,3,2,125.44
08,120246257869250707,ACTIVE,80,33.39,742,28,25,2,1,40.86
08,120240258763950179,PAUSED,140,33.36,1101,26,26,1,1,49.37
08,120247280578260065,ACTIVE,100,33.199999999999996,689,13,12,1,1,63.91
08,120245993170520241,PAUSED,77,33.19,1405,33,28,0,0,0
08,120248124140310455,ACTIVE,100,33.15,767,11,8,1,0,0
08,120244011864950146,PAUSED,100,33.129999999999995,967,36,30,3,0,0
08,120256546977430586,ACTIVE,126,33.03,1062,30,39,3,2,98.74000000000001
08,120248503799160116,ACTIVE,74,32.98,776,40,43,2,1,39.980000000000004
08,120248734559300565,ACTIVE,100,32.94,635,28,27,0,0,0
08,120247651426280455,PAUSED,50,32.94,787,37,30,0,0,0
08,120248880534940100,ACTIVE,50,32.87,648,16,14,5,1,90.92999999999999
08,120249179811830725,PAUSED,100,32.81,1128,17,16,1,1,86.55
08,120248346419460152,ACTIVE,94,32.730000000000004,1159,24,26,1,1,46.980000000000004
08,120246169445790320,ACTIVE,108,32.709999999999994,854,20,19,3,1,34.06999999999999
08,120248064259890425,PAUSED,100,32.69,458,15,12,0,0,0
08,120247061773550509,ACTIVE,100,32.650000000000006,1275,30,34,4,1,34.980000000000004
08,120246668180150731,PAUSED,100,32.629999999999995,446,12,14,1,0,0
08,120245650683780674,PAUSED,100,32.629999999999995,522,21,20,0,0,0
08,120243958669750146,ACTIVE,100,32.629999999999995,674,14,9,1,0,0
08,120249073800120725,ACTIVE,100,32.589999999999996,1070,28,23,4,4,274.31
08,120247815782080642,ACTIVE,122,32.550000000000004,846,32,34,2,1,37.949999999999996
08,120243205951310642,ACTIVE,50,32.52,1286,28,24,4,2,158.24999999999997
08,120243772061640146,ACTIVE,100,32.43,749,25,22,1,1,75.22
08,120249265247170651,ACTIVE,80,32.42,817,21,24,1,1,66.02
08,120246184128390674,PAUSED,100,32.42,516,14,14,0,0,0
08,120249179811790725,PAUSED,100,32.41,974,17,15,0,0,0
08,120245466475590630,ACTIVE,110,32.36,931,26,25,5,3,234.42000000000002
08,120249013372050100,PAUSED,64,32.29,542,15,14,0,0,0
08,120244017128390686,PAUSED,50,32.269999999999996,630,23,23,1,0,0
08,120246299672740751,ACTIVE,115,32.21,891,21,20,6,2,45.96
08,120250139873910577,PAUSED,100,32.2,684,18,18,2,0,0
08,120247199911470090,PAUSED,122,32.18,819,18,17,2,0,0
08,120245463210960177,ACTIVE,100,32.18,325,8,10,0,0,0
08,120249390394480054,ACTIVE,68,32.13,844,15,15,1,1,31.979999999999997
08,120248072969470389,ACTIVE,56,32.120000000000005,1002,37,35,5,1,59.91
08,120247245482580509,ACTIVE,100,32.12,1179,28,24,2,1,61.97
08,120243928955960129,PAUSED,100,32.08,1086,28,27,1,0,0
08,120243929504970146,ACTIVE,50,31.990000000000002,869,25,19,0,1,41.980000000000004
08,120247238880210043,PAUSED,70,31.990000000000002,540,21,22,1,0,0
08,120248923191070589,PAUSED,50,31.97,794,18,16,0,0,0
08,120246459062220674,PAUSED,85,31.959999999999997,782,18,15,1,1,46.23
08,120247467569900455,ACTIVE,50,31.9,1031,29,24,0,0,0
08,120246558672090097,ACTIVE,101,31.869999999999997,933,26,26,2,1,61.97
08,120248849928910725,PAUSED,100,31.840000000000003,708,17,16,0,0,0
08,120246875435580731,PAUSED,100,31.759999999999998,360,14,10,0,0,0
08,120244915930060436,ACTIVE,100,31.740000000000002,957,29,30,2,2,136.46000000000004
08,120247504003740425,PAUSED,50,31.64,607,12,10,2,0,0
08,120243771828200436,PAUSED,50,31.63,1184,16,15,1,0,0
08,120244264704420436,PAUSED,100,31.59,1306,29,25,1,0,0
08,120247802943620389,ACTIVE,100,31.549999999999997,1392,33,40,3,2,58.93
08,120251014701600404,ACTIVE,50,31.49,374,11,12,2,1,74.94
08,120247570572060455,ACTIVE,50,31.48,1530,35,29,0,0,0
08,120247487024380065,PAUSED,100,31.47,450,10,9,0,0,0
08,120248108038860561,ACTIVE,85,31.46,1101,46,38,2,1,24.98
08,120244418309400436,ACTIVE,100,31.409999999999997,1031,21,20,2,0,0
08,120246773871740629,ACTIVE,50,31.380000000000003,749,20,22,2,1,63.910000000000004
08,120245687813040097,ACTIVE,81,31.29,1007,32,26,3,1,61.97
08,120245532692360630,ACTIVE,110,31.22,1022,21,20,3,2,107.42999999999999
08,120245463474020177,PAUSED,100,31.2,382,14,13,0,0,0
08,120244761582650436,PAUSED,100,31.160000000000004,1104,40,40,1,1,41.980000000000004
08,120243860628310436,PAUSED,100,31.13,998,27,25,1,0,0
08,120248566051210152,ACTIVE,80,31.1,900,11,10,2,1,46.980000000000004
08,120247952380170544,PAUSED,90,31.1,572,8,8,0,0,0
08,120242972188130146,PAUSED,50,31.08,625,15,12,1,0,0
08,120247508094040725,ACTIVE,100,31.08,1044,16,14,1,1,49.37
08,120245097017710677,ACTIVE,100,31,738,15,11,0,0,0
08,120244505718600686,ACTIVE,80,30.979999999999997,507,13,11,1,1,71.21
08,120246697447920610,ACTIVE,80,30.95,414,12,9,1,0,0
08,120244014492430146,ACTIVE,100,30.84,895,26,26,1,0,0
08,120247797464010126,ACTIVE,80,30.829999999999995,778,14,14,1,1,46.230000000000004
08,120244965177310686,PAUSED,80,30.79,446,14,12,1,0,0
08,120244418309490436,PAUSED,100,30.74,1010,29,23,2,0,0
08,120243594040740146,PAUSED,100,30.629999999999995,982,30,30,2,0,0
08,120247591966310642,ACTIVE,50,30.6,1004,22,22,2,0,0
08,120245264539280177,PAUSED,100,30.509999999999998,551,25,24,2,1,29.979999999999997
08,120244076683170146,ACTIVE,100,30.47,782,30,30,4,2,117.2
08,120254368844950197,PAUSED,100,30.46,645,15,14,1,0,0
08,120248155094770425,ACTIVE,100,30.37,561,10,11,2,0,0
08,120247064860080731,ACTIVE,80,30.350000000000005,505,24,25,1,0,0
08,120244078670840146,ACTIVE,100,30.29,761,27,29,3,1,41.98
08,120249105110140210,ACTIVE,74,30.25,855,21,17,3,1,71.72
08,120247485225890126,PAUSED,80,30.220000000000002,668,16,15,2,0,0
08,120246100011640752,PAUSED,84,30.22,785,30,28,4,1,25.97
08,120243772020840146,PAUSED,100,30.2,742,30,24,2,1,106.71000000000001
08,120248124018900425,PAUSED,135,30.15,454,14,10,0,0,0
08,120246283838280097,ACTIVE,110,30.13,1003,21,25,4,1,61.96999999999999
08,120247832290650425,PAUSED,100,30.07,493,7,4,0,0,0
08,120247267358630509,ACTIVE,100,30.06,440,8,10,2,2,67.96000000000001
08,120246579308140453,ACTIVE,100,30.03,498,14,12,1,0,0
08,120254529951780197,PAUSED,100,30.020000000000003,497,9,9,1,0,0
08,120243772698880146,ACTIVE,50,30.02,1162,21,21,2,1,41.980000000000004
08,120247954410960425,PAUSED,69,30,563,19,19,2,0,0
08,120247311646990509,PAUSED,100,29.99,1365,31,25,1,0,0
08,120248819218450019,ACTIVE,150,29.96,565,23,28,6,2,59.96000000000001
08,120243924560270146,PAUSED,100,29.91,779,21,17,1,0,0
08,120247391144450509,PAUSED,100,29.870000000000005,1023,26,23,1,0,0
08,120244916431500436,PAUSED,100,29.85,896,16,15,1,1,104.66999999999999
08,120249872725020651,PAUSED,80,29.82,583,22,20,1,0,0
08,120245487786100032,ACTIVE,50,29.69,675,27,21,5,2,43.959999999999994
08,120246887885530090,PAUSED,50,29.680000000000003,567,26,25,2,0,0
08,120247246390530389,PAUSED,100,29.63,1214,42,37,1,1,37.05
08,120247952380210544,PAUSED,90,29.589999999999996,778,13,15,1,1,27.98
08,120246412451290629,PAUSED,50,29.57,740,23,21,1,0,0
08,120243689609840436,PAUSED,50,29.560000000000002,1010,21,21,1,0,0
08,120247163507460509,PAUSED,50,29.550000000000004,1602,24,20,2,0,0
08,120245651364050303,PAUSED,80,29.49,479,16,16,2,0,0
08,120247829146440561,ACTIVE,76,29.39,679,31,32,4,3,156.89000000000001
08,120244505803880686,ACTIVE,80,29.39,574,16,14,2,2,101.19
08,120248155094740425,PAUSED,100,29.39,562,15,13,1,0,0
08,120244404574840678,ACTIVE,79,29.380000000000003,761,17,18,2,2,115.96
08,120245049415260032,PAUSED,100,29.340000000000003,905,33,23,0,0,0
08,120246929317920175,ACTIVE,100,29.339999999999996,609,13,13,1,1,57.900000000000006
08,120246697447950610,ACTIVE,80,29.339999999999996,421,11,11,1,1,29.979999999999997
08,120245063703470133,ACTIVE,80,29.299999999999997,787,31,34,1,1,66.02000000000001
08,120247245979210389,PAUSED,100,29.26,764,39,35,2,0,0
08,120247921074920168,PAUSED,74,29.259999999999998,776,17,21,0,0,0
08,120246250177540320,PAUSED,110,29.17,868,22,21,0,0,0
08,120248737641910722,PAUSED,80,29.17,425,27,21,1,0,0
08,120244486414960436,PAUSED,100,29.15,793,18,16,1,0,0
08,120246250177610320,PAUSED,110,29.14,736,18,16,0,0,0
08,120249073752900725,ACTIVE,100,29.139999999999997,794,14,15,2,2,115.53
08,120246875316820731,PAUSED,100,29.1,366,14,13,0,0,0
08,120245045033420177,PAUSED,100,29.09,604,16,11,2,1,51.22
08,120250596505340709,ACTIVE,100,29.080000000000002,650,16,20,2,1,46.37
08,120246867532700629,PAUSED,50,29.07,660,22,19,2,0,0
08,120251692403590054,ACTIVE,73,29.059999999999995,651,12,10,1,0,0
08,120247862754470462,ACTIVE,73,29.04,531,16,17,1,0,0
08,120243065943950146,PAUSED,150,28.880000000000003,703,28,24,0,0,0
08,120244915858330436,PAUSED,100,28.810000000000002,802,17,19,1,0,0
08,120243673094650146,ACTIVE,50,28.779999999999998,830,29,24,3,1,41.980000000000004
08,120246299721450751,ACTIVE,115,28.74,642,22,24,0,0,0
08,120245943231800173,ACTIVE,120,28.72,699,30,31,2,2,111.33
08,120246686798620214,ACTIVE,100,28.630000000000003,513,24,27,2,0,0
08,120245463311260177,ACTIVE,100,28.61,323,4,6,2,2,81.2
08,120246174521010752,ACTIVE,75,28.58,704,25,21,1,1,54.96
08,120249179002100725,PAUSED,100,28.55,647,12,12,0,0,0
08,120244076954320146,PAUSED,100,28.53,658,17,14,1,1,43.72
08,120250448461180210,ACTIVE,74,28.48,861,12,12,3,1,71.72
08,120247370270380509,PAUSED,101,28.449999999999996,1178,22,20,0,0,0
08,120246562589300629,ACTIVE,50,28.4,532,25,22,2,1,36.949999999999996
08,120247865520180544,PAUSED,80,28.369999999999997,577,16,13,1,1,27.98
08,120247247927900509,PAUSED,79,28.21,1045,26,24,1,0,0
08,120244823852300686,PAUSED,50,28.11,495,13,13,1,0,0
08,120246928961250175,ACTIVE,100,28.11,641,15,15,0,0,0
08,120248017013520389,PAUSED,50,27.91,875,39,30,2,0,0
08,120245490989200133,ACTIVE,80,27.85,521,17,15,1,0,0
08,120248823290310722,ACTIVE,80,27.839999999999996,450,11,13,1,0,0
08,120246088780780320,PAUSED,53,27.770000000000003,782,11,7,0,0,0
08,120257220181140586,PAUSED,50,27.77,964,12,9,1,0,0
08,120247115989200291,ACTIVE,80,27.73,507,16,18,0,0,0
08,120245205078130630,PAUSED,56,27.68,910,14,15,3,0,0
08,120246182500340752,PAUSED,100,27.64,407,15,13,0,0,0
08,120245298343980752,PAUSED,100,27.64,667,19,16,0,0,0
08,120247702154240544,ACTIVE,73,27.560000000000002,647,13,13,2,2,55.96
08,120243458344240129,PAUSED,100,27.54,1128,23,17,1,1,66.48
08,120245453935880025,PAUSED,100,27.519999999999996,352,6,6,0,0,0
08,120244916431450436,PAUSED,100,27.51,955,18,19,0,0,0
08,120244963676310686,ACTIVE,80,27.5,377,17,14,0,1,53.51
08,120249263766000247,ACTIVE,100,27.439999999999998,941,18,13,0,0,0
08,120250922808060054,PAUSED,100,27.380000000000003,524,11,10,0,0,0
08,120246174521100752,PAUSED,75,27.37,648,28,27,1,0,0
08,120244312405200436,ACTIVE,50,27.330000000000002,1059,30,32,1,0,0
08,120249533679040019,ACTIVE,50,27.31,530,27,25,3,2,49.96
08,120244915705330436,PAUSED,100,27.11,840,22,24,1,1,41.980000000000004
08,120246559951150097,PAUSED,80,27.1,805,22,22,0,0,0
08,120251014701570404,ACTIVE,80,27.03,483,13,11,1,0,0
08,120244911557470436,ACTIVE,100,27.03,1082,24,20,2,1,68.23
08,120247018754190126,ACTIVE,80,26.990000000000002,613,21,26,1,0,0
08,120246338028120241,ACTIVE,300,26.89,1920,31,33,3,2,83.96
08,120247157340280509,PAUSED,100,26.85,964,17,14,1,0,0
08,120244915930020436,PAUSED,100,26.830000000000002,913,20,18,0,0,0
08,120245251316060477,PAUSED,100,26.759999999999998,393,10,12,1,0,0
08,120248430211380152,ACTIVE,80,26.71,788,27,27,0,0,0
08,120248566048970152,ACTIVE,80,26.71,889,9,10,1,0,0
08,120243629084100705,ACTIVE,80,26.68,448,24,23,0,0,0
08,120249754760810019,ACTIVE,100,26.58,537,20,17,2,1,29.98
08,120244076700670146,ACTIVE,100,26.55,1007,25,27,4,1,41.980000000000004
08,120248025171210561,ACTIVE,86,26.529999999999998,1038,24,25,2,2,99.91
08,120245198116820177,ACTIVE,50,26.46,490,13,16,0,1,89.93
08,120244915743550436,PAUSED,100,26.39,888,22,21,2,0,0
08,120247970691610126,PAUSED,80,26.340000000000003,538,16,11,0,0,0
08,120245571282690707,PAUSED,50,26.31,432,11,10,0,0,0
08,120246777147040214,PAUSED,80,26.299999999999997,467,10,10,0,0,0
08,120248072969230389,PAUSED,62,26.19,797,15,11,0,0,0
08,120245044044890686,ACTIVE,80,26.13,460,17,15,2,1,29.980000000000004
08,120245583667780533,PAUSED,66,26.12,567,14,13,0,0,0
08,120246929603830175,ACTIVE,100,26.099999999999998,525,16,15,1,1,24.96
08,120245334634580630,ACTIVE,77,26.019999999999996,887,17,17,3,1,40.97
08,120247970691860126,PAUSED,80,25.990000000000002,646,16,15,0,0,0
08,120246666123990477,ACTIVE,100,25.95,437,18,14,3,2,59.959999999999994
08,120249447732030577,ACTIVE,68,25.8,958,34,30,1,0,0
08,120245511607120780,ACTIVE,80,25.79,584,15,12,1,1,76.31
08,120247678231030065,PAUSED,93,25.759999999999998,519,14,13,0,0,0
08,120247367947350509,PAUSED,100,25.63,800,14,11,0,0,0
08,120249283732990100,PAUSED,90,25.619999999999997,592,15,12,1,0,0
08,120249824676430057,ACTIVE,100,25.59,362,20,23,1,1,41.98
08,120245490989600133,ACTIVE,80,25.57,485,15,13,1,1,37.980000000000004
08,120249347498580100,PAUSED,91,25.53,373,9,8,0,0,0
08,120244918988320303,ACTIVE,40,25.519999999999996,507,20,20,2,1,26.98
08,120244447104190303,ACTIVE,80,25.47,653,15,13,1,0,0
08,120249447732060577,ACTIVE,68,25.47,1005,30,24,1,1,41.97
08,120244915705670436,PAUSED,100,25.46,788,15,15,0,0,0
08,23857331534270799,ACTIVE,50,25.43,271,10,9,3,1,27.979999999999997
08,120247365730510509,PAUSED,100,25.340000000000003,869,19,17,1,1,34.980000000000004
08,120243738734810686,PAUSED,80,25.330000000000002,274,9,7,0,0,0
08,120246169445720320,ACTIVE,108,25.259999999999998,817,15,15,3,2,117.53999999999999
08,120244446224590630,PAUSED,74,25.200000000000003,811,19,19,4,0,0
08,120251037305040166,PAUSED,30,25.169999999999998,504,19,16,3,1,68.15
08,120244915858300436,PAUSED,100,25.15,879,20,16,0,0,0
08,120248558918190695,PAUSED,80,25.14,1026,10,12,0,0,0
08,120248604432660663,ACTIVE,80,25.12,314,13,17,1,1,117.14999999999999
08,120247115989130291,ACTIVE,80,25.04,416,8,14,2,1,64.17
08,120245987169440477,PAUSED,100,24.87,325,10,8,1,0,0
08,6968638622626,ACTIVE,50,24.87,539,15,13,1,0,0
08,120257487343530586,ACTIVE,200,24.84,671,25,21,3,2,78.35
08,120245292365960179,ACTIVE,100,24.830000000000002,785,28,29,2,0,0
08,120244077730710146,PAUSED,100,24.79,509,15,10,0,0,0
08,120244483074140436,PAUSED,100,24.779999999999998,798,18,14,0,0,0
08,120246804547640175,PAUSED,100,24.720000000000002,1052,33,34,0,0,0
08,120244076631460146,ACTIVE,100,24.71,640,25,26,3,1,41.98
08,120245685799910707,PAUSED,50,24.62,470,19,15,1,0,0
08,120246011193300707,PAUSED,50,24.599999999999998,569,20,15,0,0,0
08,120246579308100453,PAUSED,100,24.57,272,8,9,0,0,0
08,120247972621170389,PAUSED,100,24.560000000000002,878,27,26,0,0,0
08,120246707623720509,ACTIVE,78,24.54,634,21,21,1,2,121.59
08,120246518965620674,PAUSED,100,24.539999999999996,463,15,15,0,0,0
08,120246597569540214,ACTIVE,80,24.41,507,19,18,2,1,42.949999999999996
08,120244911557440436,ACTIVE,100,24.4,1156,39,37,1,0,0
08,120248318269050152,ACTIVE,80,24.39,669,16,17,2,1,73.98
08,120249057598540663,ACTIVE,50,24.39,353,12,13,1,0,0
08,120247365756650509,PAUSED,100,24.389999999999997,1014,14,15,0,0,0
08,120245045578670686,PAUSED,80,24.33,366,8,6,1,1,29.98
08,120248774501890725,PAUSED,100,24.310000000000002,646,12,8,0,0,0
08,120245045512490686,ACTIVE,80,24.27,355,18,14,2,1,29.98
08,120246559887790097,ACTIVE,80,24.23,816,27,25,2,0,0
08,120246777147100214,ACTIVE,80,24.23,513,14,12,2,1,42.95
08,120244076700620146,ACTIVE,100,24.099999999999998,983,33,32,3,1,41.980000000000004
08,120244078670200146,ACTIVE,100,24.07,596,23,23,0,0,0
08,120246177720650032,ACTIVE,73,24.06,555,27,26,3,1,37.27
08,120249438225460064,ACTIVE,100,24.020000000000003,458,12,14,1,0,0
08,120242700474110358,PAUSED,100,23.96,562,7,7,0,0,0
08,120246902635090175,PAUSED,86,23.900000000000002,811,17,17,0,0,0
08,120250691304310722,ACTIVE,40,23.72,328,20,19,2,0,0
08,120247391019010168,ACTIVE,52,23.68,551,18,18,2,1,37.980000000000004
08,120247866311490389,PAUSED,100,23.66,760,33,31,1,0,0
08,120248201085040469,PAUSED,80,23.270000000000003,491,13,12,0,0,0
08,120246299672680751,ACTIVE,68,23.22,597,16,14,0,0,0
08,120244078600520146,ACTIVE,100,23,630,25,22,1,1,75.22
08,120246196163050707,PAUSED,80,22.96,422,12,10,0,0,0
08,120248082904030663,ACTIVE,80,22.950000000000003,269,7,10,1,1,140.23999999999998
08,120246177720600032,ACTIVE,73,22.91,630,27,26,4,1,21.979999999999997
08,120246985821510043,PAUSED,70,22.91,244,11,10,0,0,0
08,120248554270560695,ACTIVE,80,22.79,965,17,16,1,1,37.98
08,120248737641880722,PAUSED,68,22.659999999999997,353,14,15,0,0,0
08,120246619814510549,ACTIVE,85,22.59,469,17,17,1,1,53.22
08,120244076500250146,ACTIVE,100,22.53,562,26,25,2,1,41.980000000000004
08,120250838901590404,ACTIVE,50,22.409999999999997,389,20,21,1,1,97.96
08,120251953466380054,ACTIVE,50,22.39,352,9,8,2,2,63.96000000000001
08,120244916355270436,PAUSED,100,22.380000000000003,769,4,3,0,0,0
08,120249031617290603,ACTIVE,50,22.36,315,5,7,1,1,37.98
08,120245224111660179,ACTIVE,80,22.240000000000002,1115,19,20,2,0,0
08,120249057669240663,ACTIVE,50,22.19,389,12,12,1,1,66.02000000000001
08,120248958340820725,ACTIVE,100,22.17,387,7,7,2,1,68.56
08,120250837944350404,ACTIVE,50,22.15,484,18,14,1,0,0
08,120247160674020043,ACTIVE,70,22.13,485,19,18,1,0,0
08,120246902634980175,PAUSED,86,22.060000000000002,603,14,14,2,0,0
08,120247365730540509,PAUSED,100,22,773,18,17,2,1,34.980000000000004
08,120244078600240146,ACTIVE,100,21.92,669,18,16,0,0,0
08,120249062394220019,ACTIVE,50,21.880000000000003,402,20,21,1,0,0
08,120245889270610065,ACTIVE,40,21.85,683,11,8,2,2,79.5
08,120245224035350179,ACTIVE,80,21.740000000000002,910,21,22,2,1,49.37
08,120245515771490533,PAUSED,100,21.729999999999997,607,30,29,1,0,0
08,120244566387920788,PAUSED,50,21.72,440,16,14,0,0,0
08,120247615799520561,PAUSED,50,21.679999999999996,408,22,15,0,0,0
08,120248201085010469,PAUSED,80,21.64,480,10,9,0,0,0
08,120244076721430146,PAUSED,100,21.64,506,10,8,0,0,0
08,120244076650050146,ACTIVE,100,21.6,595,17,17,0,0,0
08,120246107235900707,PAUSED,82,21.57,423,14,11,0,0,0
08,120246666193770477,ACTIVE,100,21.54,447,17,18,3,1,51.21
08,120247059116570175,PAUSED,87,21.490000000000002,686,12,12,1,0,0
08,120247366316010509,PAUSED,100,21.439999999999998,884,12,10,0,0,0
08,120251026838540210,ACTIVE,84,21.42,626,22,22,1,1,71.72
08,120245213356490125,PAUSED,80,21.41,402,10,10,0,0,0
08,120246257869280707,PAUSED,80,21.39,372,14,14,1,0,0
08,120246971373670629,ACTIVE,100,21.380000000000003,449,7,7,0,0,0
08,120244749895840686,PAUSED,80,21.18,352,15,15,0,0,0
08,120247040711430629,ACTIVE,100,21.14,594,12,15,1,0,0
08,120244076631420146,ACTIVE,100,21.019999999999996,649,19,19,3,1,75.22
08,120246338247960241,PAUSED,100,20.97,1421,35,34,0,0,0
08,120246619814540549,ACTIVE,55,20.96,370,7,9,1,1,53.22
08,120247446150270425,PAUSED,100,20.939999999999998,250,8,7,0,0,0
08,120241972248380630,PAUSED,47,20.85,567,14,14,0,0,0
08,120248025171070561,ACTIVE,86,20.74,623,26,25,3,0,0
08,6973002166826,ACTIVE,50,20.74,483,6,6,1,0,0
08,120243629084050705,PAUSED,80,20.68,310,13,12,0,0,0
08,120249062394160019,ACTIVE,80,20.659999999999997,341,22,22,3,0,0
08,120248557488550695,ACTIVE,80,20.590000000000003,836,10,13,0,1,92.41
08,120257487876160586,ACTIVE,50,20.55,473,13,10,1,2,78.35
08,120247059116590175,PAUSED,87,20.549999999999997,540,15,13,1,0,0
08,120248811958530116,ACTIVE,100,20.5,347,18,21,2,0,0
08,120247365568120509,PAUSED,100,20.43,885,24,21,1,0,0
08,120245044044870686,ACTIVE,80,20.4,316,10,7,2,2,122.42999999999999
08,120247267347000509,ACTIVE,100,20.37,455,13,11,0,0,0
08,120245292235740179,PAUSED,100,20.36,785,21,19,1,0,0
08,6966949200095,PAUSED,100,20.02,221,8,5,0,0,0
08,120246135470290032,ACTIVE,100,19.9,494,20,18,0,0,0
08,120247040934570629,ACTIVE,100,19.810000000000002,914,13,18,0,0,0
08,120244165647870788,PAUSED,50,19.66,310,6,5,0,0,0
08,120246196163490707,PAUSED,80,19.63,437,13,11,2,0,0
08,120247040934670629,ACTIVE,100,19.6,969,9,11,1,1,113.33000000000001
08,120248812003990116,ACTIVE,100,19.55,532,24,22,1,0,0
08,120248108232400544,ACTIVE,80,19.529999999999998,633,10,11,0,0,0
08,120245889270720065,ACTIVE,40,19.32,663,13,13,0,0,0
08,120251314640370210,ACTIVE,50,19.310000000000002,417,12,10,0,0,0
08,120251314539200210,ACTIVE,50,19.2,584,14,12,1,1,41.980000000000004
08,120248150860660425,PAUSED,100,19.07,241,7,7,0,0,0
08,120244015116230146,PAUSED,100,19.020000000000003,569,14,9,0,0,0
08,120249646481980279,ACTIVE,80,18.93,471,8,8,1,1,27.98
08,120245583666590533,PAUSED,50,18.82,668,15,18,0,0,0
08,120248289243870469,PAUSED,80,18.72,304,3,3,0,0,0
08,120246299721620751,ACTIVE,68,18.689999999999998,400,20,18,1,0,0
08,120251953956170054,PAUSED,100,18.68,352,3,3,0,0,0
08,120249152473440247,ACTIVE,100,18.67,391,14,15,1,1,38.17
08,120249755037190019,PAUSED,50,18.66,433,17,16,0,0,0
08,120248288633070389,PAUSED,81,18.479999999999997,540,12,9,1,0,0
08,120248108608420544,PAUSED,80,18.46,348,11,8,0,0,0
08,120251063106910166,PAUSED,30,18.29,412,16,16,2,0,0
08,120244566743750788,PAUSED,50,18.16,303,9,9,0,0,0
08,120257559013710586,ACTIVE,30,18.15,467,12,8,0,0,0
08,120247601292330065,ACTIVE,50,18.07,388,17,15,0,0,0
08,120248108495610544,PAUSED,80,18.05,326,6,5,2,1,27.98
08,120245881655400509,ACTIVE,41,17.88,598,12,10,4,3,185.91
08,6973002165426,ACTIVE,50,17.86,432,8,8,0,0,0
08,120245481989440065,ACTIVE,40,17.84,488,16,12,2,1,49.52
08,120248108495570544,PAUSED,80,17.580000000000002,419,7,8,1,1,27.98
08,23857331534250799,PAUSED,50,17.36,172,6,5,0,0,0
08,120250015822460577,PAUSED,100,17.35,309,7,7,0,0,0
08,120245481989400065,ACTIVE,40,17.29,441,11,11,1,0,0
08,120246818759970303,ACTIVE,40,17.18,338,13,12,1,1,43.97
08,120248574839520695,ACTIVE,50,17.1,456,9,11,1,0,0
08,120250596545850709,PAUSED,100,17.02,372,4,6,0,0,0
08,120250691304360722,PAUSED,40,16.77,230,3,2,0,0,0
08,120248224809960389,PAUSED,80,16.76,656,24,19,5,0,0
08,120247040711030629,ACTIVE,100,16.75,380,12,9,0,0,0
08,120248151946060425,PAUSED,100,16.71,350,6,5,0,0,0
08,120248159215810389,PAUSED,79,16.64,406,15,12,1,0,0
08,120246488525160097,PAUSED,100,16.619999999999997,593,12,11,0,0,0
08,120248302725660389,ACTIVE,100,16.47,467,26,23,2,0,0
08,120256572736650586,ACTIVE,200,16.4,401,14,10,5,2,100.94
08,120249709883650577,PAUSED,100,16.29,302,8,7,0,0,0
08,23857304059050799,ACTIVE,50,16.21,168,6,6,0,0,0
08,120248107941650544,PAUSED,80,16.2,352,7,7,1,0,0
08,23857304059010799,ACTIVE,50,16.06,176,8,6,0,0,0
08,120250747283060166,PAUSED,50,15.9,474,12,11,2,1,24.98
08,120248121376990544,ACTIVE,80,15.870000000000001,455,8,6,2,2,55.959999999999994
08,120245706384310533,PAUSED,67,15.829999999999998,594,11,10,1,0,0
08,120250501589950722,ACTIVE,68,15.71,186,11,11,1,1,52.660000000000004
08,120246802025580509,ACTIVE,42,15.639999999999999,458,19,16,1,1,33.98
08,120257559013880586,ACTIVE,30,15.550000000000002,484,21,16,2,1,28.98
08,120247601292310065,ACTIVE,50,15.469999999999999,385,15,14,2,1,49.51
08,120248298800180389,ACTIVE,100,15.42,450,13,12,3,0,0
08,120248138150990469,PAUSED,80,15.29,212,1,1,0,0,0
08,120248302912210389,ACTIVE,100,15.26,407,12,13,0,0,0
08,120246488537710097,PAUSED,80,15.2,399,8,8,0,0,0
08,120252326382630348,ACTIVE,80,15.030000000000001,241,4,6,1,1,95.7
08,120244216235640630,ACTIVE,52,14.940000000000001,457,13,13,5,3,79.94
08,120248980523880019,PAUSED,50,14.84,237,15,14,0,0,0
08,120248302449150389,ACTIVE,100,14.82,493,20,21,3,0,0
08,120246581316290126,ACTIVE,80,14.709999999999999,493,9,14,1,1,29.979999999999997
08,120245842698410677,PAUSED,100,14.700000000000001,451,6,5,0,0,0
08,120248302725690389,ACTIVE,100,14.65,569,19,20,1,0,0
08,120248302449280389,ACTIVE,100,14.59,544,21,23,2,1,37.050000000000004
08,120248057050710561,PAUSED,60,14.229999999999999,429,10,10,1,0,0
08,120247597779990751,ACTIVE,40,14.1,280,13,14,0,0,0
08,120246559951040097,PAUSED,80,13.939999999999998,342,8,6,0,0,0
08,120247799916380462,ACTIVE,35,13.84,260,8,8,0,0,0
08,120247799916320462,ACTIVE,35,13.75,459,17,12,0,1,39.98
08,120247799916400462,ACTIVE,35,13.649999999999999,381,13,13,0,0,0
08,120245021443910179,PAUSED,80,13.62,518,8,9,1,1,49.37
08,120248429859550116,ACTIVE,101,13.590000000000002,240,8,8,0,0,0
08,120244235259940678,ACTIVE,30,13.46,351,10,9,0,0,0
08,120247797108450126,ACTIVE,80,13.450000000000001,298,3,7,1,1,51.22
08,120248302616530389,ACTIVE,100,13.43,504,13,15,0,0,0
08,120251954196980054,ACTIVE,50,13.42,254,9,8,0,0,0
08,120246285677030241,PAUSED,100,13.42,574,9,6,1,1,41.98
08,120249739079790279,ACTIVE,80,13.37,231,6,6,0,0,0
08,120248302852090389,ACTIVE,100,13.26,550,26,18,3,0,0
08,120244164847370788,PAUSED,50,13.23,282,4,3,0,0,0
08,120248298800110389,ACTIVE,100,13.219999999999999,428,13,13,1,0,0
08,120248302912110389,ACTIVE,100,13.18,362,16,13,1,0,0
08,120248573670680695,ACTIVE,90,13.11,324,3,4,2,0,0
08,120247130849060090,PAUSED,50,12.95,142,5,6,0,0,0
08,120249533650900019,PAUSED,50,12.83,197,7,7,1,0,0
08,120248302852030389,ACTIVE,100,12.64,342,9,11,1,0,0
08,120246818759010303,ACTIVE,40,12.629999999999999,277,11,12,2,0,0
08,120248573692120695,ACTIVE,90,12.6,310,2,4,1,1,37.980000000000004
08,120248108608490544,PAUSED,80,12.58,254,4,4,0,0,0
08,120249533650850019,PAUSED,50,12.34,194,10,9,0,0,0
08,120246907642230291,ACTIVE,80,12.319999999999999,287,11,13,2,0,0
08,6993911147495,PAUSED,100,12.17,226,1,1,0,0,0
08,120257359768220586,ACTIVE,30,11.82,371,5,3,0,0,0
08,120256254668930586,ACTIVE,25,11.76,360,18,14,2,0,0
08,120250501589970722,PAUSED,40,11.709999999999999,172,5,4,0,0,0
08,120249134484060166,PAUSED,30,11.69,213,6,5,1,1,24.98
08,120248615909580019,PAUSED,50,11.63,167,1,1,0,0,0
08,120246145791530470,ACTIVE,20,11.629999999999999,153,8,6,0,0,0
08,120247313991580561,PAUSED,50,11.05,290,4,5,1,1,24.98
08,120244566507460788,PAUSED,50,11.01,197,2,2,0,0,0
08,120251063107220166,PAUSED,30,10.96,249,9,8,0,0,0
08,120257221973410586,ACTIVE,25,10.649999999999999,255,8,9,0,0,0
08,120250895021460586,ACTIVE,25,10.56,305,16,16,1,0,0
08,120246145719630470,ACTIVE,20,10.49,158,5,4,0,0,0
08,120247597780010751,ACTIVE,40,10.33,196,6,4,2,2,85.94
08,120249057927140663,PAUSED,50,10.18,104,2,2,0,0,0
08,120247804598860431,ACTIVE,150,10.100000000000001,176,7,8,2,2,57.96
08,120245825448150533,ACTIVE,100,10.08,279,5,8,3,2,83.94000000000001
08,120246551461500674,ACTIVE,80,9.96,249,9,9,0,0,0
08,120251062504040166,PAUSED,30,9.46,173,3,2,0,0,0
08,120246145595780470,PAUSED,20,9.379999999999999,93,3,2,0,0,0
08,120248121376260544,PAUSED,80,9.350000000000001,205,3,3,0,0,0
08,120246145189280470,ACTIVE,50,9.05,181,6,6,3,1,68.01
08,120246145364940470,ACTIVE,50,8.8,189,5,3,0,0,0
08,120247653059200586,ACTIVE,25,8.7,347,11,7,0,1,30.17
08,120246551175300674,ACTIVE,100,8.67,248,1,1,0,0,0
08,120244566743700788,PAUSED,50,8.53,145,1,1,0,0,0
08,120246551175210674,ACTIVE,100,8.46,236,5,4,0,0,0
08,120245842687140677,PAUSED,100,8.41,217,2,1,1,1,96.41
08,120246054157300173,ACTIVE,100,8.33,220,6,8,0,0,0
08,120246145365240470,ACTIVE,50,7.07,180,6,8,1,1,39.98
08,120246145189200470,ACTIVE,50,6.75,163,2,3,0,0,0
08,120247116212280291,ACTIVE,80,6.630000000000001,95,12,9,0,0,0
08,120246145507030470,ACTIVE,50,6.61,201,4,4,0,0,0
08,120246285367430241,PAUSED,100,6.55,311,2,2,0,0,0
08,120246145506950470,ACTIVE,50,6.34,171,4,4,0,0,0
08,120246388250070241,PAUSED,100,6.29,220,5,5,0,0,0
08,120247130848980090,PAUSED,50,6.16,45,1,1,0,0,0
08,120246551461460674,ACTIVE,80,5.970000000000001,212,5,6,1,1,84.96
08,120247196420340465,ACTIVE,10,5.8999999999999995,114,9,9,0,0,0
08,120257469008430586,ACTIVE,30,5.76,166,8,7,1,1,28.98
08,120246054157270173,ACTIVE,100,5.68,136,7,7,0,0,0
08,120257469008460586,ACTIVE,30,5.03,175,11,11,1,0,0
08,120247116212010291,ACTIVE,80,4.9799999999999995,100,3,4,0,0,0
08,120247196420760465,ACTIVE,10,4.66,115,4,4,0,0,0
08,120246145720920470,PAUSED,20,4.13,45,1,0,0,0,0
08,120248574839550695,ACTIVE,50,3.5,85,0,0,0,0,0
08,120248299568450431,ACTIVE,80,3.08,56,1,1,0,0,0
08,120246145792030470,PAUSED,20,2.61,41,2,2,0,0,0
08,120244349823030686,ACTIVE,100,2.21,48,1,1,1,1,71.21
08,120245241702630470,ACTIVE,5,1.89,54,3,3,0,0,0
08,120245099365240470,ACTIVE,5,1.81,65,0,0,0,0,0
08,120243727386670470,ACTIVE,5,1.69,48,4,3,0,0,0
08,120240849899190788,ACTIVE,10,1.5,20,1,1,0,0,0
08,120245136181790470,ACTIVE,5,1.44,23,2,2,0,0,0
08,120245136181480470,ACTIVE,5,1.44,38,1,1,0,0,0
08,120245691728160470,ACTIVE,5,1.43,44,1,1,0,0,0
08,120246054202660173,ACTIVE,100,1.41,37,1,2,0,0,0
08,120246145595980470,PAUSED,20,1.29,38,0,0,0,0,0
08,120246054251240173,ACTIVE,100,1.14,40,0,3,0,0,0
08,120248299568480431,ACTIVE,80,0.98,35,1,1,0,0,0
08,120243723839750678,PAUSED,100,0.74,24,2,2,0,0,0
08,120249714435380166,PAUSED,30,0.67,15,1,1,0,0,0
08,120246054251210173,ACTIVE,100,0.57,22,0,1,0,0,0
08,120244477269830678,PAUSED,100,0.21,6,0,0,0,0,0
08,120249335000310166,PAUSED,30,0.07,3,0,0,0,0,0
08,120242059074960146,PAUSED,100,0,0,0,1,0,0,0
08,120248150921990425,PAUSED,100,0,0,0,0,0,0,0
08,120248184359340354,PAUSED,200,0,0,0,2,0,0,0
08,120248147803220544,ACTIVE,80,0,0,0,0,0,0,0
08,120248147750980544,ACTIVE,80,0,0,0,0,0,0,0
08,120248207465980561,ACTIVE,60,0,0,0,0,0,0,0
08,120248207466280561,ACTIVE,60,0,0,0,0,0,0,0
08,120244505802680686,PAUSED,80,0,0,0,1,0,0,0
08,120248291651510455,ACTIVE,100,0,0,0,0,0,0,0
08,120248291873350455,ACTIVE,100,0,0,0,0,0,0,0
08,120248292161180455,ACTIVE,100,0,0,0,0,0,0,0
08,120248298471880389,PAUSED,100,0,0,0,0,0,0,0
08,120248298471980389,PAUSED,100,0,0,0,0,0,0,0
08,120248335985820354,PAUSED,80,0,0,0,1,0,0,0
08,120248057050720561,PAUSED,60,0,0,0,0,0,0,0
08,120248057050630561,PAUSED,60,0,0,0,0,0,0,0
08,120244264704370436,PAUSED,100,0,0,0,0,0,0,0
08,120244213676560686,PAUSED,80,0,0,0,0,0,0,0
08,120244569933480320,PAUSED,120,0,0,0,1,0,0,0
08,120248036926730544,PAUSED,80,0,0,0,1,0,0,0
08,120244213532030686,PAUSED,80,0,0,0,0,0,0,0
08,120248482530260695,PAUSED,50,0,0,0,1,0,0,0
08,120248482685330695,PAUSED,60,0,0,0,1,0,0,0
08,120247986827960425,PAUSED,100,0,0,0,0,0,0,0
08,120247986766630425,PAUSED,100,0,0,0,0,0,0,0
08,120247976968270425,PAUSED,100,0,0,0,0,0,0,0
08,120248512806070048,PAUSED,100,0,0,0,0,0,0,0
08,120244750156460686,PAUSED,80,0,0,0,0,0,0,0
08,120247872777930425,PAUSED,100,0,0,0,1,0,0,0
08,120244880653370686,PAUSED,100,0,0,0,0,0,0,0
08,120244115059620146,ACTIVE,100,0,0,0,0,0,0,0
08,120247829716040751,ACTIVE,100,0,0,0,0,0,0,0
08,120244114929610146,ACTIVE,100,0,0,0,0,0,0,0
08,120247829243430751,ACTIVE,100,0,0,0,0,0,0,0
08,120244114789840146,ACTIVE,100,0,0,0,0,0,0,0
08,120247828626130751,ACTIVE,100,0,0,0,0,0,0,0
08,120248565223490152,ACTIVE,100,0,0,0,0,0,0,0
08,120248565368580152,ACTIVE,100,0,0,0,0,0,0,0
08,120248565530720152,ACTIVE,100,0,0,0,0,0,0,0
08,120244911471140436,PAUSED,100,0,0,0,0,0,0,0
08,120248585696940695,PAUSED,50,0,0,0,0,0,0,0
08,120248585697040695,PAUSED,50,0,1,0,0,0,0,0
08,120244113817410686,PAUSED,80,0,0,0,1,0,0,0
08,120247802797890425,PAUSED,111,0,0,0,0,0,0,0
08,120247802797810425,PAUSED,111,0,0,0,0,0,0,0
08,120244911471280436,PAUSED,100,0,0,0,0,0,0,0
08,120247742995470065,ACTIVE,100,0,0,0,0,0,0,0
08,120247742995440065,ACTIVE,100,0,0,0,0,0,0,0
08,120247739160700425,PAUSED,111,0,0,0,0,0,0,0
08,120247734196240462,PAUSED,71,0,0,0,1,0,0,0
08,120248771595650283,ACTIVE,100,0,0,0,0,0,0,0
08,120248771595920283,ACTIVE,100,0,0,0,0,0,0,0
08,120248812040790116,PAUSED,100,0,0,0,2,0,0,0
08,120247591402040065,PAUSED,100,0,0,0,0,0,0,0
08,120244963644620686,PAUSED,80,0,0,0,0,0,0,0
08,120247526522490425,PAUSED,100,0,0,0,0,0,0,0
08,120245021443960179,PAUSED,80,0,0,0,0,0,0,0
08,120247392291490509,PAUSED,100,0,0,0,0,0,0,0
08,120247392291430509,PAUSED,100,0,0,0,0,0,0,0
08,120247362345500425,PAUSED,100,0,0,0,0,0,0,0
08,120245045553140686,PAUSED,80,0,0,0,1,0,0,0
08,120247314213280509,PAUSED,100,0,0,0,0,0,0,0
08,120247313795220509,PAUSED,100,0,0,0,0,0,0,0
08,120247313696440509,PAUSED,100,0,0,0,0,0,0,0
08,120247313666680509,PAUSED,100,0,0,0,0,0,0,0
08,120247313590630509,PAUSED,100,0,0,0,0,0,0,0
08,120247313590570509,PAUSED,100,0,0,0,0,0,0,0
08,120247245482410509,PAUSED,100,0,0,0,0,0,0,0
08,120247244234580509,PAUSED,100,0,0,0,0,0,0,0
08,120244015261070146,PAUSED,100,0,0,0,0,0,0,0
08,120247244169600509,PAUSED,100,0,0,0,0,0,0,0
08,120247237472270043,PAUSED,70,0,0,0,0,0,0,0
08,120249080040680100,PAUSED,100,0,0,0,1,0,0,0
08,120244015261060146,PAUSED,100,0,0,0,0,0,0,0
08,120245170402820686,ACTIVE,100,0,0,0,0,0,0,0
08,120244014492200146,PAUSED,100,0,0,0,0,0,0,0
08,120244014260570146,PAUSED,100,0,0,0,0,0,0,0
08,120244014225950146,PAUSED,100,0,0,0,0,0,0,0
08,120247195225440465,PAUSED,100,0,0,0,0,0,0,0
08,120247195225360465,PAUSED,100,0,0,0,0,0,0,0
08,120247195225310465,PAUSED,100,0,0,0,0,0,0,0
08,120245170492570686,ACTIVE,100,0,0,0,0,0,0,0
08,120245170581670686,ACTIVE,100,0,0,0,0,0,0,0
08,120247118332680629,ACTIVE,100,0,0,0,0,0,0,0
08,120247117862750629,ACTIVE,100,0,0,0,0,0,0,0
08,120247117519720629,ACTIVE,100,0,0,0,0,0,0,0
08,120247110764820175,ACTIVE,100,0,0,0,0,0,0,0
08,120247110512200175,ACTIVE,100,0,0,0,0,0,0,0
08,120247110428960175,ACTIVE,100,0,0,0,0,0,0,0
08,120247064860400731,PAUSED,80,0,0,0,1,0,0,0
08,120247051620620509,PAUSED,100,0,0,0,1,0,0,0
08,120246887363960509,PAUSED,100,0,0,0,0,0,0,0
08,120249375397370064,PAUSED,100,0,0,0,1,1,0,0
08,120249409076720589,ACTIVE,100,0,0,0,0,0,0,0
08,120249410938120589,ACTIVE,100,0,0,0,0,0,0,0
08,120249411708990589,ACTIVE,100,0,0,0,0,0,0,0
08,120249415811790589,ACTIVE,100,0,0,0,0,0,0,0
08,120249415903450589,ACTIVE,100,0,0,0,0,0,0,0
08,120249416146940589,ACTIVE,100,0,0,0,0,0,0,0
08,120246657519530455,PAUSED,50,0,0,0,0,0,0,0
08,120246631185540453,PAUSED,100,0,0,0,0,0,0,0
08,120246631185460453,PAUSED,100,0,0,0,0,0,0,0
08,120246625257810453,PAUSED,100,0,0,0,0,0,0,0
08,120249533719420019,PAUSED,45,0,0,0,1,0,0,0
08,120246625257750453,PAUSED,100,0,0,0,0,0,0,0
08,120245649000800177,ACTIVE,100,0,0,0,0,0,0,0
08,120243593603170146,PAUSED,500,0,0,0,0,0,0,0
08,120250139848270577,PAUSED,100,0,0,0,0,0,0,0
08,120246551258310674,PAUSED,80,0,0,0,0,0,0,0
08,120243302068140470,PAUSED,100,0,0,0,2,0,0,0
08,120245833240950707,PAUSED,80,0,0,0,0,0,0,0
08,120245833240990707,PAUSED,80,0,0,0,0,0,0,0
08,120246377100470097,PAUSED,80,0,0,0,0,0,0,0
08,120246302096860389,PAUSED,100,0,0,0,0,0,0,0
08,120245901615420707,PAUSED,100,0,0,0,0,0,0,0
08,120251239771490586,PAUSED,25,0,0,0,0,0,0,0
08,120245956936680320,PAUSED,50,0,0,0,6,0,0,0
08,120245956936730320,PAUSED,100,0,0,0,0,0,0,0
08,120246208967220674,PAUSED,200,0,0,0,2,0,0,0
08,120246054202590173,ACTIVE,100,0,0,0,3,0,0,0
08,120248162820870389,PAUSED,100,0,0,0,1,0,0,0
08,120252458707720586,PAUSED,100,0,0,0,0,0,0,0
08,120241273866440146,PAUSED,1116,0,0,0,3,0,0,0
08,120256678317220586,PAUSED,45,0,0,0,0,0,0,0
08,120257133025000586,PAUSED,100,0,0,0,0,0,0,0
08,120246145304640470,PAUSED,50,0,0,0,0,0,0,0
08,120246145304610470,PAUSED,50,0,0,0,0,0,0,0
09,120247234597490455,ACTIVE,7218,1582.35,48768,1525,1492,87,41,2810.79
09,120244761515050455,ACTIVE,3135,891.69,32256,841,790,66,36,2254.1200000000003
09,120244761233710455,ACTIVE,2400,761.8499999999999,25900,692,668,57,29,1899.96
09,120243986668280589,ACTIVE,1000,528.81,12882,336,328,20,11,482.64
09,120244749532720686,ACTIVE,1000,469.54,8910,255,247,31,21,1087.7499999999998
09,120246005453800291,ACTIVE,900,447.1700000000001,12633,448,428,38,16,833.1899999999999
09,120245800978960674,ACTIVE,1300,397.66,10073,308,316,27,16,739.38
09,120248006730320100,ACTIVE,1200,395.26,13320,347,312,29,19,850.7400000000001
09,120245283264760677,ACTIVE,1217,380.38,15561,218,222,26,18,1065.68
09,120246754801740509,ACTIVE,800,367.43999999999994,10218,259,259,29,17,662.51
09,120239930892250650,ACTIVE,800,346.87,5998,227,220,19,8,544.08
09,120246791587200455,ACTIVE,2179,330.99,3554,260,253,23,16,1153.53
09,120248965302070064,ACTIVE,1500,323.86,5905,208,211,15,9,640.2299999999999
09,120247780766070455,ACTIVE,1252,323.44,11096,342,316,16,8,543.1899999999999
09,120246023777450751,ACTIVE,850,320.19,6677,269,268,32,14,513.61
09,120247483865740100,ACTIVE,1000,310.27,9106,244,216,20,14,632.71
09,120244691045450320,ACTIVE,700,305.04,10969,347,335,17,11,780.1599999999999
09,120248155192490455,ACTIVE,1055,287.46000000000004,9209,229,217,14,13,917.11
09,120243276755660065,ACTIVE,500,284.68,7517,176,160,29,15,678.2
09,120246710213420090,ACTIVE,925,279.46999999999997,7781,303,291,18,8,445.24
09,120243458344350129,ACTIVE,600,277.94,9938,238,221,16,11,752.23
09,120249286765290368,ACTIVE,601,277.90999999999997,9082,177,176,14,6,352.84
09,120249086109210100,ACTIVE,800,272.46,8166,243,210,23,14,814.01
09,120245250322490642,ACTIVE,650,263.31,6782,192,175,21,11,741.9200000000001
09,120248536188000100,ACTIVE,500,258.49,5704,236,227,23,9,413.88000000000005
09,120244749327030686,ACTIVE,500,258.03000000000003,5149,159,155,24,16,668.3100000000001
09,120249052890110100,ACTIVE,500,252.89,7338,248,241,22,11,489.35999999999996
09,120249140601980100,ACTIVE,800,242.46,6457,231,209,20,12,527.5899999999999
09,120245848127390707,ACTIVE,500,242.23,5345,250,239,26,9,406.29999999999995
09,120249005372660589,ACTIVE,868,238.89999999999998,4991,173,163,23,11,553.8599999999999
09,120248959176740725,ACTIVE,500,231.37,8649,187,176,17,12,671.15
09,120248893532100100,ACTIVE,800,228.97000000000003,6566,173,150,20,12,694.66
09,120249115230940100,ACTIVE,399,227.14,5403,206,184,23,9,413.87000000000006
09,120245980788570752,ACTIVE,469,225.8,8448,315,294,51,14,521.59
09,120244431777030751,ACTIVE,680,224.7,8092,185,196,33,13,565.6
09,120247114934220455,ACTIVE,1446,223.21,4575,173,178,14,7,514.22
09,120246962698770090,ACTIVE,625,210.88,5355,232,212,15,7,433.01
09,120246710213410090,ACTIVE,560,208.8,6001,226,215,13,5,428.33
09,120245380137820707,ACTIVE,500,206.87,5368,159,146,18,6,282.9200000000001
09,120244938793740663,ACTIVE,350,205.32,3421,146,146,10,6,311.99
09,120250790045220586,ACTIVE,500,202.13,6598,181,167,24,11,400.34
09,120246483406720564,ACTIVE,300,200.94000000000003,7286,173,181,6,4,277.13
09,120247489931670431,ACTIVE,325,200.46,3471,115,106,13,6,332.18999999999994
09,120246273720740455,ACTIVE,1250,199.6,5035,180,185,10,6,337
09,120245334049460065,ACTIVE,400,198.76999999999998,3765,180,165,17,7,329.17999999999995
09,120245436310880780,ACTIVE,400,197.49,3991,148,135,20,8,269.8
09,120248641712650319,ACTIVE,440,194.46999999999997,5592,168,170,10,7,286.19
09,120242301213710065,ACTIVE,370,193.62,4966,119,113,16,6,275.24
09,120240901145360175,ACTIVE,745,193.47,6929,206,205,16,9,392.32000000000005
09,120247583319740586,ACTIVE,500,193.38,7512,238,215,22,14,645.6
09,120245334049540065,ACTIVE,370,192.87,4211,184,172,15,7,288.00999999999993
09,120248139130280455,ACTIVE,455,190.79000000000002,5553,150,131,9,4,296.28000000000003
09,120245899430510065,ACTIVE,325,180.62,3390,153,139,18,7,265.03000000000003
09,120246615285510642,ACTIVE,400,179.34,6356,151,153,13,6,448.40000000000003
09,120246962698830090,ACTIVE,135,176.83,4018,180,168,7,3,160.23
09,120248911416770577,ACTIVE,501,173.36,3959,204,167,20,9,349.38000000000005
09,120256572736720586,ACTIVE,500,173.13,4514,193,174,22,9,420.34000000000003
09,120246638474110175,PAUSED,525,170.5,3718,143,121,8,1,41.93
09,120247139572780564,ACTIVE,600,170.11,3937,95,75,10,6,383.33
09,120248056801340561,ACTIVE,560,170.07,4839,207,192,21,8,364.71000000000004
09,120243928954880129,ACTIVE,600,165.38,5361,156,162,10,8,512.3800000000001
09,120242301213170065,ACTIVE,300,161.91,5594,90,92,7,3,148.55
09,120245823919130320,ACTIVE,360,160.5,5711,122,117,10,5,270.38
09,120243753190540054,ACTIVE,500,159.82,3879,92,93,10,9,495.19999999999993
09,120245010386240709,PAUSED,250,159.45,3418,103,105,9,5,174.38
09,120249525957160319,ACTIVE,360,159.02999999999997,4478,129,125,13,6,276.38
09,120245327669090320,ACTIVE,360,158.4,3679,110,105,8,3,126.91000000000001
09,120249251074180319,ACTIVE,350,158.22,4679,132,128,12,7,397.57000000000005
09,120249286682560368,ACTIVE,505,156.67999999999998,4790,106,111,9,6,378.32
09,120250413795050709,ACTIVE,500,155.82,3331,98,96,12,8,295.1000000000001
09,120244783755130320,ACTIVE,300,154.76,7374,213,213,11,4,278.68
09,120245010772960663,ACTIVE,301,153.98000000000002,2129,87,86,8,6,338.38
09,120245453935690025,ACTIVE,100,153.89999999999998,1801,75,70,3,3,158.92
09,120245011207100320,ACTIVE,360,153.7,4281,115,103,5,4,233.62999999999997
09,120244878279420125,ACTIVE,400,152.94,4681,102,103,12,10,609.4399999999999
09,120245380678000025,ACTIVE,100,151.67,1981,80,78,7,4,202.45000000000002
09,120248698800290127,ACTIVE,300,150.46,1984,117,118,12,7,321.33
09,120248536187780100,ACTIVE,300,149.39999999999998,4379,181,164,19,7,295.17
09,120241066464020065,ACTIVE,289,149.39,4753,99,94,17,10,487.12000000000006
09,120247026467550090,ACTIVE,120,148.5,3460,172,150,16,11,533.59
09,120246221877410629,ACTIVE,335,148.16000000000003,3648,99,89,13,6,507.6
09,120242694742870146,ACTIVE,385,147.26,4536,184,172,12,7,426.8
09,120247868045210695,ACTIVE,360,147.12,4622,76,73,9,3,141.98000000000002
09,120245833631150707,ACTIVE,300,146.41,2951,113,106,12,8,446.69999999999993
09,120246007921740320,ACTIVE,636,146.12,4460,143,130,9,7,427.39
09,120243593315080146,ACTIVE,503,143.43,2809,75,59,9,5,372.58
09,120246040085600751,ACTIVE,370,143.37,3281,101,96,19,7,307.78
09,120246785226280564,PAUSED,200,142.87,5162,139,130,5,1,97.71000000000001
09,120247073165120090,ACTIVE,523,141.48000000000002,3396,133,126,10,5,282.02000000000004
09,120244581910350686,ACTIVE,300,141.15,1970,70,55,12,8,403.54999999999995
09,120247547642310642,ACTIVE,340,140.41,2656,78,69,10,9,585.0600000000001
09,120248139130260455,ACTIVE,325,138.61,3485,118,103,9,5,303.31000000000006
09,120246643142900065,ACTIVE,197,137.48999999999998,5391,136,131,11,7,373.06999999999994
09,120243482214180129,ACTIVE,300,135.81,4084,130,133,8,4,241.42000000000004
09,120245848127430707,ACTIVE,300,135.55,3464,156,149,15,5,213.36
09,120243844678990129,ACTIVE,600,135.41,3706,119,114,11,5,342.88
09,120244270293390320,ACTIVE,300,133.81,3447,117,110,15,7,456.57
09,120246828454030629,ACTIVE,390,133.3,3231,117,112,7,4,283.93
09,120247616942850561,ACTIVE,300,128.68,3587,116,102,5,1,57.96
09,120240679404390629,ACTIVE,400,128.6,3474,79,73,4,2,178.74
09,120247901344790425,ACTIVE,300,127.88999999999999,2748,101,88,10,5,408.92999999999995
09,120247026467610090,ACTIVE,120,127.65,3156,125,120,10,6,441.74
09,120250445767170166,PAUSED,30,127.09,4411,116,104,8,6,214.64000000000001
09,120249120674110404,ACTIVE,300,124.69999999999999,3059,105,90,6,2,113.69999999999999
09,120243843991710129,ACTIVE,300,122.64,4163,135,140,7,3,262.21
09,120247941350370695,ACTIVE,250,122.63,3257,58,62,4,1,37.980000000000004
09,120248359442970589,ACTIVE,300,120.60999999999999,3366,76,70,8,5,263.65
09,120249140482640100,PAUSED,300,120.06,2620,112,101,5,3,128.9
09,120242031621370065,ACTIVE,229,119.51999999999998,3248,69,71,13,2,97.88000000000001
09,120243951377020125,ACTIVE,500,118.97999999999999,2981,79,82,8,4,385.59
09,120248621604700283,ACTIVE,500,116.75999999999999,2441,84,73,12,4,169.38000000000002
09,120250554304290404,ACTIVE,300,115.88,2004,94,81,10,5,404.08000000000004
09,120246024108390751,ACTIVE,355,114.19999999999999,2465,92,84,13,7,280.8
09,120247184054680509,ACTIVE,400,113.27000000000001,1963,73,63,12,8,316.82000000000005
09,120248922585490210,ACTIVE,200,113.06,3158,64,57,4,4,260.36
09,120245460221520177,ACTIVE,500,112.5,2348,105,102,12,7,293.56
09,120250789469770586,ACTIVE,500,111.86999999999999,3253,118,119,10,7,303.40999999999997
09,120247479945600065,ACTIVE,300,111.67,3234,81,79,5,3,137.81000000000003
09,120250905694920651,ACTIVE,300,111.09,2884,91,95,6,4,211.02999999999997
09,120246533502350368,ACTIVE,211,110.38,3289,64,61,6,3,205.31
09,120245232977300320,ACTIVE,428,109.06,3213,95,94,10,5,292.40000000000003
09,120246657519770455,ACTIVE,878,107.78,3314,105,86,8,7,514.2299999999999
09,120242973433800146,ACTIVE,200,107.48,4365,147,140,10,3,223.91
09,120246259925420674,ACTIVE,331,106.27000000000001,2391,80,74,9,3,122.43999999999998
09,120246396470250674,PAUSED,331,106.11,2580,72,69,6,3,122.43
09,120246849779610090,ACTIVE,100,105.13000000000001,2835,87,84,3,2,73.88000000000001
09,6966949200895,PAUSED,250,104.65,2071,65,57,6,2,85.96
09,120245535022630455,ACTIVE,425,104.59,1287,87,76,10,5,421.33
09,120247193573040509,ACTIVE,300,104.24000000000001,4268,123,113,9,4,190.54999999999998
09,120246375737140674,ACTIVE,272,101.86999999999999,2322,68,64,5,4,192.36999999999998
09,120235701428400210,ACTIVE,200,99.26999999999998,2334,58,58,5,5,351.59999999999997
09,120235336090360210,ACTIVE,200,99.24000000000001,2219,49,50,3,3,155.67000000000002
09,120248430355980229,PAUSED,200,99.16,2552,97,90,5,1,29.979999999999997
09,120247705045190564,ACTIVE,300,98.61999999999999,3044,94,72,7,5,229.64000000000001
09,120244070206100125,ACTIVE,500,97.99,2219,46,53,7,4,277.11
09,120243602902170032,ACTIVE,200,96.05,2570,81,83,13,4,135.79
09,120243466971930678,ACTIVE,200,95.27,2181,82,72,6,2,69.96
09,120246382556450462,ACTIVE,195,94.06,2052,74,68,4,2,107.96
09,120245686749070320,ACTIVE,200,93.97,2981,89,89,5,3,283.84999999999997
09,120243071308620125,ACTIVE,300,93.83,2924,57,62,4,4,247.39000000000001
09,120243663751470146,ACTIVE,100,93.75,11442,161,150,5,1,41.980000000000004
09,120248318268940152,ACTIVE,200,91.54999999999998,3193,51,49,3,2,93.96000000000001
09,120247605280040425,ACTIVE,300,90.86,2311,59,56,6,5,259.28
09,120248698801690127,ACTIVE,300,90.57,1241,86,87,9,3,130.43
09,120249222913640100,ACTIVE,258,89.22999999999999,1845,77,77,8,5,250.66
09,120247524798270389,ACTIVE,100,89.22999999999999,3880,98,95,11,4,112.01
09,120247136451350725,ACTIVE,100,88.85,2908,83,77,12,9,476.71000000000004
09,120246396517520674,ACTIVE,340,88.5,2259,62,56,6,4,170.95
09,120245859755050173,ACTIVE,300,87.86,2567,122,117,5,4,222.66
09,120245057027780564,ACTIVE,300,87.48,3580,68,74,4,4,306.87
09,120249062217790019,ACTIVE,100,87.17000000000002,1448,49,40,7,3,111.17999999999999
09,120243787103960686,PAUSED,200,86.16999999999999,2246,65,65,5,2,59.96
09,120244745582820125,PAUSED,150,85.78999999999999,2075,46,45,3,0,0
09,120244428953860686,ACTIVE,300,85.38999999999999,1705,49,53,7,5,213.61999999999998
09,120246850329040065,ACTIVE,272,85.27,2341,62,56,13,7,342.03
09,120246008618270241,ACTIVE,300,84.82,3364,51,53,6,4,250.05
09,120245435760750780,ACTIVE,200,84.78,1302,30,28,5,5,160.88
09,120248556140990663,ACTIVE,200,84.59,1308,46,42,0,0,0
09,120245610768940032,ACTIVE,300,84.41999999999999,1977,99,92,12,6,164.45999999999998
09,120245931951070650,ACTIVE,300,84.2,1205,62,59,4,4,293.61999999999995
09,120247849750130663,ACTIVE,200,84.14999999999999,1199,44,40,6,4,151.92
09,120247322946650509,ACTIVE,200,83.74000000000001,2901,73,69,5,3,183.57999999999998
09,120243948553180686,ACTIVE,80,83.02,1476,45,47,5,4,119.92
09,120247687263440425,ACTIVE,200,82.56,1517,41,33,2,3,152.73999999999998
09,120242870748820133,ACTIVE,280,81.97999999999999,2054,65,63,4,2,104
09,120245686006250032,PAUSED,50,81.51,1889,54,50,4,3,118.71000000000001
09,120244963455410686,ACTIVE,200,81.47999999999999,1453,41,39,5,3,193.64000000000001
09,120248299218060431,ACTIVE,220,81.11,1577,65,59,6,4,223.86
09,120246070715810752,ACTIVE,169,80.9,2540,93,91,9,3,144.89
09,120247245095750509,ACTIVE,300,80.67,3616,63,60,2,1,87.46
09,120243844958690129,ACTIVE,600,80.43,2817,83,83,9,3,227.42000000000002
09,120248960171180100,PAUSED,200,80.26,2343,48,44,4,1,52.559999999999995
09,120247322669120509,ACTIVE,200,80.12,2942,91,81,6,4,165.91000000000003
09,120244242496990780,ACTIVE,200,80.07,1675,63,58,10,5,160.88000000000002
09,120245329462560320,ACTIVE,200,79.4,2427,86,72,6,0,0
09,120247547590960642,ACTIVE,200,79.34,2060,51,47,3,3,196.20000000000002
09,120244823852370686,ACTIVE,188,77.96,1371,48,47,6,4,224.87
09,120251093896120404,ACTIVE,94,77.36000000000001,1371,54,48,1,1,41.980000000000004
09,120235701428420210,ACTIVE,200,75.54,2127,56,52,3,1,97.96
09,120246459062250674,ACTIVE,302,74.53,2228,72,61,4,3,108.48
09,120247866680710389,ACTIVE,100,74.53,2148,70,57,10,5,173.61
09,120246107483730752,ACTIVE,169,74.39,1739,68,59,7,5,154.85999999999999
09,120247795310860126,ACTIVE,115,74.25,1905,70,64,8,3,89.94000000000001
09,120249985748090577,ACTIVE,500,74.15,1587,75,66,12,6,281.82
09,120249438611310064,ACTIVE,300,74.1,1113,36,41,5,3,159.18
09,120244360843810065,ACTIVE,135,72.79,2027,72,67,5,3,109.47
09,120251037305290166,ACTIVE,500,72.02,1675,58,55,10,4,132.29999999999998
09,120243508760940146,PAUSED,143,71.59,1251,37,31,0,0,0
09,120245964184870707,ACTIVE,174,71.38,1334,38,36,6,5,286.61
09,120247757020520725,ACTIVE,100,70.74000000000001,1656,39,39,7,6,395.76
09,120244895488610436,ACTIVE,119,70.41,2196,45,46,5,2,136.45000000000002
09,120248299218010431,ACTIVE,130,70.19,1391,39,34,7,4,135.10999999999999
09,120247199911460090,ACTIVE,122,69.60000000000001,1643,68,60,6,3,161.72000000000003
09,120245602350460032,ACTIVE,300,69.53,1746,70,67,12,6,229.53
09,120250678039650651,ACTIVE,500,69.44,1826,43,53,6,3,170.02
09,120246588746810090,ACTIVE,170,69.39000000000001,1578,76,72,7,6,226.17000000000002
09,120251769553160054,ACTIVE,138,69.19,1801,42,38,8,5,244.86
09,120245004525000780,PAUSED,200,68.36000000000001,1096,28,26,2,0,0
09,120246302058490389,ACTIVE,500,67.95,2701,86,79,6,7,258.67
09,120247391144430509,ACTIVE,200,67.92999999999999,2091,63,57,4,4,219.89
09,120244243594070436,PAUSED,50,67.67,2576,54,55,3,0,0
09,120246643142870065,PAUSED,104,67.54,1834,50,48,5,1,29.979999999999997
09,120244550853910436,PAUSED,61,67.24,2123,58,57,1,1,68.22
09,120247324556450065,PAUSED,50,67,1137,42,41,7,1,51.629999999999995
09,120247245864910389,ACTIVE,1000,66.94,1930,73,84,8,4,237.08999999999997
09,120245884994790214,PAUSED,150,66.84,1189,32,32,1,1,24.97
09,120254529951930197,ACTIVE,70,66.83,1095,40,39,5,2,96.19000000000001
09,120246736742480477,PAUSED,90,66.64999999999999,855,29,31,1,0,0
09,120247336235960389,ACTIVE,1000,66.48,3350,69,73,8,4,142.4
09,120245920600250032,PAUSED,50,66.47000000000001,1710,51,49,4,1,38.27
09,120244486326540436,ACTIVE,100,66.45,2486,71,57,5,3,152.17999999999998
09,120248129114130695,ACTIVE,300,66.39,1950,36,37,2,2,158.43
09,120247815782100642,PAUSED,122,66.27,1628,52,47,4,1,92.3
09,120244300638070032,ACTIVE,200,66.13,1430,56,52,6,3,89.83000000000001
09,120241671273870455,ACTIVE,212,65.58000000000001,1668,56,50,4,3,205.19
09,120244581811200686,ACTIVE,80,65.5,1221,43,42,8,4,141.16
09,120245622959500630,ACTIVE,102,65.4,1383,53,48,7,4,115.91
09,120246232598650090,ACTIVE,132,65.39,1474,52,48,4,3,137.76
09,120248540698960725,ACTIVE,100,65.12,1257,36,34,5,5,262.44000000000005
09,120247558121560065,ACTIVE,94,64.96,1786,62,59,8,3,130.14000000000001
09,120243959700120146,ACTIVE,100,64.96,1285,16,13,1,1,106.71000000000001
09,120249300729750589,ACTIVE,330,64.82000000000001,1454,48,47,11,5,225.73999999999998
09,120247175023780065,ACTIVE,76,64.38,1407,37,34,3,2,134.67
09,120245899907890065,ACTIVE,115,64.25999999999999,1463,60,55,6,2,59.959999999999994
09,120246024108440751,ACTIVE,195,64.23,1235,44,49,4,2,76.54
09,120246465927950677,PAUSED,100,64.2,1397,13,9,1,1,70.02
09,120246191098970320,ACTIVE,120,64.17,1751,52,41,3,2,140.79
09,120246242129020477,ACTIVE,100,64.08,1222,43,41,3,2,81.19
09,120242746886630788,ACTIVE,800,63.97,1281,54,48,5,4,262.15000000000003
09,120248151509310425,ACTIVE,200,63.63000000000001,1234,36,39,4,3,265.09
09,120245899907660065,ACTIVE,115,63.54,1249,42,37,5,2,117.43
09,120246399807540674,ACTIVE,142,63.52,2282,53,49,4,1,29.980000000000004
09,120243144633320146,ACTIVE,50,62.959999999999994,1957,53,45,3,2,83.96
09,120246338179300642,ACTIVE,200,62.8,2144,63,55,5,3,168.20000000000002
09,120246299721480751,ACTIVE,195,62.760000000000005,1311,43,43,6,4,168.34
09,120248248635000455,ACTIVE,132,62.72,1134,48,41,2,2,148.73999999999998
09,120248248634970455,ACTIVE,132,62.580000000000005,1035,46,40,4,3,229.14999999999998
09,120246491099340090,ACTIVE,76,62.44,1189,37,36,3,2,145.75
09,120246979930770509,ACTIVE,100,62.32,2073,65,52,4,2,72.96
09,120243840045620129,PAUSED,100,62.12,1787,67,67,3,1,66.48
09,120243507783580146,ACTIVE,100,62.099999999999994,1926,40,38,5,1,75.21
09,120245487786040032,ACTIVE,100,62.019999999999996,1386,55,46,7,3,99.36
09,120248923191120589,ACTIVE,200,61.96,1909,56,52,6,4,214.15
09,120246415849650214,ACTIVE,160,61.95,988,32,29,4,3,145.82
09,120244163991370436,PAUSED,50,61.84,2363,51,45,1,1,99.72
09,120243734745460129,PAUSED,100,61.730000000000004,1944,58,55,4,1,66.47999999999999
09,120247293642140642,ACTIVE,120,61.62,1507,42,35,5,4,288.50000000000006
09,120243211247840146,ACTIVE,100,61.49999999999999,1964,76,76,5,4,201.15000000000003
09,120248082904020663,ACTIVE,150,61.150000000000006,946,34,34,3,1,66.02
09,120246270264110320,ACTIVE,120,60.56,1884,38,32,1,0,0
09,120248532436280048,PAUSED,100,60.52000000000001,715,26,23,1,0,0
09,120248056801430561,ACTIVE,260,60.51,1527,68,69,9,3,108.89
09,120248270609930152,ACTIVE,200,60.51,2709,42,41,3,3,198.61999999999998
09,120248180636520589,ACTIVE,200,60.39,1671,38,39,4,3,228.98
09,120245612998430455,ACTIVE,649,60.37,2327,47,46,5,4,268.05999999999995
09,120247311647030509,ACTIVE,100,60.21,2211,53,51,5,5,260.06999999999994
09,120244634571550678,ACTIVE,105,59.96,1153,20,19,2,1,57.98
09,120248085583180127,ACTIVE,100,59.96,758,42,38,4,1,60.46999999999999
09,120249228754110589,PAUSED,100,59.84,660,34,33,3,1,49.52
09,120247228100240725,PAUSED,100,59.79,2574,52,50,2,0,0
09,120252393021210348,PAUSED,80,59.660000000000004,1980,27,24,1,0,0
09,120244566548030788,ACTIVE,50,59.46,1094,48,42,5,1,92.3
09,120245514271740065,ACTIVE,115,59.31999999999999,1221,64,63,7,3,109.47999999999999
09,120246666161080477,ACTIVE,100,59.31,785,26,23,3,3,89.94000000000001
09,120244618043630436,ACTIVE,144,59.31,2171,70,66,4,2,167.95
09,120243335632250705,PAUSED,100,59.09,1180,30,27,3,1,51.22
09,120246286465380752,ACTIVE,100,59.07000000000001,1483,61,59,8,2,65.95
09,120248698800650127,PAUSED,100,58.970000000000006,765,49,46,2,1,60.47
09,120247890133980642,ACTIVE,124,58.64,1773,43,39,3,3,224.2
09,120248414403410695,ACTIVE,150,58.56,1714,34,28,2,1,66.02
09,120245514271720065,ACTIVE,115,58.480000000000004,1341,60,54,2,2,99.03
09,120251940198120054,PAUSED,100,58.46,864,24,25,3,1,31.980000000000004
09,120247107054620509,PAUSED,200,58.33,1486,40,36,2,0,0
09,120247728967380642,PAUSED,61,58.230000000000004,1433,32,30,2,1,37.95
09,120249179840870725,ACTIVE,100,57.949999999999996,1719,39,41,5,3,186.49
09,120250066594120577,ACTIVE,200,57.84,1161,50,38,5,3,196.16000000000003
09,120248596343100048,ACTIVE,300,57.82000000000001,628,32,34,5,3,133.43
09,120246549338880065,ACTIVE,50,57.779999999999994,1622,37,32,5,2,79.5
09,120245622959630630,ACTIVE,73,57.59,1331,42,40,4,2,65.95
09,120251275180530054,ACTIVE,100,57.5,1501,30,31,3,2,108.47
09,120247479685940389,PAUSED,100,57.32,1449,40,38,3,1,48.72
09,120246770835970175,ACTIVE,110,57.31,1543,42,40,7,2,49.92
09,120244691045040320,ACTIVE,120,57.22,2036,38,40,4,2,117.54
09,120247876590550126,ACTIVE,90,57.129999999999995,1397,46,43,7,6,264.83
09,120243593808880146,ACTIVE,100,57.120000000000005,1726,54,41,9,4,239.52000000000004
09,120247699025760561,PAUSED,96,56.78999999999999,1574,63,57,3,1,24.98
09,120248466107650695,ACTIVE,202,56.78,1737,39,33,4,2,155.13000000000002
09,120245124074660686,PAUSED,80,56.709999999999994,1768,47,48,3,1,29.98
09,120246471244730065,ACTIVE,135,56.599999999999994,1990,70,68,3,0,0
09,120244662020140686,PAUSED,50,56.5,1013,13,14,3,1,51.22
09,120251701953330054,ACTIVE,200,56.410000000000004,1334,25,30,3,3,158.41
09,120244349822900686,ACTIVE,50,56.14999999999999,807,26,25,4,2,101.19
09,120247890133910642,ACTIVE,124,56.00999999999999,1429,31,32,2,1,65.94999999999999
09,120246560566740477,ACTIVE,250,55.730000000000004,1335,46,44,8,7,332.28999999999996
09,120245622959400630,ACTIVE,86,55.660000000000004,1327,40,38,5,4,156.89
09,120244504591950686,ACTIVE,80,55.57999999999999,1047,33,27,4,2,137.4
09,120247608650800126,PAUSED,50,55.09,1183,41,39,4,1,51.21
09,120244428953840686,ACTIVE,200,54.97,1084,32,39,6,4,221.11999999999998
09,120247823215090168,ACTIVE,100,54.83,1089,37,39,5,3,135.34000000000003
09,120245541619240177,ACTIVE,100,54.64,1126,40,34,4,1,51.21
09,120246471244780065,ACTIVE,135,54.58,1593,65,58,4,1,67.89
09,120244486723120436,PAUSED,100,54.53999999999999,1617,45,36,2,1,99.72
09,120248474785690152,ACTIVE,100,54.51,2213,51,45,2,1,73.98
09,120247109115250389,ACTIVE,100,54.489999999999995,1319,64,60,5,2,96.97
09,120246178764690752,PAUSED,100,54.43,1433,33,29,3,1,40.970000000000006
09,120248111423590168,ACTIVE,90,54.410000000000004,1387,40,36,2,2,118.76
09,120249151139280057,ACTIVE,100,54.31999999999999,918,49,49,2,1,73.42
09,120243959229680146,PAUSED,100,54.28999999999999,1097,24,20,1,1,41.98
09,120249081135480577,PAUSED,100,54.239999999999995,906,40,34,3,1,28.98
09,120244880653330686,ACTIVE,100,54.11,1066,34,33,6,3,111.18
09,120250057581290368,ACTIVE,80,54,1514,20,18,1,1,38.980000000000004
09,120245911260540650,ACTIVE,120,53.989999999999995,775,35,34,2,2,194.51000000000002
09,120248802175730319,ACTIVE,120,53.900000000000006,1348,44,44,4,3,138.19
09,120247378425210561,ACTIVE,180,53.84,1744,60,53,7,3,124.91
09,120249456993730057,PAUSED,100,53.769999999999996,714,31,28,1,1,41.980000000000004
09,120246286557160752,ACTIVE,169,53.61,1291,37,42,9,3,90.93
09,120243063569770146,ACTIVE,100,53.370000000000005,1961,44,45,4,2,117.19
09,120246191098790320,ACTIVE,120,53.3,1553,47,42,3,1,34.07
09,120249251074290319,ACTIVE,120,53.28999999999999,1422,25,25,1,1,37
09,120246947981930126,PAUSED,80,53.27,1190,26,25,3,1,51.22
09,120248151239370425,ACTIVE,100,53.22,835,24,23,5,1,39.980000000000004
09,120247282176200431,PAUSED,150,53.15,928,30,27,1,0,0
09,120247322861560509,PAUSED,100,53.03,1960,51,49,0,0,0
09,120244794017770320,ACTIVE,120,52.989999999999995,2341,32,30,5,2,117.53999999999999
09,120248204881090455,ACTIVE,135,52.88,1110,37,28,3,2,167.23999999999998
09,120249178585030725,PAUSED,100,52.82000000000001,2653,44,36,2,0,0
09,120245124026530686,ACTIVE,80,52.81999999999999,818,47,46,8,8,324.8
09,120244177553830678,ACTIVE,200,52.720000000000006,1305,41,36,6,4,180.55999999999997
09,120244761350620455,ACTIVE,135,52.69,2126,38,38,3,1,60.41
09,120247504003780425,ACTIVE,61,52.67,1002,26,24,4,2,142.45
09,120243832687650146,ACTIVE,100,52.64,1211,33,26,3,2,181.92
09,120249347498540100,ACTIVE,91,52.53,1368,37,36,6,3,143.29000000000002
09,120244824582450436,ACTIVE,90,52.510000000000005,1939,36,36,3,2,225.67
09,120249179840900725,ACTIVE,100,52.51,1323,23,24,4,2,135.92
09,120246191098590320,ACTIVE,120,52.480000000000004,1590,63,53,6,4,278.68
09,120248159215720389,ACTIVE,79,52.48,1503,68,54,3,1,62.88999999999999
09,120242700474080358,ACTIVE,100,52.45,1163,43,44,3,2,77.15
09,120247890206850725,PAUSED,100,52.410000000000004,1830,50,51,2,1,49.37
09,120246191098540320,ACTIVE,120,52.209999999999994,1742,56,47,5,3,151.61
09,120246286382660752,ACTIVE,100,52.2,1341,32,32,7,3,90.93
09,120249352629920127,ACTIVE,100,52.09,787,46,48,4,1,34.98
09,120247970574990126,PAUSED,80,51.89,1189,28,27,2,2,81.2
09,120248535565040229,ACTIVE,96,51.79,1040,38,36,4,2,74.95
09,120248523442100229,PAUSED,68,51.56,854,43,43,3,1,49.97
09,120248774488970725,ACTIVE,100,51.470000000000006,1443,48,43,5,2,138.38
09,120243831461540146,PAUSED,200,51.440000000000005,1948,44,39,4,0,0
09,120247601538900425,ACTIVE,100,51.33,901,36,30,1,1,39.980000000000004
09,120250139945670577,ACTIVE,100,51.32,992,36,31,6,0,0
09,120247866597100389,ACTIVE,100,51.209999999999994,1730,70,53,6,2,83.47
09,120248490741000152,ACTIVE,120,51.08,1731,45,44,3,1,73.97999999999999
09,120249179865340725,ACTIVE,100,51.059999999999995,1325,31,28,3,3,222.47000000000003
09,120248056801410561,PAUSED,260,50.839999999999996,1395,51,48,1,0,0
09,120249179367710725,ACTIVE,100,50.809999999999995,1058,25,24,3,3,204.48000000000002
09,120247392329370509,ACTIVE,200,50.769999999999996,1639,45,49,6,2,110.9
09,120246338142390241,ACTIVE,109,50.67,2419,44,41,2,1,41.980000000000004
09,120244389916660436,ACTIVE,78,50.67,2168,52,53,4,2,110.19999999999999
09,120246880890560629,ACTIVE,100,50.66,1022,29,23,4,2,177.24
09,120244389916630436,ACTIVE,50,50.650000000000006,1877,35,35,1,1,183.66
09,120246178825710752,ACTIVE,169,50.63,1265,49,44,5,3,120.89
09,120244477400200678,ACTIVE,100,50.44,1187,26,25,3,0,0
09,120248108038930561,ACTIVE,128,50.42,1396,65,57,7,4,166.88
09,120244194695070177,ACTIVE,100,50.400000000000006,1127,52,44,4,2,59.96
09,120248151509340425,ACTIVE,100,50.190000000000005,893,24,28,4,1,97.71000000000001
09,120251769553070054,ACTIVE,73,50.19,1192,28,24,3,2,63.96000000000001
09,120249366225440100,ACTIVE,100,50.129999999999995,1311,34,33,3,1,38.17
09,120245306349070462,ACTIVE,100,50.05,1201,42,43,5,1,57.98
09,120251502157250054,ACTIVE,100,50.05,782,21,20,4,1,31.979999999999997
09,120247061936980509,PAUSED,100,50.03999999999999,1920,39,34,3,1,85.96
09,120243227249480177,ACTIVE,200,49.65,927,42,43,5,5,232.35000000000002
09,120246007921720320,ACTIVE,80,49.620000000000005,1328,33,29,4,1,34.07
09,120247995051750695,ACTIVE,140,49.6,1743,38,35,5,3,227.48
09,120247051808860509,ACTIVE,100,49.49,2018,27,24,2,2,127.43999999999998
09,120246981649870509,PAUSED,100,49.47,1720,44,40,4,0,0
09,120248204881060455,ACTIVE,135,49.44,1783,41,36,2,1,84.36999999999999
09,120249300729780589,ACTIVE,100,49.410000000000004,1081,30,30,3,0,0
09,120249222913600100,PAUSED,91,49.370000000000005,1424,34,34,3,1,52.56
09,120249179003180725,ACTIVE,100,49.36,1197,18,17,4,4,235.86
09,120245775225080097,PAUSED,94,49.28999999999999,1523,47,39,2,1,34.98
09,120246599890040214,ACTIVE,120,49.260000000000005,838,22,19,6,3,128.85000000000002
09,120244034916020436,ACTIVE,100,49.26,1925,33,29,5,2,171.42000000000002
09,120248123660860455,ACTIVE,100,49.26,1268,32,22,3,1,34.95
09,120246570408620477,ACTIVE,100,49.16,946,28,22,1,1,107.44
09,120247370270360509,ACTIVE,101,49.11000000000001,2039,42,41,2,2,99.95000000000002
09,120244079033450320,ACTIVE,120,49.10000000000001,2215,54,52,3,1,85.85
09,120247453929680065,ACTIVE,124,49.07,1376,29,28,5,3,129.02
09,120245623471490177,ACTIVE,200,49.06,1016,27,25,3,3,131.16
09,120248448982680725,ACTIVE,100,48.95,1200,28,32,2,1,68.56
09,120245124561510686,ACTIVE,80,48.82000000000001,875,29,28,5,3,132.41
09,120248923493180565,ACTIVE,80,48.81,510,21,19,5,1,29.979999999999997
09,120251239771420586,ACTIVE,100,48.63,1969,76,71,7,4,136.31
09,120245923045620168,ACTIVE,100,48.41,1277,40,42,5,2,97.36
09,120246069254050470,ACTIVE,98,48.33,1422,35,32,2,1,183.47
09,120247633428650725,ACTIVE,100,48.32000000000001,1142,41,42,4,3,197.28000000000003
09,120243734745510129,ACTIVE,100,48.25,1795,24,26,3,0,0
09,120246270030590320,ACTIVE,120,47.97,1207,17,15,1,1,82.02
09,120246178929760752,PAUSED,100,47.910000000000004,1107,28,26,3,0,0
09,120245124096920686,PAUSED,80,47.9,1646,48,43,1,0,0
09,120246299672700751,ACTIVE,195,47.8,1165,38,40,3,0,0
09,120254368844920197,ACTIVE,130,47.699999999999996,1133,37,35,4,3,106.19
09,120247403426120126,PAUSED,61,47.58,1143,29,27,2,1,29.98
09,120245617791190630,ACTIVE,111,47.57,1528,49,46,6,3,95.92999999999999
09,120247238927160043,ACTIVE,280,47.5,845,32,35,4,4,151.00000000000003
09,120248889583930116,PAUSED,90,47.34,662,20,19,0,0,0
09,120247148756590731,PAUSED,80,47.31,506,32,30,1,1,88.3
09,120247058049910303,ACTIVE,120,47.28999999999999,928,45,45,2,1,26.98
09,120243429905930146,ACTIVE,100,47.28,1292,43,35,4,1,75.21000000000001
09,120245500027320032,ACTIVE,100,47.05,1367,53,49,4,2,83.14
09,120246396470350674,PAUSED,100,47.019999999999996,1059,40,39,0,0,0
09,120246522122340677,ACTIVE,100,47,976,14,9,2,0,0
09,120247246948530509,ACTIVE,50,46.94,2244,40,39,2,2,105.65
09,120244312405140436,ACTIVE,100,46.75999999999999,1677,44,41,2,1,99.72
09,120248958916870100,PAUSED,100,46.690000000000005,1175,26,26,3,1,38.17
09,120248045547800425,PAUSED,136,46.64999999999999,702,12,12,2,0,0
09,120248448870780725,ACTIVE,100,46.56,994,31,28,2,2,135.92
09,120248123280260455,ACTIVE,100,46.459999999999994,933,29,25,1,1,34.949999999999996
09,120246624884480455,PAUSED,122,46.1,1410,27,25,1,1,60.410000000000004
09,120246270030620320,ACTIVE,120,46.09,1173,27,24,0,1,34.07
09,120246270264070320,ACTIVE,120,46.07,1761,45,35,0,0,0
09,120245750558170707,ACTIVE,100,46.040000000000006,1005,45,45,6,4,168.21
09,120248364287170127,PAUSED,100,46,484,37,37,1,0,0
09,120245119189080630,ACTIVE,166,45.96999999999999,1505,34,35,4,4,171.49
09,120245825367300533,ACTIVE,100,45.96,1426,38,33,3,1,41.97
09,120248535997930100,ACTIVE,500,45.92999999999999,1388,35,39,5,2,129.10000000000002
09,120244213478540707,ACTIVE,100,45.89,923,31,29,2,0,0
09,120246870229730642,ACTIVE,62,45.7,1023,27,27,4,3,278.7
09,120254284171910197,ACTIVE,100,45.47,1079,29,27,3,2,59.96
09,120247365940320642,PAUSED,50,45.4,1051,22,22,0,0,0
09,120249115231040100,ACTIVE,50,45.370000000000005,1134,37,35,5,2,90.72999999999999
09,120248974670400019,ACTIVE,80,45.32,890,32,33,3,1,29.98
09,120250005173420404,ACTIVE,74,45.28,864,39,32,2,1,41.98
09,120247149106470731,PAUSED,80,45.26,637,26,26,2,1,60.39
09,120248288633270389,ACTIVE,81,45.13,1379,51,42,10,6,208.99
09,120244581454670686,PAUSED,50,45.129999999999995,779,18,14,0,0,0
09,120247333999410425,ACTIVE,100,45.12,1075,34,32,5,2,170.48999999999998
09,120245554821660177,PAUSED,100,45.03,893,25,19,1,0,0
09,120246522937100677,ACTIVE,100,44.99,997,13,12,1,0,0
09,120251692404070054,ACTIVE,78,44.91,1070,23,23,2,1,53.22
09,120244083558220146,ACTIVE,100,44.900000000000006,1631,57,56,5,3,192.41
09,120247534964830642,ACTIVE,46,44.89,1079,29,26,2,1,37.95
09,120249805624030404,ACTIVE,92,44.84,786,28,30,2,0,0
09,120249061328590589,PAUSED,50,44.84,888,19,18,2,1,29.98
09,120246374707600097,ACTIVE,77,44.76,1414,38,34,3,1,61.97
09,120242847129030686,ACTIVE,50,44.739999999999995,1064,27,24,4,3,153.64
09,120243465250350705,ACTIVE,80,44.69,927,35,32,3,1,29.98
09,120244083558180146,ACTIVE,100,44.54,1318,43,39,7,3,159.18
09,120246219805000241,PAUSED,150,44.44,1223,31,24,1,0,0
09,120243316803930436,PAUSED,100,44.42,1407,41,45,3,1,68.23
09,120248429995370229,PAUSED,124,44.410000000000004,1156,33,29,2,1,40.97
09,120248082736850695,ACTIVE,78,44.35,1324,29,32,1,1,69.05
09,120248764599250589,ACTIVE,200,44.300000000000004,1074,29,20,4,3,204.65999999999997
09,120245931951140650,PAUSED,100,44.3,563,26,26,2,1,64.28
09,120245282912580630,PAUSED,200,44.150000000000006,1170,32,32,3,1,40.97
09,120246250745230674,PAUSED,100,44.08,1133,23,21,2,1,46.230000000000004
09,120246219568090241,PAUSED,100,44.05,1056,18,19,1,0,0
09,120254284171970197,ACTIVE,130,44.05,1025,40,36,5,3,106.19
09,120245825263430533,ACTIVE,100,44.05,1222,32,36,5,3,91.93
09,120246181834560241,PAUSED,150,44.04,2222,45,46,1,0,0
09,120246929317920175,PAUSED,100,43.91,905,23,22,3,2,115.8
09,120246222498150752,ACTIVE,75,43.81,1073,42,40,4,1,40.97
09,120246447361050303,ACTIVE,120,43.74,1140,49,44,6,3,114.91999999999999
09,120244077730640146,ACTIVE,100,43.739999999999995,846,27,18,5,3,197.54999999999998
09,120246178127590241,PAUSED,150,43.71,2161,37,33,1,0,0
09,120244825046600686,ACTIVE,80,43.71,851,22,24,4,3,152.4
09,120247390339080509,PAUSED,100,43.66,1432,40,33,0,1,36.47
09,120249073800120725,ACTIVE,100,43.62,1349,34,30,7,7,400.83
09,120248532436300048,ACTIVE,100,43.53,642,43,39,3,1,36.47
09,120247114547280509,ACTIVE,85,43.51,1060,18,14,3,3,203.89999999999998
09,6993911140695,ACTIVE,100,43.48,782,31,26,3,1,54.98
09,120246733854770065,ACTIVE,80,43.44,906,35,28,2,2,99.03
09,120246807795430509,ACTIVE,100,43.44,1425,27,25,2,2,123.94000000000003
09,120247866597170389,ACTIVE,100,43.38,1411,47,43,4,3,90.14999999999999
09,120248892319580365,ACTIVE,100,43.36,1453,34,29,2,0,0
09,120246286484520097,ACTIVE,120,43.32,1142,39,41,4,2,96.94999999999999
09,120247995051780695,PAUSED,95,43.28999999999999,1320,26,22,0,0,0
09,120246522442100677,ACTIVE,100,43.28,1021,16,11,2,1,70.02
09,120243986595710788,PAUSED,50,43.27,694,21,21,0,0,0
09,120248085583660127,PAUSED,100,43.25,520,26,22,0,0,0
09,120248224810100389,ACTIVE,80,43.17000000000001,1327,55,42,3,3,120.52000000000001
09,120249283733020100,ACTIVE,90,43.14999999999999,991,41,38,1,2,75.53999999999999
09,120243840045560129,PAUSED,100,43.06,1312,40,35,2,0,0
09,120246599961620214,ACTIVE,200,43.019999999999996,913,29,28,2,1,24.97
09,120249366225680100,PAUSED,100,42.93,909,28,24,2,1,52.56
09,120247157407190509,PAUSED,100,42.88,1628,32,23,1,1,34.980000000000004
09,120246087968610032,ACTIVE,72,42.82,955,42,37,5,3,82.22999999999999
09,120248539381110725,PAUSED,200,42.78,927,16,17,1,1,49.37
09,120247084134340065,ACTIVE,50,42.769999999999996,717,36,36,4,2,59.96
09,120246220030610241,PAUSED,100,42.67,1433,38,35,0,0,0
09,120246946458510629,ACTIVE,64,42.46999999999999,1193,32,33,7,0,0
09,120246338028120241,ACTIVE,300,42.44,3109,49,51,6,4,194.17000000000002
09,120243860511490436,PAUSED,100,42.43,1816,36,30,1,1,68.23
09,120248069068060469,PAUSED,80,42.38000000000001,796,20,19,3,0,0
09,120251919170720054,PAUSED,100,42.24,648,11,11,2,0,0
09,120247389356380455,ACTIVE,50,42.24,675,35,34,2,2,172.32000000000002
09,120250596505340709,ACTIVE,100,42.230000000000004,924,28,28,3,2,74.35
09,120251642537180054,ACTIVE,80,42.22,1107,26,25,2,1,31.98
09,120248162820950389,ACTIVE,100,42.21000000000001,1468,96,88,12,5,177.73999999999998
09,120251856003590054,ACTIVE,100,42.199999999999996,1353,26,25,4,2,85.2
09,120249088233310651,ACTIVE,80,42.11,978,25,26,1,1,37.980000000000004
09,120243211134690146,ACTIVE,100,42.08,1263,44,34,5,4,201.14999999999995
09,120244883028360686,ACTIVE,80,42.08,782,23,27,4,4,221.10999999999996
09,120244014047710146,ACTIVE,100,42.08,1116,32,27,3,2,243.14000000000001
09,120247815782080642,ACTIVE,122,42.02,1008,46,43,3,2,130.25
09,120249178308050725,ACTIVE,100,41.96,987,20,20,1,2,94.35
09,120246465900910677,ACTIVE,100,41.94,937,19,14,2,1,96.41
09,120247954411400425,PAUSED,69,41.85,575,13,12,1,0,0
09,120244995599860686,PAUSED,100,41.85,401,7,7,0,0,0
09,120246733877000065,ACTIVE,80,41.68,825,30,26,5,1,49.52
09,120247950274740126,PAUSED,90,41.65,1137,32,29,3,1,29.980000000000004
09,120248056978460544,PAUSED,80,41.629999999999995,1241,17,19,2,2,75.5
09,120247115989200291,ACTIVE,80,41.62,753,31,31,2,1,64.17
09,120246773871680629,ACTIVE,100,41.599999999999994,904,26,25,2,1,113.33
09,120251150600140210,ACTIVE,82,41.58,1145,37,36,1,1,97.96
09,120248429995310229,PAUSED,58,41.540000000000006,861,44,37,1,1,40.97
09,120244673897340436,PAUSED,50,41.5,1479,25,21,0,0,0
09,120244486325980436,ACTIVE,500,41.45,1411,37,35,6,3,209.92999999999998
09,120247365568180509,ACTIVE,100,41.35,1414,31,25,4,2,72.96000000000001
09,120246733902040065,ACTIVE,80,41.2,941,30,28,5,1,49.519999999999996
09,120244581910630686,ACTIVE,80,41.18,651,28,20,4,3,149.96
09,120246733901990065,ACTIVE,80,41.17,961,32,31,4,0,0
09,120249179367830725,PAUSED,100,41.17,800,21,17,1,1,146.51
09,120248176825100455,PAUSED,131,41.05,954,34,33,2,0,0
09,120247956340000389,PAUSED,50,41.02,1351,62,56,3,0,0
09,120244793522550320,ACTIVE,120,40.989999999999995,1506,30,28,3,1,34.07
09,120248151945870425,ACTIVE,100,40.95,822,18,19,2,1,69.67
09,120248346419460152,ACTIVE,94,40.92,1569,32,33,1,1,46.980000000000004
09,120244500948650177,PAUSED,100,40.91999999999999,898,33,28,4,1,29.98
09,120245847712420650,ACTIVE,114,40.9,458,11,13,1,1,86.75999999999999
09,120248359764410589,ACTIVE,100,40.86,1049,33,31,2,0,0
09,120245466475870630,ACTIVE,110,40.86,1165,35,35,3,2,90.94
09,120246733876960065,ACTIVE,80,40.849999999999994,792,32,33,3,1,29.98
09,120246867532780629,ACTIVE,100,40.82,888,23,22,3,1,176.24
09,120244504666890686,PAUSED,80,40.68,627,17,14,2,2,59.96
09,120246971449150629,PAUSED,100,40.620000000000005,455,5,4,0,0,0
09,120247453928360065,ACTIVE,94,40.59,1041,19,16,1,1,67.91
09,120249228181020589,PAUSED,100,40.54,327,13,13,1,0,0
09,120248338395130283,ACTIVE,100,40.510000000000005,965,38,32,2,1,27.979999999999997
09,120247829146440561,ACTIVE,114,40.51,906,45,43,4,3,156.89000000000001
09,120245823079650320,ACTIVE,100,40.46,1170,30,33,2,1,58.77
09,120247246948670509,ACTIVE,100,40.45,1742,42,35,3,2,125.44
09,120248512806040048,PAUSED,100,40.410000000000004,674,33,31,2,1,34.980000000000004
09,120248596343190048,PAUSED,100,40.349999999999994,540,23,21,2,2,69.96
09,120245460390490177,PAUSED,100,40.309999999999995,839,25,20,2,1,29.98
09,120246819645500629,ACTIVE,100,40.3,918,22,23,2,3,164.76999999999998
09,120246699106190629,ACTIVE,100,40.28,789,12,14,1,1,113.33
09,120243830466380146,PAUSED,100,40.27,908,32,30,2,0,0
09,120247124966060090,PAUSED,119,40.19,700,30,29,2,0,0
09,120246733854740065,ACTIVE,80,40.16,868,24,25,5,2,59.96000000000001
09,120248224227000725,PAUSED,100,40.14,1225,15,18,1,0,0
09,120242776941930146,ACTIVE,50,40.1,859,21,24,4,3,223.89999999999998
09,120248503799160116,ACTIVE,74,40.059999999999995,953,53,49,2,1,39.980000000000004
09,120249179865040725,PAUSED,100,39.989999999999995,1085,20,18,1,1,68.56
09,120247366315930509,ACTIVE,100,39.959999999999994,1659,37,32,3,3,191.60999999999999
09,120246804547700175,ACTIVE,30,39.94000000000001,1548,39,33,3,1,24.96
09,120247858934130544,ACTIVE,76,39.79,856,22,21,3,2,55.96
09,120250703936480404,ACTIVE,92,39.78,609,32,33,0,0,0
09,120246672624130642,PAUSED,50,39.75,899,11,10,1,1,37.95
09,120243772698800146,ACTIVE,50,39.7,1371,32,29,1,1,41.980000000000004
09,120247115989130291,ACTIVE,80,39.7,709,23,28,3,2,131.27999999999997
09,120248137514550561,ACTIVE,100,39.64,1215,41,37,2,2,49.96
09,120246220421900725,PAUSED,200,39.629999999999995,1270,29,25,1,0,0
09,120243734466660129,PAUSED,100,39.55,1115,39,38,1,0,0
09,120251910136180054,PAUSED,107,39.53,786,14,14,1,0,0
09,120247645229990642,ACTIVE,60,39.48,1661,33,32,2,1,65.95
09,120244995090060686,PAUSED,100,39.45,522,13,13,0,0,0
09,120248694175490365,ACTIVE,100,39.379999999999995,2070,46,41,4,3,251.60999999999999
09,120246257869250707,PAUSED,80,39.37,868,32,27,2,1,40.86
09,120247993581120462,PAUSED,104,39.339999999999996,526,17,16,0,0,0
09,120246506737780126,PAUSED,80,39.3,814,23,20,1,1,29.980000000000004
09,120245785647070650,PAUSED,100,39.3,537,24,22,1,0,0
09,120242907734560129,PAUSED,150,39.28,1072,55,50,2,0,0
09,120244761869100436,PAUSED,100,39.25,1456,31,25,1,0,0
09,120251494191110054,PAUSED,78,39.21,1059,12,13,0,0,0
09,120244213617000686,PAUSED,80,39.129999999999995,688,29,25,2,2,79.2
09,120247267358630509,ACTIVE,100,38.9,611,13,13,2,2,67.96000000000001
09,120247970574920126,ACTIVE,80,38.75,963,38,31,5,3,152.40999999999997
09,120244824816070686,ACTIVE,80,38.75,643,16,15,4,3,111.17999999999999
09,120248150922010425,PAUSED,100,38.730000000000004,740,13,13,0,0,0
09,120246088780810320,PAUSED,106,38.72,918,14,14,3,1,34.07
09,120247862754470462,ACTIVE,73,38.72,620,24,19,1,0,0
09,120246107235940707,PAUSED,82,38.72,811,27,26,1,0,0
09,120247860181220455,ACTIVE,100,38.62,1180,32,29,2,1,84.37
09,120245999879420097,PAUSED,80,38.59,1155,38,35,1,1,34.980000000000004
09,120246377047690097,PAUSED,150,38.45,1376,34,35,3,0,0
09,120243142609020146,ACTIVE,100,38.45,806,46,35,2,4,234.39000000000001
09,120244761869050436,PAUSED,100,38.43000000000001,1264,31,30,1,0,0
09,120248025171210561,ACTIVE,129,38.39,1442,36,33,3,3,157.85000000000002
09,120247061773550509,ACTIVE,100,38.33,1530,39,40,5,1,34.980000000000004
09,120247866400320389,PAUSED,100,38.31,1098,30,27,3,0,0
09,120245241360310455,PAUSED,73,38.29,1571,24,21,1,0,0
09,120247482195350544,ACTIVE,74,38.150000000000006,857,17,18,2,2,93.89
09,120244916355330436,PAUSED,100,38.08,1184,21,16,1,1,68.23
09,120246674923260175,PAUSED,77,38.059999999999995,1020,25,24,0,0,0
09,120246182718940752,PAUSED,100,37.959999999999994,576,15,12,1,1,24.98
09,120246558672090097,ACTIVE,152,37.92,1130,35,35,3,2,96.94999999999999
09,120251916632010054,PAUSED,100,37.89,613,8,9,1,0,0
09,120247367947390509,PAUSED,100,37.89,1459,25,22,0,0,0
09,120248734559300565,ACTIVE,100,37.87,731,32,32,0,0,0
09,120247558121530065,PAUSED,94,37.76,759,24,22,2,0,0
09,120248124140310455,PAUSED,100,37.75,860,13,9,1,0,0
09,120244480112510436,PAUSED,55,37.730000000000004,1327,35,27,2,0,0
09,120246031764260509,ACTIVE,50,37.66,1656,21,18,2,1,61.97
09,120245124052890686,ACTIVE,80,37.64,645,14,10,4,3,153.66
09,120247998931350564,PAUSED,100,37.620000000000005,1043,29,25,0,0,0
09,120242376497180436,PAUSED,100,37.620000000000005,1252,26,25,1,0,0
09,120244915930060436,ACTIVE,100,37.589999999999996,1130,32,32,2,2,136.46000000000004
09,120243929504820146,ACTIVE,50,37.54,1084,23,20,3,1,41.980000000000004
09,120248155094770425,ACTIVE,100,37.53,667,13,15,2,0,0
09,120244076954630146,ACTIVE,100,37.49,855,23,18,1,2,150.42
09,120249228293700589,PAUSED,100,37.370000000000005,233,9,8,0,0,0
09,120245466475590630,ACTIVE,110,37.26,1062,27,25,5,3,234.42000000000002
09,120246226742380674,PAUSED,120,37.24,1027,30,25,1,1,46.230000000000004
09,120247467570380455,ACTIVE,50,37.18,1127,29,28,1,1,60.410000000000004
09,120247508094040725,ACTIVE,100,37.18,1278,24,22,3,2,98.74
09,120247392329400509,PAUSED,100,37.17,1240,22,19,2,0,0
09,120246285998310241,PAUSED,100,37.120000000000005,1500,26,25,1,1,129.45
09,120244618043570436,ACTIVE,25,37.12,1161,27,29,2,1,41.980000000000004
09,120244561628480678,PAUSED,106,37.10000000000001,876,25,20,2,1,57.98
09,120244995263710686,PAUSED,100,37.099999999999994,378,6,7,1,0,0
09,120247390339020509,PAUSED,100,37.09,1028,27,23,1,0,0
09,120247728967360642,PAUSED,61,37.03,909,17,15,0,0,0
09,120255653285300586,ACTIVE,50,37.019999999999996,730,37,27,4,3,127.72
09,120245651364090303,ACTIVE,80,37.010000000000005,709,24,24,3,0,0
09,120248155094740425,ACTIVE,100,36.97,679,18,17,1,0,0
09,120243772061640146,ACTIVE,100,36.92,879,32,25,2,1,75.22
09,120249390394480054,ACTIVE,68,36.92,985,19,18,2,1,31.979999999999997
09,120246169445790320,ACTIVE,108,36.88,1012,23,24,3,1,34.06999999999999
09,120247526522450425,PAUSED,100,36.879999999999995,745,28,26,1,0,0
09,120247702154240544,ACTIVE,73,36.83,887,15,14,2,2,55.96
09,120247245482580509,ACTIVE,100,36.8,1356,30,26,2,1,61.97
09,120247365755990509,PAUSED,100,36.78,1439,26,24,2,0,0
09,120247280578260065,ACTIVE,100,36.7,799,15,15,1,1,63.91
09,120247013051330065,PAUSED,50,36.64,817,23,21,0,0,0
09,120245097017710677,ACTIVE,100,36.63999999999999,871,16,11,0,0,0
09,120249438611220064,PAUSED,100,36.620000000000005,616,24,20,2,0,0
09,120245687813040097,ACTIVE,81,36.519999999999996,1200,39,31,4,2,123.94
09,120244418309400436,PAUSED,100,36.45,1185,28,21,2,0,0
09,120245532692360630,ACTIVE,110,36.42,1150,22,22,3,2,107.42999999999999
09,120249265247170651,ACTIVE,80,36.31,933,23,28,1,1,66.02
09,120246283838280097,ACTIVE,110,36.25,1235,34,30,5,2,96.94999999999999
09,120247267370990509,PAUSED,100,36.17,762,22,17,1,0,0
09,120246299672740751,ACTIVE,115,36.03,1033,22,22,6,2,45.96
09,120245463210960177,PAUSED,100,35.99,376,14,12,0,0,0
09,120248199130120168,PAUSED,90,35.91,784,24,22,1,0,0
09,120247802943620389,ACTIVE,100,35.89,1646,42,45,4,3,95.99
09,120245205425940677,ACTIVE,25,35.89,953,17,19,2,0,0
09,120248566051210152,ACTIVE,80,35.84,1064,13,10,2,1,46.980000000000004
09,120248819218450019,ACTIVE,150,35.74,673,32,31,7,3,111.18
09,120244076683170146,ACTIVE,100,35.730000000000004,919,36,35,4,2,117.2
09,120244504303760686,PAUSED,80,35.66,741,14,15,0,0,0
09,120247541912960469,PAUSED,80,35.64,752,15,14,1,1,49.37
09,120247238927080043,PAUSED,70,35.64,618,17,17,2,1,29.12
09,120244404574840678,ACTIVE,118,35.64,886,23,22,3,2,115.96
09,120244011865020146,PAUSED,100,35.529999999999994,1068,28,26,1,0,0
09,120247124966150090,PAUSED,119,35.47,689,34,30,4,0,0
09,120246174521010752,ACTIVE,75,35.34,892,30,27,1,1,54.96
09,120249105110140210,ACTIVE,74,35.14,989,26,20,3,1,71.72
09,120244078670840146,ACTIVE,100,35.11,916,35,34,4,1,41.98
09,120248880534940100,ACTIVE,50,35.11,700,18,16,5,1,90.92999999999999
09,120244014492430146,ACTIVE,100,35.08,1029,32,31,1,0,0
09,120246299721450751,ACTIVE,115,35.05,800,27,28,0,0,0
09,120243205951310642,ACTIVE,50,35.02,1371,31,28,5,2,158.24999999999997
09,120245124561470686,PAUSED,80,35.01,514,14,14,1,0,0
09,120246182405550752,PAUSED,100,34.919999999999995,617,15,15,0,0,0
09,120246773871740629,ACTIVE,50,34.91,848,22,23,2,2,157.38
09,120244505718600686,ACTIVE,80,34.78,611,14,12,1,1,71.21
09,120246697447950610,ACTIVE,80,34.64,509,11,11,1,1,29.979999999999997
09,120247412626780168,PAUSED,100,34.59,1144,22,21,0,0,0
09,120248045548240425,PAUSED,136,34.52,713,16,15,0,0,0
09,120246971318070629,PAUSED,100,34.489999999999995,549,15,13,1,0,0
09,120245124074630686,PAUSED,80,34.48,548,19,18,3,1,29.98
09,120246581316290126,ACTIVE,80,34.45,1052,30,35,3,2,59.959999999999994
09,120247275556550642,PAUSED,50,34.39,1155,23,23,0,0,0
09,120244965177330686,PAUSED,80,34.31,508,11,12,0,0,0
09,120248108038860561,ACTIVE,85,34.3,1217,48,41,2,1,24.98
09,120247872778180425,PAUSED,55,34.2,622,14,11,1,0,0
09,120243929504970146,ACTIVE,50,34.16,937,25,19,0,1,41.980000000000004
09,120246697447920610,PAUSED,80,34.15,448,13,11,1,0,0
09,120245993170520241,PAUSED,77,34.14,1417,33,28,0,0,0
09,120251014701600404,ACTIVE,50,34.099999999999994,418,12,12,2,1,74.94
09,120244911557470436,ACTIVE,100,33.94,1381,34,30,3,1,68.23
09,120250448461180210,ACTIVE,74,33.900000000000006,1083,18,16,4,1,71.72
09,120248974670480019,PAUSED,80,33.9,531,17,16,2,1,107.44
09,120243458900420436,PAUSED,100,33.879999999999995,1361,34,30,3,0,0
09,120247678231050065,PAUSED,93,33.839999999999996,795,21,21,2,0,0
09,120240258763950179,PAUSED,140,33.64,1112,26,27,1,1,49.37
09,120245381315950677,PAUSED,50,33.62,1259,11,10,1,0,0
09,120248082904030663,ACTIVE,80,33.51,429,16,14,2,2,206.25
09,120245334634580630,ACTIVE,77,33.489999999999995,1119,21,20,3,1,40.97
09,120249073752900725,ACTIVE,100,33.3,928,21,20,3,2,115.53
09,120248072969470389,ACTIVE,56,33.3,1038,41,40,5,1,59.91
09,120249263766000247,ACTIVE,100,33.29,1204,22,17,0,0,0
09,120244011864950146,PAUSED,100,33.21,971,36,30,3,0,0
09,120246579308140453,ACTIVE,100,33.16,557,20,19,1,0,0
09,120246686798620214,ACTIVE,100,33.150000000000006,581,29,28,2,0,0
09,120248823290310722,ACTIVE,40,33.089999999999996,564,17,18,1,0,0
09,120249824676430057,ACTIVE,100,33.080000000000005,459,26,30,2,2,144.99
09,120247651426280455,PAUSED,50,33.08,792,37,30,0,0,0
09,120245063703470133,ACTIVE,80,33.07,881,40,39,1,1,66.02000000000001
09,120249179811830725,PAUSED,100,33.06,1139,17,16,1,1,86.55
09,120248064259890425,PAUSED,100,33.06,461,15,12,0,0,0
09,120246597569540214,ACTIVE,160,33.03,673,26,22,2,2,67.92
09,120256546977430586,ACTIVE,126,33.03,1062,35,42,3,2,98.74000000000001
09,120243958669750146,PAUSED,100,32.98,684,14,9,1,0,0
09,120246907642230291,ACTIVE,80,32.87,676,29,32,6,2,128.34
09,120250139873910577,PAUSED,100,32.7,689,18,18,2,0,0
09,120246668180150731,PAUSED,100,32.65,447,12,14,1,0,0
09,120247238880210043,PAUSED,70,32.64000000000001,546,21,22,1,0,0
09,120249179811790725,PAUSED,100,32.64,980,17,15,0,0,0
09,120245650683780674,PAUSED,100,32.629999999999995,522,21,20,0,0,0
09,120247570572060455,PAUSED,50,32.59,1605,37,31,0,0,0
09,120246169445720320,ACTIVE,108,32.58,1059,21,18,3,2,117.53999999999999
09,120247591966310642,ACTIVE,50,32.57,1094,23,23,2,0,0
09,120245487786100032,ACTIVE,50,32.57,731,29,23,5,2,43.959999999999994
09,120246184128390674,PAUSED,100,32.57,518,14,14,0,0,0
09,120247467569900455,PAUSED,50,32.55,1066,29,24,0,0,0
09,120248849928910725,PAUSED,100,32.5,717,17,17,0,0,0
09,120245463311260177,ACTIVE,100,32.49,371,5,6,2,2,81.2
09,120247797464010126,PAUSED,80,32.480000000000004,826,14,15,2,1,46.230000000000004
09,120245045033420177,ACTIVE,100,32.410000000000004,691,17,13,2,1,51.22
09,120247954410960425,ACTIVE,34,32.400000000000006,588,19,20,2,0,0
09,120244017128390686,PAUSED,50,32.4,631,23,23,1,0,0
09,120251692403590054,ACTIVE,73,32.4,732,13,10,1,0,0
09,120249013372050100,PAUSED,64,32.379999999999995,544,15,14,0,0,0
09,120247199911470090,PAUSED,122,32.32,825,18,17,2,0,0
09,120248958340820725,ACTIVE,100,32.21,615,13,13,2,1,68.56
09,120249754760810019,ACTIVE,100,32.19,639,24,22,4,3,111.16999999999999
09,120245943231800173,ACTIVE,120,32.19,793,38,37,2,2,111.33
09,120243771828200436,PAUSED,50,32.18,1201,17,16,1,0,0
09,120244264704420436,PAUSED,100,32.16,1329,30,25,1,0,0
09,120248566048970152,ACTIVE,80,32.120000000000005,1122,16,15,1,0,0
09,120245490989200133,ACTIVE,80,32.08,595,21,19,1,0,0
09,120243928955960129,PAUSED,100,32.08,1087,29,27,1,0,0
09,120248923191070589,PAUSED,50,32.06,797,18,16,0,0,0
09,120244505803880686,ACTIVE,80,32.050000000000004,633,18,17,3,3,131.17
09,120244963676310686,ACTIVE,80,32.05,466,17,17,0,2,104.73
09,120246459062220674,PAUSED,85,32,784,18,15,1,1,46.23
09,120246929603830175,PAUSED,100,31.989999999999995,642,19,18,1,1,24.96
09,120247267347000509,ACTIVE,100,31.950000000000003,637,17,15,0,0,0
09,120243594040740146,PAUSED,100,31.84,1000,31,30,2,0,0
09,120247504003740425,PAUSED,50,31.809999999999995,610,12,10,2,0,0
09,120246875435580731,PAUSED,100,31.790000000000003,361,14,10,0,0,0
09,120245044044890686,ACTIVE,80,31.79,538,18,16,2,1,29.980000000000004
09,120243772698880146,ACTIVE,50,31.79,1237,24,23,3,2,117.2
09,120246562589300629,ACTIVE,50,31.759999999999998,613,26,24,2,1,36.949999999999996
09,120246971373670629,ACTIVE,100,31.560000000000002,657,8,9,0,0,0
09,120244076700670146,ACTIVE,100,31.499999999999996,1240,35,33,4,1,41.980000000000004
09,120247487024380065,PAUSED,100,31.47,450,10,9,0,0,0
09,120244965177310686,PAUSED,80,31.43,451,14,13,1,0,0
09,120244761582650436,PAUSED,100,31.400000000000002,1109,40,40,1,1,41.980000000000004
09,120242972188130146,PAUSED,50,31.369999999999997,629,15,12,1,0,0
09,120243860628310436,PAUSED,100,31.34,1007,28,26,1,0,0
09,120248430211380152,ACTIVE,80,31.29,939,32,33,0,0,0
09,120247952380170544,PAUSED,90,31.24,579,8,8,0,0,0
09,120245463474020177,PAUSED,100,31.2,383,14,13,0,0,0
09,120244418309490436,PAUSED,100,31.189999999999998,1022,31,25,2,0,0
09,120247163507460509,ACTIVE,25,31.14,1670,24,20,2,0,0
09,120245264539280177,PAUSED,100,31.1,560,25,24,2,1,29.979999999999997
09,120247064860080731,PAUSED,80,31.03,520,26,26,1,0,0
09,120246707623720509,ACTIVE,117,31.009999999999998,887,29,28,1,2,121.59
09,120245511607120780,ACTIVE,80,30.98,680,19,15,1,1,76.31
09,120247865520180544,PAUSED,80,30.97,583,16,13,1,1,27.98
09,120243673094650146,ACTIVE,50,30.669999999999998,906,33,26,3,1,41.980000000000004
09,120248604432660663,ACTIVE,80,30.65,388,19,23,1,1,117.14999999999999
09,120248025171070561,ACTIVE,86,30.59,977,38,35,3,0,0
09,120247952380210544,PAUSED,90,30.56,793,15,15,1,1,27.98
09,120251014701570404,ACTIVE,50,30.520000000000003,565,18,16,2,0,0
09,120254368844950197,PAUSED,100,30.519999999999996,647,15,14,1,0,0
09,120243924560270146,PAUSED,100,30.5,790,22,18,2,1,75.22
09,120246100011640752,PAUSED,84,30.37,795,30,28,4,1,25.97
09,120247485225890126,PAUSED,80,30.29,671,16,15,2,0,0
09,120246928961250175,PAUSED,100,30.240000000000002,678,20,18,1,1,24.96
09,120243772020840146,PAUSED,100,30.22,744,30,24,2,1,106.71000000000001
09,120247311646990509,PAUSED,100,30.17,1371,31,25,1,0,0
09,120248124018900425,PAUSED,135,30.150000000000002,454,14,10,0,0,0
09,120247832290650425,PAUSED,100,30.130000000000003,494,7,4,0,0,0
09,120254529951780197,PAUSED,100,30.040000000000003,499,9,9,1,0,0
09,120247391144450509,PAUSED,100,30.01,1029,26,23,1,0,0
09,120244916431500436,PAUSED,100,29.98,907,16,15,1,1,104.66999999999999
09,120248318269050152,ACTIVE,80,29.950000000000003,867,18,19,2,1,73.98
09,120245490989600133,ACTIVE,80,29.93,564,17,15,1,1,37.980000000000004
09,120249447732030577,ACTIVE,68,29.89,1109,41,37,1,0,0
09,120249872725020651,PAUSED,80,29.819999999999997,583,22,20,1,0,0
09,120246887885530090,PAUSED,50,29.799999999999997,569,26,25,2,0,0
09,120244076631460146,ACTIVE,100,29.78,821,34,30,3,1,41.98
09,120245049415260032,PAUSED,100,29.759999999999998,914,33,23,0,0,0
09,120247018754190126,PAUSED,80,29.740000000000002,696,28,27,1,0,0
09,120249533679040019,ACTIVE,150,29.74,610,28,27,3,2,49.96
09,120243689609840436,PAUSED,50,29.72,1015,21,21,1,0,0
09,120246412451290629,PAUSED,50,29.71,744,23,21,1,0,0
09,120247246390530389,PAUSED,100,29.71,1220,42,37,1,1,37.05
09,120247245979210389,PAUSED,100,29.68,772,40,35,2,0,0
09,120245651364050303,PAUSED,80,29.660000000000004,484,16,16,2,0,0
09,120246250177610320,PAUSED,110,29.65,740,18,16,0,0,0
09,120244486414960436,PAUSED,100,29.65,799,18,16,1,0,0
09,120248737641910722,PAUSED,80,29.589999999999996,433,27,22,1,0,0
09,120244078670200146,ACTIVE,100,29.470000000000002,753,30,28,1,1,41.98
09,120247921074920168,PAUSED,74,29.35,777,18,21,0,0,0
09,120245292365960179,ACTIVE,100,29.340000000000003,939,33,35,2,1,28.979999999999997
09,120246250177540320,PAUSED,110,29.26,872,22,21,0,0,0
09,120247797108450126,ACTIVE,80,29.230000000000004,668,18,20,1,1,51.22
09,120244312405200436,PAUSED,50,29.229999999999997,1139,35,34,1,0,0
09,120248811958530116,ACTIVE,100,29.21,514,27,27,3,0,0
09,120246875316820731,PAUSED,100,29.17,368,14,13,0,0,0
09,120246867532700629,PAUSED,50,29.169999999999998,663,22,19,2,0,0
09,120244076700620146,ACTIVE,100,29.15,1246,37,37,3,1,41.980000000000004
09,120246777147100214,ACTIVE,80,29.12,616,16,14,2,1,42.95
09,120244915858330436,PAUSED,100,29.07,806,17,19,1,0,0
09,120249447732060577,ACTIVE,68,29.059999999999995,1118,33,27,1,1,41.97
09,120243065943950146,PAUSED,150,28.96,707,29,25,0,0,0
09,120246299672680751,ACTIVE,68,28.89,701,18,15,0,0,0
09,6968638622626,ACTIVE,50,28.84,614,15,13,1,0,0
09,120246666123990477,ACTIVE,100,28.810000000000002,498,23,16,3,2,59.959999999999994
09,120244076954320146,PAUSED,100,28.81,671,17,14,1,1,43.72
09,120247370270380509,PAUSED,101,28.779999999999998,1182,22,20,0,0,0
09,120244078600520146,ACTIVE,100,28.779999999999998,776,35,28,1,1,75.22
09,120249179002100725,PAUSED,100,28.73,650,12,12,0,0,0
09,120248812003990116,ACTIVE,100,28.700000000000003,731,34,32,1,0,0
09,120248554270560695,ACTIVE,80,28.619999999999997,1239,18,17,1,1,37.98
09,120247247927900509,PAUSED,79,28.54,1055,26,24,1,0,0
09,120245224035350179,ACTIVE,240,28.43,1194,26,29,3,2,78.35000000000001
09,120245198116820177,ACTIVE,50,28.34,530,16,17,0,1,89.93
09,120248017013520389,PAUSED,50,28.28,881,39,30,2,0,0
09,120246559887790097,ACTIVE,80,28.21,939,28,26,3,1,34.98
09,120244076500250146,ACTIVE,100,28.18,736,35,32,4,2,178.42000000000002
09,120244823852300686,PAUSED,50,28.11,495,13,13,1,0,0
09,120244447104190303,PAUSED,80,28.04,729,16,14,1,0,0
09,120250922808060054,PAUSED,100,27.92,530,11,10,0,0,0
09,120245205078130630,PAUSED,56,27.82,916,14,16,3,0,0
09,120246088780780320,PAUSED,53,27.810000000000002,784,11,7,0,0,0
09,120246666193770477,ACTIVE,100,27.8,540,18,18,3,1,51.21
09,120246182500340752,PAUSED,100,27.790000000000003,413,16,13,0,0,0
09,120244918988320303,ACTIVE,40,27.79,570,24,24,3,1,26.98
09,120257220181140586,PAUSED,50,27.77,964,12,9,1,0,0
09,120245298343980752,PAUSED,100,27.76,670,19,16,0,0,0
09,120247040934670629,ACTIVE,100,27.699999999999996,1251,14,15,1,1,113.33000000000001
09,120243458344240129,PAUSED,100,27.66,1134,23,17,1,1,66.48
09,120244916431450436,PAUSED,100,27.629999999999995,961,18,19,0,0,0
09,120245453935880025,PAUSED,100,27.599999999999994,353,6,6,0,0,0
09,23857331534270799,ACTIVE,50,27.58,293,11,10,3,1,27.979999999999997
09,120244078600240146,ACTIVE,100,27.57,818,22,20,0,0,0
09,120243629084100705,PAUSED,80,27.520000000000003,459,25,24,0,0,0
09,120246174521100752,PAUSED,75,27.48,653,28,27,1,0,0
09,120246177720650032,ACTIVE,73,27.43,645,30,27,3,1,37.27
09,120245045512490686,ACTIVE,80,27.349999999999998,409,19,15,2,1,29.98
09,120244915705330436,PAUSED,100,27.339999999999996,845,22,24,1,1,41.980000000000004
09,120247391019010168,ACTIVE,52,27.33,647,20,18,2,1,37.980000000000004
09,120246559951150097,PAUSED,80,27.300000000000004,809,22,22,0,0,0
09,120248573692120695,ACTIVE,90,27.160000000000004,532,6,6,1,1,37.980000000000004
09,120247040711430629,ACTIVE,100,27.060000000000002,792,17,20,1,0,0
09,120249057598540663,ACTIVE,50,27.03,420,16,17,1,0,0
09,120244915930020436,PAUSED,100,27.020000000000003,918,20,18,0,0,0
09,120247040934570629,ACTIVE,100,26.990000000000002,1223,21,26,2,2,100.86000000000001
09,120247157340280509,PAUSED,100,26.919999999999998,967,18,14,1,0,0
09,120245251316060477,PAUSED,100,26.909999999999997,394,10,13,1,0,0
09,120246177720600032,ACTIVE,73,26.8,722,31,28,4,1,21.979999999999997
09,120249438225460064,PAUSED,100,26.73,498,15,15,1,0,0
09,120246777147040214,PAUSED,80,26.66,475,10,10,0,0,0
09,120249031617290603,ACTIVE,50,26.54,422,8,8,1,1,37.98
09,120244915743550436,PAUSED,100,26.470000000000002,896,23,22,2,0,0
09,120247970691610126,PAUSED,80,26.44,540,16,11,0,0,0
09,120245571282690707,PAUSED,50,26.43,434,11,10,0,0,0
09,120244911557440436,PAUSED,100,26.35,1237,41,38,1,0,0
09,120244076650050146,ACTIVE,100,26.35,767,23,23,0,0,0
09,120246619814510549,ACTIVE,85,26.31,574,19,20,1,1,53.22
09,120247970691860126,PAUSED,80,26.24,653,16,15,0,0,0
09,120249062394160019,ACTIVE,150,26.19,451,30,29,3,0,0
09,120248072969230389,PAUSED,62,26.189999999999998,797,15,11,0,0,0
09,120247160674020043,ACTIVE,70,26.14,601,21,19,1,0,0
09,120245583667780533,PAUSED,66,26.12,567,15,13,0,0,0
09,120244076631420146,ACTIVE,100,26.029999999999998,840,23,25,3,1,75.22
09,120247678231030065,PAUSED,93,26.020000000000003,525,14,13,0,0,0
09,120251026838540210,ACTIVE,84,25.9,775,27,25,1,1,71.72
09,120249347498580100,PAUSED,91,25.66,374,10,8,0,0,0
09,120247367947350509,PAUSED,100,25.650000000000002,802,14,11,0,0,0
09,120244915705670436,PAUSED,100,25.65,796,15,15,0,0,0
09,120249283732990100,PAUSED,90,25.63,594,15,12,1,0,0
09,120250838901590404,ACTIVE,50,25.51,452,22,22,1,1,97.96
09,120244915858300436,PAUSED,100,25.5,885,20,16,0,0,0
09,120251037305040166,PAUSED,30,25.470000000000002,508,19,16,3,1,68.15
09,120247365730510509,PAUSED,100,25.450000000000003,870,19,17,1,1,34.980000000000004
09,120243738734810686,PAUSED,80,25.430000000000003,275,9,7,0,0,0
09,120248558918190695,PAUSED,80,25.4,1034,11,13,0,0,0
09,120246804547640175,PAUSED,100,25.38,1067,33,34,0,0,0
09,120244446224590630,PAUSED,74,25.32,816,19,19,4,0,0
09,120244483074140436,PAUSED,100,25.04,805,19,14,0,0,0
09,6973002166826,ACTIVE,50,25.009999999999998,590,9,8,1,0,0
09,120244077730710146,PAUSED,100,24.97,514,15,10,0,0,0
09,120245987169440477,PAUSED,100,24.880000000000003,326,10,8,1,0,0
09,120257487343530586,ACTIVE,500,24.84,671,34,35,5,3,127.71999999999998
09,120250837944350404,ACTIVE,50,24.77,541,24,16,1,0,0
09,120248557488550695,ACTIVE,80,24.729999999999997,1065,13,17,0,1,92.41
09,120250691304310722,ACTIVE,40,24.689999999999998,343,22,20,3,1,66.15
09,120247972621170389,PAUSED,100,24.689999999999998,882,27,26,0,0,0
09,120249057669240663,ACTIVE,50,24.669999999999998,460,14,14,1,1,66.02000000000001
09,120246518965620674,PAUSED,100,24.65,466,15,15,0,0,0
09,120246011193300707,PAUSED,50,24.630000000000003,570,20,15,0,0,0
09,120245685799910707,PAUSED,50,24.62,470,19,15,1,0,0
09,120247365756650509,PAUSED,100,24.62,1023,15,15,0,0,0
09,120251953466380054,ACTIVE,50,24.619999999999997,389,10,9,3,2,63.96000000000001
09,120246579308100453,PAUSED,100,24.599999999999998,273,8,9,0,0,0
09,120245045578670686,PAUSED,80,24.490000000000002,367,8,6,1,1,29.98
09,120248774501890725,PAUSED,100,24.41,650,12,8,0,0,0
09,120245224111660179,PAUSED,80,24.299999999999997,1215,20,20,2,0,0
09,120249152473440247,ACTIVE,100,24.21,552,23,21,1,1,38.17
09,120245889270610065,ACTIVE,40,24.1,739,11,8,2,2,79.5
09,120245044044870686,ACTIVE,80,24.04,387,13,10,3,3,173.64
09,120247866311490389,PAUSED,100,24.03,768,33,31,1,0,0
09,120242700474110358,PAUSED,100,23.98,563,7,7,0,0,0
09,120246902635090175,PAUSED,86,23.97,814,18,17,0,0,0
09,120246299721620751,ACTIVE,68,23.919999999999998,476,21,19,1,0,0
09,120247040711030629,ACTIVE,100,23.36,574,15,14,1,0,0
09,120248201085040469,PAUSED,80,23.35,493,13,12,0,0,0
09,120246196163050707,PAUSED,80,23.21,426,12,10,0,0,0
09,120248108232400544,ACTIVE,80,23.180000000000003,741,16,15,1,0,0
09,120249062394220019,PAUSED,50,22.93,428,21,24,1,0,0
09,120246985821510043,PAUSED,70,22.91,245,11,10,0,0,0
09,120249646481980279,ACTIVE,80,22.79,622,9,8,1,1,27.98
09,120248737641880722,PAUSED,68,22.66,353,14,15,0,0,0
09,120251314539200210,ACTIVE,50,22.549999999999997,705,17,16,1,1,41.980000000000004
09,120244916355270436,PAUSED,100,22.509999999999998,776,4,3,0,0,0
09,120244566387920788,PAUSED,50,22.5,462,17,15,0,0,0
09,120246135470290032,PAUSED,100,22.479999999999997,568,25,20,1,0,0
09,120246902634980175,PAUSED,86,22.160000000000004,608,16,15,2,0,0
09,120247365730540509,PAUSED,100,22.11,776,18,17,2,1,34.980000000000004
09,120245515771490533,PAUSED,100,22.08,614,30,29,1,0,0
09,120247615799520561,PAUSED,50,22.03,412,22,15,0,0,0
09,120246619814540549,ACTIVE,55,21.98,401,8,9,1,1,53.22
09,120247059116570175,PAUSED,87,21.9,689,12,12,1,0,0
09,6973002165426,ACTIVE,50,21.750000000000004,520,10,9,0,0,0
09,120244076721430146,PAUSED,100,21.75,510,10,8,0,0,0
09,120246107235900707,PAUSED,82,21.740000000000002,426,14,11,0,0,0
09,120248201085010469,PAUSED,80,21.66,481,10,9,0,0,0
09,120246257869280707,PAUSED,80,21.64,375,15,15,1,0,0
09,120245889270720065,ACTIVE,40,21.62,719,15,14,0,0,0
09,120251314640370210,ACTIVE,50,21.53,473,13,13,0,0,0
09,120247366316010509,PAUSED,100,21.45,885,12,10,0,0,0
09,120245213356490125,PAUSED,80,21.41,403,10,10,0,0,0
09,120248121376990544,ACTIVE,80,21.38,577,8,6,2,2,55.959999999999994
09,120244749895840686,PAUSED,80,21.36,355,15,15,0,0,0
09,120247446150270425,PAUSED,100,21.26,253,8,7,0,0,0
09,120246338247960241,PAUSED,100,21.189999999999998,1430,35,34,0,0,0
09,120247601292330065,ACTIVE,50,20.92,453,19,18,0,0,0
09,120241972248380630,PAUSED,47,20.86,568,14,14,0,0,0
09,120248302725660389,ACTIVE,100,20.799999999999997,628,31,27,3,0,0
09,120243629084050705,PAUSED,80,20.79,312,13,12,0,0,0
09,120247365568120509,PAUSED,100,20.75,890,24,21,1,0,0
09,120245881655400509,ACTIVE,41,20.68,684,15,12,4,3,185.91
09,120245292235740179,PAUSED,100,20.66,794,21,19,1,0,0
09,120247059116590175,PAUSED,87,20.63,545,15,13,1,0,0
09,120257487876160586,ACTIVE,50,20.55,473,15,13,1,2,78.35
09,120248302912210389,ACTIVE,100,20.34,543,16,17,1,0,0
09,120251063106910166,ACTIVE,30,20.32,437,17,18,3,0,0
09,6966949200095,PAUSED,100,20.08,222,8,5,0,0,0
09,120248302852030389,ACTIVE,100,19.9,523,18,18,3,0,0
09,120248302725690389,ACTIVE,100,19.84,758,27,24,1,0,0
09,120244165647870788,PAUSED,50,19.84,312,6,5,0,0,0
09,120246196163490707,PAUSED,80,19.69,440,13,11,2,0,0
09,120248298800180389,ACTIVE,100,19.509999999999998,616,17,16,3,0,0
09,120248573670680695,ACTIVE,90,19.46,472,6,8,2,0,0
09,120250501589950722,ACTIVE,68,19.35,233,13,14,1,1,52.660000000000004
09,120246818759970303,ACTIVE,40,19.34,369,16,14,1,1,43.97
09,120248302449150389,ACTIVE,100,19.270000000000003,651,31,27,4,0,0
09,120245481989440065,ACTIVE,40,19.27,540,16,12,2,1,49.52
09,120250691304360722,PAUSED,40,19.199999999999996,232,4,3,0,0,0
09,120248150860660425,PAUSED,100,19.169999999999998,242,7,7,0,0,0
09,120245481989400065,ACTIVE,40,19.08,486,13,14,2,0,0
09,120245583666590533,PAUSED,50,19.03,673,15,19,0,0,0
09,120244015116230146,PAUSED,100,19.03,570,14,9,0,0,0
09,120248302449280389,ACTIVE,100,19.009999999999998,683,31,26,4,1,37.050000000000004
09,120248574839520695,ACTIVE,50,18.99,516,11,11,1,0,0
09,120249755037190019,PAUSED,50,18.910000000000004,437,17,16,0,0,0
09,120248289243870469,PAUSED,80,18.87,305,3,3,0,0,0
09,120251953956170054,PAUSED,100,18.68,352,3,3,0,0,0
09,120248302912110389,ACTIVE,100,18.64,517,21,18,1,0,0
09,120248288633070389,PAUSED,81,18.56,541,12,9,1,0,0
09,120248108608420544,PAUSED,80,18.549999999999997,349,11,8,0,0,0
09,23857304059010799,ACTIVE,50,18.389999999999997,201,10,7,0,0,0
09,120248302616530389,ACTIVE,100,18.33,666,18,23,0,0,0
09,120244566743750788,PAUSED,50,18.27,304,9,9,0,0,0
09,120257559013710586,ACTIVE,30,18.15,467,13,9,0,0,0
09,120248108495610544,PAUSED,80,18.09,327,6,5,2,1,27.98
09,120248298800110389,ACTIVE,100,17.880000000000003,591,18,16,1,0,0
09,23857304059050799,ACTIVE,50,17.62,183,6,6,0,0,0
09,120248108495570544,PAUSED,80,17.58,419,7,8,1,1,27.98
09,120248302852090389,ACTIVE,100,17.54,735,31,23,3,0,0
09,120250596545850709,PAUSED,100,17.52,382,4,6,0,0,0
09,120249739079790279,ACTIVE,80,17.52,316,11,9,1,0,0
09,120246802025580509,ACTIVE,42,17.44,527,21,17,1,1,33.98
09,23857331534250799,PAUSED,50,17.43,173,6,5,0,0,0
09,120250015822460577,PAUSED,100,17.39,311,8,7,0,0,0
09,120244216235640630,ACTIVE,52,17.3,531,17,14,5,3,79.94
09,120247601292310065,ACTIVE,50,17.22,429,16,15,2,1,49.51
09,120250747283060166,ACTIVE,50,17.07,511,12,12,2,1,24.98
09,120252326382630348,PAUSED,80,17.009999999999998,285,5,6,1,1,95.7
09,120251954196980054,ACTIVE,50,16.95,330,10,10,0,0,0
09,120248224809960389,PAUSED,80,16.87,661,24,19,5,0,0
09,120248151946060425,PAUSED,100,16.78,351,6,5,0,0,0
09,120246488525160097,PAUSED,100,16.66,595,12,11,0,0,0
09,120248159215810389,PAUSED,79,16.650000000000002,407,15,12,1,0,0
09,120256572736650586,ACTIVE,500,16.400000000000002,401,26,19,5,2,100.94
09,120248429859550116,ACTIVE,101,16.39,300,9,11,0,0,0
09,120249709883650577,PAUSED,100,16.3,303,8,7,0,0,0
09,120247799916380462,ACTIVE,35,16.299999999999997,309,9,8,0,0,0
09,120248107941650544,PAUSED,80,16.2,352,7,7,1,0,0
09,120245825448150533,ACTIVE,100,15.989999999999998,505,14,14,3,2,83.94000000000001
09,120247116212010291,ACTIVE,80,15.98,337,14,15,2,1,64.17
09,120245706384310533,PAUSED,67,15.940000000000001,599,11,10,1,0,0
09,120247116212280291,ACTIVE,80,15.66,298,18,19,2,1,64.17
09,120257559013880586,ACTIVE,30,15.55,484,23,18,2,1,28.98
09,120247597779990751,ACTIVE,40,15.549999999999999,329,14,15,0,0,0
09,120248138150990469,PAUSED,80,15.440000000000001,213,1,1,0,0,0
09,120247799916400462,ACTIVE,35,15.430000000000001,425,15,14,0,0,0
09,120246488537710097,PAUSED,80,15.31,402,8,8,0,0,0
09,120247804598860431,ACTIVE,150,15.25,286,8,11,3,2,57.96
09,120247799916320462,ACTIVE,35,15.22,491,18,12,0,1,39.98
09,120248980523880019,PAUSED,50,15.02,238,15,14,0,0,0
09,120244235259940678,ACTIVE,30,14.849999999999998,408,15,12,0,0,0
09,120245842698410677,PAUSED,100,14.7,451,6,5,0,0,0
09,120246551175300674,ACTIVE,100,14.309999999999999,427,5,4,1,1,29.979999999999997
09,120248057050710561,PAUSED,60,14.23,429,10,10,1,0,0
09,120246559951040097,PAUSED,80,13.94,342,8,6,0,0,0
09,120245021443910179,PAUSED,80,13.879999999999999,523,9,10,1,1,49.37
09,120246818759010303,ACTIVE,40,13.8,312,13,13,3,1,43.97
09,120246285677030241,PAUSED,100,13.43,575,9,6,1,1,41.98
09,120246054157300173,ACTIVE,100,13.36,364,11,11,1,1,39.94
09,120244164847370788,PAUSED,50,13.23,283,4,3,0,0,0
09,120247597780010751,ACTIVE,40,13.09,247,7,5,3,3,124.20999999999998
09,120246551461500674,ACTIVE,80,13,322,11,11,0,0,0
09,120247130849060090,PAUSED,50,12.95,142,5,6,0,0,0
09,120249533650900019,PAUSED,50,12.94,199,7,7,1,0,0
09,120246551175210674,ACTIVE,100,12.84,358,11,11,1,0,0
09,120248108608490544,PAUSED,80,12.639999999999999,256,4,4,0,0,0
09,120249533650850019,PAUSED,50,12.440000000000001,196,10,9,0,0,0
09,120246054157270173,ACTIVE,100,12.38,344,16,23,0,0,0
09,120246145791530470,ACTIVE,20,12.379999999999999,168,9,8,0,0,0
09,6993911147495,PAUSED,100,12.17,226,1,1,0,0,0
09,120249134484060166,PAUSED,30,11.87,214,6,5,1,1,24.98
09,120257359768220586,ACTIVE,30,11.82,371,6,5,0,0,0
09,120250501589970722,PAUSED,40,11.77,174,5,4,0,0,0
09,120256254668930586,ACTIVE,200,11.760000000000002,360,25,22,2,0,0
09,120248615909580019,PAUSED,50,11.63,167,1,1,0,0,0
09,120246145719630470,ACTIVE,20,11.49,177,6,5,0,0,0
09,120246145189200470,ACTIVE,50,11.46,202,6,3,0,0,0
09,120251063107220166,PAUSED,30,11.139999999999999,251,9,8,0,0,0
09,120247313991580561,PAUSED,50,11.05,290,4,5,1,1,24.98
09,120244566507460788,PAUSED,50,11.04,198,2,2,0,0,0
09,120246551461460674,ACTIVE,80,10.75,350,9,8,1,1,84.96
09,120257221973410586,ACTIVE,25,10.65,255,10,10,0,0,0
09,120246145189280470,ACTIVE,50,10.57,243,6,6,3,1,68.01
09,120250895021460586,ACTIVE,25,10.559999999999999,305,20,17,1,0,0
09,120246145364940470,ACTIVE,50,10.370000000000001,222,5,4,0,0,0
09,120249057927140663,PAUSED,50,10.18,104,2,2,0,0,0
09,120246054251210173,ACTIVE,100,9.52,220,3,5,0,0,0
09,120251062504040166,PAUSED,30,9.46,173,3,2,0,0,0
09,120246145595780470,PAUSED,20,9.38,93,3,2,0,0,0
09,120248121376260544,PAUSED,80,9.350000000000001,205,3,3,0,0,0
09,120247653059200586,ACTIVE,25,8.7,347,15,8,0,1,30.17
09,120244566743700788,PAUSED,50,8.55,146,1,1,0,0,0
09,120245842687140677,PAUSED,100,8.42,218,2,1,1,1,96.41
09,120246145365240470,ACTIVE,50,8.42,230,8,9,1,1,39.98
09,120246145506950470,ACTIVE,50,7.77,236,6,6,1,1,39.980000000000004
09,120246145507030470,ACTIVE,50,7.390000000000001,229,4,6,0,0,0
09,120246054202660173,ACTIVE,100,7.33,143,7,7,0,0,0
09,120247196420340465,ACTIVE,10,6.77,125,10,9,0,0,0
09,120246285367430241,PAUSED,100,6.5600000000000005,312,2,2,0,0,0
09,120246054251240173,ACTIVE,100,6.35,189,4,6,0,0,0
09,120246388250070241,PAUSED,100,6.29,220,5,5,0,0,0
09,120246054202590173,ACTIVE,100,6.1899999999999995,137,4,6,1,0,0
09,120247196420760465,ACTIVE,10,6.18,137,4,5,0,0,0
09,120247130848980090,PAUSED,50,6.16,45,1,1,0,0,0
09,120257469008430586,ACTIVE,30,5.76,166,12,10,1,1,28.98
09,120248299568450431,ACTIVE,80,5.71,95,3,3,1,0,0
09,120257469008460586,ACTIVE,30,5.03,175,14,14,2,0,0
09,120248207466280561,ACTIVE,60,5,55,1,3,0,0,0
09,120246145720920470,PAUSED,20,4.13,45,1,0,0,0,0
09,120248574839550695,PAUSED,50,3.5,86,0,0,0,0,0
09,120244349823030686,ACTIVE,100,2.7,56,1,1,1,1,71.21
09,120246145792030470,PAUSED,20,2.61,41,2,2,0,0,0
09,120245099365240470,ACTIVE,5,2.5699999999999994,84,0,1,0,0,0
09,120248299568480431,ACTIVE,80,2.36,75,4,5,1,0,0
09,120248207465980561,ACTIVE,60,2.14,36,4,3,1,1,41.97
09,120245241702630470,ACTIVE,5,2.12,58,3,3,0,0,0
09,120243727386670470,ACTIVE,5,2.1,58,5,4,0,0,0
09,120245136181790470,ACTIVE,5,1.73,33,2,2,0,0,0
09,120245691728160470,ACTIVE,5,1.7200000000000002,55,1,1,0,0,0
09,120240849899190788,ACTIVE,10,1.6700000000000002,27,2,2,0,0,0
09,120245136181480470,ACTIVE,5,1.52,43,1,1,0,0,0
09,120246145595980470,PAUSED,20,1.29,38,0,0,0,0,0
09,120243723839750678,PAUSED,100,0.74,24,2,2,0,0,0
09,120249714435380166,PAUSED,30,0.7,16,1,1,0,0,0
09,120244477269830678,PAUSED,100,0.21,6,0,0,0,0,0
09,120249335000310166,PAUSED,30,0.07,3,0,0,0,0,0
09,120248512806070048,PAUSED,100,0,0,0,0,0,0,0
09,120249375397370064,PAUSED,100,0,0,0,1,1,0,0
09,120247313795220509,PAUSED,100,0,0,0,0,0,0,0
09,120249409076720589,ACTIVE,100,0,0,0,0,0,0,0
09,120249410938120589,ACTIVE,100,0,0,0,0,0,0,0
09,120249411708990589,ACTIVE,100,0,0,0,0,0,0,0
09,120249415811790589,ACTIVE,100,0,0,0,0,0,0,0
09,120249415903450589,ACTIVE,100,0,0,0,0,0,0,0
09,120249416146940589,ACTIVE,100,0,0,0,0,0,0,0
09,120247313696440509,PAUSED,100,0,0,0,0,0,0,0
09,120247313666680509,PAUSED,100,0,0,0,0,0,0,0
09,120247313590630509,PAUSED,100,0,0,0,0,0,0,0
09,120247313590570509,PAUSED,100,0,0,0,0,0,0,0
09,120245021443960179,PAUSED,80,0,0,0,0,0,0,0
09,120245833240950707,PAUSED,80,0,0,0,0,0,0,0
09,120248057050630561,PAUSED,60,0,0,0,0,0,0,0
09,120249533719420019,PAUSED,45,0,0,0,1,0,0,0
09,120248057050720561,PAUSED,60,0,0,0,0,0,0,0
09,120247245482410509,PAUSED,100,0,0,0,0,0,0,0
09,120247244234580509,PAUSED,100,0,0,0,0,0,0,0
09,120248812040790116,PAUSED,100,0,0,0,2,0,0,0
09,120247244169600509,PAUSED,100,0,0,0,0,0,0,0
09,120247237472270043,PAUSED,70,0,0,0,0,0,0,0
09,120247195225440465,PAUSED,100,0,0,0,0,0,0,0
09,120247195225360465,PAUSED,100,0,0,0,0,0,0,0
09,120250139848270577,PAUSED,100,0,0,0,0,0,0,0
09,120247195225310465,PAUSED,100,0,0,0,0,0,0,0
09,120248771595920283,ACTIVE,100,0,0,0,0,0,0,0
09,120247118332680629,ACTIVE,100,0,0,0,0,0,0,0
09,120247117862750629,ACTIVE,100,0,0,0,0,0,0,0
09,120247117519720629,ACTIVE,100,0,0,0,0,0,0,0
09,120248771595650283,ACTIVE,100,0,0,0,0,0,0,0
09,120248147750980544,ACTIVE,80,0,0,0,0,0,0,0
09,120248147803220544,ACTIVE,80,0,0,0,0,0,0,0
09,120248150921990425,PAUSED,100,0,0,0,0,0,0,0
09,120247110764820175,ACTIVE,100,0,0,0,0,0,0,0
09,120247110512200175,ACTIVE,100,0,0,0,0,0,0,0
09,120247110428960175,ACTIVE,100,0,0,0,0,0,0,0
09,120245649136960177,ACTIVE,100,0,0,0,0,0,0,0
09,120245649056680177,ACTIVE,100,0,0,0,0,0,0,0
09,120247064860400731,PAUSED,80,0,0,0,1,0,0,0
09,120246145304610470,PAUSED,50,0,0,0,0,0,0,0
09,120246145304640470,PAUSED,50,0,0,0,0,0,0,0
09,120247051620620509,PAUSED,100,0,0,0,1,0,0,0
09,120244113817410686,PAUSED,80,0,0,0,2,0,0,0
09,120244114789840146,ACTIVE,100,0,0,0,0,0,0,0
09,120244114929610146,ACTIVE,100,0,0,0,0,0,0,0
09,120245649000800177,ACTIVE,100,0,0,0,0,0,0,0
09,120242059074960146,PAUSED,100,0,0,0,1,0,0,0
09,120246887363960509,PAUSED,100,0,0,0,0,0,0,0
09,120251239771490586,PAUSED,25,0,0,0,0,0,0,0
09,120244115059620146,ACTIVE,100,0,0,0,0,0,0,0
09,120244963644620686,PAUSED,80,0,0,0,0,0,0,0
09,120244750156460686,PAUSED,80,0,0,0,0,0,0,0
09,120248162820870389,PAUSED,100,0,0,0,1,0,0,0
09,120248184359340354,PAUSED,200,0,0,0,2,0,0,0
09,120244213532030686,PAUSED,80,0,0,0,0,0,0,0
09,120251855169760054,PAUSED,100,0,0,0,0,0,0,0
09,120244213676560686,PAUSED,80,0,0,0,0,0,0,0
09,120246657519530455,PAUSED,50,0,0,0,0,0,0,0
09,120248585697040695,PAUSED,50,0,1,0,0,0,0,0
09,120248585696940695,PAUSED,50,0,0,0,0,0,0,0
09,120244264704370436,PAUSED,100,0,0,0,0,0,0,0
09,120246631185540453,PAUSED,100,0,0,0,0,0,0,0
09,120246631185460453,PAUSED,100,0,0,0,0,0,0,0
09,120246625257810453,PAUSED,100,0,0,0,0,0,0,0
09,120252458707720586,PAUSED,100,0,0,0,0,0,0,0
09,120246625257750453,PAUSED,100,0,0,0,0,0,0,0
09,120248291651510455,ACTIVE,100,0,0,0,0,0,0,0
09,120246551258310674,PAUSED,80,0,0,0,0,0,0,0
09,120241273866440146,PAUSED,1116,0,0,0,3,0,0,0
09,120248291873350455,ACTIVE,100,0,0,0,0,0,0,0
09,120248565530720152,ACTIVE,100,0,0,0,0,0,0,0
09,120248565368580152,ACTIVE,100,0,0,0,0,0,0,0
09,120248565223490152,ACTIVE,100,0,0,0,0,0,0,0
09,120256678317220586,PAUSED,45,0,0,0,0,0,0,0
09,120257133025000586,PAUSED,100,0,0,0,0,0,0,0
09,120246208967220674,PAUSED,200,0,0,0,2,0,0,0
09,120248292161180455,ACTIVE,100,0,0,0,0,0,0,0
09,120248298471880389,PAUSED,100,0,0,0,0,0,0,0
09,120248298471980389,PAUSED,100,0,0,0,0,0,0,0
09,120248335985820354,PAUSED,80,0,0,0,1,0,0,0
09,120248482530260695,PAUSED,50,0,0,0,1,0,0,0
09,120246377100470097,PAUSED,80,0,0,0,0,0,0,0
09,120245456434700630,PAUSED,136,0,0,0,0,0,0,0
09,120246313524390752,ACTIVE,100,0,0,0,0,0,0,0
09,120246302096860389,PAUSED,100,0,0,0,0,0,0,0
09,120247872777930425,PAUSED,100,0,0,0,1,0,0,0
09,120248482685330695,PAUSED,60,0,0,0,1,0,0,0
09,120247829716040751,ACTIVE,100,0,0,0,0,0,0,0
09,120244911471140436,PAUSED,100,0,0,0,0,0,0,0
09,120247829243430751,ACTIVE,100,0,0,0,0,0,0,0
09,120247828626130751,ACTIVE,100,0,0,0,0,0,0,0
09,120245901615420707,PAUSED,100,0,0,0,0,0,0,0
09,120244569933480320,PAUSED,120,0,0,0,1,0,0,0
09,120247802797890425,PAUSED,111,0,0,0,0,0,0,0
09,120247802797810425,PAUSED,111,0,0,0,0,0,0,0
09,120249080040680100,PAUSED,100,0,0,0,2,0,0,0
09,120243593603170146,PAUSED,500,0,0,0,0,0,0,0
09,120247976968270425,PAUSED,100,0,0,0,0,0,0,0
09,120247771242110065,ACTIVE,100,0,0,0,0,0,0,0
09,120247770552340065,ACTIVE,100,0,0,0,0,0,0,0
09,120247769726800065,ACTIVE,100,0,0,0,0,0,0,0
09,120247742995470065,ACTIVE,100,0,0,0,0,0,0,0
09,120247986766630425,PAUSED,100,0,0,0,0,0,0,0
09,120245170581670686,ACTIVE,100,0,0,0,0,0,0,0
09,120243302068140470,PAUSED,100,0,0,0,2,0,0,0
09,120245170492570686,ACTIVE,100,0,0,0,0,0,0,0
09,120247742995440065,ACTIVE,100,0,0,0,0,0,0,0
09,120247739160700425,PAUSED,111,0,0,0,0,0,0,0
09,120245170402820686,ACTIVE,100,0,0,0,0,0,0,0
09,120247734196240462,PAUSED,71,0,0,0,1,0,0,0
09,120244014225950146,PAUSED,100,0,0,0,0,0,0,0
09,120245956936680320,PAUSED,50,0,0,0,7,0,0,0
09,120244014260570146,PAUSED,100,0,0,0,0,0,0,0
09,120245956936730320,PAUSED,100,0,0,0,0,0,0,0
09,120244014492200146,PAUSED,100,0,0,0,0,0,0,0
09,120247986827960425,PAUSED,100,0,0,0,0,0,0,0
09,120244880653370686,PAUSED,100,0,0,0,0,0,0,0
09,120247591402040065,PAUSED,100,0,0,0,0,0,0,0
09,120244015261060146,PAUSED,100,0,0,0,0,0,0,0
09,120244911471280436,PAUSED,100,0,0,0,0,0,0,0
09,120244015261070146,PAUSED,100,0,0,0,0,0,0,0
09,120247526522490425,PAUSED,100,0,0,0,0,0,0,0
09,120244505802680686,PAUSED,80,0,0,0,1,0,0,0
09,120247418407680509,ACTIVE,100,0,0,0,0,0,0,0
09,120247418199130509,ACTIVE,100,0,0,0,0,0,0,0
09,120247418004300509,ACTIVE,100,0,0,0,0,0,0,0
09,120247392291490509,PAUSED,100,0,0,0,0,0,0,0
09,120245045553140686,PAUSED,80,0,0,0,1,0,0,0
09,120247392291430509,PAUSED,100,0,0,0,0,0,0,0
09,120247362345500425,PAUSED,100,0,0,0,0,0,0,0
09,120248036926730544,PAUSED,80,0,0,0,1,0,0,0
09,120245833240990707,PAUSED,80,0,0,0,0,0,0,0
09,120247314213280509,PAUSED,100,0,0,0,0,0,0,0
10,120247234597490455,ACTIVE,7218,1926.6499999999999,61513,1844,1804,101,46,3064.68
10,120244761515050455,ACTIVE,3135,1033.42,37597,985,937,72,39,2435.3500000000004
10,120244761233710455,ACTIVE,2400,866.8000000000001,29022,788,745,63,34,2200.5099999999998
10,120243986668280589,ACTIVE,1000,574.6,14316,374,362,23,14,631.19
10,120244749532720686,ACTIVE,1000,519.6700000000001,9965,298,276,33,23,1190.19
10,120248006730320100,ACTIVE,1200,475.29999999999995,16151,423,374,32,21,927.0800000000002
10,120246005453800291,ACTIVE,900,470.70000000000005,13420,464,452,38,16,833.1899999999999
10,120245800978960674,ACTIVE,1300,453.45000000000005,11866,374,370,32,18,815.59
10,120246791587200455,ACTIVE,2179,434.5,4762,324,312,25,16,1153.53
10,120245283264760677,ACTIVE,1217,419.87,17095,248,239,29,20,1205.7100000000003
10,120246754801740509,ACTIVE,800,408.7,11527,299,292,30,17,662.51
10,120248965302070064,ACTIVE,1200,391.99,7270,249,247,18,10,682.21
10,120239930892250650,ACTIVE,800,388.15999999999997,6814,255,252,23,11,752.57
10,120247780766070455,ACTIVE,1252,388.1199999999999,13322,391,361,18,10,662.51
10,120246023777450751,ACTIVE,850,358.02,7627,306,310,39,18,636.1099999999999
10,120247483865740100,ACTIVE,1000,357.02,10529,282,247,21,15,670.88
10,120244691045450320,ACTIVE,700,342.7,12547,376,361,18,12,883.98
10,120248155192490455,ACTIVE,1055,335.22,11000,262,242,16,13,917.11
10,120246710213420090,ACTIVE,925,329.83,9239,363,342,20,9,507.63
10,120249086109210100,ACTIVE,800,323.39,9962,309,267,29,17,970.8899999999999
10,120243458344350129,ACTIVE,600,319.27,11396,284,266,18,12,876.44
10,120249286765290368,ACTIVE,601,313.02,10249,208,201,14,6,352.84
10,120245250322490642,ACTIVE,650,311.90999999999997,8176,217,208,23,12,807.87
10,120243276755660065,ACTIVE,500,308.83,8326,200,173,32,18,768.1400000000001
10,120247114934220455,ACTIVE,1446,295.52,6447,251,246,20,12,816.27
10,120248536188000100,ACTIVE,500,288.78000000000003,6467,271,252,25,10,452.05
10,120249140601980100,ACTIVE,800,288.47,7909,293,259,23,13,550.57
10,120249052890110100,ACTIVE,500,284.82000000000005,8281,272,265,22,11,489.35999999999996
10,120248893532100100,ACTIVE,800,281.83,8011,210,182,21,12,694.66
10,120244749327030686,ACTIVE,500,279.92,5637,167,161,25,17,698.29
10,120245848127390707,ACTIVE,500,275.83,6241,309,289,31,11,503.15
10,120249005372660589,ACTIVE,868,275.5,5786,203,183,24,11,553.86
10,120248959176740725,ACTIVE,1000,270.26,10015,215,209,22,17,993.5600000000001
10,120246273720740455,ACTIVE,1250,253.30000000000004,6493,224,234,12,7,397.41
10,120245380137820707,ACTIVE,500,250.35,6497,188,170,21,8,357.65999999999997
10,120245980788570752,ACTIVE,469,249.44,9472,353,333,53,15,562.5600000000001
10,120249115230940100,ACTIVE,399,249.38000000000002,5988,231,211,26,10,468.68
10,120244431777030751,ACTIVE,680,245.43,8684,217,221,37,15,687.9200000000001
10,120246962698770090,ACTIVE,625,241.37000000000003,6114,258,240,17,8,469.95000000000005
10,120240901145360175,ACTIVE,745,237.77,8568,256,249,20,11,490.15
10,120246710213410090,ACTIVE,560,236.44,6821,257,247,15,6,514.68
10,120244938793740663,ACTIVE,350,231.67000000000002,3910,166,160,10,6,311.99
10,120245436310880780,ACTIVE,400,219.73,4453,165,149,20,8,269.8
10,120246483406720564,ACTIVE,300,213.5,7872,185,192,6,4,277.13
10,120247489931670431,ACTIVE,325,212.62,3778,130,122,16,8,390.15
10,120245334049540065,ACTIVE,370,211.64,4657,210,184,16,8,319.13
10,120245334049460065,ACTIVE,400,211.29999999999998,4131,198,183,17,7,329.17999999999995
10,120248139130280455,ACTIVE,455,209.94000000000003,6070,171,143,10,5,424.09000000000003
10,120248641712650319,ACTIVE,440,209.58,6126,186,184,11,9,440.17
10,120242301213710065,ACTIVE,370,208.3,5373,126,120,16,6,275.24
10,120243928954880129,ACTIVE,600,205.03000000000003,6895,199,205,11,8,512.38
10,120250790045220586,ACTIVE,500,202.13,6598,196,179,26,13,478.69
10,120246615285510642,ACTIVE,400,201.84,7231,171,174,14,7,514.35
10,120247139572780564,ACTIVE,600,200.27,4746,118,96,13,8,521.02
10,120248911416770577,ACTIVE,501,198.05,4580,230,189,21,10,414.34000000000003
10,120248056801340561,ACTIVE,560,194.49,5595,239,224,22,8,364.71000000000004
10,120245899430510065,ACTIVE,325,193.77999999999997,3721,167,151,19,7,265.03000000000003
10,120247583319740586,ACTIVE,500,193.38,7512,257,233,24,15,674.5799999999999
10,120243753190540054,ACTIVE,500,186.02,4489,114,108,13,11,640.37
10,120246962698830090,ACTIVE,135,185.54000000000002,4215,188,176,8,3,160.23
10,120245327669090320,ACTIVE,360,180.14,4249,134,120,9,3,126.91000000000001
10,120249286682560368,ACTIVE,505,179.86,5656,127,132,10,6,378.32
10,120245823919130320,ACTIVE,360,178.7,6606,141,125,11,5,270.38
10,120249525957160319,ACTIVE,360,178.1,5009,151,143,14,6,276.38
10,120246007921740320,ACTIVE,636,176.71,5443,169,165,10,7,427.39
10,120249251074180319,ACTIVE,350,176.20999999999998,5172,141,139,12,7,397.57000000000005
10,120250413795050709,ACTIVE,500,175.98999999999998,3833,118,115,12,8,295.1
10,120242301213170065,ACTIVE,300,174.63,6124,101,99,7,3,148.55
10,120245011207100320,ACTIVE,360,174.6,4861,130,118,6,4,233.62999999999997
10,120256572736720586,ACTIVE,500,173.13,4514,229,227,26,10,449.32
10,120244878279420125,ACTIVE,400,172.64,5376,116,116,13,11,707.1500000000001
10,120245833631150707,ACTIVE,300,172.26,3421,136,128,19,10,582.4399999999999
10,120245010772960663,ACTIVE,301,171.82999999999998,2407,95,91,8,6,338.38
10,120243844678990129,ACTIVE,300,171.52,4943,144,148,14,6,409.35999999999996
10,120246638474110175,PAUSED,525,171.20000000000002,3733,144,121,8,1,41.93
10,120244783755130320,ACTIVE,300,170.3,8244,235,238,13,4,278.68
10,120246221877410629,ACTIVE,335,169.51999999999998,4119,110,99,14,6,507.6
10,120248536187780100,ACTIVE,300,169.24,4993,206,188,21,9,370.71000000000004
10,120243593315080146,ACTIVE,503,168.53000000000003,3411,90,71,10,5,372.58
10,120247073165120090,ACTIVE,523,166.20000000000002,4043,156,142,10,5,282.02000000000004
10,120247547642310642,ACTIVE,340,163.31,3131,91,75,10,9,585.0600000000001
10,120241066464020065,ACTIVE,289,162.72,5241,110,104,19,10,487.12000000000006
10,120246040085600751,ACTIVE,370,162.62,3817,113,109,21,8,346.04999999999995
10,120242694742870146,ACTIVE,385,162.07999999999998,5131,203,193,12,7,426.8
10,120247868045210695,ACTIVE,360,161.23,5140,87,80,9,3,141.98
10,120248698800290127,ACTIVE,300,160.16000000000003,2173,130,127,13,8,381.8
10,120245010386240709,PAUSED,250,160.12,3429,104,105,9,5,174.38
10,120245453935690025,ACTIVE,100,157.04000000000002,1876,79,73,3,3,158.92
10,120245848127430707,ACTIVE,300,155.68,4063,185,172,15,5,213.35999999999999
10,120246828454030629,ACTIVE,390,155.31,3954,133,127,8,4,283.93
10,120244581910350686,ACTIVE,300,155.27000000000004,2199,79,62,15,10,505.99
10,120246657519770455,ACTIVE,878,154.07000000000002,4912,140,111,9,7,514.2299999999999
10,120245380678000025,ACTIVE,100,153.97,2037,82,79,7,4,202.45000000000002
10,120248139130260455,ACTIVE,325,152.76999999999998,3852,129,111,9,5,303.31000000000006
10,120247026467550090,ACTIVE,120,151.93999999999997,3566,175,154,16,11,533.59
10,120244270293390320,ACTIVE,300,150.92000000000002,4004,134,122,15,7,456.57
10,120243482214180129,ACTIVE,200,150.51,4636,148,143,8,4,241.42
10,120247616942850561,ACTIVE,300,145.78,4015,132,115,5,1,57.96
10,120247901344790425,ACTIVE,300,145.77,3117,114,99,11,6,448.90999999999997
10,120246785226280564,PAUSED,200,143.66,5173,140,131,5,1,97.71000000000001
10,120249120674110404,ACTIVE,300,143.03,3421,117,98,6,2,113.69999999999999
10,120243951377020125,ACTIVE,500,142.99,3718,98,94,9,4,385.59000000000003
10,120246643142900065,ACTIVE,197,142.46999999999997,5557,142,138,11,7,373.06999999999994
10,120248621604700283,ACTIVE,500,141.5,3074,100,89,12,4,169.38000000000002
10,120250554304290404,ACTIVE,300,134.68,2296,107,90,11,7,488.03999999999996
10,120245232977300320,ACTIVE,428,134.62,3938,114,116,14,6,326.47
10,120247026467610090,ACTIVE,120,134.09,3320,128,124,10,6,441.74
10,120247941350370695,ACTIVE,250,133.96,3600,67,67,6,3,193.11
10,120248359442970589,ACTIVE,300,133.64,3748,86,74,8,5,263.65
10,120242031621370065,ACTIVE,229,132.36,3661,74,76,15,3,147.4
10,120240679404390629,ACTIVE,400,132.32,3586,83,78,4,2,178.74
10,120245460221520177,ACTIVE,500,132.32,2853,127,120,13,9,374.76
10,120247479945600065,ACTIVE,300,131.43,3915,96,93,5,3,137.81000000000003
10,120243843991710129,PAUSED,300,130.98,4417,154,146,7,3,262.21
10,120247184054680509,ACTIVE,400,130.46,2309,82,73,13,9,346.8
10,120248922585490210,ACTIVE,200,128.20999999999998,3628,72,65,5,5,358.32
10,120250445767170166,PAUSED,30,127.19,4425,117,106,8,6,214.64
10,120245535022630455,ACTIVE,425,127.03999999999999,1609,109,94,10,5,421.33000000000004
10,120250905694920651,ACTIVE,300,125.12,3251,104,109,6,4,211.03
10,120246533502350368,ACTIVE,211,123.45,3715,76,66,7,3,205.31000000000003
10,120246024108390751,ACTIVE,355,123.05000000000001,2709,100,91,14,7,280.8
10,120249140482640100,PAUSED,300,121.27,2636,113,102,5,3,128.9
10,120246259925420674,ACTIVE,331,120.78999999999999,2727,92,86,12,5,198.64
10,120242973433800146,ACTIVE,200,118.89,4847,160,157,11,4,335.57
10,120247193573040509,ACTIVE,300,117.75,4917,141,127,10,5,267.46999999999997
10,120244070206100125,ACTIVE,500,116.01000000000002,2760,61,67,7,4,277.10999999999996
10,120235336090360210,ACTIVE,200,115.37,2625,58,58,3,3,155.67000000000002
10,120247705045190564,ACTIVE,300,114.53,3571,106,83,9,5,229.64
10,120246375737140674,ACTIVE,272,113.5,2707,80,75,6,4,192.36999999999998
10,120248318268940152,ACTIVE,200,112.71000000000001,3841,69,60,3,2,93.96000000000001
10,120235701428400210,ACTIVE,200,112.29999999999998,2756,72,67,6,5,351.59999999999997
10,120250789469770586,ACTIVE,500,111.87,3253,151,156,13,8,332.39
10,120243071308620125,ACTIVE,300,111.64,3653,79,77,4,4,247.39000000000001
10,120243844958690129,ACTIVE,600,111.21000000000001,3816,114,115,11,5,335.88
10,120247245864910389,ACTIVE,1000,111.12999999999998,3233,131,123,11,7,366.96999999999997
10,120242746886630788,ACTIVE,800,109.2,1990,80,72,7,6,417.11
10,120243602902170032,ACTIVE,200,107.53,2843,98,94,14,4,135.79
10,120246849779610090,ACTIVE,100,107.44,2888,88,84,3,2,73.88000000000001
10,120248698801690127,ACTIVE,300,107.14,1462,103,101,11,4,190.89999999999998
10,120247336235960389,ACTIVE,1000,107.03999999999999,5709,135,123,14,6,210.68
10,120246396470250674,PAUSED,331,106.72,2593,72,69,6,3,122.43
10,120243466971930678,ACTIVE,200,106.49,2467,93,83,7,4,139.92000000000002
10,120247136451350725,ACTIVE,1000,105.9,3451,93,91,12,9,476.71000000000004
10,120243663751470146,PAUSED,100,105.8,12493,181,161,5,1,41.980000000000004
10,6966949200895,PAUSED,250,105.33999999999999,2086,65,57,6,2,85.96
10,120246396517520674,ACTIVE,340,104.91,2760,72,69,8,4,170.95
10,120247605280040425,ACTIVE,300,104.91,2751,64,61,7,5,259.28
10,120245686749070320,ACTIVE,200,104.29,3323,106,102,7,4,342.62
10,120246008618270241,ACTIVE,300,103.71,4260,68,70,7,4,250.05
10,120246382556450462,ACTIVE,195,103.43,2292,81,76,5,2,107.96
10,120245057027780564,ACTIVE,300,103.25,4260,83,86,6,5,376.59000000000003
10,120249222913640100,ACTIVE,258,101.11,2146,87,85,9,5,250.66
10,120251037305290166,ACTIVE,500,100.93,2454,81,80,12,5,200.45
10,120249438611310064,ACTIVE,600,100.27,1584,59,57,7,5,276.38000000000005
10,120249985748090577,ACTIVE,500,100.05,2151,97,87,15,8,358.9699999999999
10,120248430355980229,PAUSED,200,99.58000000000001,2561,98,90,5,1,29.979999999999997
10,120245610768940032,ACTIVE,300,99.15,2458,122,110,14,8,240
10,120245859755050173,ACTIVE,300,98.96000000000001,3011,134,126,5,5,294.05
10,120246850329040065,ACTIVE,272,98.41,2774,72,64,14,8,391.54
10,120245931951070650,ACTIVE,300,98.4,1412,72,67,5,5,357.8999999999999
10,120244428953860686,ACTIVE,300,97.72,1958,54,62,8,6,243.59999999999997
10,120250678039650651,ACTIVE,500,95.83000000000001,2706,77,85,7,4,208
10,120242870748820133,ACTIVE,280,94.70000000000002,2390,84,76,4,2,104
10,120245435760750780,ACTIVE,200,94.46000000000001,1437,35,33,5,5,160.88
10,120247849750130663,ACTIVE,200,94.32,1355,48,44,6,4,151.92
10,120247322946650509,ACTIVE,200,94.19,3285,82,80,6,4,269.54
10,120235701428420210,ACTIVE,200,94.03999999999999,2543,68,65,3,1,97.96
10,120247547590960642,ACTIVE,200,93.33999999999999,2403,59,56,4,3,196.20000000000002
10,120244963455410686,ACTIVE,200,92.93,1702,48,45,5,3,193.64000000000001
10,120247245095750509,PAUSED,300,92.64,4143,74,65,2,1,87.46
10,120244242496990780,ACTIVE,200,92.27000000000001,1923,70,65,10,5,160.88000000000002
10,120247322669120509,ACTIVE,200,91.43,3394,100,94,7,4,165.91000000000003
10,120247524798270389,ACTIVE,100,91.36,4027,100,96,11,4,112.01
10,120247687263440425,ACTIVE,200,91.13,1734,50,40,4,4,192.72
10,120249062217790019,ACTIVE,100,91.12,1539,56,49,7,3,111.17999999999999
10,120245612998430455,ACTIVE,649,91.03999999999999,3471,77,64,5,4,268.05999999999995
10,120245329462560320,ACTIVE,200,90.89,2788,95,81,8,0,0
10,120248556140990663,ACTIVE,200,90.65,1444,51,44,0,0,0
10,120246070715810752,ACTIVE,169,90.59,2901,105,96,10,3,144.89
10,120246302058490389,ACTIVE,500,90.25,3652,124,112,10,7,258.67
10,120248299218060431,ACTIVE,220,88.74,1744,70,63,6,4,223.86
10,120244823852370686,ACTIVE,188,88.30000000000001,1593,58,53,6,4,224.87
10,120243787103960686,PAUSED,200,86.93,2258,65,65,5,2,59.96
10,120247757020520725,ACTIVE,500,86.49,2052,44,45,8,7,482.30999999999995
10,120246459062250674,ACTIVE,302,86.13,2604,83,70,4,3,108.48
10,120243948553180686,PAUSED,80,85.85999999999999,1566,48,47,5,4,119.92
10,120244745582820125,PAUSED,150,85.84,2077,46,45,3,0,0
10,120246107483730752,ACTIVE,169,83.03999999999999,1989,73,70,8,5,154.85999999999999
10,120245602350460032,ACTIVE,300,83.03,2094,87,78,13,6,229.53000000000003
10,120245964184870707,ACTIVE,174,82.65,1554,48,46,6,5,286.61
10,120245686006250032,PAUSED,50,82.07,1905,54,50,4,3,118.71000000000001
10,120251093896120404,ACTIVE,94,81.09,1429,54,48,1,1,41.980000000000004
10,120248129114130695,ACTIVE,300,81,2310,46,46,2,2,158.43
10,120248960171180100,PAUSED,200,80.9,2354,49,44,4,1,52.559999999999995
10,120249300729750589,ACTIVE,330,80.76,1792,59,54,12,6,275.25
10,120246338179300642,ACTIVE,200,79.60999999999999,2691,79,68,6,4,234.15
10,120244360843810065,ACTIVE,135,78.42,2213,78,70,5,3,109.47
10,120244895488610436,ACTIVE,119,78.31,2440,57,54,6,2,136.45000000000002
10,120247391144430509,ACTIVE,200,78.13,2515,78,67,5,5,256.36
10,120246588746810090,ACTIVE,170,77.36,1783,86,82,8,7,269.98
10,120248535997930100,ACTIVE,500,76.99,2291,54,64,9,4,234.22
10,120247199911460090,ACTIVE,122,76.78999999999999,1856,70,62,6,3,161.72
10,120241671273870455,ACTIVE,212,76.62,1942,59,53,5,4,265.6
10,120247795310860126,ACTIVE,115,76.08,1965,75,66,8,3,89.94
10,120244300638070032,ACTIVE,200,76.08,1687,66,58,7,3,89.83000000000001
10,120244486326540436,ACTIVE,100,75.57,2803,77,63,5,3,152.17999999999998
10,120247866680710389,ACTIVE,500,75.47,2199,73,59,10,5,173.60999999999999
10,120246024108440751,ACTIVE,195,75.07,1480,56,59,6,2,76.54
10,120248299218010431,ACTIVE,130,75.03999999999999,1512,43,37,8,5,183.28
10,120246299721480751,ACTIVE,195,74.36,1583,53,55,6,4,168.33999999999997
10,120248151509310425,ACTIVE,200,73.47,1481,43,42,5,3,265.09
10,120251769553160054,ACTIVE,138,73.37,1940,44,38,8,5,244.86
10,120248540698960725,ACTIVE,100,72.2,1421,38,35,5,5,262.44
10,120248180636520589,ACTIVE,200,72.19999999999999,1947,45,42,4,3,228.98
10,120248596343100048,ACTIVE,300,72.12,839,48,48,8,4,168.41
10,120248056801430561,ACTIVE,260,72.07,1809,97,92,12,5,175.84
10,120243508760940146,PAUSED,143,71.94,1256,38,31,0,0,0
10,120246232598650090,ACTIVE,132,71.78,1627,56,53,4,3,137.76
10,120254529951930197,ACTIVE,100,71.64,1213,42,40,5,2,96.19000000000001
10,120246415849650214,ACTIVE,160,71.38,1153,35,32,5,4,170.79
10,120248270609930152,ACTIVE,200,70.9,3098,49,49,4,4,272.59999999999997
10,120243959700120146,ACTIVE,100,70.25,1423,18,15,2,2,150.43
10,120247890133980642,ACTIVE,124,70.02,2109,50,48,4,4,262.15
10,120245622959500630,ACTIVE,102,69.97,1501,55,49,8,4,115.91
10,120245899907660065,ACTIVE,115,69.85,1381,46,40,5,2,117.43
10,120247558121560065,ACTIVE,94,69.83,1961,65,61,8,3,130.14000000000001
10,120243507783580146,PAUSED,100,69.71000000000001,2144,54,47,6,1,75.21
10,120246191098970320,ACTIVE,120,69.61,1945,55,45,3,2,140.79
10,120246979930770509,PAUSED,100,69.39,2225,70,56,5,3,134.93
10,120245899907890065,ACTIVE,115,69.34,1582,66,60,6,2,59.959999999999994
10,120244581811200686,ACTIVE,80,69.33,1306,48,45,8,4,141.16
10,120245004525000780,PAUSED,200,69.1,1105,29,26,2,0,0
10,120248248634970455,ACTIVE,132,68.92,1156,48,46,5,3,229.14999999999998
10,120244243594070436,PAUSED,50,68.47,2588,54,55,3,0,0
10,120246399807540674,ACTIVE,142,68.46,2509,58,55,5,1,29.980000000000004
10,120245487786040032,ACTIVE,100,68.38,1508,60,51,8,4,145.23000000000002
10,120247175023780065,ACTIVE,76,67.84,1499,39,36,3,2,134.67
10,120246643142870065,PAUSED,104,67.81,1840,50,48,5,1,29.979999999999997
10,120248466107650695,ACTIVE,202,67.78,2060,44,37,5,3,193.11
10,120250066594120577,ACTIVE,200,67.64999999999999,1359,53,44,6,3,196.16000000000003
10,120245884994790214,PAUSED,150,67.50999999999999,1194,33,32,1,1,24.97
10,120247324556450065,PAUSED,50,67.42,1146,42,42,7,1,51.629999999999995
10,120244550853910436,PAUSED,61,67.39,2131,58,57,1,1,68.22
10,120245920600250032,PAUSED,50,67.15,1718,51,49,4,1,38.27
10,120248111423590168,ACTIVE,135,67.07,1627,49,45,3,2,118.76
10,120248248635000455,ACTIVE,132,67.06,1232,54,45,2,2,148.73999999999998
10,120248923191120589,ACTIVE,200,67.05,2052,62,56,6,4,214.15
10,120246736742480477,PAUSED,90,67.02000000000001,860,29,31,1,0,0
10,120248082904020663,ACTIVE,150,66.93,1030,36,35,4,1,66.02
10,120246242129020477,ACTIVE,100,66.85000000000001,1320,52,46,3,2,81.19
10,120247815782100642,PAUSED,122,66.51,1636,52,47,4,1,92.3
10,120244428953840686,ACTIVE,200,66.41,1361,38,43,6,4,221.12
10,120246491099340090,ACTIVE,76,66.13,1293,39,38,3,2,145.75
10,120243211247840146,ACTIVE,500,66.11,2194,82,84,6,4,201.15
10,120246560566740477,ACTIVE,250,66.11,1625,53,49,8,7,332.28999999999996
10,120246286465380752,ACTIVE,100,66.07,1659,74,67,9,2,65.95
10,120244618043630436,ACTIVE,144,66.02,2424,74,69,5,2,167.95
10,120247293642140642,ACTIVE,120,65.42,1662,46,39,5,4,288.50000000000006
10,120246666161080477,ACTIVE,100,65.19,891,29,26,3,3,89.94000000000001
10,120246270264110320,ACTIVE,120,65.16999999999999,2009,40,34,1,0,0
10,120248414403410695,ACTIVE,150,65.16000000000001,1968,40,31,2,1,66.02
10,120251701953330054,ACTIVE,200,65.14,1562,30,33,3,3,158.41
10,120244691045040320,ACTIVE,120,64.86,2432,47,48,4,2,117.54
10,120247311647030509,ACTIVE,100,64.76,2382,63,58,5,6,295.05
10,120247238927160043,ACTIVE,280,64.33000000000001,1218,48,52,6,5,198.51999999999998
10,120246770835970175,ACTIVE,110,64.27,1748,50,48,8,3,91.85
10,120246465927950677,PAUSED,100,64.22999999999999,1399,13,10,1,1,70.02
10,120246471244780065,ACTIVE,135,64.11,1829,79,64,5,1,67.89
10,120249179840870725,ACTIVE,100,64.09,1947,48,47,6,4,215.47
10,120243144633320146,ACTIVE,50,64.06,1997,54,46,3,2,83.96
10,120246286557160752,ACTIVE,169,64.00999999999999,1580,54,55,10,4,115.91
10,120248474785690152,ACTIVE,150,63.760000000000005,2736,60,57,3,2,120.96
10,120244566548030788,PAUSED,50,63.7,1116,48,42,5,1,92.3
10,120244634571550678,PAUSED,105,63.44,1241,23,21,2,1,57.98
10,120247876590550126,ACTIVE,90,63.25999999999999,1594,49,46,7,6,264.83000000000004
10,120244177553830678,ACTIVE,200,63.13,1529,50,43,6,4,180.55999999999997
10,120248085583180127,ACTIVE,100,63.050000000000004,817,45,42,5,2,95.45
10,120248490741000152,ACTIVE,120,63,2056,55,55,4,1,73.97999999999999
10,120243593808880146,ACTIVE,100,62.98,1897,58,45,9,4,239.52
10,120245514271740065,ACTIVE,115,62.95,1300,66,64,7,3,109.47999999999999
10,120244504591950686,ACTIVE,80,62.71,1189,37,33,5,2,137.4
10,120247115989130291,ACTIVE,300,62.59,1209,41,41,4,2,131.27999999999997
10,120246471244730065,ACTIVE,135,62.419999999999995,2184,78,72,3,0,0
10,120243734745460129,PAUSED,100,62.17,1955,58,55,4,1,66.47999999999999
10,120243840045620129,PAUSED,100,62.14,1788,67,67,3,1,66.48
10,120244163991370436,PAUSED,50,62.120000000000005,2379,54,45,1,1,99.72
10,120245622959400630,ACTIVE,127,62.08,1513,47,47,6,5,181.86999999999998
10,120251275180530054,ACTIVE,100,61.8,1616,34,35,3,2,108.47
10,120245514271720065,ACTIVE,115,61.769999999999996,1448,64,56,2,2,99.03
10,120247392329370509,ACTIVE,200,61.58,1938,59,60,6,2,110.9
10,120248802175730319,ACTIVE,120,61.540000000000006,1541,54,55,5,3,138.19
10,120249251074290319,ACTIVE,120,61.5,1579,33,31,2,1,37
10,120247823215090168,ACTIVE,100,61.07999999999999,1226,38,39,5,3,135.34000000000003
10,120248532436280048,PAUSED,100,60.7,718,27,24,1,0,0
10,120247378425210561,ACTIVE,180,60.529999999999994,1970,73,62,8,3,124.91
10,120246286382660752,ACTIVE,100,60.5,1545,41,40,7,3,90.93
10,120247228100240725,PAUSED,100,60.02,2581,52,50,2,0,0
10,120249228754110589,PAUSED,100,59.84,661,34,33,3,1,49.52
10,120249347498540100,ACTIVE,91,59.8,1515,40,41,7,3,143.29000000000002
10,120252393021210348,PAUSED,80,59.660000000000004,1983,27,24,1,0,0
10,120246880890560629,ACTIVE,100,59.58000000000001,1224,34,25,4,2,177.24
10,120249179865340725,ACTIVE,100,59.55,1565,35,33,3,3,222.47
10,120250057581290368,ACTIVE,80,59.480000000000004,1638,22,20,1,1,38.980000000000004
10,120248698800650127,PAUSED,100,59.46999999999999,771,49,46,2,1,60.47
10,120246191098590320,ACTIVE,120,59.4,1839,69,60,6,4,278.68
10,120249179840900725,ACTIVE,100,59.37,1569,25,25,4,2,135.92
10,120246549338880065,ACTIVE,50,59.300000000000004,1688,37,32,5,2,79.5
10,120243335632250705,PAUSED,100,59.22,1186,30,27,3,1,51.22
10,120244486325980436,ACTIVE,500,59.21,2055,52,53,6,3,209.92999999999998
10,120245622959630630,PAUSED,73,59.1,1366,43,41,5,3,106.92000000000002
10,120245541619240177,ACTIVE,100,59.03,1243,44,39,4,1,51.21
10,120246191098790320,ACTIVE,120,58.99,1751,50,45,3,1,34.07
10,120251940198120054,PAUSED,100,58.92,868,24,25,3,1,31.980000000000004
10,120243832687650146,ACTIVE,100,58.879999999999995,1405,35,29,3,2,181.92
10,120243063569770146,ACTIVE,100,58.839999999999996,2174,47,48,4,2,117.19
10,120246338028120241,ACTIVE,300,58.8,4411,66,71,6,4,194.17
10,120247107054620509,PAUSED,200,58.75000000000001,1492,40,36,2,0,0
10,120247601538900425,ACTIVE,100,58.59,1012,40,33,2,2,137.69
10,120246178825710752,ACTIVE,169,58.58,1512,58,53,6,4,161.86
10,120247728967380642,PAUSED,61,58.48,1440,32,30,2,1,37.95
10,120244349822900686,ACTIVE,50,58.43,839,27,26,5,4,161.15
10,120247051808860509,ACTIVE,100,58.419999999999995,2380,29,27,2,2,127.43999999999998
10,120248151239370425,ACTIVE,100,58.410000000000004,922,31,26,5,1,39.980000000000004
10,120245911260540650,ACTIVE,120,58.37,846,38,37,2,2,194.51000000000002
10,120247109115250389,ACTIVE,100,58.3,1432,72,64,5,2,96.97
10,120249151139280057,ACTIVE,100,58.27000000000001,1039,59,57,3,1,73.42
10,120244824582450436,ACTIVE,90,58.209999999999994,2128,46,37,3,2,225.67
10,120248123280260455,ACTIVE,100,58.02,1251,37,30,1,1,34.949999999999996
10,120246338142390241,ACTIVE,109,57.97,2931,54,50,2,1,41.980000000000004
10,120248204881090455,ACTIVE,135,57.96,1238,44,33,3,2,167.23999999999998
10,120244761350620455,ACTIVE,135,57.95,2358,42,42,4,2,95.36
10,120244880653330686,ACTIVE,100,57.940000000000005,1179,35,35,6,3,111.18
10,120247890133910642,PAUSED,124,57.93,1507,35,33,2,1,65.94999999999999
10,120249073800120725,ACTIVE,500,57.809999999999995,1756,42,42,7,7,400.8299999999999
10,120243227249480177,ACTIVE,200,57.72,1099,53,54,7,6,283.57000000000005
10,120248123660860455,ACTIVE,100,57.650000000000006,1458,39,27,3,1,34.95
10,120248151509340425,ACTIVE,100,57.540000000000006,993,27,29,4,1,97.71000000000001
10,120247479685940389,PAUSED,100,57.41,1454,40,38,3,1,48.72
10,120247699025760561,PAUSED,96,57.35,1593,65,58,3,1,24.98
10,120248535565040229,ACTIVE,120,57.31999999999999,1138,49,42,5,3,115.92
10,120245623471490177,ACTIVE,200,57.28999999999999,1179,31,30,3,3,131.16
10,120246191098540320,ACTIVE,120,57.28,1945,59,51,5,3,151.61
10,120244662020140686,PAUSED,50,57.15,1023,13,14,3,1,51.22
10,120245124074660686,PAUSED,80,57.14000000000001,1777,47,48,3,1,29.98
10,120250139945670577,ACTIVE,100,56.86999999999999,1108,41,34,7,1,48.17
10,120248774488970725,ACTIVE,100,56.64000000000001,1601,51,46,5,2,138.38
10,120249179367710725,ACTIVE,100,56.32,1166,26,26,3,3,204.48000000000002
10,120248764599250589,ACTIVE,200,56.24,1355,38,32,5,4,272.57
10,120248162820950389,ACTIVE,1000,55.91,1923,109,107,14,5,177.73999999999998
10,120242700474080358,ACTIVE,100,55.83,1259,47,46,4,3,106.13
10,120245124026530686,ACTIVE,80,55.78,860,49,49,8,8,324.8
10,120247370270360509,ACTIVE,101,55.730000000000004,2283,48,47,2,2,99.95000000000002
10,120246270030590320,ACTIVE,120,55.69,1369,19,17,1,1,82.02
10,120244194695070177,ACTIVE,100,55.629999999999995,1245,56,49,4,2,59.96
10,120249352629920127,ACTIVE,100,55.6,869,55,54,5,1,34.98
10,120244389916660436,ACTIVE,78,55.58,2425,59,58,4,2,110.19999999999999
10,120244794017770320,ACTIVE,120,55.55,2433,37,34,5,2,117.53999999999999
10,120246599890040214,ACTIVE,120,55.39,959,26,23,6,3,128.85000000000002
10,120244034916020436,ACTIVE,100,55.36,2150,45,38,7,2,171.42000000000002
10,120247995051750695,ACTIVE,140,55.35,1974,43,42,5,3,227.48
10,120247608650800126,PAUSED,50,55.209999999999994,1188,41,39,4,1,51.21
10,120246907642230291,ACTIVE,300,55.17,1197,59,54,7,2,128.34
10,120244486723120436,PAUSED,100,55.11,1631,45,36,2,1,99.72
10,120251502157250054,ACTIVE,100,54.989999999999995,885,23,23,4,1,31.979999999999997
10,120244079033450320,ACTIVE,120,54.949999999999996,2548,62,59,4,2,119.91999999999999
10,120248108038930561,ACTIVE,128,54.68000000000001,1550,70,60,7,4,166.88
10,120246178764690752,PAUSED,100,54.64,1439,34,29,3,1,40.970000000000006
10,120249081135480577,PAUSED,100,54.54,911,40,34,3,1,28.98
10,120247504003780425,ACTIVE,61,54.440000000000005,1054,26,24,4,2,142.45
10,120243959229680146,PAUSED,100,54.36,1100,24,20,1,1,41.98
10,120245923045620168,ACTIVE,100,54.28,1461,46,44,5,2,97.36
10,120248204881060455,ACTIVE,135,54.28,2015,44,39,2,2,119.32
10,120246299672700751,ACTIVE,195,54.25,1286,40,42,3,0,0
10,120249366225440100,PAUSED,100,54.209999999999994,1389,38,34,3,1,38.17
10,120247453929680065,ACTIVE,124,54.18,1569,32,30,6,3,129.02
10,120247058049910303,ACTIVE,120,54.120000000000005,1057,52,50,2,1,26.98
10,120245306349070462,ACTIVE,100,54.040000000000006,1283,44,45,5,1,57.98
10,120247866597100389,ACTIVE,100,53.929999999999986,1804,72,56,6,2,83.47
10,120249456993730057,PAUSED,100,53.92,715,31,28,1,1,41.980000000000004
10,120245124561510686,ACTIVE,80,53.77,939,31,29,5,3,132.41
10,120248159215720389,ACTIVE,79,53.739999999999995,1569,69,56,3,1,62.88999999999999
10,120246570408620477,ACTIVE,100,53.69,1038,32,27,2,1,107.44
10,120249179003180725,ACTIVE,100,53.68,1297,19,18,4,4,235.86
10,120247282176200431,PAUSED,150,53.67999999999999,936,30,27,1,0,0
10,120246947981930126,PAUSED,80,53.660000000000004,1197,26,25,3,1,51.22
10,120249300729780589,ACTIVE,100,53.58,1241,34,34,4,1,29.980000000000004
10,120244477400200678,ACTIVE,100,53.57000000000001,1311,30,27,3,0,0
10,120245617791190630,ACTIVE,111,53.56999999999999,1696,53,49,7,3,95.92999999999999
10,120244213478540707,ACTIVE,100,53.56,1105,36,35,2,0,0
10,120251769553070054,ACTIVE,73,53.529999999999994,1282,28,24,3,2,63.96000000000001
10,120246599961620214,ACTIVE,200,53.34,1144,38,36,2,1,24.97
10,120247633428650725,ACTIVE,100,53.32000000000001,1251,45,46,4,3,197.28
10,120248448982680725,PAUSED,100,53.269999999999996,1302,29,32,2,1,68.56
10,120249178585030725,PAUSED,100,53.220000000000006,2659,44,36,2,0,0
10,120245750558170707,ACTIVE,100,53.150000000000006,1176,57,52,7,4,168.21
10,120247322861560509,PAUSED,100,53.14,1963,52,49,0,0,0
10,120248448870780725,ACTIVE,100,53.11,1153,37,33,3,3,164.9
10,120246069254050470,ACTIVE,98,52.58,1554,37,33,2,1,183.47
10,120246270264070320,ACTIVE,120,52.58,2033,52,41,0,0,0
10,120244083558220146,ACTIVE,100,52.56999999999999,1902,65,64,5,3,192.41
10,120254368844920197,ACTIVE,130,52.56999999999999,1252,41,38,4,3,106.19
10,120247890206850725,PAUSED,100,52.56,1839,50,51,2,1,49.37
10,120247970574990126,PAUSED,80,52.52,1193,29,27,2,2,81.2
10,120248923493180565,ACTIVE,80,52.220000000000006,556,24,23,6,2,59.96
10,120246522122340677,ACTIVE,100,52.14999999999999,1086,15,10,2,0,0
10,120244389916630436,ACTIVE,50,52.029999999999994,1933,35,35,1,1,183.66
10,120245119189080630,ACTIVE,166,52.01,1751,41,42,4,4,171.49
10,120248892319580365,ACTIVE,100,51.68,1860,38,31,2,0,0
10,120248523442100229,PAUSED,68,51.59,855,44,43,3,1,49.97
10,120243831461540146,PAUSED,200,51.510000000000005,1953,44,39,4,0,0
10,120244312405140436,ACTIVE,100,51.440000000000005,1898,51,49,3,1,99.72
10,120245500027320032,ACTIVE,100,51.25,1531,56,52,4,2,83.14
10,120246007921720320,PAUSED,80,51.25,1390,37,30,4,1,34.07
10,6993911140695,ACTIVE,100,51.22,866,36,29,3,1,54.98
10,120246270030620320,ACTIVE,120,51,1327,31,28,1,2,68.14000000000001
10,120248056801410561,PAUSED,260,50.98,1398,52,48,1,0,0
10,120244083558180146,ACTIVE,100,50.96,1535,48,42,7,3,159.18
10,120249805624030404,PAUSED,92,50.92,878,40,35,3,1,71.72
10,120246870229730642,ACTIVE,62,50.589999999999996,1114,34,35,5,4,395.71000000000004
10,120249222913600100,PAUSED,91,50.51,1436,34,34,3,1,52.56
10,120254284171970197,ACTIVE,130,50.31999999999999,1246,48,43,5,3,106.19
10,120251150600140210,ACTIVE,82,50.260000000000005,1274,44,43,1,1,97.96
10,120247267358630509,ACTIVE,100,50.19,811,18,21,3,3,102.94
10,120247061936980509,PAUSED,100,50.05,1921,39,34,3,1,85.96
10,120246522442100677,ACTIVE,100,50,1251,18,13,2,1,70.02
10,120246981649870509,PAUSED,100,49.95,1733,45,41,4,0,0
10,120248082736850695,ACTIVE,78,49.95,1512,33,36,1,1,69.05
10,120254284171910197,ACTIVE,80,49.94,1206,34,29,3,2,59.96
10,120247246948530509,ACTIVE,50,49.86,2369,43,43,2,2,105.65
10,120243429905930146,PAUSED,100,49.83,1389,44,35,4,1,75.21000000000001
10,120245775225080097,PAUSED,94,49.779999999999994,1532,47,39,2,1,34.98
10,120247333999410425,ACTIVE,100,49.690000000000005,1207,38,35,5,2,170.48999999999998
10,120246222498150752,PAUSED,75,49.55,1233,45,42,5,1,40.97
10,120246447361050303,ACTIVE,120,49.48,1313,58,51,9,5,220.21
10,120245825367300533,ACTIVE,100,49.28,1572,44,38,3,1,41.97
10,120245825263430533,ACTIVE,100,49.28,1366,36,39,6,4,164.88
10,120244793522550320,ACTIVE,120,49.21,1821,39,36,3,1,34.07
10,120250005173420404,ACTIVE,74,49.09,954,40,34,2,1,41.98
10,120251856003590054,ACTIVE,100,49.03,1514,31,29,5,2,85.2
10,120243734745510129,PAUSED,100,49,1817,26,26,3,0,0
10,120246286484520097,ACTIVE,120,48.89,1269,41,41,4,2,96.94999999999999
10,120249178308050725,ACTIVE,100,48.830000000000005,1138,21,23,1,2,94.35
10,120246558672090097,ACTIVE,152,48.81,1391,45,42,3,2,96.94999999999999
10,120249283733020100,ACTIVE,90,48.8,1116,48,39,1,2,75.53999999999999
10,120248346419460152,ACTIVE,94,48.8,2014,40,39,1,1,46.980000000000004
10,120251239771420586,ACTIVE,100,48.63,1969,86,77,8,4,136.31
10,120243211134690146,ACTIVE,1000,48.61000000000001,1480,54,43,6,6,318.35
10,120250596505340709,ACTIVE,100,48.61,1063,35,33,4,2,74.35
10,120248359764410589,ACTIVE,100,48.51,1211,41,38,2,0,0
10,120246522937100677,ACTIVE,100,48.49,1103,15,13,1,0,0
10,120245124096920686,PAUSED,80,48.49,1655,48,43,1,0,0
10,120247114547280509,ACTIVE,85,48.489999999999995,1254,22,15,4,4,265.87
10,120244824816070686,ACTIVE,80,48.34,793,22,23,4,3,111.17999999999999
10,120246929317920175,ACTIVE,100,48.3,995,27,24,3,2,115.8
10,120246178929760752,PAUSED,100,48.230000000000004,1113,28,26,3,0,0
10,120251692404070054,ACTIVE,78,48.209999999999994,1137,24,24,2,1,53.22
10,120248974670400019,ACTIVE,80,48.09,980,36,37,3,1,29.98
10,120244581910630686,ACTIVE,80,48.07000000000001,766,30,22,4,3,149.96
10,120246733854770065,ACTIVE,80,47.980000000000004,1000,39,29,3,3,129.01
10,120244825046600686,ACTIVE,80,47.95,927,25,27,4,3,152.4
10,120243465250350705,ACTIVE,80,47.839999999999996,990,36,33,3,1,29.98
10,120248532436300048,ACTIVE,100,47.76,693,49,42,6,2,99.94
10,120246374707600097,ACTIVE,77,47.739999999999995,1494,42,37,3,1,61.97
10,120247815782080642,ACTIVE,122,47.69,1147,52,47,3,2,130.25
10,120247403426120126,PAUSED,61,47.6,1145,29,27,2,1,29.98
10,120242847129030686,ACTIVE,50,47.56,1115,29,26,4,3,153.64
10,120248889583930116,PAUSED,90,47.5,667,21,19,0,0,0
10,120247148756590731,PAUSED,80,47.480000000000004,508,32,30,1,1,88.3
10,120244077730640146,ACTIVE,100,47.35,911,30,20,6,3,197.54999999999998
10,120244883028360686,ACTIVE,80,47.33,916,28,29,5,4,221.10999999999996
10,120248288633270389,ACTIVE,81,47.33,1459,51,44,10,6,208.98999999999998
10,120248151945870425,ACTIVE,100,47.28,955,23,25,2,1,69.67
10,120246396470350674,PAUSED,100,47.230000000000004,1065,40,39,0,0,0
10,120246699106190629,ACTIVE,100,47.209999999999994,918,16,17,2,1,113.33
10,120246773871680629,ACTIVE,100,47.15,1052,30,28,3,2,177.24
10,120248958916870100,PAUSED,100,47.15,1184,28,26,3,1,38.17
10,120250703936480404,ACTIVE,92,47.03999999999999,753,38,38,3,2,192.42
10,120251642537180054,ACTIVE,80,46.99,1204,27,26,2,1,31.98
10,120249115231040100,ACTIVE,50,46.86,1214,39,40,5,2,90.72999999999999
10,120244014047710146,ACTIVE,100,46.86,1290,36,30,5,2,243.14000000000001
10,120248045547800425,PAUSED,136,46.8,708,12,12,2,0,0
10,120246807795430509,ACTIVE,100,46.78,1564,31,31,2,2,123.94000000000003
10,120247061773550509,ACTIVE,100,46.629999999999995,1853,52,51,6,2,68.96
10,120247534964830642,ACTIVE,46,46.589999999999996,1124,29,26,2,1,37.95
10,120248224810100389,ACTIVE,80,46.53,1448,57,44,3,3,120.52
10,120246465900910677,ACTIVE,100,46.52,1069,23,17,2,1,96.41
10,120247246948670509,ACTIVE,100,46.419999999999995,2006,46,39,3,2,125.44
10,120246624884480455,PAUSED,122,46.3,1417,27,25,1,1,60.410000000000004
10,120244213617000686,ACTIVE,80,46.14,857,34,32,2,2,79.2
10,120247149106470731,PAUSED,80,46.07,644,26,26,2,1,60.39
10,120248364287170127,PAUSED,100,46.010000000000005,485,38,38,1,0,0
10,120247365568180509,ACTIVE,100,45.980000000000004,1604,34,31,5,3,140.63000000000002
10,120247866597170389,ACTIVE,100,45.88,1554,52,48,4,3,90.14999999999999
10,120248137514550561,ACTIVE,100,45.78999999999999,1421,46,42,2,2,49.96
10,120244581454670686,PAUSED,50,45.66,789,18,14,0,0,0
10,120246087968610032,ACTIVE,72,45.65,1037,45,39,5,3,82.22999999999999
10,120246867532780629,ACTIVE,100,45.52,1046,30,26,4,2,240.15
10,120245823079650320,ACTIVE,100,45.459999999999994,1349,37,34,2,1,58.77
10,120247365940320642,PAUSED,50,45.4,1051,22,22,0,0,0
10,120246733877000065,ACTIVE,80,45.39,905,34,30,5,1,49.52
10,120248429995370229,PAUSED,124,45.28,1160,33,29,2,1,40.97
10,120245554821660177,PAUSED,100,45.26,899,25,19,1,0,0
10,120246819645500629,ACTIVE,100,45.01,1049,28,27,2,3,164.76999999999998
10,120249061328590589,PAUSED,50,44.86,890,20,19,2,1,29.98
10,120246733902040065,ACTIVE,80,44.769999999999996,1038,30,30,5,1,49.519999999999996
10,120246946458510629,ACTIVE,64,44.65,1285,35,35,7,0,0
10,120246219805000241,PAUSED,150,44.58,1226,31,24,1,0,0
10,120247084134340065,ACTIVE,50,44.52,739,37,36,4,2,59.96
10,120246181834560241,PAUSED,150,44.519999999999996,2231,45,46,1,0,0
10,120247389356380455,ACTIVE,50,44.51,730,36,35,2,2,172.32000000000002
10,120243316803930436,PAUSED,100,44.45,1410,41,45,3,1,68.23
10,120247829146440561,ACTIVE,114,44.41,984,50,48,4,3,156.89000000000001
10,120245466475870630,ACTIVE,110,44.39,1269,42,38,4,2,90.94
10,120245931951140650,PAUSED,100,44.34,565,26,26,2,1,64.28
10,120246219568090241,PAUSED,100,44.27,1064,19,19,1,0,0
10,120245282912580630,PAUSED,200,44.269999999999996,1173,33,32,3,1,40.97
10,120248338395130283,ACTIVE,100,44.21,1063,39,35,2,1,27.979999999999997
10,120246733901990065,ACTIVE,80,44.209999999999994,1043,35,34,4,0,0
10,120246250745230674,PAUSED,100,44.199999999999996,1141,23,21,2,1,46.230000000000004
10,120247860181220455,ACTIVE,100,44.14,1327,33,30,2,1,84.37
10,120247390339080509,PAUSED,100,44.09,1447,40,33,0,1,36.47
10,120246178127590241,PAUSED,150,44.040000000000006,2171,38,33,1,0,0
10,120248025171210561,ACTIVE,129,44.04,1574,44,36,3,4,215.81
10,120247995051780695,PAUSED,95,44.010000000000005,1328,26,23,0,0,0
10,120249088233310651,PAUSED,80,44,1022,28,28,2,2,130.39
10,120247115989200291,PAUSED,80,43.839999999999996,827,37,33,2,1,64.17
10,120246733876960065,ACTIVE,80,43.79,862,35,35,3,1,29.98
10,120248694175490365,ACTIVE,100,43.75,2441,52,50,4,3,251.60999999999999
10,120248503799160116,ACTIVE,74,43.72,1043,56,49,2,1,39.980000000000004
10,120247366315930509,ACTIVE,100,43.690000000000005,1791,39,34,3,3,191.60999999999999
10,120246220030610241,PAUSED,100,43.58,1456,41,35,0,0,0
10,120245097017710677,ACTIVE,100,43.57000000000001,1061,18,13,0,0,0
10,120249366225680100,PAUSED,100,43.559999999999995,918,28,24,2,1,52.56
10,120244915930060436,ACTIVE,100,43.4,1275,39,37,2,2,136.46000000000004
10,120248069068060469,PAUSED,80,43.339999999999996,805,21,19,3,0,0
10,120248085583660127,PAUSED,100,43.32,521,26,22,0,0,0
10,120244076954630146,ACTIVE,100,43.31,1024,27,22,2,2,150.42
10,120243986595710788,PAUSED,50,43.28,700,21,21,0,0,0
10,120246581316290126,ACTIVE,80,43.099999999999994,1321,43,40,4,3,111.17999999999998
10,120247157407190509,PAUSED,100,43.080000000000005,1635,32,23,1,1,34.980000000000004
10,120243840045560129,PAUSED,100,43.059999999999995,1313,40,35,2,0,0
10,120246169445790320,ACTIVE,108,42.910000000000004,1217,27,28,3,1,34.06999999999999
10,120248539381110725,PAUSED,200,42.88,929,16,17,1,1,49.37
10,120246804547700175,ACTIVE,30,42.870000000000005,1617,41,36,4,2,66.89
10,120247482195350544,ACTIVE,74,42.81,986,21,22,3,3,121.86999999999999
10,120243860511490436,PAUSED,100,42.54,1822,36,30,1,1,68.23
10,120246733854740065,ACTIVE,80,42.510000000000005,930,27,27,5,2,59.96000000000001
10,120247858934130544,ACTIVE,76,42.480000000000004,938,26,23,4,3,103.48
10,120247508094040725,ACTIVE,100,42.25999999999999,1476,28,24,4,3,148.11
10,120251919170720054,PAUSED,100,42.24,648,11,11,2,0,0
10,120247702154240544,ACTIVE,73,42.230000000000004,1021,16,15,2,2,55.96
10,120250448461180210,ACTIVE,74,42.1,1280,22,18,6,1,71.72
10,120245124052890686,ACTIVE,80,42.09,718,17,12,4,3,153.66
10,120245847712420650,ACTIVE,114,42.02,470,11,14,1,1,86.75999999999999
10,120244673897340436,PAUSED,50,41.99,1491,25,21,0,0,0
10,120243142609020146,ACTIVE,200,41.99,888,46,36,2,4,234.39000000000001
10,120247040934570629,ACTIVE,400,41.989999999999995,1771,37,39,3,3,164.77
10,120242776941930146,ACTIVE,50,41.949999999999996,910,23,24,4,3,223.89999999999998
10,120244995599860686,PAUSED,100,41.92,402,7,7,0,0,0
10,120248429995310229,PAUSED,58,41.92,866,45,38,1,1,40.97
10,120247954411400425,PAUSED,69,41.85,576,13,12,1,0,0
10,120247645229990642,ACTIVE,60,41.79,1712,34,33,2,1,65.95
10,120247950274740126,PAUSED,90,41.78,1138,32,29,3,1,29.980000000000004
10,120248056978460544,PAUSED,80,41.699999999999996,1245,17,19,2,2,75.5
10,120247280578260065,ACTIVE,100,41.59,934,20,18,2,2,100.86
10,120248819218450019,ACTIVE,500,41.510000000000005,798,38,39,8,4,141.16
10,120247970574920126,ACTIVE,80,41.510000000000005,1079,43,34,5,4,205.92
10,120246283838280097,ACTIVE,110,41.5,1413,38,33,6,3,158.92000000000002
10,120248176825100455,PAUSED,131,41.400000000000006,959,34,33,2,0,0
10,120249179367830725,PAUSED,100,41.31,804,21,17,1,1,146.51
10,120247956340000389,PAUSED,50,41.24,1360,62,56,3,0,0
10,120244500948650177,PAUSED,100,41.230000000000004,910,33,28,4,1,29.98
10,120247453928360065,ACTIVE,94,41.17,1061,20,16,1,1,67.91
10,120245460390490177,PAUSED,100,41.1,848,25,20,2,1,29.98
10,120248734559300565,ACTIVE,100,40.940000000000005,806,36,35,0,0,0
10,120246299721450751,ACTIVE,115,40.94,968,31,31,0,0,0
10,120249390394480054,ACTIVE,102,40.94,1112,23,21,2,2,63.96
10,120244911557470436,ACTIVE,100,40.92,1682,40,37,3,1,68.23
10,120248596343190048,PAUSED,100,40.900000000000006,544,23,21,2,2,69.96
10,120243772698800146,ACTIVE,50,40.89,1421,35,31,2,2,83.96000000000001
10,120247862754470462,ACTIVE,73,40.8,657,24,19,1,0,0
10,120244504666890686,PAUSED,80,40.75000000000001,630,17,14,2,2,59.96
10,120246299672740751,ACTIVE,115,40.71,1216,27,27,7,2,45.96
10,120245651364090303,ACTIVE,80,40.660000000000004,831,28,26,3,0,0
10,120246971449150629,PAUSED,100,40.65,456,5,4,0,0,0
10,120249228181020589,PAUSED,100,40.54,327,13,13,1,0,0
10,120247124966060090,PAUSED,119,40.5,703,30,29,2,0,0
10,120248512806040048,PAUSED,100,40.48,677,33,32,2,1,34.980000000000004
10,120248224227000725,PAUSED,100,40.43,1236,16,18,1,0,0
10,120247245482580509,PAUSED,100,40.4,1522,31,26,2,1,61.97
10,120245463311260177,ACTIVE,100,40.39,485,11,12,3,3,111.17999999999999
10,120243772061640146,PAUSED,100,40.37,979,34,27,2,1,75.22
10,120245687813040097,ACTIVE,81,40.35,1322,46,34,4,2,123.94
10,120244404574840678,ACTIVE,118,40.34,1000,30,26,5,2,115.96
10,120243830466380146,PAUSED,100,40.3,910,32,30,2,0,0
10,120244761869100436,PAUSED,100,40.260000000000005,1486,31,25,1,0,0
10,120248566051210152,ACTIVE,80,40.260000000000005,1190,15,11,2,1,46.980000000000004
10,120249265247170651,ACTIVE,80,40.24,1070,27,30,1,1,66.02
10,120245466475590630,ACTIVE,110,40.239999999999995,1152,27,25,5,3,234.42000000000002
10,120246031764260509,ACTIVE,50,40.22,1769,24,22,2,1,61.97
10,120245224035350179,ACTIVE,240,40.17,1660,33,38,4,2,78.35000000000001
10,120244076683170146,ACTIVE,100,40.160000000000004,1057,40,40,4,2,117.2
10,120246257869250707,PAUSED,80,40.09,877,32,27,2,1,40.86
10,120249179865040725,PAUSED,100,40.06,1088,20,18,1,1,68.56
10,120251494191110054,PAUSED,78,39.82,1073,12,13,0,0,0
10,120247993581120462,PAUSED,104,39.82,530,17,16,0,0,0
10,120251910136180054,PAUSED,107,39.78,791,14,14,1,0,0
10,120244995090060686,PAUSED,100,39.78,524,13,13,0,0,0
10,120246672624130642,PAUSED,50,39.78,901,11,10,1,1,37.95
10,120246220421900725,PAUSED,200,39.76,1275,29,25,1,0,0
10,120243734466660129,PAUSED,100,39.69,1119,40,38,2,0,0
10,120245532692360630,ACTIVE,110,39.57,1248,25,24,3,2,107.42999999999999
10,120244963676310686,ACTIVE,80,39.53,558,23,19,1,2,104.73
10,120247267347000509,PAUSED,100,39.41,810,23,20,0,0,0
10,120245785647070650,PAUSED,100,39.39,541,24,22,1,0,0
10,120246506737780126,PAUSED,80,39.349999999999994,816,23,20,1,1,29.980000000000004
10,120242907734560129,PAUSED,150,39.309999999999995,1074,55,50,2,0,0
10,120243929504820146,ACTIVE,50,39.29,1147,25,22,3,1,41.980000000000004
10,120246597569540214,ACTIVE,160,39.28,835,29,24,3,3,92.89
10,120247467570380455,ACTIVE,50,39.15,1208,31,28,1,1,60.410000000000004
10,120245999879420097,PAUSED,80,39.03,1159,39,36,1,1,34.980000000000004
10,120248155094740425,PAUSED,100,38.92,711,20,17,1,0,0
10,120246088780810320,PAUSED,106,38.879999999999995,923,15,14,3,1,34.07
10,120246107235940707,PAUSED,82,38.86,815,27,26,1,0,0
10,120248150922010425,PAUSED,100,38.81,744,13,13,0,0,0
10,120247797108450126,ACTIVE,80,38.779999999999994,919,27,26,3,1,51.22
10,120248025171070561,ACTIVE,86,38.769999999999996,1280,49,39,4,0,0
10,120248155094770425,PAUSED,100,38.760000000000005,700,13,15,2,0,0
10,120245241360310455,PAUSED,73,38.75,1582,24,21,1,0,0
10,120246182718940752,PAUSED,100,38.67,580,15,12,1,1,24.98
10,120244761869050436,PAUSED,100,38.63000000000001,1277,31,30,1,0,0
10,120246377047690097,PAUSED,150,38.550000000000004,1382,34,36,3,0,0
10,120248108038860561,ACTIVE,85,38.55,1390,55,49,2,1,24.98
10,120246674923260175,PAUSED,77,38.55,1031,25,24,0,0,0
10,120247866400320389,PAUSED,100,38.53,1109,31,28,3,0,0
10,120249105110140210,ACTIVE,74,38.51,1151,32,27,3,2,143.44
10,120244014492430146,PAUSED,100,38.45,1141,35,32,2,0,0
10,120244078670840146,PAUSED,100,38.43,1028,39,35,4,1,41.98
10,120246174521010752,ACTIVE,75,38.43,1013,32,28,1,1,54.96
10,120244916355330436,PAUSED,100,38.38999999999999,1199,21,16,1,1,68.23
10,120251916632010054,PAUSED,100,38.26,615,9,10,2,1,53.22
10,120247998931350564,PAUSED,100,38.15,1050,29,25,0,0,0
10,120249073752900725,ACTIVE,100,38.14,1032,28,28,4,2,115.53
10,120244505718600686,PAUSED,80,38.1,695,15,13,1,1,71.21
10,120244618043570436,ACTIVE,25,38.08,1211,29,29,2,1,41.980000000000004
10,120247367947390509,PAUSED,100,38.02,1467,25,22,0,0,0
10,120246697447950610,ACTIVE,80,37.97,565,13,11,1,1,29.979999999999997
10,120248124140310455,PAUSED,100,37.95,869,13,9,1,0,0
10,120249263766000247,ACTIVE,100,37.92,1384,25,21,1,1,38.17
10,120245334634580630,ACTIVE,77,37.87,1258,23,22,3,1,40.97
10,120247558121530065,PAUSED,94,37.84,762,24,22,2,0,0
10,120242376497180436,PAUSED,100,37.83,1261,26,25,1,0,0
10,120246707623720509,ACTIVE,117,37.82,1126,31,30,1,2,121.59
10,120244480112510436,PAUSED,55,37.81,1331,35,27,2,0,0
10,120244561628480678,PAUSED,106,37.74,882,25,20,2,1,57.98
10,120248072969470389,ACTIVE,56,37.730000000000004,1183,48,47,6,2,106.31
10,120249533679040019,ACTIVE,150,37.72,808,40,34,3,2,49.96
10,120247392329400509,PAUSED,100,37.599999999999994,1250,24,20,2,0,0
10,120244418309400436,PAUSED,100,37.589999999999996,1210,28,21,2,0,0
10,120247390339020509,PAUSED,100,37.56,1036,27,23,1,0,0
10,120249824676430057,ACTIVE,100,37.49,565,37,39,2,2,144.99
10,120246285998310241,PAUSED,100,37.47,1511,27,26,2,1,129.45
10,120249438611220064,PAUSED,100,37.43,623,24,20,2,0,0
10,120249228293700589,PAUSED,100,37.370000000000005,233,9,8,0,0,0
10,120246169445720320,ACTIVE,108,37.370000000000005,1203,26,20,3,2,117.53999999999999
10,120243929504970146,ACTIVE,50,37.339999999999996,1014,25,19,0,1,41.980000000000004
10,120246226742380674,PAUSED,120,37.33,1032,30,27,1,1,46.230000000000004
10,120243772020840146,ACTIVE,100,37.22,923,30,32,2,1,106.71000000000001
10,120247365755990509,PAUSED,100,37.22,1452,26,25,2,0,0
10,120248823290310722,ACTIVE,40,37.21,629,23,22,1,0,0
10,120247728967360642,PAUSED,61,37.199999999999996,914,17,15,0,0,0
10,120247526522450425,PAUSED,100,37.19,749,28,26,1,0,0
10,120244995263710686,PAUSED,100,37.099999999999994,378,6,7,1,0,0
10,120248082904030663,ACTIVE,80,37.06999999999999,493,18,16,2,2,206.25
10,120255653285300586,ACTIVE,50,37.019999999999996,730,40,29,4,3,127.72
10,120246773871740629,ACTIVE,50,37.01,919,22,23,2,2,157.38
10,120247013051330065,PAUSED,50,36.980000000000004,822,23,21,0,0,0
10,120245463210960177,PAUSED,100,36.91,380,14,12,0,0,0
10,120247802943620389,ACTIVE,500,36.9,1685,43,45,4,3,95.99
10,120248880534940100,ACTIVE,50,36.739999999999995,762,23,19,5,1,90.92999999999999
10,120251014701600404,ACTIVE,50,36.65,449,13,12,2,1,74.94
10,120245045033420177,ACTIVE,100,36.44,796,19,16,2,1,51.22
10,120247267370990509,PAUSED,100,36.41,769,22,17,1,0,0
10,120243205951310642,ACTIVE,50,36.29,1465,32,29,5,2,158.24999999999997
10,120245205425940677,PAUSED,25,36.269999999999996,974,17,19,2,0,0
10,120245044044890686,ACTIVE,80,36.26,592,20,20,3,2,119.92999999999999
10,120248811958530116,ACTIVE,100,36.18,709,39,38,4,0,0
10,120248199130120168,PAUSED,90,35.96,786,24,22,1,0,0
10,120248812003990116,ACTIVE,100,35.93,938,45,42,1,0,0
10,120247238927080043,PAUSED,70,35.82,623,18,17,2,1,29.12
10,120248958340820725,PAUSED,100,35.77,693,17,16,2,1,68.56
10,120247541912960469,PAUSED,80,35.75,755,15,14,1,1,49.37
10,120244504303760686,PAUSED,80,35.730000000000004,742,14,15,0,0,0
10,120247124966150090,PAUSED,119,35.7,693,34,30,4,0,0
10,120244011865020146,PAUSED,100,35.65,1072,28,26,1,0,0
10,120246579308140453,ACTIVE,100,35.47,617,26,22,1,0,0
10,120245063703470133,ACTIVE,80,35.44,955,43,42,1,1,66.02000000000001
10,120249754760810019,ACTIVE,200,35.44,726,30,26,5,4,141.15
10,120248318269050152,ACTIVE,80,35.39,1031,28,27,3,2,120.96000000000001
10,120244505803880686,ACTIVE,80,35.379999999999995,710,19,18,3,3,131.17
10,120244076700670146,PAUSED,100,35.36,1397,35,33,4,1,41.980000000000004
10,120245490989200133,ACTIVE,80,35.29,665,21,19,1,0,0
10,120246182405550752,PAUSED,100,35.28,622,15,15,0,0,0
10,120249062394160019,ACTIVE,150,35.26,636,36,33,3,0,0
10,120248604432660663,ACTIVE,80,35.19,479,24,25,1,1,117.14999999999999
10,120246686798620214,ACTIVE,100,35.169999999999995,625,29,29,2,0,0
10,120245124561470686,PAUSED,80,35.120000000000005,517,14,14,1,0,0
10,120243772698880146,ACTIVE,50,35.06,1353,25,25,3,2,117.2
10,120244076631460146,PAUSED,100,34.989999999999995,985,39,34,3,1,41.98
10,120245511607120780,ACTIVE,80,34.96,774,20,19,1,1,76.31
10,120246697447920610,PAUSED,80,34.79,454,14,11,1,0,0
10,120245124074630686,PAUSED,80,34.78,550,20,18,3,1,29.98
10,120244965177330686,PAUSED,80,34.73,514,12,12,0,0,0
10,120247591966310642,PAUSED,50,34.71,1149,23,23,2,0,0
10,120247040711430629,ACTIVE,100,34.65,994,24,26,3,1,63.91
10,120247412626780168,PAUSED,100,34.61000000000001,1146,22,21,0,0,0
10,120245487786100032,ACTIVE,50,34.56,796,30,24,5,2,43.959999999999994
10,120246971318070629,PAUSED,100,34.55,551,15,13,1,0,0
10,120248045548240425,PAUSED,136,34.540000000000006,715,17,16,0,0,0
10,120248064259890425,PAUSED,100,34.54,464,15,12,0,0,0
10,120247275556550642,PAUSED,50,34.45,1158,23,23,0,0,0
10,120247872778180425,PAUSED,55,34.32,625,14,11,1,0,0
10,120245943231800173,ACTIVE,200,34.269999999999996,843,41,43,3,3,151.26999999999998
10,120245993170520241,PAUSED,77,34.25,1425,33,28,0,0,0
10,120247804598860431,ACTIVE,150,34.17,676,16,18,3,2,57.96
10,120243458900420436,PAUSED,100,34.09,1365,34,30,3,0,0
10,120246777147100214,ACTIVE,80,34.06,703,18,15,2,1,42.95
10,120251692403590054,PAUSED,73,34.02,770,13,10,1,0,0
10,120248974670480019,PAUSED,80,33.96,532,17,16,2,1,107.44
10,120246971373670629,PAUSED,100,33.95,708,11,11,0,0,0
10,120247678231050065,PAUSED,93,33.95,796,21,21,2,0,0
10,120240258763950179,PAUSED,140,33.739999999999995,1117,26,27,1,1,49.37
10,120245292365960179,ACTIVE,100,33.730000000000004,1125,42,37,2,1,28.979999999999997
10,120247954410960425,PAUSED,34,33.72,622,20,21,2,0,0
10,120246562589300629,ACTIVE,50,33.66,654,28,26,2,1,36.949999999999996
10,120245381315950677,PAUSED,50,33.65,1260,11,10,1,0,0
10,120245490989600133,ACTIVE,80,33.6,665,20,16,2,1,37.980000000000004
10,120244076700620146,PAUSED,100,33.5,1422,40,38,3,1,41.980000000000004
10,120248566048970152,PAUSED,80,33.44,1189,17,16,1,0,0
10,120247040934670629,ACTIVE,100,33.41,1607,18,21,1,1,113.33000000000001
10,120244011864950146,PAUSED,100,33.35,975,37,30,3,0,0
10,120246668180150731,PAUSED,100,33.33,451,12,14,1,0,0
10,120249179811830725,PAUSED,100,33.32,1147,17,16,1,1,86.55
10,120243958669750146,PAUSED,100,33.24,686,14,9,1,0,0
10,120247651426280455,PAUSED,50,33.129999999999995,795,37,30,0,0,0
10,120244078600520146,ACTIVE,100,33.120000000000005,865,37,30,1,1,75.22
10,120248554270560695,ACTIVE,80,33.08,1438,18,17,1,1,37.98
10,120247865520180544,PAUSED,80,33.07,589,16,13,1,1,27.98
10,120247570572060455,PAUSED,50,33.03,1628,37,31,0,0,0
10,120256546977430586,ACTIVE,126,33.03,1062,42,46,3,2,98.74000000000001
10,120251014701570404,ACTIVE,50,32.980000000000004,622,20,17,2,0,0
10,120246184128390674,PAUSED,100,32.85,521,14,14,0,0,0
10,120250139873910577,PAUSED,100,32.78,693,18,19,2,0,0
10,120248573692120695,ACTIVE,90,32.73,665,9,9,1,1,37.980000000000004
10,120247238880210043,PAUSED,70,32.71,549,21,22,1,0,0
10,120243673094650146,ACTIVE,50,32.7,981,36,30,4,2,117.2
10,120249179811790725,PAUSED,100,32.660000000000004,981,17,15,0,0,0
10,120245650683780674,PAUSED,100,32.66,524,21,20,0,0,0
10,120246929603830175,PAUSED,100,32.6,647,19,18,1,1,24.96
10,120247467569900455,PAUSED,50,32.59,1070,29,24,0,0,0
10,120246666123990477,ACTIVE,100,32.58,570,27,20,3,2,59.959999999999994
10,120248849928910725,PAUSED,100,32.58,721,17,17,0,0,0
10,120248923191070589,PAUSED,50,32.57,801,18,16,0,0,0
10,120246459062220674,PAUSED,85,32.56,789,18,15,1,1,46.23
10,120247797464010126,PAUSED,80,32.52,830,15,15,2,1,46.230000000000004
10,120249447732030577,ACTIVE,68,32.48,1238,46,42,2,1,24.98
10,120243928955960129,PAUSED,100,32.45,1091,30,28,1,0,0
10,120244264704420436,PAUSED,100,32.41,1339,30,25,1,0,0
10,120248430211380152,PAUSED,80,32.4,1003,34,33,0,0,0
10,120244017128390686,PAUSED,50,32.4,632,23,23,1,0,0
10,120249013372050100,PAUSED,64,32.39,545,15,14,0,0,0
10,120244078670200146,PAUSED,100,32.37,837,33,28,1,1,41.98
10,120247199911470090,PAUSED,122,32.33,826,18,17,2,0,0
10,120243771828200436,PAUSED,50,32.300000000000004,1207,17,16,1,0,0
10,120243594040740146,PAUSED,100,32.17,1013,31,30,2,0,0
10,120244076631420146,ACTIVE,100,32.08,1013,28,29,3,1,75.22
10,120247163507460509,PAUSED,25,32.07,1726,25,20,2,0,0
10,120244076500250146,ACTIVE,100,32.06,884,43,40,6,3,253.63
10,120247391019010168,ACTIVE,52,31.97,763,25,25,3,1,37.980000000000004
10,120246666193770477,ACTIVE,100,31.94,616,19,20,3,1,51.21
10,120247504003740425,PAUSED,50,31.93,612,12,10,2,0,0
10,120244965177310686,PAUSED,80,31.900000000000002,456,15,13,1,0,0
10,6968638622626,ACTIVE,50,31.85,690,15,13,2,1,41.980000000000004
10,120246875435580731,PAUSED,100,31.79,361,14,10,0,0,0
10,120242972188130146,PAUSED,50,31.770000000000003,631,15,12,1,0,0
10,120244078600240146,PAUSED,100,31.75,912,25,22,0,0,0
10,120244418309490436,PAUSED,100,31.68,1037,31,25,2,0,0
10,120245463474020177,PAUSED,100,31.630000000000003,389,14,13,0,0,0
10,120244761582650436,PAUSED,100,31.54,1115,40,40,1,1,41.980000000000004
10,120247487024380065,PAUSED,100,31.5,452,10,9,0,0,0
10,120247064860080731,PAUSED,80,31.46,526,26,26,1,0,0
10,120243860628310436,PAUSED,100,31.38,1012,28,26,1,0,0
10,120249447732060577,ACTIVE,68,31.36,1214,34,28,1,1,41.97
10,120247952380170544,PAUSED,90,31.28,580,8,8,0,0,0
10,120245264539280177,PAUSED,100,31.250000000000004,562,25,24,2,1,29.979999999999997
10,120246559887790097,ACTIVE,80,31.159999999999997,1057,38,35,3,1,34.98
10,120244076650050146,PAUSED,100,31.110000000000003,909,29,27,0,0,0
10,120246100011640752,PAUSED,84,30.949999999999996,803,31,29,4,1,25.97
10,120246875316820731,PAUSED,100,30.879999999999995,371,14,13,0,0,0
10,120247952380210544,PAUSED,90,30.849999999999998,801,15,15,1,1,27.98
10,120247832290650425,PAUSED,100,30.79,500,7,4,0,0,0
10,120254368844950197,PAUSED,100,30.750000000000004,650,15,15,1,0,0
10,120246177720650032,ACTIVE,73,30.75,740,35,33,4,1,37.27
10,120245045512490686,PAUSED,80,30.709999999999997,452,23,16,2,1,29.98
10,120247485225890126,PAUSED,80,30.53,672,16,15,2,0,0
10,120246177720600032,ACTIVE,73,30.5,790,31,30,6,1,21.979999999999997
10,120243924560270146,PAUSED,100,30.499999999999996,791,22,18,2,1,75.22
10,120246619814510549,ACTIVE,85,30.49,668,21,22,1,1,53.22
10,120246928961250175,PAUSED,100,30.380000000000003,682,20,18,1,1,24.96
10,120245198116820177,ACTIVE,50,30.299999999999997,565,19,19,0,1,89.93
10,120254529951780197,PAUSED,100,30.259999999999998,502,9,9,1,0,0
10,120244916431500436,PAUSED,100,30.24,911,16,15,1,1,104.66999999999999
10,120247311646990509,PAUSED,100,30.229999999999997,1375,31,25,1,0,0
10,120248124018900425,PAUSED,135,30.21,456,14,10,0,0,0
10,120246299672680751,ACTIVE,68,30.160000000000004,749,19,15,0,0,0
10,120247040711030629,ACTIVE,100,30.15,740,18,14,1,0,0
10,120246887885530090,PAUSED,50,30.14,573,26,25,2,0,0
10,120249057598540663,ACTIVE,50,30.130000000000003,501,18,19,1,0,0
10,120244486414960436,PAUSED,100,30.1,805,18,16,1,0,0
10,120247391144450509,PAUSED,100,30.029999999999994,1032,26,23,1,0,0
10,120247246390530389,PAUSED,100,30.01,1230,42,37,1,1,37.05
10,120246250177540320,PAUSED,110,29.96,876,22,21,0,0,0
10,120247018754190126,PAUSED,80,29.95,701,28,27,1,0,0
10,120246250177610320,PAUSED,110,29.95,743,18,16,0,0,0
10,120251026838540210,ACTIVE,84,29.879999999999995,898,28,26,1,1,71.72
10,120249872725020651,PAUSED,80,29.849999999999998,584,22,20,1,0,0
10,120245651364050303,PAUSED,80,29.840000000000003,486,16,16,2,0,0
10,120243689609840436,PAUSED,50,29.810000000000002,1023,22,23,1,0,0
10,120247245979210389,PAUSED,100,29.8,776,40,35,2,0,0
10,120245049415260032,PAUSED,100,29.799999999999997,916,35,25,1,0,0
10,120246412451290629,PAUSED,50,29.72,745,24,22,1,0,0
10,120248737641910722,PAUSED,80,29.69,436,28,22,1,0,0
10,120247921074920168,PAUSED,74,29.35,777,18,21,0,0,0
10,120247160674020043,ACTIVE,70,29.330000000000002,672,22,23,1,0,0
10,120244312405200436,PAUSED,50,29.309999999999995,1141,35,34,1,0,0
10,120244918988320303,ACTIVE,40,29.27,623,28,27,3,1,26.98
10,120246867532700629,PAUSED,50,29.169999999999995,663,22,19,2,0,0
10,120250838901590404,ACTIVE,50,29.16,505,24,24,1,1,97.96
10,120249031617290603,ACTIVE,50,29.130000000000003,500,10,10,1,1,37.98
10,120244915858330436,PAUSED,100,29.080000000000002,807,17,19,1,0,0
10,120243065943950146,PAUSED,150,29.07,709,29,25,0,0,0
10,120245044044870686,ACTIVE,80,29,456,14,13,3,3,173.64
10,120247370270380509,PAUSED,101,28.89,1188,22,21,0,0,0
10,120244076954320146,PAUSED,100,28.82,674,17,14,1,1,43.72
10,120249179002100725,PAUSED,100,28.790000000000003,652,12,12,0,0,0
10,120247247927900509,PAUSED,79,28.59,1059,26,24,1,0,0
10,120244823852300686,PAUSED,50,28.58,497,13,13,1,0,0
10,120248557488550695,ACTIVE,80,28.54,1327,16,20,1,2,215.13
10,120245298343980752,PAUSED,100,28.54,673,19,16,0,0,0
10,23857331534270799,ACTIVE,50,28.450000000000003,306,12,11,3,1,27.979999999999997
10,120248017013520389,PAUSED,50,28.400000000000002,884,39,30,2,0,0
10,120249152473440247,ACTIVE,100,28.35,717,31,25,1,1,38.17
10,120244447104190303,PAUSED,80,28.34,737,16,14,1,0,0
10,120246182500340752,PAUSED,100,28.27,417,16,13,0,0,0
10,120243629084100705,PAUSED,80,28.16,463,25,24,0,0,0
10,120245205078130630,PAUSED,56,28.040000000000003,921,14,16,3,0,0
10,120250922808060054,PAUSED,100,28.01,532,11,10,0,0,0
10,120249057669240663,ACTIVE,50,27.96,552,18,17,2,2,105.64000000000001
10,120246088780780320,PAUSED,53,27.96,789,11,7,0,0,0
10,120243458344240129,PAUSED,100,27.920000000000005,1139,23,17,1,1,66.48
10,120245453935880025,PAUSED,100,27.849999999999994,354,6,6,0,0,0
10,120257220181140586,PAUSED,50,27.77,964,12,9,1,0,0
10,120244916431450436,PAUSED,100,27.75,965,18,19,0,0,0
10,120246174521100752,PAUSED,75,27.740000000000002,657,28,27,1,0,0
10,120250691304310722,ACTIVE,40,27.74,392,23,22,3,1,66.15
10,120247116212010291,ACTIVE,80,27.56,592,27,26,2,1,64.17
10,120244915705330436,PAUSED,100,27.43,847,22,24,1,1,41.980000000000004
10,120246559951150097,PAUSED,80,27.43,815,22,22,0,0,0
10,120250837944350404,ACTIVE,50,27.410000000000004,610,24,16,1,0,0
10,120251953466380054,ACTIVE,50,27.369999999999997,443,12,10,3,2,63.96000000000001
10,120247116212280291,ACTIVE,80,27.290000000000003,518,35,28,2,1,64.17
10,120244915930020436,PAUSED,100,27.18,923,20,18,0,0,0
10,120246299721620751,ACTIVE,68,27.1,560,24,23,1,0,0
10,120247157340280509,PAUSED,100,26.98,970,18,14,1,0,0
10,120247970691610126,PAUSED,80,26.97,545,16,11,0,0,0
10,120246777147040214,PAUSED,80,26.919999999999998,479,10,10,0,0,0
10,120245251316060477,PAUSED,100,26.909999999999997,394,10,13,1,0,0
10,120249438225460064,PAUSED,100,26.9,501,15,15,1,0,0
10,6973002166826,PAUSED,50,26.73,635,10,9,1,0,0
10,120245889270610065,ACTIVE,40,26.639999999999993,763,12,9,2,2,79.5
10,120245571282690707,PAUSED,50,26.57,439,11,10,0,0,0
10,120248072969230389,PAUSED,62,26.55,802,15,11,0,0,0
10,120244915743550436,PAUSED,100,26.54,902,23,22,2,0,0
10,120244911557440436,PAUSED,100,26.400000000000002,1241,41,38,1,0,0
10,120247970691860126,PAUSED,80,26.330000000000002,656,16,15,0,0,0
10,120248108232400544,ACTIVE,80,26.29,844,17,16,1,0,0
10,120245583667780533,PAUSED,66,26.29,572,15,13,0,0,0
10,120247678231030065,PAUSED,93,26.139999999999997,528,14,13,0,0,0
10,120251037305040166,PAUSED,30,26.02,512,19,17,3,1,68.15
10,120243738734810686,PAUSED,80,25.93,278,9,7,0,0,0
10,120249347498580100,PAUSED,91,25.86,376,10,8,0,0,0
10,120244915858300436,PAUSED,100,25.84,889,20,16,0,0,0
10,120244915705670436,PAUSED,100,25.770000000000003,798,15,15,0,0,0
10,120249283732990100,PAUSED,90,25.740000000000002,599,15,13,1,0,0
10,120247367947350509,PAUSED,100,25.73,808,14,11,0,0,0
10,120246804547640175,PAUSED,100,25.58,1079,33,35,0,0,0
10,120248302725660389,ACTIVE,100,25.520000000000003,814,38,31,3,0,0
10,120247365730510509,PAUSED,100,25.51,876,19,17,1,1,34.980000000000004
10,120244446224590630,PAUSED,74,25.47,822,19,19,4,0,0
10,120251314539200210,ACTIVE,50,25.46,805,21,19,1,1,41.980000000000004
10,120248558918190695,PAUSED,80,25.439999999999998,1038,11,13,0,0,0
10,120248573670680695,ACTIVE,90,25.4,647,11,12,3,0,0
10,120249646481980279,ACTIVE,80,25.34,690,12,12,1,1,27.98
10,120244483074140436,PAUSED,100,25.240000000000002,813,19,14,0,0,0
10,120244077730710146,PAUSED,100,25.11,516,15,11,0,0,0
10,120245685799910707,PAUSED,50,24.96,471,21,16,1,0,0
10,120246579308100453,PAUSED,100,24.94,274,8,9,0,0,0
10,120245987169440477,PAUSED,100,24.9,327,10,8,1,0,0
10,120257487343530586,ACTIVE,500,24.84,671,58,45,6,4,231.05999999999997
10,120247972621170389,PAUSED,100,24.79,887,27,26,0,0,0
10,120248298800180389,ACTIVE,100,24.759999999999998,778,21,20,3,0,0
10,120248302852030389,ACTIVE,100,24.73,689,25,23,5,0,0
10,120246518965620674,PAUSED,100,24.720000000000002,468,15,15,0,0,0
10,120251063106910166,ACTIVE,100,24.72,537,22,24,3,0,0
10,120247365756650509,PAUSED,100,24.64,1024,15,15,0,0,0
10,120248774501890725,PAUSED,100,24.64,655,12,8,0,0,0
10,120248121376990544,ACTIVE,80,24.630000000000003,671,9,9,2,2,55.959999999999994
10,120246011193300707,PAUSED,50,24.63,571,20,15,0,0,0
10,6973002165426,ACTIVE,50,24.549999999999997,610,10,11,0,0,0
10,120245045578670686,PAUSED,80,24.53,368,8,6,1,1,29.98
10,120245224111660179,PAUSED,80,24.490000000000002,1232,20,20,2,0,0
10,120247866311490389,PAUSED,100,24.15,777,34,31,1,0,0
10,120242700474110358,PAUSED,100,24,564,7,7,0,0,0
10,120251314640370210,ACTIVE,50,24,533,20,16,0,0,0
10,120246902635090175,PAUSED,86,23.979999999999997,815,18,17,0,0,0
10,120246619814540549,ACTIVE,55,23.8,448,8,10,1,1,53.22
10,120248302725690389,ACTIVE,100,23.71,996,31,32,1,0,0
10,120246985821510043,PAUSED,70,23.64,247,11,10,0,0,0
10,120247601292330065,ACTIVE,50,23.63,519,24,22,0,0,0
10,120248201085040469,PAUSED,80,23.36,494,13,12,0,0,0
10,120246196163050707,PAUSED,80,23.32,429,12,10,0,0,0
10,120248737641880722,PAUSED,68,23.22,356,14,15,0,0,0
10,120248302912110389,ACTIVE,100,23.19,673,33,26,2,1,37.059999999999995
10,120248302449150389,ACTIVE,100,23.19,788,38,32,5,0,0
10,120248302852090389,ACTIVE,100,23.119999999999997,998,36,26,3,0,0
10,120246135470290032,PAUSED,100,23.119999999999997,574,25,20,1,0,0
10,120245889270720065,ACTIVE,40,23.1,781,15,16,0,0,0
10,120248302616530389,ACTIVE,100,23.07,795,26,27,1,1,46.4
10,120249062394220019,PAUSED,50,23,430,21,24,1,0,0
10,120244566387920788,PAUSED,50,22.89,469,18,16,0,0,0
10,120244916355270436,PAUSED,100,22.840000000000003,782,5,4,0,0,0
10,120248298800110389,ACTIVE,100,22.689999999999998,737,23,20,1,0,0
10,120245881655400509,ACTIVE,41,22.65,758,16,13,4,3,185.91
10,120246902634980175,PAUSED,86,22.32,611,16,15,2,0,0
10,120245481989440065,ACTIVE,40,22.189999999999998,574,16,13,3,2,117.42000000000002
10,120245515771490533,PAUSED,100,22.14,617,30,29,1,0,0
10,120244076721430146,PAUSED,100,22.13,516,10,8,0,0,0
10,120247365730540509,PAUSED,100,22.11,776,18,17,2,1,34.980000000000004
10,120248574839520695,ACTIVE,50,22.09,586,12,12,1,0,0
10,120248302449280389,ACTIVE,100,22.049999999999997,793,35,30,4,1,37.050000000000004
10,120247615799520561,PAUSED,50,22.03,412,22,15,0,0,0
10,120250501589950722,ACTIVE,68,21.970000000000002,285,14,17,1,1,52.660000000000004
10,120247059116570175,PAUSED,87,21.91,694,12,12,1,0,0
10,120246107235900707,PAUSED,82,21.88,429,14,11,0,0,0
10,120245825448150533,ACTIVE,100,21.84,747,27,21,3,2,83.94000000000001
10,120248201085010469,PAUSED,80,21.71,484,10,9,0,0,0
10,120246257869280707,PAUSED,80,21.69,376,15,15,1,0,0
10,120247446150270425,PAUSED,100,21.529999999999998,254,8,7,0,0,0
10,120244749895840686,PAUSED,80,21.46,356,15,15,0,0,0
10,120247366316010509,PAUSED,100,21.45,886,12,10,0,0,0
10,120246338247960241,PAUSED,100,21.439999999999998,1433,35,34,0,0,0
10,120245213356490125,PAUSED,80,21.42,404,10,10,0,0,0
10,23857304059010799,ACTIVE,50,21.25,246,12,9,0,0,0
10,120249739079790279,ACTIVE,80,21.240000000000002,369,12,10,1,0,0
10,120251954196980054,ACTIVE,50,21.1,393,11,11,0,0,0
10,120247365568120509,PAUSED,100,20.91,895,24,21,1,0,0
10,120241972248380630,PAUSED,47,20.88,570,14,14,0,0,0
10,120243629084050705,PAUSED,80,20.82,314,13,12,0,0,0
10,120245292235740179,PAUSED,100,20.78,802,21,20,1,0,0
10,120248302912210389,PAUSED,100,20.72,555,17,17,1,0,0
10,120247059116590175,PAUSED,87,20.63,545,15,13,1,0,0
10,120257487876160586,ACTIVE,50,20.55,473,17,14,1,2,78.35
10,120246551461500674,ACTIVE,80,20.509999999999998,494,11,17,0,0,0
10,120246818759970303,ACTIVE,40,20.43,400,18,16,1,1,43.97
10,6966949200095,PAUSED,100,20.19,224,8,5,0,0,0
10,120244165647870788,PAUSED,50,20.13,314,6,5,0,0,0
10,120245481989400065,ACTIVE,40,20.08,511,15,15,2,0,0
10,120246196163490707,PAUSED,80,19.91,444,13,11,2,0,0
10,120246802025580509,ACTIVE,42,19.740000000000002,631,23,19,1,1,33.98
10,120247601292310065,ACTIVE,50,19.7,493,18,18,2,1,49.51
10,23857304059050799,ACTIVE,50,19.5,204,7,7,0,0,0
10,120249755037190019,PAUSED,50,19.42,440,17,17,0,0,0
10,120246551175300674,ACTIVE,100,19.32,568,7,5,1,1,29.979999999999997
10,120250691304360722,PAUSED,40,19.299999999999997,233,4,3,0,0,0
10,120248429859550116,ACTIVE,101,19.28,370,18,16,1,0,0
10,120245583666590533,PAUSED,50,19.27,676,15,19,0,0,0
10,120248150860660425,PAUSED,100,19.189999999999998,243,7,7,0,0,0
10,120244216235640630,ACTIVE,52,19.14,607,17,17,5,3,79.94
10,120244015116230146,PAUSED,100,19.07,572,14,9,0,0,0
10,120248289243870469,PAUSED,80,18.990000000000002,307,3,3,0,0,0
10,120244235259940678,ACTIVE,30,18.92,456,16,13,0,0,0
10,120251953956170054,PAUSED,100,18.81,355,3,3,0,0,0
10,120246054157300173,ACTIVE,100,18.66,545,15,16,1,1,39.94
10,120248288633070389,PAUSED,81,18.6,542,12,9,1,0,0
10,120248108608420544,PAUSED,80,18.57,350,11,8,0,0,0
10,120248108495610544,PAUSED,80,18.32,329,6,5,2,1,27.98
10,120250747283060166,PAUSED,50,18.3,551,14,13,2,1,24.98
10,120244566743750788,PAUSED,50,18.270000000000003,304,9,9,0,0,0
10,120247799916380462,ACTIVE,35,18.23,351,11,9,0,0,0
10,120257559013710586,ACTIVE,30,18.15,467,15,11,1,1,49.370000000000005
10,120246551175210674,ACTIVE,100,18.1,517,15,13,1,1,66.21000000000001
10,120247597779990751,ACTIVE,40,17.99,372,14,16,1,0,0
10,120248108495570544,PAUSED,80,17.700000000000003,424,7,8,1,1,27.98
10,120250596545850709,PAUSED,100,17.68,387,4,6,0,0,0
10,120250015822460577,PAUSED,100,17.46,313,8,7,0,0,0
10,23857331534250799,PAUSED,50,17.43,173,6,5,0,0,0
10,120247799916400462,ACTIVE,35,17.23,470,17,17,0,0,0
10,120247799916320462,ACTIVE,35,17.189999999999998,552,18,13,0,1,39.98
10,120252326382630348,PAUSED,80,17.160000000000004,289,5,6,1,1,95.7
10,120248224809960389,PAUSED,80,16.93,663,24,19,5,0,0
10,120248299568450431,ACTIVE,80,16.87,283,6,6,1,1,48.17
10,120248151946060425,PAUSED,100,16.869999999999997,352,6,5,0,0,0
10,120246488525160097,PAUSED,100,16.72,598,12,11,0,0,0
10,120248159215810389,PAUSED,79,16.650000000000002,407,15,12,1,0,0
10,120248107941650544,PAUSED,80,16.509999999999998,353,7,7,1,0,0
10,120246054157270173,ACTIVE,100,16.400000000000002,500,32,31,1,0,0
10,120256572736650586,ACTIVE,500,16.4,401,39,32,6,2,100.94
10,120249709883650577,PAUSED,100,16.34,304,8,7,0,0,0
10,120245706384310533,PAUSED,67,15.95,601,11,10,1,0,0
10,120257559013880586,ACTIVE,30,15.55,484,23,18,2,1,28.98
10,120248138150990469,PAUSED,80,15.439999999999998,213,1,1,0,0,0
10,120246818759010303,ACTIVE,40,15.38,356,13,14,3,1,43.97
10,120246488537710097,PAUSED,80,15.309999999999999,402,8,8,0,0,0
10,120246551461460674,ACTIVE,80,15.240000000000002,460,12,9,1,1,84.96
10,120248980523880019,PAUSED,50,15.02,238,15,14,0,0,0
10,120245842698410677,PAUSED,100,14.7,451,6,5,0,0,0
10,120246054251210173,ACTIVE,100,14.549999999999999,350,8,7,1,0,0
10,120247597780010751,ACTIVE,40,14.48,273,8,7,3,3,124.20999999999998
10,120248057050710561,PAUSED,60,14.379999999999999,435,10,10,1,0,0
10,120246559951040097,PAUSED,80,14.129999999999999,345,8,6,0,0,0
10,120245021443910179,PAUSED,80,13.91,528,9,10,1,1,49.37
10,120246054202660173,ACTIVE,100,13.54,280,18,17,1,0,0
10,120246145791530470,ACTIVE,20,13.47,193,12,11,0,0,0
10,120246285677030241,PAUSED,100,13.43,577,9,6,1,1,41.98
10,120244164847370788,PAUSED,50,13.39,287,4,3,0,0,0
10,120246145365240470,ACTIVE,50,13.190000000000001,331,9,10,2,1,39.98
10,120246054251240173,ACTIVE,100,13.08,345,7,9,0,0,0
10,120248108608490544,PAUSED,80,13.01,258,4,4,0,0,0
10,120247130849060090,PAUSED,50,12.95,142,5,6,0,0,0
10,120249533650900019,PAUSED,50,12.94,199,7,7,1,0,0
10,120249533650850019,PAUSED,50,12.66,198,10,9,0,0,0
10,120246145189280470,ACTIVE,50,12.629999999999999,332,9,12,5,2,136.03
10,120246145189200470,ACTIVE,50,12.36,231,9,6,0,0,0
10,120246145364940470,ACTIVE,50,12.209999999999999,283,7,5,0,0,0
10,6993911147495,PAUSED,100,12.19,227,1,1,0,0,0
10,120246145719630470,PAUSED,20,11.98,191,6,5,0,0,0
10,120249134484060166,PAUSED,30,11.87,214,6,5,1,1,24.98
10,120246054202590173,ACTIVE,100,11.82,304,9,11,1,0,0
10,120257359768220586,ACTIVE,30,11.819999999999999,371,6,5,0,0,0
10,120250501589970722,PAUSED,40,11.77,174,5,4,0,0,0
10,120256254668930586,ACTIVE,200,11.76,360,34,30,2,0,0
10,120248615909580019,PAUSED,50,11.629999999999999,167,1,1,0,0,0
10,120251063107220166,PAUSED,30,11.18,252,9,8,0,0,0
10,120244566507460788,PAUSED,50,11.120000000000001,200,2,2,0,0,0
10,120247313991580561,PAUSED,50,11.09,291,4,5,1,1,24.98
10,120248299568480431,ACTIVE,80,10.91,214,13,12,2,1,28.979999999999997
10,120257221973410586,ACTIVE,25,10.649999999999999,255,10,10,0,0,0
10,120250895021460586,ACTIVE,25,10.559999999999999,305,20,17,1,0,0
10,120246145506950470,ACTIVE,50,10.37,308,9,9,2,1,39.980000000000004
10,120249057927140663,PAUSED,50,10.18,104,2,2,0,0,0
10,120251062504040166,PAUSED,30,9.459999999999999,173,3,2,0,0,0
10,120246145507030470,ACTIVE,50,9.399999999999999,284,6,8,0,0,0
10,120246145595780470,PAUSED,20,9.379999999999999,93,3,2,0,0,0
10,120248121376260544,PAUSED,80,9.36,206,3,3,0,0,0
10,120247653059200586,ACTIVE,25,8.7,347,17,10,0,1,30.17
10,120244566743700788,PAUSED,50,8.55,146,1,1,0,0,0
10,120245842687140677,PAUSED,100,8.42,219,2,1,1,1,96.41
10,120247196420340465,ACTIVE,10,7.640000000000001,142,12,11,0,0,0
10,120247196420760465,ACTIVE,10,7.0200000000000005,154,7,7,0,0,0
10,120248207466280561,ACTIVE,60,6.8999999999999995,106,6,6,0,0,0
10,120246285367430241,PAUSED,100,6.65,315,2,2,0,0,0
10,120246388250070241,PAUSED,100,6.34,221,5,5,0,0,0
10,120247130848980090,PAUSED,50,6.16,45,1,1,0,0,0
10,120257469008430586,ACTIVE,30,5.760000000000001,166,12,10,1,1,28.98
10,120248771595650283,ACTIVE,100,5.76,97,2,6,2,1,27.98
10,120248207465980561,ACTIVE,60,5.25,93,4,4,1,1,41.97
10,120257469008460586,ACTIVE,30,5.030000000000001,175,16,14,2,0,0
10,120248771595920283,ACTIVE,100,4.34,91,2,3,0,0,0
10,120246145720920470,PAUSED,20,4.13,45,1,0,0,0,0
10,120248574839550695,PAUSED,50,3.53,88,0,0,0,0,0
10,120244349823030686,ACTIVE,100,2.9699999999999998,64,1,1,1,1,71.21
10,120243727386670470,ACTIVE,5,2.75,68,5,4,0,0,0
10,120245099365240470,ACTIVE,5,2.75,89,1,1,0,0,0
10,120246145792030470,PAUSED,20,2.61,41,2,2,0,0,0
10,120245241702630470,ACTIVE,5,2.34,64,3,3,0,0,0
10,120245136181790470,ACTIVE,5,2.24,41,3,3,0,0,0
10,120245136181480470,ACTIVE,5,2.21,60,2,3,0,0,0
10,120240849899190788,ACTIVE,10,2.1399999999999997,30,2,2,0,0,0
10,120245691728160470,ACTIVE,5,2.06,71,1,1,0,0,0
10,120248147803220544,ACTIVE,80,1.37,31,1,1,0,0,0
10,120246145595980470,PAUSED,20,1.29,38,0,0,0,0,0
10,120248147750980544,ACTIVE,80,0.87,28,0,2,0,0,0
10,120243723839750678,PAUSED,100,0.74,24,2,2,0,0,0
10,120249714435380166,PAUSED,30,0.7,16,1,1,0,0,0
10,120244477269830678,PAUSED,100,0.21,6,0,0,0,0,0
10,120249335000310166,PAUSED,30,0.07,3,0,0,0,0,0
10,120245021443960179,PAUSED,80,0,0,0,0,0,0,0
10,120246377100470097,PAUSED,80,0,0,0,0,0,0,0
10,120247829716040751,ACTIVE,100,0,0,0,0,0,0,0
10,120247829243430751,ACTIVE,100,0,0,0,0,0,0,0
10,120246887363960509,PAUSED,100,0,0,0,0,0,0,0
10,120247828626130751,ACTIVE,100,0,0,0,0,0,0,0
10,120244264704370436,PAUSED,100,0,0,0,1,0,0,0
10,120246313814250752,ACTIVE,100,0,0,0,0,0,0,0
10,120246313721000752,ACTIVE,100,0,0,0,0,0,0,0
10,120249375397370064,PAUSED,100,0,0,0,1,1,0,0
10,120244213676560686,PAUSED,80,0,0,0,0,0,0,0
10,120249409076720589,ACTIVE,100,0,0,0,0,0,0,0
10,120249410938120589,ACTIVE,100,0,0,0,0,0,0,0
10,120249411708990589,ACTIVE,100,0,0,0,0,0,0,0
10,120249415811790589,ACTIVE,100,0,0,0,0,0,0,0
10,120249415903450589,ACTIVE,100,0,0,0,0,0,0,0
10,120249416146940589,ACTIVE,100,0,0,0,0,0,0,0
10,120247802797890425,PAUSED,111,0,0,0,0,0,0,0
10,120244213532030686,PAUSED,80,0,0,0,0,0,0,0
10,120245045553140686,PAUSED,80,0,0,0,1,0,0,0
10,120247802797810425,PAUSED,111,0,0,0,0,0,0,0
10,120246313524390752,ACTIVE,100,0,0,0,0,0,0,0
10,120246302096860389,PAUSED,100,0,0,0,0,0,0,0
10,120244115059620146,ACTIVE,100,0,0,0,0,0,0,0
10,120244114929610146,ACTIVE,100,0,0,0,0,0,0,0
10,120249533719420019,PAUSED,45,0,0,0,1,0,0,0
10,120245170402820686,ACTIVE,100,0,0,0,0,0,0,0
10,120245170492570686,ACTIVE,100,0,0,0,0,0,0,0
10,120244114789840146,ACTIVE,100,0,0,0,0,0,0,0
10,120245170581670686,ACTIVE,100,0,0,0,0,0,0,0
10,120244113817410686,PAUSED,80,0,0,0,2,0,0,0
10,120247771242110065,ACTIVE,100,0,0,0,0,0,0,0
10,120247770552340065,ACTIVE,100,0,0,0,0,0,0,0
10,120247769726800065,ACTIVE,100,0,0,0,0,0,0,0
10,120246208967220674,PAUSED,200,0,0,0,2,0,0,0
10,120247742995470065,PAUSED,100,0,0,0,0,0,0,0
10,120247742995440065,PAUSED,100,0,0,0,0,0,0,0
10,120250139848270577,PAUSED,100,0,0,0,0,0,0,0
10,120247739160700425,PAUSED,111,0,0,0,0,0,0,0
10,120247734196240462,PAUSED,71,0,0,0,1,0,0,0
10,120247051620620509,PAUSED,100,0,0,0,1,0,0,0
10,120248812040790116,PAUSED,100,0,0,0,2,0,0,0
10,120248150921990425,PAUSED,100,0,0,0,0,0,0,0
10,120245456434700630,PAUSED,136,0,0,0,0,0,0,0
10,120247064860400731,PAUSED,80,0,0,0,1,0,0,0
10,120244015261070146,PAUSED,100,0,0,0,0,0,0,0
10,120248162820870389,PAUSED,100,0,0,0,1,0,0,0
10,120244015261060146,PAUSED,100,0,0,0,0,0,0,0
10,120244014492200146,PAUSED,100,0,0,0,0,0,0,0
10,120247110428960175,ACTIVE,100,0,0,0,0,0,0,0
10,120247110512200175,ACTIVE,100,0,0,0,0,0,0,0
10,120245649000800177,ACTIVE,100,0,0,0,0,0,0,0
10,120244014260570146,PAUSED,100,0,0,0,0,0,0,0
10,120247110764820175,ACTIVE,100,0,0,0,0,0,0,0
10,120245649056680177,ACTIVE,100,0,0,0,0,0,0,0
10,120244014225950146,PAUSED,100,0,0,0,0,0,0,0
10,120248585697040695,PAUSED,50,0,1,0,0,0,0,0
10,120248585696940695,PAUSED,50,0,0,0,0,0,0,0
10,120247591402040065,PAUSED,100,0,0,0,0,0,0,0
10,120248582757250152,ACTIVE,100,0,0,0,0,0,0,0
10,120247117519720629,ACTIVE,100,0,0,0,0,0,0,0
10,120248582698040152,ACTIVE,100,0,0,0,0,0,0,0
10,120247117862750629,ACTIVE,100,0,0,0,0,0,0,0
10,120247118332680629,ACTIVE,100,0,0,0,0,0,0,0
10,120248582638620152,ACTIVE,100,0,0,0,0,0,0,0
10,120251239771490586,PAUSED,25,0,0,0,0,0,0,0
10,120247526522490425,PAUSED,100,0,0,0,0,0,0,0
10,120247195225310465,PAUSED,100,0,0,0,0,0,0,0
10,120247195225360465,PAUSED,100,0,0,0,0,0,0,0
10,120247195225440465,PAUSED,100,0,0,0,0,0,0,0
10,120248184359340354,PAUSED,200,0,0,0,2,0,0,0
10,120245649136960177,ACTIVE,100,0,0,0,0,0,0,0
10,120247237472270043,PAUSED,70,0,0,0,0,0,0,0
10,120247244169600509,PAUSED,100,0,0,0,0,0,0,0
10,120251855169760054,PAUSED,100,0,0,0,0,0,0,0
10,120248565530720152,ACTIVE,100,0,0,0,0,0,0,0
10,120247244234580509,PAUSED,100,0,0,0,0,0,0,0
10,120243593603170146,PAUSED,500,0,0,0,0,0,0,0
10,120248565368580152,ACTIVE,100,0,0,0,0,0,0,0
10,120247418407680509,ACTIVE,100,0,0,0,0,0,0,0
10,120247418199130509,ACTIVE,100,0,0,0,0,0,0,0
10,120248565223490152,ACTIVE,100,0,0,0,0,0,0,0
10,120243302068140470,PAUSED,100,0,0,0,2,0,0,0
10,120252458707720586,PAUSED,100,0,0,0,0,0,0,0
10,120247418004300509,ACTIVE,100,0,0,0,0,0,0,0
10,120247245482410509,PAUSED,100,0,0,0,0,0,0,0
10,120247392291490509,PAUSED,100,0,0,0,0,0,0,0
10,120247392291430509,PAUSED,100,0,0,0,0,0,0,0
10,120247313590570509,PAUSED,100,0,0,0,0,0,0,0
10,120242059074960146,PAUSED,100,0,0,0,1,0,0,0
10,120245833240950707,PAUSED,80,0,0,0,0,0,0,0
10,120245833240990707,PAUSED,80,0,0,0,0,0,0,0
10,120247313590630509,PAUSED,100,0,0,0,0,0,0,0
10,120248512806070048,PAUSED,100,0,0,0,0,0,0,0
10,120241273866440146,PAUSED,1116,0,0,0,3,0,0,0
10,120256678317220586,PAUSED,45,0,0,0,0,0,0,0
10,120257133025000586,PAUSED,100,0,0,0,0,0,0,0
10,120247313666680509,PAUSED,100,0,0,0,0,0,0,0
10,120246145304640470,PAUSED,50,0,0,0,0,0,0,0
10,120246145304610470,PAUSED,50,0,0,0,0,0,0,0
10,120248482685330695,PAUSED,60,0,0,0,1,0,0,0
10,120247313696440509,PAUSED,100,0,0,0,0,0,0,0
10,120248482530260695,PAUSED,50,0,0,0,1,0,0,0
10,120245901615420707,PAUSED,100,0,0,0,0,0,0,0
10,120245956936680320,PAUSED,50,0,0,0,8,0,0,0
10,120245956936730320,PAUSED,100,0,0,0,0,0,0,0
10,120248291651510455,ACTIVE,100,0,0,0,0,0,0,0
10,120248291873350455,ACTIVE,100,0,0,0,0,0,0,0
10,120248335985820354,PAUSED,80,0,0,0,1,0,0,0
10,120248292161180455,ACTIVE,100,0,0,0,0,0,0,0
10,120247313795220509,PAUSED,100,0,0,0,0,0,0,0
10,120248298471880389,PAUSED,100,0,0,0,0,0,0,0
10,120247314213280509,PAUSED,100,0,0,0,0,0,0,0
10,120247362345500425,PAUSED,100,0,0,0,0,0,0,0
10,120246551258310674,PAUSED,80,0,0,0,0,0,0,0
10,120248298471980389,PAUSED,100,0,0,0,0,0,0,0
10,120247986827960425,PAUSED,100,0,0,0,0,0,0,0
10,120247986766630425,PAUSED,100,0,0,0,0,0,0,0
10,120244911471280436,PAUSED,100,0,0,0,0,0,0,0
10,120244911471140436,PAUSED,100,0,0,0,0,0,0,0
10,120244880653370686,PAUSED,100,0,0,0,0,0,0,0
10,120247976968270425,PAUSED,100,0,0,0,0,0,0,0
10,120246625257750453,PAUSED,100,0,0,0,0,0,0,0
10,120246625257810453,PAUSED,100,0,0,0,0,0,0,0
10,120246631185460453,PAUSED,100,0,0,0,0,0,0,0
10,120244750156460686,PAUSED,80,0,0,0,0,0,0,0
10,120248036926730544,PAUSED,80,0,0,0,1,0,0,0
10,120244569933480320,PAUSED,120,0,0,0,1,0,1,35.51
10,120248057050630561,PAUSED,60,0,0,0,0,0,0,0
10,120244963644620686,PAUSED,80,0,0,0,0,0,0,0
10,120249080040680100,PAUSED,100,0,0,0,2,0,0,0
10,120246631185540453,PAUSED,100,0,0,0,0,0,0,0
10,120244505802680686,PAUSED,80,0,0,0,1,0,0,0
10,120246657519530455,PAUSED,50,0,0,0,0,0,0,0
10,120247872777930425,PAUSED,100,0,0,0,1,0,0,0
10,120248057050720561,PAUSED,60,0,0,0,0,0,0,0
11,120247234597490455,PAUSED,7218,2116.02,68758,2127,1959,106,49,3316.3
11,120244761515050455,ACTIVE,3135,1187.0600000000002,43366,1132,1076,84,43,2651.5300000000007
11,120244761233710455,ACTIVE,2400,976.45,33098,857,831,69,39,2550.6099999999997
11,120243986668280589,ACTIVE,1200,626.6200000000001,15883,418,399,26,16,729.06
11,120244749532720686,ACTIVE,1000,569.13,10912,323,296,35,23,1190.1899999999998
11,120246791587200455,ACTIVE,2179,544.3299999999999,6250,422,396,33,20,1419.1299999999999
11,120248006730320100,ACTIVE,1200,535.6,18194,497,425,40,25,1161.3
11,120246005453800291,ACTIVE,900,523.41,15053,528,509,45,21,1178.03
11,120245800978960674,ACTIVE,1300,498.82000000000005,13448,433,419,35,21,938.03
11,120245283264760677,ACTIVE,1461,478.59999999999997,19296,276,267,32,21,1302.1200000000001
11,120246754801740509,ACTIVE,800,452.27,12969,350,342,32,18,692.4900000000001
11,120247780766070455,ACTIVE,1252,449.68999999999994,15485,465,415,20,10,662.51
11,120248965302070064,PAUSED,1200,443.85,8269,289,273,18,10,682.21
11,120239930892250650,ACTIVE,800,429.40999999999997,7597,289,281,26,15,1047.8300000000002
11,120247483865740100,ACTIVE,1000,408.09000000000003,12235,327,287,28,17,799.98
11,120248155192490455,ACTIVE,1055,388.40999999999997,12879,318,286,19,14,952.06
11,120246023777450751,ACTIVE,850,385.45000000000005,8433,346,345,45,20,681.8699999999999
11,120246710213420090,ACTIVE,925,382.58,10775,412,393,22,9,507.63
11,120244691045450320,ACTIVE,700,378.90999999999997,14087,415,398,19,12,883.98
11,120249086109210100,ACTIVE,800,366.46,11387,359,310,37,19,1111.18
11,120247114934220455,ACTIVE,1446,364.14,8524,321,306,23,14,961.05
11,120245250322490642,ACTIVE,950,361.52,9907,253,246,26,14,911.7700000000001
11,120243458344350129,ACTIVE,600,350.24,12534,325,293,20,13,942.92
11,120249286765290368,ACTIVE,601,335.89,11144,221,222,15,6,352.84
11,120249140601980100,ACTIVE,800,328.52000000000004,9186,333,301,25,14,588.74
11,120248959176740725,ACTIVE,1000,326.76,12059,263,250,23,17,993.5600000000001
11,120248893532100100,ACTIVE,800,326.25,9117,234,200,22,12,694.66
11,120243276755660065,ACTIVE,500,325.69000000000005,8851,209,182,36,18,768.1400000000001
11,120249005372660589,ACTIVE,1142,320.19,6827,232,214,27,13,652.8999999999999
11,120248536188000100,ACTIVE,500,312.83000000000004,7118,301,282,30,12,513.2
11,120245848127390707,ACTIVE,500,309.71,7078,348,325,34,12,540.52
11,120249052890110100,ACTIVE,500,309.39,9018,301,281,23,12,541.9200000000001
11,120246273720740455,ACTIVE,1250,300.13,7862,272,294,14,8,432.35999999999996
11,120244749327030686,ACTIVE,500,296.74,6016,178,170,25,17,698.29
11,120244431777030751,ACTIVE,680,285.11,9668,241,245,39,15,687.9200000000001
11,120245380137820707,ACTIVE,200,279.45,7314,219,194,22,8,357.66
11,120246962698770090,ACTIVE,625,273.28000000000003,6917,292,267,21,9,508.38000000000005
11,120249115230940100,ACTIVE,399,271.57,6537,264,237,30,12,545.0200000000001
11,120245980788570752,ACTIVE,469,269.02,10404,388,355,56,15,562.5600000000001
11,120240901145360175,ACTIVE,745,266.86,9722,299,284,23,12,515.11
11,120246710213410090,ACTIVE,560,262.94,7574,291,277,17,8,663.4100000000001
11,120244938793740663,ACTIVE,350,248.25,4261,180,174,10,6,311.99
11,120245436310880780,ACTIVE,400,242.88,4956,180,164,21,8,269.8
11,120243928954880129,ACTIVE,600,237.08999999999997,8267,240,237,13,10,675.0800000000002
11,120248139130280455,ACTIVE,455,233.12,6742,182,155,10,5,424.09000000000003
11,120247139572780564,ACTIVE,600,231.79,5544,139,111,15,9,692.2
11,120248641712650319,ACTIVE,440,230.45,6774,205,197,11,9,440.17
11,120246483406720564,ACTIVE,300,229.75,8577,200,207,8,5,317.11
11,120246615285510642,ACTIVE,650,227.79000000000002,8333,201,197,14,7,514.35
11,120247489931670431,ACTIVE,325,226.73,4125,142,133,16,8,390.15
11,120245334049460065,ACTIVE,400,224.84,4467,212,193,17,7,329.17999999999995
11,120245334049540065,ACTIVE,370,222.07999999999998,4952,220,193,16,8,319.13
11,120242301213710065,ACTIVE,370,221.85000000000002,5736,134,125,17,6,275.24
11,120248911416770577,ACTIVE,501,218.91000000000003,5079,257,207,24,12,473.49000000000007
11,120248056801340561,ACTIVE,560,217.90000000000003,6346,275,256,25,8,364.71000000000004
11,120243753190540054,ACTIVE,500,206.23999999999998,4984,126,115,13,11,640.37
11,120245899430510065,ACTIVE,325,204.99,3982,176,159,19,7,265.03000000000003
11,120246007921740320,ACTIVE,636,203.57,6248,198,189,12,8,509.41
11,120250790045220586,ACTIVE,500,202.13,6598,208,188,28,15,593.02
11,120249286682560368,ACTIVE,505,199.81,6248,148,141,11,7,447.89000000000004
11,120245823919130320,ACTIVE,360,199.12,7344,158,138,12,6,374.2
11,120243593315080146,ACTIVE,637,198.28000000000003,4115,105,80,10,5,372.58000000000004
11,120246657519770455,ACTIVE,878,197.51999999999998,6312,172,142,12,9,676.99
11,120245327669090320,ACTIVE,120,197.17,4680,144,127,10,3,126.91000000000001
11,120249251074180319,ACTIVE,350,194.84999999999997,5790,158,152,12,7,397.57000000000005
11,120247583319740586,ACTIVE,500,193.38,7512,277,251,24,15,674.5799999999999
11,120245833631150707,ACTIVE,450,193.05999999999997,3974,165,147,21,12,724.27
11,120250413795050709,ACTIVE,500,192.91000000000003,4271,128,126,13,9,341.47
11,120247073165120090,ACTIVE,523,192.3,4565,177,161,11,5,282.02000000000004
11,120244878279420125,ACTIVE,400,191.73000000000002,6170,136,135,14,11,707.15
11,120249525957160319,ACTIVE,360,191.7,5453,168,153,14,6,276.38
11,120247547642310642,ACTIVE,570,189.83,3808,107,92,11,9,585.0600000000001
11,120245011207100320,ACTIVE,360,189.82999999999998,5299,143,126,7,5,342.37000000000006
11,120246962698830090,PAUSED,135,189.37,4331,195,182,8,3,160.23
11,120243844678990129,ACTIVE,200,186.51,5449,175,166,14,6,409.35999999999996
11,120245010772960663,ACTIVE,301,184.89,2615,101,98,8,6,338.38
11,120247026467550090,ACTIVE,204,184.69,4165,194,170,18,12,570.5299999999999
11,120248536187780100,ACTIVE,500,184.59,5460,223,205,25,10,393.69000000000005
11,120244783755130320,ACTIVE,300,184.45999999999998,9020,256,249,14,4,278.68
11,120242301213170065,ACTIVE,300,183.64000000000004,6520,107,107,8,3,148.55
11,120246221877410629,ACTIVE,335,183.2,4406,124,108,14,6,507.5999999999999
11,120242694742870146,ACTIVE,575,182.02,5954,225,215,15,7,426.8
11,120245848127430707,ACTIVE,300,177.75,4619,206,199,16,6,264.32
11,120247868045210695,ACTIVE,360,176.87,5688,95,89,10,4,208
11,120246040085600751,ACTIVE,370,176.01000000000002,4189,123,120,24,11,477.86000000000007
11,120244270293390320,ACTIVE,510,174.92999999999998,4700,147,132,17,8,515.34
11,120241066464020065,ACTIVE,289,174.45,5648,121,109,21,12,547.08
11,120244581910350686,ACTIVE,300,173.75,2515,84,64,16,11,535.97
11,120256572736720586,ACTIVE,500,173.13,4514,284,257,29,13,577.0400000000001
11,120246828454030629,ACTIVE,390,173.02,4460,149,143,9,4,283.93
11,120248698800290127,ACTIVE,300,171.61,2343,138,134,13,8,381.79999999999995
11,120246638474110175,PAUSED,525,171.60999999999999,3742,145,122,8,1,41.93
11,120243951377020125,ACTIVE,500,168.5,4379,111,110,9,5,455.31
11,120248139130260455,ACTIVE,325,168.5,4310,146,121,10,5,303.31000000000006
11,120245232977300320,ACTIVE,557,163.92000000000002,4898,139,141,14,6,326.47
11,120245453935690025,ACTIVE,100,162.73000000000002,1981,86,81,3,3,158.92
11,120247616942850561,ACTIVE,300,162.41000000000003,4595,146,124,6,2,115.91999999999999
11,120245010386240709,PAUSED,250,160.71,3440,104,105,9,5,174.38
11,120243482214180129,PAUSED,200,159.72,4837,153,144,8,4,241.42
11,120248621604700283,ACTIVE,500,159.64999999999998,3586,118,108,15,5,224.35000000000002
11,120247136451350725,ACTIVE,1000,158.74,5140,129,128,15,11,659.4
11,120247901344790425,ACTIVE,300,158.1,3406,122,105,11,6,448.91
11,120245380678000025,ACTIVE,100,157.44,2118,84,81,7,4,202.45
11,120249120674110404,ACTIVE,300,155.10000000000002,3706,131,115,7,2,113.69999999999999
11,120247245864910389,ACTIVE,1000,153.45,4515,171,169,18,9,425.89000000000004
11,120245460221520177,ACTIVE,500,152.45999999999998,3329,140,131,15,9,374.75999999999993
11,120245535022630455,ACTIVE,425,151.29999999999998,1893,129,109,10,5,421.33000000000004
11,120250554304290404,ACTIVE,300,151.24,2534,117,95,11,7,488.03999999999996
11,120246643142900065,ACTIVE,335,147.93,5745,147,141,11,7,373.07000000000005
11,120247479945600065,ACTIVE,300,146.88,4515,111,108,5,3,137.81000000000003
11,120247336235960389,ACTIVE,1000,146.85999999999999,8112,184,172,20,8,269.6
11,120242746886630788,ACTIVE,800,146.47000000000003,2863,102,94,7,6,417.11
11,120248359442970589,ACTIVE,300,146.06,4097,105,80,9,5,263.65
11,120247026467610090,ACTIVE,204,144.17,3582,135,131,11,7,506.89000000000004
11,120246785226280564,PAUSED,200,144.06,5175,140,131,5,1,97.71000000000001
11,120247184054680509,ACTIVE,400,143.95000000000002,2604,88,79,13,9,346.8
11,120247941350370695,ACTIVE,250,143.61,3919,74,74,6,3,193.11
11,120243844958690129,ACTIVE,600,142.18,4790,148,146,13,5,335.88
11,120248922585490210,ACTIVE,200,141.29,4056,85,73,6,5,358.32
11,120242031621370065,ACTIVE,229,139.82,3956,82,82,15,3,147.4
11,120250905694920651,ACTIVE,300,138.54000000000002,3526,109,116,7,4,211.03
11,120240679404390629,ACTIVE,400,136.17,3715,84,80,4,2,178.74
11,120244070206100125,ACTIVE,500,134.99,3316,78,82,8,5,317.09
11,120246024108390751,ACTIVE,355,132.66,2922,110,100,16,7,280.8
11,120246533502350368,ACTIVE,211,131.88,4042,85,72,7,3,205.31
11,120243843991710129,PAUSED,300,131.58,4428,154,146,7,3,262.21
11,120246259925420674,ACTIVE,331,131.21,2998,102,95,12,5,198.63999999999996
11,120247193573040509,ACTIVE,300,130.67000000000002,5503,161,145,11,5,267.46999999999997
11,120247705045190564,ACTIVE,300,129.79,4056,119,91,9,5,229.64
11,120249438611310064,ACTIVE,600,129.29,2220,76,80,8,6,318.36
11,120250445767170166,PAUSED,30,127.38,4440,118,106,8,6,214.64000000000001
11,120242973433800146,ACTIVE,200,126.77,5220,183,172,14,4,335.57
11,120246375737140674,ACTIVE,272,124.79999999999998,2953,86,81,8,6,268.57
11,120235336090360210,ACTIVE,200,124.41,2907,70,61,3,3,155.67000000000002
11,120235701428400210,ACTIVE,200,124.16,3138,80,73,7,6,423.30999999999995
11,120249985748090577,ACTIVE,500,123.89,2677,113,101,19,11,465.1
11,120251037305290166,ACTIVE,500,123.76000000000002,3133,106,94,15,5,200.45000000000002
11,120243071308620125,ACTIVE,300,123.45,4148,90,92,6,6,357.09
11,120249140482640100,PAUSED,300,122.14999999999999,2648,113,103,6,3,128.9
11,120248318268940152,ACTIVE,200,121.71000000000001,4250,79,65,4,2,93.96000000000001
11,120249222913640100,ACTIVE,363,121.64999999999999,2590,110,97,12,5,250.66
11,120245686749070320,ACTIVE,320,119.6,3810,116,114,8,5,401.39
11,120250678039650651,ACTIVE,500,119.01000000000002,3450,108,103,8,5,245.98
11,120245612998430455,ACTIVE,649,118.39,4637,102,84,6,5,303.01
11,120247605280040425,ACTIVE,300,118.34,3146,79,74,9,6,299.26
11,120245057027780564,ACTIVE,300,118.04999999999998,4959,98,97,9,7,486.29
11,120246396517520674,ACTIVE,340,117.87000000000002,3170,86,83,9,6,263.40999999999997
11,120246008618270241,ACTIVE,300,116.83000000000001,4924,94,85,7,4,250.05
11,120248535997930100,ACTIVE,800,116.06,3698,96,93,14,8,458.05000000000007
11,120243466971930678,ACTIVE,200,116.02,2718,101,92,8,4,139.92000000000002
11,120248698801690127,ACTIVE,300,115.42,1632,118,115,12,4,190.9
11,120243602902170032,ACTIVE,200,114.25999999999999,3108,104,101,16,5,174.06
11,120246850329040065,ACTIVE,373,113.53,3207,87,77,14,8,391.54
11,120244428953860686,ACTIVE,397,112.91000000000001,2268,68,72,10,8,303.56000000000006
11,120245931951070650,ACTIVE,300,112.50999999999999,1650,91,78,6,6,419.46999999999997
11,120247757020520725,ACTIVE,500,112.46,2594,57,57,8,7,482.30999999999995
11,120250789469770586,ACTIVE,500,111.87,3253,187,184,14,9,361.37000000000006
11,120245859755050173,ACTIVE,300,111.84,3519,155,143,6,5,294.05
11,120246849779610090,ACTIVE,100,111,2973,90,86,3,2,73.88000000000001
11,120246302058490389,ACTIVE,500,110.53,4492,153,135,13,9,317.6
11,120246382556450462,ACTIVE,195,110.20999999999998,2486,84,77,5,2,107.96
11,120243663751470146,PAUSED,100,109.83,12628,187,167,5,1,41.980000000000004
11,120245610768940032,ACTIVE,300,108.92000000000002,2788,138,123,15,9,278.27
11,6966949200895,PAUSED,250,108.02,2100,65,58,7,3,140.94
11,120246396470250674,PAUSED,331,107.39999999999999,2605,72,70,6,3,122.43
11,120244963455410686,ACTIVE,200,107.14999999999999,1899,57,53,5,3,193.64000000000001
11,120235701428420210,ACTIVE,200,106.30999999999999,2878,78,75,4,2,218.66
11,120247322946650509,ACTIVE,200,104.30000000000001,3646,97,90,7,5,329.15999999999997
11,120247849750130663,ACTIVE,200,104.10999999999999,1474,53,47,6,4,151.92
11,120242870748820133,ACTIVE,280,103.19,2648,94,86,4,2,104
11,120246338179300642,ACTIVE,340,103.08,3567,92,79,8,4,234.15
11,120245435760750780,ACTIVE,200,102.92,1558,36,33,5,5,160.88
11,120247322669120509,ACTIVE,200,102.88999999999999,3728,111,104,8,5,227.88
11,120244242496990780,ACTIVE,200,101.89000000000001,2163,81,71,11,6,219.84
11,120248556140990663,ACTIVE,200,101.27000000000001,1665,62,55,1,1,161.68
11,120247547590960642,ACTIVE,200,100.72999999999999,2591,62,58,4,3,196.20000000000002
11,120244823852370686,ACTIVE,285,100.12,1871,65,62,7,4,224.87
11,120248430355980229,PAUSED,200,99.96000000000001,2569,98,90,5,1,29.979999999999997
11,120247687263440425,ACTIVE,200,97.89000000000001,1913,57,45,4,4,192.72
11,120248299218060431,ACTIVE,220,97.84,1885,76,69,8,4,223.86
11,120246070715810752,ACTIVE,169,97.71,3144,112,105,10,3,144.89
11,120245964184870707,ACTIVE,265,97.67,1891,66,59,7,5,286.61
11,120249062217790019,ACTIVE,100,97.49,1640,61,51,7,4,141.16
11,120246459062250674,ACTIVE,302,97.03999999999999,2943,99,78,6,4,193.43
11,120245329462560320,PAUSED,200,96.11,2940,101,83,8,0,0
11,120245602350460032,ACTIVE,300,95.94,2394,103,88,14,7,252.51000000000002
11,120243211134690146,ACTIVE,1000,95.63,2904,80,73,7,7,360.33
11,120248162820950389,ACTIVE,1000,95.16,3219,180,175,24,9,327.7699999999999
11,120248129114130695,ACTIVE,300,94.56,2739,56,55,3,3,339.9
11,120247524798270389,ACTIVE,100,93.64,4201,101,98,11,4,112.01
11,120247245095750509,PAUSED,300,93.52000000000002,4192,79,65,2,1,87.46
11,120247866680710389,ACTIVE,500,92.33,2841,85,77,11,5,173.60999999999999
11,120249300729750589,ACTIVE,500,90.50999999999999,2091,62,63,15,7,324.77
11,120241671273870455,ACTIVE,294,90.1,2320,66,60,6,5,300.54999999999995
11,120243211247840146,ACTIVE,500,89.68,3029,113,115,9,5,243.13
11,120247391144430509,ACTIVE,200,89.16,2883,91,78,5,5,256.36
11,120246107483730752,ACTIVE,169,88.66999999999999,2203,83,73,8,5,154.86
11,120243787103960686,PAUSED,200,88.37,2269,65,65,5,2,59.96
11,120243948553180686,PAUSED,80,87.16,1580,48,47,5,4,119.92
11,120244745582820125,PAUSED,150,86.09,2081,46,45,3,0,0
11,120244300638070032,ACTIVE,200,85.72,1987,76,66,8,4,111.80999999999999
11,120251093896120404,ACTIVE,94,85.67,1516,55,49,1,1,41.980000000000004
11,120248596343100048,ACTIVE,300,84.79,1052,59,57,8,4,168.41000000000003
11,120244895488610436,ACTIVE,119,84.69999999999999,2660,66,58,6,2,136.45000000000002
11,120247199911460090,ACTIVE,122,84.46,2051,78,67,6,3,161.72000000000003
11,120244486326540436,ACTIVE,100,83.27,3074,88,73,5,3,152.17999999999998
11,120245686006250032,PAUSED,50,82.92,1920,55,52,4,3,118.71000000000001
11,120249073800120725,ACTIVE,500,82.7,2695,60,65,9,8,429.81
11,120244360843810065,ACTIVE,135,82.66,2378,82,74,5,3,109.47
11,120248151509310425,ACTIVE,200,82.28,1703,49,46,5,3,265.09
11,120244486325980436,ACTIVE,500,82.13999999999999,2839,74,72,6,3,209.92999999999998
11,120248960171180100,PAUSED,200,81.96000000000001,2366,49,44,4,1,52.559999999999995
11,120248056801430561,ACTIVE,260,81.9,2116,112,103,12,5,175.84
11,120246024108440751,ACTIVE,195,81.8,1640,62,65,6,2,76.54
11,120246588746810090,ACTIVE,170,81.61,1916,90,89,8,7,269.97999999999996
11,120247795310860126,ACTIVE,115,81.6,2087,77,67,8,3,89.94000000000001
11,120248270609930152,ACTIVE,200,81.01,3491,64,61,4,4,272.59999999999997
11,120246299721480751,ACTIVE,195,80.82000000000001,1731,59,58,6,4,168.34
11,120246232598650090,ACTIVE,132,78.50999999999999,1773,63,59,4,3,137.76
11,120246415849650214,ACTIVE,160,78.49000000000001,1281,38,35,6,5,261.68
11,120247293642140642,ACTIVE,500,78.44,2057,57,55,6,4,288.50000000000006
11,120244428953840686,ACTIVE,266,78.27,1706,55,54,7,5,272.34
11,120251769553160054,ACTIVE,138,77.8,2068,44,38,8,5,244.86
11,120248299218010431,ACTIVE,130,77.75,1576,49,43,9,6,262.63
11,120243959700120146,ACTIVE,100,77.42,1574,22,18,2,2,150.43
11,120254529951930197,ACTIVE,100,77.33000000000001,1366,44,42,6,2,96.19000000000001
11,120247238927160043,ACTIVE,280,77.22,1474,66,61,6,5,198.51999999999998
11,120248180636520589,ACTIVE,200,77.21,2104,48,46,4,3,228.98000000000002
11,120248466107650695,ACTIVE,202,77.13,2322,50,42,5,3,193.11
11,120247890133980642,ACTIVE,124,77.13,2348,59,54,4,4,262.15
11,120248540698960725,ACTIVE,100,76.91,1552,42,40,5,5,262.44000000000005
11,120250066594120577,ACTIVE,200,76.87,1506,63,50,6,3,196.16000000000003
11,120246560566740477,ACTIVE,250,76.71,1903,60,56,8,7,332.29
11,120244618043630436,ACTIVE,215,75.94,2793,83,79,6,2,167.95
11,120248248635000455,ACTIVE,132,75.38,1381,60,51,2,3,209.14999999999998
11,120248923191120589,ACTIVE,269,75.34,2189,69,61,8,5,244.13000000000005
11,120248248634970455,ACTIVE,132,75.3,1315,55,50,5,3,229.14999999999998
11,120248111423590168,ACTIVE,135,75.24000000000001,1853,56,51,4,3,237.51000000000005
11,120246399807540674,ACTIVE,142,74.97999999999999,2689,62,58,5,1,29.980000000000004
11,120248414403410695,ACTIVE,150,74.93,2179,50,39,3,1,66.02
11,120247558121560065,ACTIVE,94,74.55,2112,70,65,8,3,130.14000000000001
11,120245487786040032,ACTIVE,131,74.43,1639,65,57,10,6,273.53000000000003
11,120245899907890065,ACTIVE,115,74.37,1661,68,60,6,2,59.959999999999994
11,120248474785690152,ACTIVE,150,74.1,3203,71,64,4,2,120.96
11,120251701953330054,ACTIVE,200,74.03999999999999,1803,32,38,3,3,158.41
11,120246191098970320,ACTIVE,120,73.9,2117,58,46,4,3,222.80999999999997
11,120245622959500630,ACTIVE,102,73.87,1605,60,56,10,5,165.88
11,120246338028120241,ACTIVE,300,73.25999999999999,5849,95,94,7,4,194.17000000000002
11,120245899907660065,ACTIVE,115,72.97999999999999,1462,48,43,5,2,117.43
11,120244581811200686,ACTIVE,80,72.76,1370,48,45,8,4,141.16
11,120243508760940146,PAUSED,143,72.62,1265,38,31,0,0,0
11,120246191098590320,ACTIVE,400,72.12,2303,80,75,7,4,278.68
11,120246286557160752,ACTIVE,169,72.08,1808,56,60,11,4,115.91
11,120247115989130291,ACTIVE,300,72.07000000000001,1407,45,44,4,2,131.27999999999997
11,120248082904020663,ACTIVE,150,71.84,1148,41,39,4,2,105.63999999999999
11,120246242129020477,ACTIVE,100,71.19,1422,56,48,3,2,81.19
11,120247876590550126,ACTIVE,90,70.95,1816,58,56,10,8,418.46
11,120247311647030509,ACTIVE,100,70.75999999999999,2647,75,70,5,6,295.05
11,120246471244780065,ACTIVE,135,70.53999999999999,1980,83,67,5,1,67.89
11,120246191098540320,ACTIVE,400,70.39000000000001,2401,65,57,5,3,151.61
11,120247175023780065,ACTIVE,76,70.33,1565,42,37,4,3,184.19
11,120243507783580146,PAUSED,100,70.27,2172,55,47,6,1,75.21
11,120244177553830678,ACTIVE,330,69.98,1730,57,50,7,4,180.55999999999997
11,120244691045040320,ACTIVE,120,69.87,2691,53,54,4,2,117.54
11,120246491099340090,ACTIVE,76,69.87,1373,41,39,3,2,145.75
11,120246979930770509,PAUSED,100,69.83000000000001,2241,71,56,5,3,134.93
11,120246286465380752,ACTIVE,100,69.8,1777,77,71,9,2,65.95
11,120247392329370509,ACTIVE,200,69.58,2298,69,70,6,2,110.9
11,120248802175730319,ACTIVE,200,69.44,1773,63,59,5,4,175.19
11,120247378425210561,ACTIVE,180,69.38999999999999,2198,83,73,9,4,150.88
11,120245004525000780,PAUSED,200,69.22999999999999,1109,29,26,2,0,0
11,120249179840870725,ACTIVE,100,68.97,2099,50,48,7,5,318.81
11,120246666161080477,ACTIVE,100,68.83,985,31,28,4,3,89.94000000000001
11,120248490741000152,ACTIVE,120,68.7,2304,70,68,6,2,203.94
11,120244243594070436,PAUSED,50,68.69000000000001,2599,54,55,3,0,0
11,120244504591950686,ACTIVE,80,68.37,1312,42,35,5,2,137.4
11,120246471244730065,ACTIVE,135,68.09,2428,81,73,3,0,0
11,120246770835970175,ACTIVE,110,68.01,1900,55,51,8,3,91.85
11,120243593808880146,ACTIVE,100,67.98,2058,61,48,9,4,239.52
11,120246643142870065,PAUSED,104,67.94999999999999,1844,50,48,5,1,29.979999999999997
11,120244550853910436,PAUSED,61,67.67,2137,58,57,1,1,68.22
11,120245884994790214,PAUSED,150,67.62,1196,33,32,1,1,24.97
11,120247324556450065,PAUSED,50,67.59,1154,43,42,7,1,51.629999999999995
11,120245920600250032,PAUSED,50,67.49000000000001,1724,52,50,4,1,38.27
11,120248535565040229,ACTIVE,120,67.42,1289,58,48,5,3,115.92
11,120246338142390241,ACTIVE,109,67.42,3404,65,53,2,1,41.980000000000004
11,120245622959400630,ACTIVE,127,67.31000000000002,1663,54,52,6,5,181.86999999999998
11,120248085583180127,ACTIVE,100,67.29,891,54,50,5,2,95.45
11,120244880653330686,ACTIVE,133,67.15,1379,44,43,8,4,141.16
11,120246736742480477,PAUSED,90,67.02,860,29,31,1,0,0
11,120247815782100642,PAUSED,122,66.85,1642,54,49,4,1,92.3
11,120249251074290319,ACTIVE,120,66.46,1768,34,32,2,1,37
11,120246178825710752,ACTIVE,169,66.45,1692,63,57,8,5,202.83
11,120243227249480177,ACTIVE,200,66.43,1315,70,66,10,9,509.65000000000003
11,120246270264110320,PAUSED,120,66.34,2063,42,34,1,0,0
11,120243144633320146,ACTIVE,50,65.88,2062,57,49,4,3,125.93999999999998
11,120246880890560629,ACTIVE,100,65.69,1401,41,30,4,2,177.24
11,120245514271720065,ACTIVE,115,65.58,1551,66,57,2,2,99.03
11,120251275180530054,ACTIVE,100,65.48,1696,37,39,3,2,108.47
11,120245623471490177,ACTIVE,200,65.34,1381,39,36,3,4,161.14000000000001
11,120247823215090168,ACTIVE,100,65.02000000000001,1320,41,42,5,3,135.34000000000003
11,120246286382660752,ACTIVE,100,65.00999999999999,1701,44,42,7,3,90.93
11,120245514271740065,ACTIVE,115,65,1359,68,64,7,3,109.47999999999999
11,120248764599250589,ACTIVE,200,64.78999999999999,1522,44,35,5,4,272.57
11,120245911260540650,ACTIVE,120,64.5,931,42,42,3,2,194.51000000000002
11,120248819218450019,ACTIVE,500,64.42999999999999,1270,54,55,9,5,248.6
11,120246465927950677,PAUSED,100,64.30000000000001,1402,14,10,1,1,70.02
11,120250057581290368,ACTIVE,80,64.29,1778,25,24,2,2,77.96000000000001
11,120244794017770320,ACTIVE,120,64.2,2970,49,44,5,2,117.53999999999999
11,120244566548030788,PAUSED,50,64.09,1122,48,42,5,1,92.3
11,120244761350620455,ACTIVE,135,63.91,2602,48,46,6,3,179.73000000000002
11,120248204881090455,ACTIVE,135,63.870000000000005,1391,51,38,3,2,167.23999999999998
11,120247051808860509,ACTIVE,100,63.81,2685,37,35,2,2,127.43999999999998
11,120246191098790320,ACTIVE,120,63.7,1875,52,48,3,1,34.07
11,120244634571550678,PAUSED,105,63.68,1247,23,21,2,1,57.98
11,120248151239370425,ACTIVE,100,63.61,1016,34,29,6,2,79.96
11,120247370270360509,ACTIVE,101,63.42,2598,57,54,4,4,257.63
11,120243832687650146,ACTIVE,100,63.21,1548,36,30,4,2,181.92
11,120245541619240177,ACTIVE,100,63.11,1331,46,41,4,1,51.21
11,120246907642230291,ACTIVE,300,63.059999999999995,1373,64,58,7,2,128.34
11,120249347498540100,ACTIVE,91,63.01,1609,45,43,7,3,143.29000000000002
11,120248123280260455,PAUSED,100,62.96000000000001,1413,43,33,1,1,34.949999999999996
11,120243063569770146,ACTIVE,100,62.92,2399,51,50,4,2,117.19
11,120249179865340725,ACTIVE,100,62.81,1692,39,38,5,4,309.02
11,120244824582450436,ACTIVE,90,62.71000000000001,2293,49,43,3,2,225.67
11,120244163991370436,PAUSED,50,62.61,2391,54,46,1,1,99.72
11,120247601538900425,ACTIVE,100,62.59,1104,44,38,2,2,137.69
11,120249151139280057,ACTIVE,100,62.53000000000001,1144,67,66,4,1,73.42
11,120243734745460129,PAUSED,100,62.42,1964,58,55,4,1,66.47999999999999
11,120246599890040214,ACTIVE,120,62.39,1085,27,25,7,3,128.85
11,120249179840900725,ACTIVE,100,62.379999999999995,1696,27,27,4,2,135.92
11,120245750558170707,ACTIVE,100,62.339999999999996,1338,62,56,8,5,231.96
11,120243840045620129,PAUSED,100,62.2,1792,67,67,3,1,66.48
11,120247995051750695,ACTIVE,140,62.12,2192,51,48,5,3,227.48
11,120248151509340425,ACTIVE,100,61.88999999999999,1081,29,31,4,1,97.71000000000001
11,120249179367710725,ACTIVE,100,61.82,1276,26,26,3,3,204.48000000000002
11,120248204881060455,ACTIVE,135,61.709999999999994,2275,54,43,3,4,310.53
11,120247109115250389,ACTIVE,100,61.7,1553,76,65,5,2,96.97
11,120244079033450320,ACTIVE,120,61.53,2872,70,65,4,2,119.91999999999999
11,120250139945670577,ACTIVE,100,60.92999999999999,1213,49,41,8,1,48.17
11,120246270264070320,ACTIVE,120,60.900000000000006,2301,65,51,0,0,0
11,120248532436280048,PAUSED,100,60.89,722,27,24,1,0,0
11,120247453929680065,ACTIVE,182,60.83,1857,35,32,6,3,129.02
11,120246549338880065,ACTIVE,50,60.81,1770,38,33,5,2,79.5
11,120246599961620214,ACTIVE,200,60.8,1328,44,44,2,1,24.97
11,120244349822900686,ACTIVE,100,60.76,882,29,27,5,4,161.15
11,120248123660860455,PAUSED,100,60.6,1554,39,27,3,1,34.95
11,120248108038930561,ACTIVE,128,60.47,1755,79,67,7,4,166.88
11,120247267358630509,ACTIVE,100,60.370000000000005,991,27,27,3,3,102.94
11,120242700474080358,ACTIVE,100,60.31,1367,53,55,5,3,106.13
11,120251502157250054,ACTIVE,100,60.31,982,25,24,4,1,31.979999999999997
11,120246929317920175,ACTIVE,100,60.18000000000001,1291,37,31,3,2,115.8
11,120247040934570629,ACTIVE,400,60.14000000000001,2341,45,50,4,4,228.68
11,120247228100240725,PAUSED,100,60.09,2584,52,50,2,0,0
11,120248159215720389,ACTIVE,79,59.97,1809,77,62,3,1,62.88999999999999
11,120249228754110589,PAUSED,100,59.870000000000005,663,34,33,3,1,49.52
11,120246299672700751,ACTIVE,195,59.699999999999996,1392,40,43,4,0,0
11,120248698800650127,PAUSED,100,59.68000000000001,775,49,47,2,1,60.47
11,120252393021210348,PAUSED,80,59.660000000000004,1993,27,24,1,0,0
11,120245622959630630,PAUSED,73,59.370000000000005,1376,43,42,5,3,106.92
11,120246807795430509,ACTIVE,100,59.37,1958,41,34,2,2,123.94000000000003
11,120243335632250705,PAUSED,100,59.28,1187,30,27,3,1,51.22
11,120249352629920127,ACTIVE,100,59.25,937,57,56,5,1,34.98
11,120244389916660436,ACTIVE,78,59.10000000000001,2548,59,58,4,2,110.19999999999999
11,120245119189080630,ACTIVE,166,59.06,2048,49,47,4,4,171.49
11,120247058049910303,ACTIVE,120,59,1191,56,54,2,1,26.98
11,120247107054620509,PAUSED,200,58.98,1498,40,36,2,0,0
11,120247728967380642,PAUSED,61,58.95,1443,33,30,2,1,37.95
11,120251940198120054,PAUSED,100,58.919999999999995,868,24,25,3,1,31.980000000000004
11,120254368844920197,ACTIVE,130,58.830000000000005,1416,49,45,5,3,106.19
11,120248774488970725,ACTIVE,100,58.66,1688,54,49,6,3,210.09
11,120246270030590320,ACTIVE,120,58.6,1480,23,21,1,1,82.02
11,120244194695070177,ACTIVE,100,58.58,1324,60,52,4,2,59.96
11,120245124074660686,PAUSED,80,58.57,1788,47,48,3,1,29.98
11,120245124026530686,ACTIVE,80,58.55,899,52,50,8,8,324.8
11,120244034916020436,ACTIVE,100,58.35000000000001,2280,47,43,7,2,171.42000000000002
11,120245923045620168,ACTIVE,100,58.239999999999995,1596,50,46,6,3,156.74
11,120247890133910642,PAUSED,124,58,1511,35,33,2,1,65.94999999999999
11,120249300729780589,ACTIVE,100,57.93,1360,39,36,4,1,29.980000000000004
11,120246286484520097,ACTIVE,120,57.85,1457,47,46,5,3,158.92
11,120247479685940389,PAUSED,100,57.65,1462,40,38,3,1,48.72
11,120245306349070462,ACTIVE,100,57.62,1377,45,45,5,1,57.98
11,120247699025760561,PAUSED,96,57.529999999999994,1601,65,58,3,1,24.98
11,120244793522550320,ACTIVE,120,57.489999999999995,2156,45,38,3,1,34.07
11,120246570408620477,ACTIVE,100,57.43,1114,34,31,2,1,107.44
11,120248448870780725,ACTIVE,100,57.36,1238,42,35,4,3,164.9
11,120244662020140686,PAUSED,50,57.269999999999996,1026,13,14,3,1,51.22
11,120247504003780425,ACTIVE,61,57.129999999999995,1125,30,27,5,3,212.11999999999998
11,120244477400200678,ACTIVE,100,56.92,1404,33,29,3,0,0
11,120254284171970197,ACTIVE,130,56.919999999999995,1486,52,46,5,3,106.19
11,120249179003180725,ACTIVE,100,56.86,1373,20,20,4,4,235.86
11,120248892319580365,ACTIVE,100,56.77,2218,42,33,2,0,0
11,120245124561510686,ACTIVE,80,56.63,975,34,31,5,3,132.41
11,120251769553070054,ACTIVE,73,56.47,1346,30,27,3,2,63.96000000000001
11,120244312405140436,ACTIVE,100,56.32,2069,55,52,3,1,99.72
11,120244083558220146,ACTIVE,100,56.3,2080,73,69,5,3,192.41
11,120248923493180565,ACTIVE,80,56.25,616,26,25,6,2,59.96
11,120246447361050303,ACTIVE,120,56.25,1510,63,54,10,5,220.21
11,120246522442100677,ACTIVE,100,56.24,1383,20,13,3,2,113.64
11,120247866597100389,ACTIVE,100,56.17999999999999,1875,73,56,6,2,83.47
11,120245617791190630,ACTIVE,111,56.120000000000005,1794,58,52,7,3,95.92999999999999
11,120246522122340677,ACTIVE,100,55.980000000000004,1165,17,11,2,0,0
11,120244213478540707,PAUSED,100,55.900000000000006,1155,39,35,2,0,0
11,120247633428650725,ACTIVE,100,55.82,1331,47,48,4,3,197.28
11,120244486723120436,PAUSED,100,55.720000000000006,1647,45,36,2,1,99.72
11,120249366225440100,PAUSED,100,55.510000000000005,1401,39,34,3,1,38.17
11,120245500027320032,ACTIVE,100,55.51,1682,59,54,4,2,83.14
11,120246870229730642,ACTIVE,105,55.46000000000001,1245,41,39,5,4,395.71000000000004
11,120248082736850695,ACTIVE,78,55.36,1692,36,37,1,1,69.05
11,120247608650800126,PAUSED,50,55.29,1189,41,39,4,1,51.21
11,120246270030620320,ACTIVE,120,55.19,1483,34,31,1,2,68.14000000000001
11,120248346419460152,ACTIVE,94,55.120000000000005,2255,48,44,1,1,46.980000000000004
11,120246069254050470,ACTIVE,98,54.97,1665,39,34,2,1,183.47
11,120249081135480577,PAUSED,100,54.870000000000005,918,40,34,3,1,28.98
11,120246178764690752,PAUSED,100,54.769999999999996,1443,34,29,3,1,40.970000000000006
11,6993911140695,ACTIVE,100,54.63,944,38,31,3,1,54.98
11,120243959229680146,PAUSED,100,54.60999999999999,1104,24,20,1,1,41.98
11,120250005173420404,ACTIVE,74,54.47,1097,44,37,3,2,113.69999999999999
11,120251150600140210,ACTIVE,82,54.46000000000001,1364,49,45,1,1,97.96
11,120249456993730057,PAUSED,100,54.25,718,31,28,1,1,41.980000000000004
11,120247282176200431,PAUSED,150,54.03999999999999,939,30,27,1,0,0
11,120244581910630686,ACTIVE,80,53.86,894,31,22,4,3,149.96
11,120254284171910197,ACTIVE,80,53.84,1333,38,34,3,2,59.96
11,120246558672090097,ACTIVE,152,53.78,1579,53,50,3,2,96.94999999999999
11,120246947981930126,PAUSED,80,53.730000000000004,1200,26,25,3,1,51.22
11,120250703936480404,ACTIVE,138,53.69,911,42,38,3,2,192.42
11,120244083558180146,ACTIVE,100,53.61,1668,50,42,7,3,159.18
11,120247333999410425,ACTIVE,100,53.599999999999994,1325,38,35,5,2,170.48999999999998
11,120249178585030725,PAUSED,100,53.59,2663,44,36,2,0,0
11,120247114547280509,ACTIVE,85,53.480000000000004,1412,27,20,5,5,351.83
11,120251856003590054,ACTIVE,100,53.42999999999999,1633,33,33,6,2,85.2
11,120248448982680725,PAUSED,100,53.419999999999995,1308,29,32,2,1,68.56
11,120246522937100677,PAUSED,100,53.25,1246,19,20,1,0,0
11,120247322861560509,PAUSED,100,53.230000000000004,1968,52,49,0,0,0
11,120247815782080642,ACTIVE,122,53.169999999999995,1290,56,51,4,3,222.54999999999998
11,120250596505340709,ACTIVE,100,53.16,1229,42,40,4,2,74.35
11,120243142609020146,ACTIVE,200,53.11,1100,56,46,4,5,278.11
11,120248523442100229,PAUSED,68,53.02,864,44,43,3,1,49.97
11,120249283733020100,ACTIVE,90,52.85,1221,50,41,3,3,113.71000000000001
11,120244389916630436,ACTIVE,50,52.839999999999996,1948,35,35,1,1,183.66
11,120247890206850725,PAUSED,100,52.769999999999996,1846,50,52,2,1,49.37
11,120249178308050725,ACTIVE,100,52.709999999999994,1245,26,26,1,2,94.35
11,120247970574990126,PAUSED,80,52.53,1194,29,27,2,2,81.2
11,120248359764410589,PAUSED,100,52.46,1298,48,40,2,0,0
11,120247366315930509,ACTIVE,100,52.21,2225,44,37,3,3,191.60999999999999
11,120244213617000686,ACTIVE,80,52.120000000000005,974,37,34,2,2,79.2
11,120247365568180509,ACTIVE,100,52.06,1809,44,35,5,3,140.63
11,120247246948530509,ACTIVE,50,51.97,2460,45,44,2,2,105.65
11,120246773871680629,ACTIVE,100,51.959999999999994,1176,32,30,3,2,177.24
11,120245825367300533,ACTIVE,100,51.93000000000001,1686,46,41,3,1,41.97
11,120243465250350705,ACTIVE,80,51.9,1058,36,33,3,1,29.98
11,120245224035350179,ACTIVE,240,51.89999999999999,2179,50,49,6,2,78.35000000000001
11,120245823079650320,ACTIVE,100,51.89,1570,41,39,3,2,140.79
11,120246819645500629,ACTIVE,149,51.870000000000005,1321,31,32,2,3,164.76999999999998
11,120242847129030686,ACTIVE,100,51.78999999999999,1212,30,27,4,3,153.64
11,120247061773550509,ACTIVE,100,51.78000000000001,2091,59,55,6,2,68.96
11,120243831461540146,PAUSED,200,51.59,1956,44,39,4,0,0
11,120249805624030404,PAUSED,92,51.51,884,40,35,3,1,71.72
11,120246007921720320,PAUSED,80,51.480000000000004,1396,37,30,4,1,34.07
11,120244825046600686,ACTIVE,80,51.24999999999999,1001,27,28,4,3,152.4
11,120244824816070686,ACTIVE,80,51.230000000000004,856,26,25,4,3,111.17999999999999
11,120245825263430533,ACTIVE,100,51.16,1468,37,40,6,4,164.87999999999997
11,120243772020840146,ACTIVE,100,51.080000000000005,1210,42,34,2,1,106.71000000000001
11,120248056801410561,PAUSED,260,51.06,1401,52,48,1,0,0
11,120247246948670509,ACTIVE,100,50.97,2220,49,42,3,2,125.44
11,120249222913600100,PAUSED,91,50.86000000000001,1450,34,34,3,1,52.56
11,120246699106190629,ACTIVE,100,50.82,1029,20,20,3,2,177.24
11,120246222498150752,PAUSED,75,50.68999999999999,1251,45,42,5,1,40.97
11,120244883028360686,ACTIVE,80,50.67,1009,30,30,6,5,249.08999999999997
11,120246867532780629,ACTIVE,100,50.660000000000004,1217,33,31,6,2,240.15
11,120248151945870425,ACTIVE,100,50.650000000000006,1052,27,26,2,1,69.67
11,120246374707600097,ACTIVE,165,50.62,1591,46,43,4,2,123.94
11,120245775225080097,PAUSED,94,50.529999999999994,1541,47,39,2,1,34.98
11,120244014047710146,ACTIVE,100,50.48,1391,40,33,5,2,243.14000000000001
11,120251692404070054,ACTIVE,78,50.44,1195,26,24,2,1,53.22
11,120244077730640146,ACTIVE,100,50.34,994,32,21,7,4,239.53
11,120248025171210561,ACTIVE,129,50.18,1708,53,43,4,4,215.81
11,120247061936980509,PAUSED,100,50.17,1926,39,34,3,1,85.96
11,120246733854770065,ACTIVE,80,50.17,1068,42,32,3,3,129.01
11,120246981649870509,PAUSED,100,50.15,1740,45,41,4,0,0
11,120248694175490365,ACTIVE,100,50.08,2796,66,60,5,4,312.02
11,120251642537180054,ACTIVE,80,50.07,1285,29,28,2,1,31.98
11,120246465900910677,ACTIVE,100,50.05,1157,23,17,2,1,96.41
11,120247866597170389,ACTIVE,100,50.02,1652,57,52,4,3,90.14999999999999
11,120243429905930146,PAUSED,100,50.010000000000005,1395,44,35,4,1,75.21000000000001
11,120248974670400019,ACTIVE,80,49.98,1041,36,38,3,1,29.98
11,120245124096920686,PAUSED,80,49.51,1661,49,43,1,0,0
11,120248137514550561,ACTIVE,100,49.370000000000005,1521,50,43,2,2,49.96
11,120247860181220455,ACTIVE,100,49.35,1494,36,35,4,1,84.37
11,120244076954630146,ACTIVE,100,49.31,1154,30,24,3,3,192.4
11,120247534964830642,ACTIVE,46,49.260000000000005,1194,30,29,2,1,37.95
11,120248045547800425,PAUSED,136,49.239999999999995,712,12,12,2,0,0
11,120247829146440561,ACTIVE,114,49.2,1162,56,53,6,4,214.85000000000002
11,120243734745510129,PAUSED,100,49.160000000000004,1827,26,26,3,0,0
11,120249115231040100,ACTIVE,50,49.16,1299,44,40,5,2,90.72999999999999
11,120248224810100389,ACTIVE,80,49.13,1537,63,47,4,3,120.52000000000001
11,120245097017710677,PAUSED,100,49.089999999999996,1182,25,18,0,0,0
11,120246733877000065,ACTIVE,80,49.03,990,38,32,5,1,49.52
11,120248532436300048,ACTIVE,300,48.99,715,50,43,6,2,99.94
11,120246178929760752,PAUSED,100,48.879999999999995,1120,30,28,3,0,0
11,120246087968610032,ACTIVE,72,48.72,1129,46,40,5,3,82.22999999999999
11,120245466475870630,ACTIVE,110,48.66,1367,47,42,4,2,90.94
11,120251239771420586,ACTIVE,155,48.629999999999995,1969,96,86,10,5,185.68
11,120248288633270389,ACTIVE,81,48.510000000000005,1511,53,44,10,6,208.99000000000004
11,120246733902040065,ACTIVE,80,48.21000000000001,1127,35,32,5,1,49.519999999999996
11,120247389356380455,ACTIVE,50,48.2,827,39,39,3,3,232.73000000000002
11,120246169445790320,ACTIVE,108,48.1,1389,30,30,3,1,34.06999999999999
11,120246597569540214,ACTIVE,160,47.95,1008,34,29,3,3,92.88999999999999
11,120247453928360065,ACTIVE,94,47.83000000000001,1276,23,23,1,1,67.91
11,120246581316290126,ACTIVE,80,47.81,1463,48,43,6,5,192.37
11,120248889583930116,PAUSED,90,47.78,671,21,19,0,0,0
11,120247403426120126,PAUSED,61,47.739999999999995,1150,29,27,2,1,29.98
11,120244404574840678,ACTIVE,118,47.73,1124,33,30,5,2,115.96
11,120246733901990065,ACTIVE,80,47.68000000000001,1101,37,36,4,0,0
11,120247148756590731,PAUSED,80,47.629999999999995,512,32,30,1,1,88.3
11,120246624884480455,PAUSED,122,47.33,1439,28,26,1,1,60.410000000000004
11,120246946458510629,ACTIVE,64,47.33,1360,37,37,8,0,0
11,120246283838280097,ACTIVE,110,47.300000000000004,1597,41,37,7,4,193.9
11,120246396470350674,PAUSED,100,47.279999999999994,1067,40,39,0,0,0
11,120248958916870100,PAUSED,100,47.21,1189,28,26,3,1,38.17
11,120248503799160116,ACTIVE,74,46.88999999999999,1130,60,53,2,1,39.980000000000004
11,120249390394480054,ACTIVE,102,46.809999999999995,1303,28,28,2,2,63.96
11,120246733876960065,ACTIVE,80,46.769999999999996,943,39,39,3,1,29.98
11,120248734559300565,ACTIVE,100,46.75,898,37,36,0,0,0
11,120248338395130283,ACTIVE,100,46.599999999999994,1139,41,36,2,1,27.979999999999997
11,120247149106470731,PAUSED,80,46.55,650,26,26,2,1,60.39
11,120247508094040725,ACTIVE,100,46.51,1630,31,26,4,3,148.11
11,120247970574920126,ACTIVE,80,46.47,1203,51,41,5,4,205.92
11,120245847712420650,ACTIVE,114,46.42,513,12,14,1,1,86.75999999999999
11,120248364287170127,PAUSED,100,46.31,486,38,38,1,0,0
11,120244581454670686,PAUSED,50,46.27,790,18,14,0,0,0
11,120249105110140210,ACTIVE,111,46.11000000000001,1463,43,34,3,2,143.44
11,120247858934130544,ACTIVE,76,45.97,1028,30,26,4,3,103.48
11,120248429995370229,PAUSED,124,45.96,1167,33,29,2,1,40.97
11,120247482195350544,ACTIVE,74,45.95,1065,23,24,3,3,121.86999999999999
11,120246733854740065,ACTIVE,80,45.760000000000005,1001,28,33,6,3,109.48
11,120244915930060436,ACTIVE,100,45.75,1366,43,39,2,2,136.46000000000004
11,120247084134340065,ACTIVE,50,45.58,763,38,37,4,2,59.96
11,120250448461180210,ACTIVE,74,45.53,1407,26,20,6,1,71.72
11,120247365940320642,PAUSED,50,45.49,1053,22,22,0,0,0
11,120247804598860431,ACTIVE,150,45.45,971,34,32,6,2,57.96
11,120245554821660177,PAUSED,100,45.35,901,25,19,1,0,0
11,120249061328590589,PAUSED,50,45.269999999999996,897,20,19,2,1,29.98
11,120245651364090303,ACTIVE,80,45.23,918,29,27,4,1,26.98
11,120247280578260065,ACTIVE,100,45.18,1064,21,21,2,2,100.86
11,120246299672740751,ACTIVE,115,45.14,1324,31,30,7,2,45.96
11,120242776941930146,ACTIVE,100,45.05,970,23,25,4,3,223.9
11,120246219568090241,PAUSED,100,45.019999999999996,1070,19,19,1,0,0
11,120247802943620389,ACTIVE,500,45.010000000000005,2214,48,57,4,3,95.99
11,120245124052890686,ACTIVE,80,44.959999999999994,767,21,16,4,3,153.66
11,120249754760810019,ACTIVE,200,44.94,969,35,33,8,5,231.1
11,120246181834560241,PAUSED,150,44.769999999999996,2238,45,46,1,0,0
11,120246219805000241,PAUSED,150,44.760000000000005,1232,31,24,1,0,0
11,120246299721450751,ACTIVE,115,44.699999999999996,1092,35,33,1,1,47.67
11,120246250745230674,PAUSED,100,44.64,1145,23,21,2,1,46.230000000000004
11,120243316803930436,PAUSED,100,44.550000000000004,1413,41,45,3,1,68.23
11,120244911557470436,ACTIVE,100,44.529999999999994,1880,49,45,3,1,68.23
11,120247115989200291,PAUSED,80,44.49,833,37,33,2,1,64.17
11,120247645229990642,ACTIVE,60,44.46000000000001,1784,36,36,2,1,65.95
11,120247390339080509,PAUSED,100,44.440000000000005,1457,40,33,0,1,36.47
11,120245282912580630,PAUSED,200,44.41,1176,33,33,3,1,40.97
11,120245931951140650,PAUSED,100,44.339999999999996,565,26,26,2,1,64.28
11,120249088233310651,PAUSED,80,44.23,1026,28,28,2,2,130.39
11,120247797108450126,ACTIVE,80,44.18000000000001,1091,30,28,3,1,51.22
11,120249265247170651,ACTIVE,80,44.14,1208,31,33,3,1,66.02
11,120246178127590241,PAUSED,150,44.129999999999995,2177,38,33,1,0,0
11,120248069068060469,PAUSED,80,44.120000000000005,811,23,20,3,0,0
11,120246804547700175,ACTIVE,30,44.11999999999999,1663,41,37,4,2,66.89
11,120247995051780695,PAUSED,95,44.09,1331,27,23,0,0,0
11,120244076683170146,ACTIVE,100,44.040000000000006,1180,43,41,4,2,117.2
11,120246220030610241,PAUSED,100,44.019999999999996,1470,41,35,0,0,0
11,120246174521010752,ACTIVE,75,43.900000000000006,1179,34,29,1,1,54.96
11,120244963676310686,ACTIVE,80,43.809999999999995,624,24,19,1,2,104.73
11,120249366225680100,PAUSED,100,43.75,922,29,25,2,1,52.56
11,120245466475590630,ACTIVE,110,43.75,1254,29,25,5,3,234.42000000000002
11,120249533679040019,ACTIVE,150,43.69,957,41,36,3,2,49.96
11,120246707623720509,ACTIVE,117,43.68,1296,35,34,1,2,121.59
11,120246169445720320,ACTIVE,108,43.6,1377,31,21,3,2,117.53999999999999
11,120245687813040097,ACTIVE,81,43.58,1446,48,35,4,2,123.94
11,120245532692360630,ACTIVE,110,43.56,1389,27,27,3,2,107.42999999999999
11,120245943231800173,ACTIVE,200,43.53,1043,50,49,3,3,151.26999999999998
11,120247157407190509,PAUSED,100,43.53,1642,32,23,1,1,34.980000000000004
11,120248085583660127,PAUSED,100,43.400000000000006,522,26,22,0,0,0
11,120249824676430057,ACTIVE,100,43.339999999999996,670,41,45,2,2,144.99
11,120247702154240544,PAUSED,73,43.309999999999995,1054,16,15,2,2,55.96
11,120248566051210152,ACTIVE,80,43.3,1329,16,12,2,1,46.980000000000004
11,120243986595710788,PAUSED,50,43.28,701,21,21,0,0,0
11,120245264539280177,ACTIVE,100,43.25,808,31,35,2,1,29.979999999999997
11,120248539381110725,PAUSED,200,43.24,932,16,17,1,1,49.37
11,120243840045560129,PAUSED,100,43.16,1316,40,35,2,0,0
11,120246031764260509,ACTIVE,50,43.040000000000006,1906,27,23,2,1,61.97
11,120247862754470462,ACTIVE,73,43.03,712,25,19,1,0,0
11,120248025171070561,ACTIVE,86,42.900000000000006,1426,58,42,5,0,0
11,120243772698800146,ACTIVE,50,42.84,1506,37,33,2,2,83.96000000000001
11,120248811958530116,ACTIVE,100,42.77,851,44,44,4,0,0
11,120243860511490436,PAUSED,100,42.65,1829,36,30,1,1,68.23
11,120245463311260177,ACTIVE,100,42.61,528,14,13,4,3,111.18
11,120248108038860561,ACTIVE,85,42.36000000000001,1538,62,52,3,1,24.98
11,120249263766000247,ACTIVE,100,42.269999999999996,1549,26,22,1,1,38.17
11,120251919170720054,PAUSED,100,42.24,648,11,11,2,0,0
11,120244673897340436,PAUSED,50,42.239999999999995,1502,25,21,0,0,0
11,120248429995310229,PAUSED,58,42.239999999999995,873,45,39,1,1,40.97
11,120248056978460544,PAUSED,80,42.19,1250,17,19,2,2,75.5
11,120248812003990116,ACTIVE,100,42.03999999999999,1145,52,53,1,0,0
11,120244995599860686,PAUSED,100,42.02,403,7,7,0,0,0
11,120247950274740126,PAUSED,90,41.99,1142,32,29,3,1,29.980000000000004
11,120247954411400425,PAUSED,69,41.88,577,13,12,1,0,0
11,120249073752900725,ACTIVE,100,41.739999999999995,1148,33,29,5,3,187.24
11,120247467570380455,ACTIVE,50,41.7,1280,32,29,2,2,167.24999999999997
11,120248176825100455,PAUSED,131,41.68,964,34,33,2,0,0
11,120243929504820146,ACTIVE,50,41.59,1225,25,22,3,1,41.980000000000004
11,120244500948650177,PAUSED,100,41.580000000000005,918,33,28,4,1,29.98
11,120246697447950610,ACTIVE,80,41.48,676,16,14,1,1,29.979999999999997
11,120248082904030663,ACTIVE,80,41.39,562,19,17,2,2,206.25
11,120247956340000389,PAUSED,50,41.370000000000005,1365,62,56,3,0,0
11,120248880534940100,ACTIVE,50,41.339999999999996,908,26,24,5,1,90.92999999999999
11,120245460390490177,PAUSED,100,41.330000000000005,850,25,20,2,1,29.98
11,120249179367830725,PAUSED,100,41.31999999999999,805,21,17,1,1,146.51
11,120244761869100436,PAUSED,100,41.150000000000006,1512,31,26,1,0,0
11,120244504666890686,PAUSED,80,41.089999999999996,634,17,14,2,2,59.96
11,120248596343190048,PAUSED,100,40.93000000000001,546,23,21,2,2,69.96
11,120247124966060090,PAUSED,119,40.87,710,30,29,2,0,0
11,120246971449150629,PAUSED,100,40.730000000000004,458,5,4,0,0,0
11,120243830466380146,PAUSED,100,40.67,914,32,30,2,0,0
11,120243772061640146,PAUSED,100,40.67,982,34,27,2,1,75.22
11,120248512806040048,PAUSED,100,40.589999999999996,680,34,32,2,1,34.980000000000004
11,120246686798620214,ACTIVE,100,40.58,749,34,33,2,0,0
11,120248224227000725,PAUSED,100,40.55,1239,16,18,1,0,0
11,120247245482580509,PAUSED,100,40.54,1533,31,26,2,1,61.97
11,120249228181020589,PAUSED,100,40.54,327,13,13,1,0,0
11,120249062394160019,ACTIVE,150,40.349999999999994,769,39,38,3,0,0
11,120249179865040725,PAUSED,100,40.29,1093,20,18,1,1,68.56
11,120247267347000509,PAUSED,100,40.29,824,23,20,0,0,0
11,120251494191110054,PAUSED,78,40.269999999999996,1083,12,13,0,0,0
11,120247993581120462,PAUSED,104,40.25,536,17,16,0,0,0
11,120246257869250707,PAUSED,80,40.24,885,32,27,2,1,40.86
11,120248072969470389,ACTIVE,56,40.220000000000006,1253,52,50,6,2,106.31
11,120251910136180054,PAUSED,107,40.2,795,14,14,1,0,0
11,120246220421900725,PAUSED,200,39.980000000000004,1278,29,25,1,0,0
11,120245511607120780,ACTIVE,80,39.95,906,26,22,2,1,76.31
11,120244995090060686,PAUSED,100,39.95,527,13,13,0,0,0
11,120248155094770425,PAUSED,100,39.830000000000005,704,13,15,2,0,0
11,120244761869050436,PAUSED,100,39.83,1301,32,30,1,0,0
11,120246672624130642,PAUSED,50,39.8,903,11,10,1,1,37.95
11,120243734466660129,PAUSED,100,39.78,1122,40,38,2,0,0
11,120242907734560129,PAUSED,150,39.65,1077,55,51,2,0,0
11,120245490989200133,ACTIVE,80,39.63,758,23,23,1,0,0
11,120246182718940752,PAUSED,100,39.55,585,15,13,1,1,24.98
11,120246285998310241,PAUSED,100,39.51,1521,28,26,2,1,129.45
11,120245785647070650,PAUSED,100,39.47,544,24,22,1,0,0
11,120245044044890686,ACTIVE,80,39.41,659,23,20,3,2,119.92999999999999
11,120246506737780126,PAUSED,80,39.39,818,23,20,1,1,29.980000000000004
11,120246579308140453,ACTIVE,100,39.32,701,26,24,1,0,0
11,120247040711430629,ACTIVE,100,39.32,1110,28,31,3,1,63.91
11,120244014492430146,PAUSED,100,39.260000000000005,1148,35,32,2,0,0
11,120246088780810320,PAUSED,106,39.260000000000005,930,15,14,3,1,34.07
11,120245999879420097,PAUSED,80,39.06,1160,39,36,1,1,34.980000000000004
11,120245241360310455,PAUSED,73,39.05,1593,24,21,1,0,0
11,120248155094740425,PAUSED,100,38.99,713,20,17,1,0,0
11,120247866400320389,PAUSED,100,38.989999999999995,1116,33,28,3,0,0
11,120244618043570436,ACTIVE,25,38.980000000000004,1248,30,30,2,1,41.980000000000004
11,120246107235940707,PAUSED,82,38.980000000000004,819,27,26,1,0,0
11,120243929504970146,ACTIVE,50,38.95,1058,25,19,0,1,41.980000000000004
11,120244078670840146,PAUSED,100,38.89,1038,39,35,4,1,41.98
11,120248150922010425,PAUSED,100,38.88,747,13,13,0,0,0
11,120251916632010054,PAUSED,100,38.88,616,9,10,2,1,53.22
11,120248823290310722,ACTIVE,40,38.83,664,24,23,2,1,22.98
11,120245045033420177,PAUSED,100,38.74,870,23,18,2,1,51.22
11,120246377047690097,PAUSED,150,38.74,1384,35,36,3,0,0
11,120244916355330436,PAUSED,100,38.739999999999995,1209,21,16,1,1,68.23
11,120244561628480678,PAUSED,106,38.64,886,25,20,2,1,57.98
11,120246674923260175,PAUSED,77,38.6,1034,25,24,0,0,0
11,120246773871740629,ACTIVE,50,38.55,965,22,23,2,2,157.38
11,120247367947390509,PAUSED,100,38.510000000000005,1478,26,23,0,0,0
11,120248318269050152,ACTIVE,80,38.48,1159,31,30,4,2,120.96000000000001
11,120245334634580630,PAUSED,77,38.46,1276,23,22,3,1,40.97
11,120245292365960179,ACTIVE,100,38.4,1307,47,42,3,1,28.979999999999997
11,120247998931350564,PAUSED,100,38.25,1052,29,25,0,0,0
11,120244505718600686,PAUSED,80,38.230000000000004,701,15,13,1,1,71.21
11,120244505803880686,ACTIVE,80,38.23,786,22,21,4,4,182.39
11,120251014701600404,ACTIVE,50,38.21,468,13,12,2,1,74.94
11,120247040934670629,ACTIVE,100,38.2,1813,23,26,1,1,113.33000000000001
11,120248124140310455,PAUSED,100,38.129999999999995,875,14,10,1,0,0
11,120244480112510436,PAUSED,55,38.07,1341,35,27,2,0,0
11,120244418309400436,PAUSED,100,38.03,1223,29,22,2,0,0
11,120245063703470133,ACTIVE,80,37.97,1049,46,46,2,1,66.02000000000001
11,120242376497180436,PAUSED,100,37.93,1266,27,26,1,0,0
11,120247558121530065,PAUSED,94,37.839999999999996,762,24,22,2,0,0
11,120247392329400509,PAUSED,100,37.769999999999996,1254,24,20,2,0,0
11,120249438611220064,PAUSED,100,37.71,628,24,20,2,0,0
11,120247390339020509,PAUSED,100,37.67,1040,27,23,1,0,0
11,120248604432660663,ACTIVE,80,37.64,523,25,26,1,1,117.14999999999999
11,120247526522450425,PAUSED,100,37.48,752,28,26,1,0,0
11,120243205951310642,ACTIVE,50,37.46,1534,33,29,5,2,158.24999999999997
11,120246226742380674,PAUSED,120,37.449999999999996,1036,31,27,1,1,46.230000000000004
11,120247728967360642,PAUSED,61,37.4,918,17,15,0,0,0
11,120247365755990509,PAUSED,100,37.379999999999995,1460,27,25,2,0,0
11,120249228293700589,PAUSED,100,37.370000000000005,233,9,8,0,0,0
11,120247391019010168,ACTIVE,78,37.28999999999999,907,29,27,3,1,37.980000000000004
11,120246666123990477,ACTIVE,100,37.14,672,33,24,3,2,59.959999999999994
11,120244995263710686,PAUSED,100,37.120000000000005,379,6,7,1,0,0
11,120245490989600133,ACTIVE,80,37.06,748,25,20,2,1,37.980000000000004
11,120245463210960177,PAUSED,100,37.04,381,14,12,0,0,0
11,120255653285300586,ACTIVE,100,37.019999999999996,730,41,33,4,3,127.72
11,120247013051330065,PAUSED,50,36.989999999999995,823,23,21,0,0,0
11,120244078600520146,ACTIVE,100,36.879999999999995,955,43,34,1,1,75.22
11,120245487786100032,ACTIVE,50,36.8,847,33,26,5,2,43.959999999999994
11,120243772698880146,ACTIVE,50,36.75,1445,27,27,3,2,117.2
11,120251014701570404,ACTIVE,50,36.74999999999999,674,23,19,2,0,0
11,120247267370990509,PAUSED,100,36.45,771,22,17,1,0,0
11,120247238927080043,PAUSED,70,36.44,629,18,17,2,1,29.12
11,120248573692120695,ACTIVE,90,36.28,783,12,12,2,1,37.980000000000004
11,120245205425940677,PAUSED,25,36.28,975,17,19,2,0,0
11,6968638622626,ACTIVE,50,36.26,830,19,15,3,1,41.980000000000004
11,120248554270560695,ACTIVE,80,36.220000000000006,1620,19,19,2,1,37.98
11,120244076500250146,ACTIVE,100,36.19,1064,51,48,7,4,295.61
11,120246777147100214,ACTIVE,80,36.12,762,18,15,2,1,42.95
11,120246182405550752,PAUSED,100,36.08,624,16,16,0,0,0
11,120247541912960469,PAUSED,80,36.08,757,15,14,1,1,49.37
11,120244504303760686,PAUSED,80,36.03,744,14,15,0,0,0
11,120248199130120168,PAUSED,90,36.03,787,24,22,1,0,0
11,120246666193770477,ACTIVE,100,35.98,693,20,20,3,1,51.21
11,120248958340820725,PAUSED,100,35.93,697,18,16,2,1,68.56
11,120244011865020146,PAUSED,100,35.71,1075,29,26,1,0,0
11,120247124966150090,PAUSED,119,35.7,693,35,30,5,1,36.43
11,120246562589300629,ACTIVE,50,35.61,698,29,28,2,1,36.949999999999996
11,120244076700670146,PAUSED,100,35.39999999999999,1400,35,33,4,1,41.980000000000004
11,120244076631460146,PAUSED,100,35.269999999999996,998,39,34,3,1,41.98
11,120245124561470686,PAUSED,80,35.22,519,14,14,1,0,0
11,120244076631420146,ACTIVE,100,35.17,1154,32,31,4,2,181.92999999999998
11,120249447732030577,ACTIVE,68,35.17,1382,51,45,2,1,24.98
11,120244965177330686,PAUSED,80,34.99999999999999,517,12,12,0,0,0
11,120247040711030629,ACTIVE,100,34.989999999999995,875,18,15,1,0,0
11,120245124074630686,PAUSED,80,34.94,553,20,18,3,1,29.98
11,120247591966310642,PAUSED,50,34.92,1151,23,23,2,0,0
11,120249447732060577,ACTIVE,68,34.910000000000004,1342,34,28,1,1,41.97
11,120246697447920610,PAUSED,80,34.79,454,14,11,1,0,0
11,120243673094650146,ACTIVE,50,34.78,1042,38,30,4,2,117.2
11,120251692403590054,PAUSED,73,34.75,782,14,11,1,0,0
11,120247412626780168,PAUSED,100,34.62,1148,22,21,0,0,0
11,120247275556550642,PAUSED,50,34.6,1160,23,23,0,0,0
11,120248064259890425,PAUSED,100,34.6,465,15,12,0,0,0
11,120246971318070629,PAUSED,100,34.550000000000004,551,15,13,1,0,0
11,120248045548240425,PAUSED,136,34.540000000000006,715,17,16,0,0,0
11,120247872778180425,PAUSED,55,34.45,628,14,11,1,0,0
11,120245993170520241,PAUSED,77,34.269999999999996,1428,33,28,0,0,0
11,120243458900420436,PAUSED,100,34.2,1369,34,30,3,0,0
11,120249031617290603,ACTIVE,50,34.150000000000006,581,13,12,1,1,37.98
11,120251026838540210,ACTIVE,84,34.1,1016,28,26,1,1,71.72
11,120247678231050065,PAUSED,93,34.050000000000004,800,21,21,2,0,0
11,120248974670480019,PAUSED,80,33.980000000000004,535,17,16,2,1,107.44
11,120246971373670629,PAUSED,100,33.95,710,11,11,0,0,0
11,120245044044870686,ACTIVE,80,33.85999999999999,519,16,13,3,3,173.64
11,120248923191070589,PAUSED,50,33.83,804,18,16,0,0,0
11,120240258763950179,PAUSED,140,33.78,1119,26,27,1,1,49.37
11,120247954410960425,PAUSED,34,33.75,624,20,21,2,0,0
11,120248566048970152,PAUSED,80,33.71000000000001,1199,18,16,1,0,0
11,120249179811830725,PAUSED,100,33.69,1157,17,16,1,1,86.55
11,120246177720650032,PAUSED,73,33.68,819,40,35,4,1,37.27
11,120246619814510549,ACTIVE,85,33.67,751,22,22,1,1,53.22
11,120244076700620146,PAUSED,100,33.65,1429,40,38,3,1,41.980000000000004
11,120245381315950677,PAUSED,50,33.65,1260,11,10,1,0,0
11,120244011864950146,PAUSED,100,33.53,982,37,30,3,0,0
11,120246668180150731,PAUSED,100,33.43,453,12,15,1,0,0
11,120243958669750146,PAUSED,100,33.37,689,14,9,1,0,0
11,120247570572060455,PAUSED,50,33.269999999999996,1645,37,31,0,0,0
11,120247865520180544,PAUSED,80,33.24,591,16,13,1,1,27.98
11,120247651426280455,PAUSED,50,33.129999999999995,795,37,30,0,0,0
11,120256546977430586,ACTIVE,126,33.03,1062,44,49,4,2,98.74000000000001
11,120250139873910577,PAUSED,100,33.019999999999996,700,19,19,2,0,0
11,120244918988320303,ACTIVE,40,33.010000000000005,706,30,29,3,1,26.98
11,120247160674020043,ACTIVE,70,33,740,27,24,1,0,0
11,120246177720600032,ACTIVE,73,32.97,846,35,32,6,1,21.979999999999997
11,120246184128390674,PAUSED,100,32.97,524,14,15,0,0,0
11,120248849928910725,PAUSED,100,32.89,725,17,17,0,0,0
11,120249152473440247,ACTIVE,100,32.89,896,41,29,1,1,38.17
11,120244264704420436,PAUSED,100,32.88,1354,31,25,1,0,0
11,120243594040740146,PAUSED,100,32.85,1022,31,30,2,0,0
11,120247238880210043,PAUSED,70,32.82,550,21,22,1,0,0
11,120249179811790725,PAUSED,100,32.709999999999994,984,17,16,1,0,0
11,120246929603830175,PAUSED,100,32.709999999999994,652,19,18,1,1,24.96
11,120245650683780674,PAUSED,100,32.66,525,21,20,0,0,0
11,120246459062220674,PAUSED,85,32.64,791,18,15,1,1,46.23
11,120247467569900455,PAUSED,50,32.61,1072,29,24,0,0,0
11,120247199911470090,PAUSED,122,32.6,829,18,17,2,0,0
11,120243928955960129,PAUSED,100,32.59,1094,30,28,1,0,0
11,120244078670200146,PAUSED,100,32.559999999999995,846,33,28,1,1,41.98
11,120247797464010126,PAUSED,80,32.55,831,15,15,2,1,46.230000000000004
11,120248430211380152,PAUSED,80,32.46,1006,34,33,0,0,0
11,120246559887790097,PAUSED,80,32.440000000000005,1119,39,35,3,1,34.98
11,120243771828200436,PAUSED,50,32.43,1212,17,16,1,0,0
11,120244017128390686,PAUSED,50,32.42,633,23,23,1,0,0
11,120244078600240146,PAUSED,100,32.410000000000004,926,25,22,0,0,0
11,120249013372050100,PAUSED,64,32.39,545,15,14,0,0,0
11,120247163507460509,PAUSED,25,32.39,1732,25,20,2,0,0
11,120246299672680751,ACTIVE,68,32.379999999999995,816,19,15,0,0,0
11,120245198116820177,ACTIVE,50,32.31,620,19,19,0,1,89.93
11,120247504003740425,PAUSED,50,32.14,615,12,10,2,0,0
11,120244418309490436,PAUSED,100,32.099999999999994,1048,31,25,2,0,0
11,120248557488550695,ACTIVE,80,32.08,1619,18,22,1,2,215.13
11,120244965177310686,PAUSED,80,31.979999999999997,458,15,13,1,0,0
11,120246875435580731,PAUSED,100,31.87,362,14,10,0,0,0
11,120244761582650436,PAUSED,100,31.85,1118,40,40,1,1,41.980000000000004
11,120242972188130146,PAUSED,50,31.809999999999995,633,15,12,1,0,0
11,120245463474020177,PAUSED,100,31.630000000000003,389,14,13,0,0,0
11,120247064860080731,PAUSED,80,31.63,530,26,26,1,0,0
11,120248573670680695,ACTIVE,90,31.62,817,17,18,3,0,0
11,120247116212010291,ACTIVE,80,31.590000000000003,694,31,29,2,1,64.17
11,120249057598540663,ACTIVE,50,31.550000000000004,551,20,20,1,0,0
11,120247487024380065,PAUSED,100,31.510000000000005,453,10,9,0,0,0
11,120243860628310436,PAUSED,100,31.479999999999997,1017,28,26,1,0,0
11,120246875316820731,PAUSED,100,31.38,372,14,13,0,0,0
11,120244076650050146,PAUSED,100,31.34,919,30,28,1,1,41.98
11,120247952380170544,PAUSED,90,31.33,582,8,8,0,0,0
11,120254368844950197,PAUSED,100,31.23,653,16,16,1,0,0
11,120250838901590404,ACTIVE,50,31.21,561,26,25,2,2,169.67999999999998
11,120246100011640752,PAUSED,84,31.02,810,31,29,4,1,25.97
11,120247116212280291,ACTIVE,80,30.970000000000002,627,41,32,2,1,64.17
11,120245045512490686,PAUSED,80,30.970000000000002,461,23,16,2,1,29.98
11,120243924560270146,PAUSED,100,30.95,796,22,18,2,1,75.22
11,120247952380210544,PAUSED,90,30.910000000000004,804,15,15,1,1,27.98
11,120247832290650425,PAUSED,100,30.870000000000005,504,7,4,0,0,0
11,23857331534270799,ACTIVE,50,30.869999999999997,321,12,11,3,1,27.979999999999997
11,120249057669240663,ACTIVE,50,30.79,610,20,19,2,2,105.64000000000001
11,120246299721620751,ACTIVE,68,30.66,618,28,26,1,0,0
11,120244916431500436,PAUSED,100,30.59,917,17,16,2,2,172.89999999999998
11,120247485225890126,PAUSED,80,30.53,672,16,15,2,0,0
11,120246928961250175,PAUSED,100,30.480000000000004,685,20,18,1,1,24.96
11,120247311646990509,PAUSED,100,30.419999999999998,1385,33,26,1,0,0
11,120244486414960436,PAUSED,100,30.41,809,18,16,1,0,0
11,120243689609840436,PAUSED,50,30.32,1028,23,23,1,0,0
11,120247246390530389,PAUSED,100,30.310000000000002,1237,42,37,1,1,37.05
11,120254529951780197,PAUSED,100,30.259999999999998,502,9,9,1,0,0
11,120245651364050303,PAUSED,80,30.22,489,16,16,2,0,0
11,120246887885530090,PAUSED,50,30.22,574,26,25,2,0,0
11,120248124018900425,PAUSED,135,30.21,456,14,10,0,0,0
11,120251953466380054,ACTIVE,50,30.21,493,13,11,3,2,63.96000000000001
11,120247018754190126,PAUSED,80,30.200000000000003,707,28,27,1,0,0
11,120247391144450509,PAUSED,100,30.099999999999998,1035,26,23,1,0,0
11,120246250177610320,PAUSED,110,30.009999999999998,745,18,16,0,0,0
11,120246250177540320,PAUSED,110,29.959999999999997,878,22,21,0,0,0
11,120250837944350404,ACTIVE,50,29.92,655,24,16,1,0,0
11,120249872725020651,PAUSED,80,29.910000000000004,585,22,20,1,0,0
11,120245049415260032,PAUSED,100,29.83,919,35,25,1,0,0
11,120247245979210389,PAUSED,100,29.81,777,40,35,2,0,0
11,120246412451290629,PAUSED,50,29.759999999999998,746,25,24,1,0,0
11,120248737641910722,PAUSED,80,29.7,437,28,22,1,0,0
11,120250691304310722,ACTIVE,40,29.39,420,25,23,3,1,66.15
11,120247921074920168,PAUSED,74,29.38,778,18,21,0,0,0
11,120244312405200436,PAUSED,50,29.339999999999996,1143,35,34,1,0,0
11,120251063106910166,ACTIVE,100,29.240000000000002,642,26,28,4,0,0
11,120243065943950146,PAUSED,150,29.18,713,29,25,0,0,0
11,120246867532700629,PAUSED,50,29.17,663,22,19,2,0,0
11,120244915858330436,PAUSED,100,29.1,808,17,19,1,0,0
11,120244076954320146,PAUSED,100,29.07,678,17,14,1,1,43.72
11,120245298343980752,PAUSED,100,29.03,679,19,16,0,0,0
11,120249179002100725,PAUSED,100,29.020000000000003,653,12,12,0,0,0
11,120247370270380509,PAUSED,101,29.009999999999998,1192,23,21,0,0,0
11,120247247927900509,PAUSED,79,28.719999999999995,1066,26,24,1,0,0
11,120248302725660389,ACTIVE,100,28.66,940,41,34,3,0,0
11,120244823852300686,PAUSED,50,28.58,497,13,13,1,0,0
11,120248121376990544,ACTIVE,80,28.519999999999996,785,11,9,2,2,55.959999999999994
11,120244447104190303,PAUSED,80,28.449999999999996,742,16,14,1,0,0
11,120248017013520389,PAUSED,50,28.400000000000002,884,39,30,2,0,0
11,120246182500340752,PAUSED,100,28.27,417,16,13,0,0,0
11,120243629084100705,PAUSED,80,28.21,464,25,24,0,0,0
11,120245205078130630,PAUSED,56,28.1,924,14,17,3,0,0
11,120250922808060054,PAUSED,100,28.06,534,11,10,0,0,0
11,120246088780780320,PAUSED,53,28.06,795,12,8,0,0,0
11,120246174521100752,PAUSED,75,28.04,661,28,27,1,0,0
11,120243458344240129,PAUSED,100,28.01,1142,23,17,1,1,66.48
11,120244916431450436,PAUSED,100,27.89,970,18,19,0,0,0
11,120245453935880025,PAUSED,100,27.849999999999994,354,6,6,0,0,0
11,120245825448150533,ACTIVE,100,27.79,993,28,23,3,2,83.94000000000001
11,120257220181140586,PAUSED,50,27.769999999999996,964,12,9,1,0,0
11,120248302852030389,ACTIVE,100,27.71,825,31,26,5,0,0
11,6973002165426,PAUSED,50,27.650000000000002,712,13,13,0,0,0
11,120251314539200210,ACTIVE,50,27.61,923,23,20,1,1,41.980000000000004
11,120248298800180389,ACTIVE,100,27.6,901,28,25,3,0,0
11,120244915705330436,PAUSED,100,27.560000000000002,850,22,24,1,1,41.980000000000004
11,120244915930020436,PAUSED,100,27.53,928,20,18,0,0,0
11,120246559951150097,PAUSED,80,27.43,817,22,22,0,0,0
11,120248302725690389,ACTIVE,100,27.35,1136,43,36,2,0,0
11,120249438225460064,PAUSED,100,27.23,506,16,16,1,0,0
11,120249646481980279,ACTIVE,80,27.11,739,13,13,2,2,75.49
11,120245889270610065,ACTIVE,40,27.080000000000002,785,14,11,2,2,79.5
11,120247970691610126,PAUSED,80,27.06,548,16,11,0,0,0
11,120247157340280509,PAUSED,100,27.05,974,18,14,1,0,0
11,120248108232400544,PAUSED,80,26.98,870,17,16,1,0,0
11,6973002166826,PAUSED,50,26.96,638,10,9,1,0,0
11,120245251316060477,PAUSED,100,26.939999999999998,395,10,13,1,0,0
11,120246777147040214,PAUSED,80,26.919999999999995,480,10,10,0,0,0
11,120246619814540549,ACTIVE,55,26.880000000000003,485,11,13,2,1,53.22
11,120245571282690707,PAUSED,50,26.65,441,11,10,0,0,0
11,120244915743550436,PAUSED,100,26.65,906,23,22,2,0,0
11,120248302912110389,ACTIVE,100,26.6,777,33,26,2,1,37.059999999999995
11,120248302449150389,ACTIVE,100,26.59,908,41,34,5,0,0
11,120251314640370210,ACTIVE,50,26.589999999999996,586,22,16,0,0,0
11,120248072969230389,PAUSED,62,26.57,803,15,11,0,0,0
11,120248298800110389,ACTIVE,100,26.479999999999997,881,27,24,1,0,0
11,120245583667780533,PAUSED,66,26.45,573,15,13,0,0,0
11,120244911557440436,PAUSED,100,26.41,1242,41,38,1,0,0
11,120247970691860126,PAUSED,80,26.380000000000003,658,16,15,0,0,0
11,120244915858300436,PAUSED,100,26.35,893,20,16,0,0,0
11,120246551461500674,ACTIVE,80,26.26,661,17,17,0,0,0
11,120248302449280389,ACTIVE,100,26.22,942,42,36,4,1,37.050000000000004
11,120251037305040166,PAUSED,30,26.180000000000003,517,20,17,3,1,68.15
11,120247678231030065,PAUSED,93,26.180000000000003,530,14,13,0,0,0
11,120245224111660179,PAUSED,80,25.97,1244,20,20,2,0,0
11,120244915705670436,PAUSED,100,25.930000000000003,803,15,15,0,0,0
11,120243738734810686,PAUSED,80,25.93,278,9,7,0,0,0
11,120249347498580100,PAUSED,91,25.92,377,10,8,0,0,0
11,120247601292330065,ACTIVE,50,25.87,561,26,23,0,0,0
11,120249283732990100,PAUSED,90,25.77,600,16,13,1,0,0
11,120247367947350509,PAUSED,100,25.730000000000004,808,14,11,0,0,0
11,120246804547640175,PAUSED,100,25.679999999999996,1086,36,35,0,0,0
11,120247365730510509,PAUSED,100,25.61,880,19,17,1,1,34.980000000000004
11,120248302616530389,ACTIVE,100,25.5,896,29,29,1,1,46.4
11,120244446224590630,PAUSED,74,25.49,823,19,19,4,0,0
11,120248558918190695,PAUSED,80,25.439999999999998,1038,11,13,0,0,0
11,120248302852090389,ACTIVE,100,25.330000000000002,1120,38,29,3,0,0
11,120244483074140436,PAUSED,100,25.270000000000003,816,19,14,0,0,0
11,120244077730710146,PAUSED,100,25.2,519,16,11,0,0,0
11,120246579308100453,PAUSED,100,25.18,276,8,9,0,0,0
11,120245685799910707,PAUSED,50,25.11,474,21,16,1,0,0
11,120245987169440477,PAUSED,100,24.900000000000002,327,10,8,1,0,0
11,120248774501890725,PAUSED,100,24.869999999999997,661,12,8,0,0,0
11,120257487343530586,ACTIVE,500,24.839999999999996,671,71,52,6,4,231.05999999999997
11,120247972621170389,PAUSED,100,24.83,890,27,27,0,0,0
11,120246518965620674,PAUSED,100,24.810000000000002,470,15,15,0,0,0
11,120247365756650509,PAUSED,100,24.78,1029,15,15,0,0,0
11,120246551175210674,ACTIVE,100,24.71,660,21,16,1,1,66.21000000000001
11,120251954196980054,ACTIVE,50,24.67,436,12,11,0,0,0
11,120246011193300707,PAUSED,50,24.64,572,20,15,0,0,0
11,120245045578670686,PAUSED,80,24.54,369,8,6,1,1,29.98
11,120245889270720065,ACTIVE,40,24.2,820,17,16,0,0,0
11,120247866311490389,PAUSED,100,24.180000000000003,780,34,31,1,0,0
11,120246902635090175,PAUSED,86,24.1,816,18,17,0,0,0
11,120242700474110358,PAUSED,100,24.009999999999998,565,7,7,0,0,0
11,120246985821510043,PAUSED,70,23.83,248,11,10,0,0,0
11,120245881655400509,ACTIVE,41,23.79,818,20,16,4,3,185.91
11,120250501589950722,ACTIVE,68,23.62,316,18,18,1,1,52.660000000000004
11,120248574839520695,ACTIVE,50,23.549999999999997,639,12,12,1,0,0
11,120246818759970303,ACTIVE,40,23.5,450,19,17,1,1,43.97
11,120246551175300674,ACTIVE,100,23.48,692,14,11,2,2,59.959999999999994
11,120245481989440065,ACTIVE,40,23.44,613,16,14,3,2,117.42000000000002
11,120248201085040469,PAUSED,80,23.380000000000003,495,13,12,0,0,0
11,120246196163050707,PAUSED,80,23.32,429,12,10,0,0,0
11,120248737641880722,PAUSED,68,23.220000000000002,356,14,15,0,0,0
11,120246135470290032,PAUSED,100,23.16,578,25,20,1,0,0
11,120246054157300173,ACTIVE,100,23.16,690,22,24,1,1,39.94
11,120248299568450431,ACTIVE,80,23.15,454,12,11,1,1,48.17
11,23857304059010799,ACTIVE,50,23.13,273,12,9,0,0,0
11,120244916355270436,PAUSED,100,23.05,786,5,4,0,0,0
11,120249062394220019,PAUSED,50,23.05,431,21,24,1,0,0
11,120244566387920788,PAUSED,50,22.889999999999997,469,18,16,0,0,0
11,120249739079790279,ACTIVE,80,22.67,400,12,10,1,0,0
11,120247601292310065,ACTIVE,50,22.58,590,20,18,2,1,49.51
11,120246054157270173,ACTIVE,100,22.49,731,42,38,2,0,0
11,120244076721430146,PAUSED,100,22.43,519,10,8,0,0,0
11,120248429859550116,ACTIVE,101,22.429999999999996,440,21,19,1,0,0
11,120246902634980175,PAUSED,86,22.33,612,16,15,2,0,0
11,120245515771490533,PAUSED,100,22.279999999999998,621,31,29,1,0,0
11,120247365730540509,PAUSED,100,22.23,778,18,17,2,1,34.980000000000004
11,120247615799520561,PAUSED,50,22.03,412,22,15,0,0,0
11,120247059116570175,PAUSED,87,21.97,696,12,12,1,0,0
11,120246107235900707,PAUSED,82,21.89,430,14,11,0,0,0
11,120248201085010469,PAUSED,80,21.82,485,10,9,0,0,0
11,120246257869280707,PAUSED,80,21.74,378,15,15,1,0,0
11,120245481989400065,ACTIVE,40,21.54,533,18,16,3,1,49.52
11,120247446150270425,PAUSED,100,21.53,254,8,7,0,0,0
11,120246338247960241,PAUSED,100,21.509999999999998,1436,35,34,0,0,0
11,120244749895840686,PAUSED,80,21.47,357,15,15,0,0,0
11,120247366316010509,PAUSED,100,21.45,886,12,10,0,0,0
11,120245213356490125,PAUSED,80,21.42,404,10,10,0,0,0
11,23857304059050799,ACTIVE,50,21.33,234,7,7,0,0,0
11,120244216235640630,ACTIVE,52,21.259999999999998,676,22,20,5,3,79.94
11,120248302912210389,PAUSED,100,20.97,565,17,17,1,0,0
11,120241972248380630,PAUSED,47,20.95,571,14,14,0,0,0
11,120247365568120509,PAUSED,100,20.93,896,24,21,1,0,0
11,120245292235740179,PAUSED,100,20.83,804,23,22,1,0,0
11,120243629084050705,PAUSED,80,20.82,314,13,12,0,0,0
11,120247059116590175,PAUSED,87,20.71,546,15,13,1,0,0
11,120257487876160586,ACTIVE,50,20.55,473,17,14,1,2,78.35
11,120246802025580509,ACTIVE,42,20.46,689,24,19,1,1,33.98
11,120244165647870788,PAUSED,50,20.310000000000002,315,6,5,0,0,0
11,6966949200095,PAUSED,100,20.19,224,8,5,0,0,0
11,120244235259940678,ACTIVE,30,20.04,503,18,14,1,0,0
11,120246196163490707,PAUSED,80,19.91,444,13,11,2,0,0
11,120247799916380462,ACTIVE,35,19.79,389,13,13,0,0,0
11,120247597779990751,ACTIVE,40,19.46,410,18,18,2,1,38.27
11,120245583666590533,PAUSED,50,19.44,682,15,19,0,0,0
11,120249755037190019,PAUSED,50,19.430000000000003,441,17,17,0,0,0
11,120250691304360722,PAUSED,40,19.299999999999997,233,4,3,0,0,0
11,120247799916320462,ACTIVE,35,19.26,625,22,14,0,1,39.98
11,120248150860660425,PAUSED,100,19.2,244,7,7,0,0,0
11,120244015116230146,PAUSED,100,19.07,572,14,9,0,0,0
11,120248289243870469,PAUSED,80,18.990000000000002,307,3,3,0,0,0
11,120251953956170054,PAUSED,100,18.81,355,3,3,0,0,0
11,120246054202660173,ACTIVE,100,18.78,425,25,24,1,0,0
11,120248288633070389,PAUSED,81,18.71,544,12,9,1,0,0
11,120247799916400462,ACTIVE,35,18.6,514,20,17,0,0,0
11,120248108608420544,PAUSED,80,18.59,351,11,8,0,0,0
11,120250747283060166,PAUSED,50,18.45,554,14,13,2,1,24.98
11,120248108495610544,PAUSED,80,18.32,329,6,5,2,1,27.98
11,120244566743750788,PAUSED,50,18.28,306,9,9,0,0,0
11,120257559013710586,ACTIVE,30,18.15,467,16,12,1,1,49.370000000000005
11,120246818759010303,ACTIVE,40,17.88,389,15,14,3,1,43.97
11,120250596545850709,PAUSED,100,17.759999999999998,389,4,6,0,0,0
11,120248108495570544,PAUSED,80,17.74,425,7,8,1,1,27.98
11,120246054202590173,ACTIVE,100,17.65,474,14,17,4,2,142.76999999999998
11,120250015822460577,PAUSED,100,17.62,314,8,7,0,0,0
11,120246054251240173,ACTIVE,100,17.57,507,11,14,0,0,0
11,120246551461460674,ACTIVE,80,17.46,525,15,12,1,1,84.96
11,23857331534250799,PAUSED,50,17.43,173,6,5,0,0,0
11,120252326382630348,PAUSED,80,17.16,289,5,6,1,1,95.7
11,120248224809960389,PAUSED,80,16.939999999999998,664,24,19,5,0,0
11,120248299568480431,ACTIVE,80,16.89,368,23,19,2,1,28.979999999999997
11,120248151946060425,PAUSED,100,16.869999999999997,352,6,5,0,0,0
11,120246488525160097,PAUSED,100,16.85,601,12,12,0,0,0
11,120246145189280470,ACTIVE,50,16.82,466,14,13,5,2,136.03
11,120246145365240470,ACTIVE,50,16.79,436,10,11,2,1,39.98
11,120248159215810389,PAUSED,79,16.669999999999998,408,15,12,1,0,0
11,120248107941650544,PAUSED,80,16.53,354,7,7,1,0,0
11,120256572736650586,ACTIVE,500,16.4,401,63,53,8,2,100.94
11,120249709883650577,PAUSED,100,16.34,304,8,7,0,0,0
11,120246054251210173,PAUSED,100,16.27,407,10,8,1,0,0
11,120247597780010751,ACTIVE,40,16.19,311,13,10,3,3,124.20999999999998
11,120245706384310533,PAUSED,67,16.16,606,11,10,1,0,0
11,120246145189200470,ACTIVE,50,15.92,309,10,8,0,0,0
11,120257559013880586,ACTIVE,30,15.55,484,23,18,2,1,28.98
11,120246145364940470,ACTIVE,50,15.540000000000001,403,12,8,1,1,142.22
11,120248138150990469,PAUSED,80,15.439999999999998,213,1,1,0,0,0
11,120246488537710097,PAUSED,80,15.309999999999999,402,8,8,0,0,0
11,120246145791530470,ACTIVE,20,15.19,219,15,13,1,1,64.72
11,120248980523880019,PAUSED,50,15.02,238,15,14,0,0,0
11,120245842698410677,PAUSED,100,14.700000000000001,451,6,5,0,0,0
11,120248057050710561,PAUSED,60,14.39,436,10,10,1,0,0
11,120246559951040097,PAUSED,80,14.32,348,8,6,0,0,0
11,120245021443910179,PAUSED,80,14.030000000000001,533,9,10,1,1,49.37
11,120246145506950470,ACTIVE,50,13.66,414,12,10,2,1,39.980000000000004
11,120248771595650283,ACTIVE,100,13.61,223,12,10,2,1,27.98
11,120246285677030241,PAUSED,100,13.490000000000002,580,9,6,1,1,41.98
11,120244164847370788,PAUSED,50,13.46,288,4,3,0,0,0
11,120248108608490544,PAUSED,80,13.01,258,4,4,0,0,0
11,120248771595920283,ACTIVE,100,13,279,11,10,0,0,0
11,120247130849060090,PAUSED,50,12.95,142,5,6,0,0,0
11,120249533650900019,PAUSED,50,12.940000000000001,199,7,7,1,0,0
11,120249533650850019,PAUSED,50,12.66,198,10,9,0,0,0
11,120246145507030470,ACTIVE,50,12.35,389,9,9,0,0,0
11,6993911147495,PAUSED,100,12.19,227,1,1,0,0,0
11,120246145719630470,PAUSED,20,12.040000000000001,192,6,5,0,0,0
11,120249134484060166,PAUSED,30,11.870000000000001,214,6,5,1,1,24.98
11,120257359768220586,ACTIVE,30,11.82,371,7,7,0,0,0
11,120250501589970722,PAUSED,40,11.77,174,5,4,0,0,0
11,120256254668930586,ACTIVE,200,11.760000000000002,360,42,35,2,0,0
11,120248615909580019,PAUSED,50,11.63,167,1,1,0,0,0
11,120251063107220166,PAUSED,30,11.280000000000001,254,9,8,0,0,0
11,120244566507460788,PAUSED,50,11.15,201,2,2,0,0,0
11,120247313991580561,PAUSED,50,11.09,291,4,5,1,1,24.98
11,120257221973410586,ACTIVE,25,10.649999999999999,255,10,10,0,0,0
11,120250895021460586,ACTIVE,25,10.56,305,20,17,1,0,0
11,120249057927140663,PAUSED,50,10.18,104,2,2,0,0,0
11,120251062504040166,PAUSED,30,9.470000000000002,174,3,2,0,0,0
11,120246145595780470,PAUSED,20,9.379999999999999,93,3,2,0,0,0
11,120248121376260544,PAUSED,80,9.36,206,3,3,0,0,0
11,120248207466280561,ACTIVE,60,8.82,163,8,8,1,1,24.98
11,120247653059200586,ACTIVE,25,8.7,347,18,13,1,2,79.54
11,120244566743700788,PAUSED,50,8.55,146,1,1,0,0,0
11,120245842687140677,PAUSED,100,8.42,219,2,1,1,1,96.41
11,120247196420340465,ACTIVE,10,7.92,147,13,12,0,0,0
11,120247196420760465,ACTIVE,10,7.859999999999999,180,8,8,0,0,0
11,120248207465980561,ACTIVE,60,6.66,128,6,5,1,1,41.97
11,120246285367430241,PAUSED,100,6.65,315,2,2,0,0,0
11,120246388250070241,PAUSED,100,6.36,222,5,5,0,0,0
11,120247130848980090,PAUSED,50,6.16,45,1,1,0,0,0
11,120257469008430586,ACTIVE,30,5.76,166,12,10,1,1,28.98
11,120257469008460586,ACTIVE,30,5.03,175,18,14,2,0,0
11,120246145720920470,PAUSED,20,4.13,45,1,0,0,0,0
11,120248147750980544,ACTIVE,80,3.87,139,3,3,0,0,0
11,120248147803220544,ACTIVE,80,3.78,81,1,1,0,0,0
11,120243727386670470,ACTIVE,5,3.6300000000000003,75,5,4,0,0,0
11,120248574839550695,PAUSED,50,3.53,88,0,0,0,0,0
11,120244349823030686,ACTIVE,100,3.3499999999999996,75,1,1,1,1,71.21
11,120245136181790470,ACTIVE,5,3.02,52,4,4,0,0,0
11,120245691728160470,ACTIVE,5,2.87,84,5,3,0,0,0
11,120245099365240470,ACTIVE,5,2.86,94,2,1,0,0,0
11,120246145792030470,PAUSED,20,2.61,41,2,2,0,0,0
11,120245241702630470,ACTIVE,5,2.56,69,3,3,0,0,0
11,120245136181480470,ACTIVE,5,2.2700000000000005,63,3,3,0,0,0
11,120240849899190788,ACTIVE,10,2.16,35,2,2,0,0,0
11,120246145595980470,PAUSED,20,1.29,38,0,0,0,0,0
11,120243723839750678,PAUSED,100,0.8,25,2,2,0,0,0
11,120249714435380166,PAUSED,30,0.7,16,1,1,0,0,0
11,120244477269830678,PAUSED,100,0.23,7,0,0,0,0,0
11,120249335000310166,PAUSED,30,0.07,3,0,0,0,0,0
11,120244113817410686,PAUSED,80,0,0,0,2,0,0,0
11,120247829716040751,ACTIVE,100,0,0,0,0,0,0,0
11,120247829243430751,ACTIVE,100,0,0,0,0,0,0,0
11,120247828626130751,ACTIVE,100,0,0,0,0,0,0,0
11,120247802797890425,PAUSED,111,0,0,0,0,0,0,0
11,120247802797810425,PAUSED,111,0,0,0,0,0,0,0
11,120247976968270425,PAUSED,100,0,0,0,0,0,0,0
11,120247986766630425,PAUSED,100,0,0,0,0,0,0,0
11,120247986827960425,PAUSED,100,0,0,0,0,0,0,0
11,120247771242110065,ACTIVE,100,0,0,0,0,0,0,0
11,120247770552340065,ACTIVE,100,0,0,0,0,0,0,0
11,120247769726800065,ACTIVE,100,0,0,0,0,0,0,0
11,120247742995470065,PAUSED,100,0,0,0,0,0,0,0
11,120247742995440065,PAUSED,100,0,0,0,0,0,0,0
11,120247739160700425,PAUSED,111,0,0,0,0,0,0,0
11,120247734196240462,PAUSED,71,0,0,0,1,0,0,0
11,120248036926730544,PAUSED,80,0,0,0,1,0,0,0
11,120248057050630561,PAUSED,60,0,0,0,0,0,0,0
11,120248057050720561,PAUSED,60,0,0,0,0,0,0,0
11,120247591402040065,PAUSED,100,0,0,0,0,0,0,0
11,120247526522490425,PAUSED,100,0,0,0,0,0,0,0
11,120247418407680509,ACTIVE,100,0,0,0,0,0,0,0
11,120247418199130509,ACTIVE,100,0,0,0,0,0,0,0
11,120247418004300509,ACTIVE,100,0,0,0,0,0,0,0
11,120247392291490509,PAUSED,100,0,0,0,0,0,0,0
11,120247392291430509,PAUSED,100,0,0,0,0,0,0,0
11,120247362345500425,PAUSED,100,0,0,0,0,0,0,0
11,120247314213280509,PAUSED,100,0,0,0,0,0,0,0
11,120248150921990425,PAUSED,100,0,0,0,0,0,0,0
11,120247313795220509,PAUSED,100,0,0,0,0,0,0,0
11,120247313696440509,PAUSED,100,0,0,0,0,0,0,0
11,120247313666680509,PAUSED,100,0,0,0,0,0,0,0
11,120247313590630509,PAUSED,100,0,0,0,0,0,0,0
11,120247313590570509,PAUSED,100,0,0,0,0,0,0,0
11,120247246019410389,PAUSED,100,0,0,0,0,0,0,0
11,120247245482410509,PAUSED,100,0,0,0,0,0,0,0
11,120248162820870389,PAUSED,100,0,0,0,1,0,0,0
11,120247244234580509,PAUSED,100,0,0,0,0,0,0,0
11,120247244169600509,PAUSED,100,0,0,0,0,0,0,0
11,120247237472270043,PAUSED,70,0,0,0,0,0,0,0
11,120248184359340354,PAUSED,200,0,0,0,2,0,0,0
11,120247195225440465,PAUSED,100,0,0,0,0,0,0,0
11,120247195225360465,PAUSED,100,0,0,0,0,0,0,0
11,120247195225310465,PAUSED,100,0,0,0,0,0,0,0
11,120247118332680629,ACTIVE,100,0,0,0,0,0,0,0
11,120248291651510455,ACTIVE,100,0,0,0,0,0,0,0
11,120248291873350455,ACTIVE,100,0,0,0,0,0,0,0
11,120248292161180455,ACTIVE,100,0,0,0,0,0,0,0
11,120248298471880389,PAUSED,100,0,0,0,0,0,0,0
11,120248298471980389,PAUSED,100,0,0,0,0,0,0,0
11,120247117862750629,ACTIVE,100,0,0,0,0,0,0,0
11,120247117519720629,ACTIVE,100,0,0,0,0,0,0,0
11,120247110764820175,ACTIVE,100,0,0,0,0,0,0,0
11,120247110512200175,ACTIVE,100,0,0,0,0,0,0,0
11,120248335985820354,PAUSED,80,0,0,0,1,0,0,0
11,120247110428960175,ACTIVE,100,0,0,0,0,0,0,0
11,120247064860400731,PAUSED,80,0,0,0,1,0,0,0
11,120247051620620509,PAUSED,100,0,0,0,1,0,0,0
11,120248383861080100,PAUSED,500,0,0,0,1,0,0,0
11,120246887363960509,PAUSED,100,0,0,0,0,0,0,0
11,120248482530260695,PAUSED,50,0,0,0,1,0,0,0
11,120248482685330695,PAUSED,60,0,0,0,1,0,0,0
11,120246657519530455,PAUSED,50,0,0,0,0,0,0,0
11,120246631185540453,PAUSED,100,0,0,0,0,0,0,0
11,120248512806070048,PAUSED,100,0,0,0,0,0,0,0
11,120246631185460453,PAUSED,100,0,0,0,0,0,0,0
11,120246625257810453,PAUSED,100,0,0,0,0,0,0,0
11,120246625257750453,PAUSED,100,0,0,0,0,0,0,0
11,120246551258310674,PAUSED,80,0,0,0,0,0,0,0
11,120248565223490152,ACTIVE,100,0,0,0,0,0,0,0
11,120248565368580152,ACTIVE,100,0,0,0,0,0,0,0
11,120248565530720152,ACTIVE,100,0,0,0,0,0,0,0
11,120248582638620152,ACTIVE,100,0,0,0,0,0,0,0
11,120248582698040152,ACTIVE,100,0,0,0,0,0,0,0
11,120248582757250152,ACTIVE,100,0,0,0,0,0,0,0
11,120248585696940695,PAUSED,50,0,0,0,0,0,0,0
11,120248585697040695,PAUSED,50,0,1,0,0,0,0,0
11,120246377100470097,PAUSED,80,0,0,0,0,0,0,0
11,120246313814250752,ACTIVE,100,0,0,0,0,0,0,0
11,120246313721000752,ACTIVE,100,0,0,0,0,0,0,0
11,120246313524390752,ACTIVE,100,0,0,0,0,0,0,0
11,120246302096860389,PAUSED,100,0,0,0,0,0,0,0
11,120246208967220674,PAUSED,200,0,0,0,2,0,0,0
11,120248812040790116,PAUSED,100,0,0,0,2,0,0,0
11,120246145304640470,PAUSED,50,0,0,0,0,0,0,0
11,120246145304610470,PAUSED,50,0,0,0,0,0,0,0
11,120245956936730320,PAUSED,100,0,0,0,0,0,0,0
11,120245956936680320,PAUSED,50,0,0,0,10,0,0,0
11,120245901615420707,PAUSED,100,0,0,0,0,0,0,0
11,120249080040680100,PAUSED,100,0,0,0,2,0,0,0
11,120245833240990707,PAUSED,80,0,0,0,0,0,0,0
11,120245833240950707,PAUSED,80,0,0,0,0,0,0,0
11,120245649136960177,ACTIVE,100,0,0,0,0,0,0,0
11,120245649056680177,ACTIVE,100,0,0,0,0,0,0,0
11,120245649000800177,ACTIVE,100,0,0,0,0,0,0,0
11,120245456434700630,PAUSED,136,0,0,0,0,0,0,0
11,120245264539320177,PAUSED,100,0,0,0,0,0,0,0
11,120245170581670686,ACTIVE,100,0,0,0,0,0,0,0
11,120245170492570686,ACTIVE,100,0,0,0,0,0,0,0
11,120245170402820686,ACTIVE,100,0,0,0,0,0,0,0
11,120245045553140686,PAUSED,80,0,0,0,1,0,0,0
11,120245021443960179,PAUSED,80,0,0,0,0,0,0,0
11,120249375397370064,PAUSED,100,0,0,0,1,1,0,0
11,120244963644620686,PAUSED,80,0,0,0,0,0,0,0
11,120249409076720589,ACTIVE,100,0,0,0,0,0,0,0
11,120249410938120589,ACTIVE,100,0,0,0,0,0,0,0
11,120249411708990589,ACTIVE,100,0,0,0,0,0,0,0
11,120249415811790589,ACTIVE,100,0,0,0,0,0,0,0
11,120249415903450589,ACTIVE,100,0,0,0,0,0,0,0
11,120249416146940589,ACTIVE,100,0,0,0,0,0,0,0
11,120249533719420019,PAUSED,45,0,0,0,1,0,0,0
11,120244911471280436,PAUSED,100,0,0,0,0,0,0,0
11,120244911471140436,PAUSED,100,0,0,0,0,0,0,0
11,120244880653370686,PAUSED,100,0,0,0,0,0,0,0
11,120244761596340436,PAUSED,100,0,0,0,0,0,0,0
11,120250139848270577,PAUSED,100,0,0,0,0,0,0,0
11,120244750156460686,PAUSED,80,0,0,0,0,0,0,0
11,120244569933480320,PAUSED,120,0,0,0,1,0,1,35.51
11,120244505802680686,PAUSED,80,0,0,0,1,0,0,0
11,120244264704370436,PAUSED,100,0,0,0,1,0,0,0
11,120244213676560686,PAUSED,80,0,0,0,0,0,0,0
11,120244213532030686,PAUSED,80,0,0,0,0,0,0,0
11,120251239771490586,PAUSED,25,0,0,0,0,0,0,0
11,120251303916920586,PAUSED,150,0,0,0,0,0,0,0
11,120244115059620146,ACTIVE,100,0,0,0,0,0,0,0
11,120244114929610146,ACTIVE,100,0,0,0,0,0,0,0
11,120244114789840146,ACTIVE,100,0,0,0,0,0,0,0
11,120247872777930425,PAUSED,100,0,0,0,1,0,0,0
11,120244015261070146,PAUSED,100,0,0,0,0,0,0,0
11,120251855169760054,PAUSED,100,0,0,0,0,0,0,0
11,120244015261060146,PAUSED,100,0,0,0,0,0,0,0
11,120244014492200146,PAUSED,100,0,0,0,0,0,0,0
11,120244014260570146,PAUSED,100,0,0,0,0,0,0,0
11,120244014225950146,PAUSED,100,0,0,0,0,0,0,0
11,120243924560460146,PAUSED,100,0,0,0,0,0,0,0
11,120252458707720586,PAUSED,100,0,0,0,0,0,0,0
11,120243593603170146,PAUSED,500,0,0,0,0,0,0,0
11,120243302068140470,PAUSED,100,0,0,0,2,0,0,0
11,120256678317220586,PAUSED,45,0,0,0,0,0,0,0
11,120257133025000586,PAUSED,100,0,0,0,0,0,0,0
11,120242059074960146,PAUSED,100,0,0,0,1,0,0,0
11,120241273866440146,PAUSED,1116,0,0,0,3,0,0,0
