hh,campaign_id,status,budget,spent,impressions,clicks,views,checkout,purchase,rev
00,120245736523970177,ACTIVE,100,12.4,149,2,2,0,0,0
00,120246338028120241,ACTIVE,800,10.23,486,5,11,0,0,0
00,120252393006000428,ACTIVE,500,9.79,203,10,11,0,0,0
00,120246050713470630,ACTIVE,900,9.42,215,6,7,1,0,0
00,120244793522550320,ACTIVE,450,7.74,258,7,9,1,1,82.02
00,120240679404390629,ACTIVE,400,7.16,203,7,10,1,0,0
00,120243237372490455,ACTIVE,125,6.96,176,1,3,0,0,0
00,120247139480370564,ACTIVE,300,6.68,258,3,5,0,0,0
00,120244761233710455,ACTIVE,350,6.59,143,7,11,2,1,60.41
00,120248455243050455,ACTIVE,854,6.27,199,1,1,0,0,0
00,120249614588310725,ACTIVE,1000,6.19,129,1,2,1,0,0
00,120257843668650586,ACTIVE,500,5.8,150,2,3,0,0,0
00,120243986668280589,ACTIVE,1200,5.58,138,4,4,0,0,0
00,120245706333540025,ACTIVE,500,5.51,110,3,4,1,0,0
00,120252516139240428,ACTIVE,400,5.36,115,4,9,0,0,0
00,120246221877410629,ACTIVE,335,5.22,51,3,3,1,0,0
00,120248321980990065,ACTIVE,250,4.97,83,5,0,0,0,0
00,120246007012750630,ACTIVE,450,4.33,139,0,1,0,0,0
00,120249120674110404,ACTIVE,500,4.24,19,0,2,0,0,0
00,120251360834810166,ACTIVE,20,4.17,51,1,1,1,0,0
00,120244164741820146,ACTIVE,268,4.15,82,1,3,2,1,106.7
00,120245750558170707,ACTIVE,100,4.12,26,3,4,0,0,0
00,120245980788570752,ACTIVE,600,4.06,153,4,4,1,0,0
00,120246828454030629,ACTIVE,507,4.01,88,1,3,0,0,0
00,120258095185070586,ACTIVE,30,3.92,47,1,1,0,0,0
00,120243205951310642,ACTIVE,159,3.82,34,2,2,0,0,0
00,120247136451350725,ACTIVE,500,3.72,102,1,1,0,0,0
00,120244428953860686,ACTIVE,100,3.67,39,1,3,0,0,0
00,120246471244780065,ACTIVE,229,3.65,71,2,3,0,0,0
00,120247601538900425,ACTIVE,200,3.63,66,2,2,0,0,0
00,120245469696040686,ACTIVE,100,3.59,202,2,3,0,0,0
00,120250540664990577,ACTIVE,88,3.56,87,1,1,0,1,30.17
00,120246670033370677,ACTIVE,500,3.55,118,0,1,0,0,0
00,120250596505340709,ACTIVE,100,3.51,19,0,0,0,0,0
00,120251576447330651,ACTIVE,20,3.48,39,0,0,0,0,0
00,120245404387150125,ACTIVE,200,3.39,58,3,3,1,0,0
00,120244302651980146,ACTIVE,1000,3.39,112,2,3,0,0,0
00,120249181320780229,ACTIVE,216,3.36,82,0,0,0,0,0
00,120251509396740651,ACTIVE,20,3.32,69,0,1,0,0,0
00,120245759610260179,ACTIVE,400,3.23,125,3,4,0,0,0
00,120249754760810019,ACTIVE,300,3.2,71,4,6,0,0,0
00,120248416194170455,ACTIVE,400,3.15,87,0,0,0,0,0
00,120242031621370065,ACTIVE,229,3.12,51,0,0,0,0,0
00,120245339157220686,ACTIVE,291,3.1,32,1,1,0,0,0
00,120247762683780509,ACTIVE,250,3.08,47,1,1,0,0,0
00,120247335070640389,ACTIVE,100,3.01,128,5,5,1,0,0
00,120252337542810054,ACTIVE,118,2.98,26,0,1,0,0,0
00,120250566242310577,ACTIVE,100,2.79,67,4,4,0,0,0
00,120248893532100100,ACTIVE,500,2.78,96,1,2,1,0,0
00,120250641402060577,ACTIVE,100,2.78,31,2,1,1,0,0
00,120246131536730780,ACTIVE,80,2.66,40,1,1,0,0,0
00,120247061936980509,ACTIVE,200,2.65,83,0,1,0,0,0
00,120246832758790677,ACTIVE,300,2.62,93,0,0,0,0,0
00,120244034916020436,ACTIVE,242,2.57,91,2,4,0,0,0
00,120247322669120509,ACTIVE,200,2.55,50,0,0,0,0,0
00,120245631777490686,ACTIVE,80,2.54,44,2,2,0,0,0
00,120248229485400425,ACTIVE,360,2.51,56,1,2,2,1,39.980000000000004
00,120242907734560129,ACTIVE,100,2.5,75,1,1,0,0,0
00,120248596343100048,ACTIVE,100,2.45,28,0,0,0,0,0
00,120249178308050725,ACTIVE,100,2.45,31,0,0,0,0,0
00,120245334049460065,ACTIVE,680,2.41,50,1,4,1,0,0
00,120246891215890677,ACTIVE,100,2.39,29,2,1,1,1,73.05000000000001
00,120247199911460090,ACTIVE,469,2.38,69,1,1,0,0,0
00,120246040085600751,ACTIVE,600,2.37,44,1,1,0,0,0
00,120244749327030686,ACTIVE,1000,2.37,25,1,1,0,0,0
00,120243276755660065,ACTIVE,850,2.35,58,1,2,0,0,0
00,120249286682560368,ACTIVE,450,2.34,92,2,2,0,0,0
00,120248793927650152,ACTIVE,200,2.3,131,4,4,0,0,0
00,120248204610010425,ACTIVE,392,2.3,46,0,0,0,0,0
00,120247762435840509,ACTIVE,200,2.3,39,0,0,0,0,0
00,120250413795050709,ACTIVE,150,2.28,45,2,3,0,0,0
00,120248645284270152,ACTIVE,340,2.26,56,0,1,0,0,0
00,120246306322540533,ACTIVE,67,2.23,119,0,1,0,0,0
00,120246232539370090,ACTIVE,132,2.22,47,1,2,0,0,0
00,120246286465380752,ACTIVE,300,2.2,43,3,3,0,0,0
00,120248414403410695,ACTIVE,375,2.2,117,0,1,0,0,0
00,120244486414960436,ACTIVE,100,2.2,90,3,3,0,0,0
00,120239930892250650,ACTIVE,500,2.19,48,4,5,0,0,0
00,120246005453800291,ACTIVE,650,2.17,48,1,2,0,0,0
00,120245949924540025,ACTIVE,150,2.15,27,0,0,0,0,0
00,120249360668950725,ACTIVE,100,2.14,46,1,1,0,0,0
00,120247479945600065,ACTIVE,360,2.11,87,2,3,0,0,0
00,120248955593120695,ACTIVE,136,2.1,21,0,1,0,0,0
00,120249431214270100,ACTIVE,100,2.09,46,0,0,0,0,0
00,120243063569770146,ACTIVE,465,2.05,58,2,3,0,0,0
00,120244505718600686,ACTIVE,1000,2.04,40,0,0,0,0,0
00,120248598666870425,ACTIVE,200,2.02,28,0,0,0,0,0
00,120247813840340065,ACTIVE,168,2.01,37,0,0,0,0,0
00,120244880653330686,ACTIVE,100,2,29,1,1,0,0,0
00,120244471201830129,ACTIVE,120,1.99,78,2,4,1,0,0
00,120244389916660436,ACTIVE,109,1.99,58,1,1,0,0,0
00,120247175023780065,ACTIVE,100,1.96,42,0,1,0,0,0
00,120246050713310630,ACTIVE,230,1.95,21,0,1,0,0,0
00,120244073937770705,ACTIVE,100,1.94,23,0,1,1,1,29.98
00,120243593315080146,ACTIVE,485,1.93,37,1,1,0,0,0
00,120244480112510436,ACTIVE,150,1.93,78,3,6,1,1,99.72
00,120246402942850533,ACTIVE,100,1.93,39,5,3,0,0,0
00,120244883028360686,ACTIVE,900,1.91,46,0,0,0,0,0
00,120251223975900709,ACTIVE,500,1.9,42,1,1,0,0,0
00,120247304965600477,ACTIVE,100,1.85,31,1,1,0,0,0
00,120245923045620168,ACTIVE,100,1.81,29,0,0,0,0,0
00,120248426685080564,ACTIVE,100,1.8,32,1,1,0,0,0
00,120246023777450751,ACTIVE,1200,1.78,34,1,3,0,0,0
00,120252198020010210,ACTIVE,109,1.78,21,0,0,0,0,0
00,120246220485510177,ACTIVE,100,1.77,32,2,2,0,0,0
00,120245250780680175,ACTIVE,125,1.72,48,0,3,0,0,0
00,120244452712050146,ACTIVE,500,1.71,20,0,0,0,0,0
00,120248539381110725,ACTIVE,100,1.71,29,0,0,0,0,0
00,120245642739620125,ACTIVE,200,1.71,34,0,2,0,0,0
00,120245205425940677,ACTIVE,100,1.68,48,1,1,0,0,0
00,120244083558220146,ACTIVE,320,1.66,40,1,1,1,0,0
00,120249498266450589,ACTIVE,330,1.66,20,1,2,1,1,49.52
00,120246615285510642,ACTIVE,450,1.63,40,0,0,0,0,0
00,120246276719190650,ACTIVE,100,1.59,32,0,0,0,0,0
00,120250278918690653,ACTIVE,80,1.59,33,1,3,0,0,0
00,120249005372660589,ACTIVE,189,1.55,22,1,2,0,0,0
00,120248538756480561,ACTIVE,60,1.54,47,1,2,0,0,0
00,120245848127430707,ACTIVE,200,1.54,30,1,2,0,0,0
00,120245380137820707,ACTIVE,300,1.52,23,0,0,0,0,0
00,120246283621100177,ACTIVE,90,1.51,8,1,1,0,0,0
00,120250895500810586,ACTIVE,300,1.51,69,2,2,2,0,0
00,120246402943010533,ACTIVE,100,1.49,30,1,1,0,0,0
00,120249347498540100,ACTIVE,100,1.49,40,2,2,0,0,0
00,120246169445720320,ACTIVE,100,1.45,56,1,1,0,0,0
00,120244163991370436,ACTIVE,150,1.45,64,4,5,0,0,0
00,120248050137610065,ACTIVE,240,1.42,36,1,1,0,0,0
00,120246300475250650,ACTIVE,200,1.37,34,0,0,0,0,0
00,120245939066470025,ACTIVE,200,1.36,40,1,1,0,0,0
00,120242301213710065,ACTIVE,550,1.36,58,2,3,0,0,0
00,120246624479580241,ACTIVE,172,1.35,88,1,1,0,0,0
00,120251576088460651,ACTIVE,200,1.32,41,2,3,0,0,0
00,120247822522790043,ACTIVE,320,1.32,28,2,3,0,0,0
00,120245738102920780,ACTIVE,150,1.32,28,1,1,1,0,0
00,120248512806040048,ACTIVE,100,1.32,38,0,2,0,0,0
00,120248801075450431,ACTIVE,130,1.28,51,0,0,0,0,0
00,120249826842030100,ACTIVE,80,1.24,8,0,0,0,0,0
00,120247770604660509,ACTIVE,100,1.22,39,0,0,0,0,0
00,120241066464020065,ACTIVE,289,1.21,62,1,1,0,0,0
00,120249115230940100,ACTIVE,100,1.19,27,0,1,0,0,0
00,120248427381820564,ACTIVE,100,1.18,39,1,2,0,0,0
00,120246070715810752,ACTIVE,100,1.17,28,0,1,0,0,0
00,120246417765860752,ACTIVE,77,1.17,48,0,0,0,0,0
00,120249140601980100,ACTIVE,300,1.15,12,2,1,1,0,0
00,120243508760940146,ACTIVE,100,1.15,25,0,0,0,0,0
00,120248556140990663,ACTIVE,300,1.14,15,0,0,0,0,0
00,120245557729330686,ACTIVE,80,1.1,19,0,0,0,0,0
00,120244837091050678,ACTIVE,60,1.09,10,1,1,1,1,57.98
00,120248528450570455,ACTIVE,100,1.09,35,0,0,0,0,0
00,120249748358150589,ACTIVE,151,1.07,20,0,0,0,0,0
00,120246259925420674,ACTIVE,100,1.06,27,0,0,0,0,0
00,120246050713630630,ACTIVE,86,1.05,43,0,1,0,0,0
00,120245284137900686,ACTIVE,500,1.04,25,0,0,0,0,0
00,120247086366560097,ACTIVE,80,1.03,32,1,1,0,0,0
00,120244164847370788,ACTIVE,200,1.03,17,0,0,0,0,0
00,120248808316220695,ACTIVE,200,1.02,16,0,0,0,0,0
00,120249412510530100,ACTIVE,113,1.02,17,0,0,0,0,0
00,120247573916610214,ACTIVE,135,1.01,16,0,0,0,0,0
00,120247583319740586,ACTIVE,300,1,27,1,2,0,0,0
00,120249283732990100,ACTIVE,148,0.99,23,0,1,0,0,0
00,120242656322210455,ACTIVE,135,0.97,29,1,1,0,0,0
00,120247058049910303,ACTIVE,80,0.97,11,1,1,0,0,0
00,120245346459390436,ACTIVE,100,0.96,43,1,1,0,0,0
00,120246382556450462,ACTIVE,100,0.96,12,1,2,0,0,0
00,120246974343430674,ACTIVE,80,0.96,15,0,0,0,0,0
00,120246754801740509,ACTIVE,200,0.95,32,0,0,0,0,0
00,120250827793580013,ACTIVE,80,0.94,25,2,2,0,0,0
00,120249615629760603,ACTIVE,100,0.94,9,0,0,0,0,0
00,120244073937740705,ACTIVE,100,0.93,32,0,1,0,0,0
00,120251659288280166,ACTIVE,50,0.89,3,0,0,0,0,0
00,120258089121520586,ACTIVE,30,0.89,13,0,0,0,0,0
00,120249286765290368,ACTIVE,200,0.88,30,0,0,0,0,0
00,120245889270610065,ACTIVE,40,0.88,19,2,1,1,0,0
00,120250122186270319,ACTIVE,120,0.88,26,0,0,0,0,0
00,120247858934130544,ACTIVE,90,0.88,25,0,0,0,0,0
00,120250279061630653,ACTIVE,80,0.87,19,0,0,0,0,0
00,120248534140900544,ACTIVE,82,0.86,23,0,0,0,0,0
00,120250466943310577,ACTIVE,100,0.86,19,0,0,0,0,0
00,120244431777030751,ACTIVE,1000,0.86,16,0,1,0,0,0
00,120248142069690065,ACTIVE,100,0.83,20,0,0,0,0,0
00,120246381767620032,ACTIVE,200,0.83,27,2,2,1,0,0
00,120248524362970425,ACTIVE,300,0.83,35,2,3,0,0,0
00,120243951377020125,ACTIVE,200,0.82,28,0,0,0,0,0
00,120248540698960725,ACTIVE,100,0.82,17,0,0,0,0,0
00,120245241360310455,ACTIVE,100,0.82,58,0,0,0,0,0
00,120240901145360175,ACTIVE,315,0.82,76,1,0,0,0,0
00,120249935914320589,ACTIVE,95,0.82,24,0,0,0,0,0
00,120246403147480533,ACTIVE,100,0.82,34,0,2,0,0,0
00,120248490880410455,ACTIVE,100,0.81,24,1,0,0,0,0
00,120251254946790722,ACTIVE,120,0.81,19,0,2,0,0,0
00,23857687339360799,ACTIVE,260,0.81,7,1,0,0,0,0
00,120247952380210544,ACTIVE,106,0.81,16,0,0,0,0,0
00,23857834334500799,ACTIVE,60,0.8,15,0,1,0,0,0
00,120246493383140032,ACTIVE,100,0.8,30,0,1,0,0,0
00,120248332911960065,ACTIVE,200,0.8,28,0,0,0,0,0
00,120242847129030686,ACTIVE,100,0.8,5,0,1,1,0,0
00,120245638609160175,ACTIVE,132,0.79,30,1,2,0,0,0
00,120248538003950544,ACTIVE,150,0.79,20,0,1,0,0,0
00,120241119247090090,ACTIVE,245,0.79,16,0,2,0,0,0
00,120246815803520674,ACTIVE,100,0.79,8,0,0,0,0,0
00,120249300729750589,ACTIVE,100,0.79,21,0,0,0,0,0
00,120246791587200455,ACTIVE,341,0.77,18,0,2,0,0,0
00,120245899907890065,ACTIVE,115,0.77,13,0,1,1,1,49.519999999999996
00,120246145189280470,ACTIVE,80,0.77,36,1,1,0,0,0
00,120245306349070462,ACTIVE,100,0.76,15,0,0,0,0,0
00,120248248634970455,ACTIVE,100,0.76,3,1,1,0,0,0
00,120248598654640561,ACTIVE,99,0.75,33,0,1,0,0,0
00,120249105110140210,ACTIVE,92,0.75,44,0,0,0,0,0
00,120246870229730642,ACTIVE,100,0.74,10,0,0,0,0,0
00,120235701428400210,ACTIVE,200,0.73,14,1,2,0,0,0
00,120248732700550455,ACTIVE,435,0.72,30,2,1,0,0,0
00,120248564072910455,ACTIVE,100,0.71,19,1,1,0,0,0
00,23857661391130799,ACTIVE,160,0.71,8,0,0,0,0,0
00,120246701172200677,ACTIVE,146,0.71,21,0,0,0,0,0
00,120247378425210561,ACTIVE,380,0.71,44,3,3,0,0,0
00,120249861202960589,ACTIVE,100,0.69,19,0,0,0,0,0
00,120249182012100229,ACTIVE,450,0.69,35,1,2,0,0,0
00,120245031811820436,ACTIVE,100,0.68,32,2,1,0,0,0
00,120250501589950722,ACTIVE,80,0.68,17,0,1,0,0,0
00,120244623419230146,ACTIVE,100,0.68,19,0,1,0,0,0
00,120245899907660065,ACTIVE,115,0.68,15,0,2,0,0,0
00,120248151239370425,ACTIVE,300,0.68,14,0,0,0,0,0
00,120247114934220455,ACTIVE,100,0.68,17,2,2,0,0,0
00,120249525957160319,ACTIVE,300,0.67,9,0,1,0,0,0
00,120246050712990630,ACTIVE,200,0.67,12,0,0,0,0,0
00,120246219468190177,ACTIVE,100,0.67,17,0,1,0,0,0
00,120241596259880509,ACTIVE,100,0.66,19,0,0,0,0,0
00,120257647437950586,ACTIVE,100,0.66,12,0,0,0,0,0
00,120248722531060455,ACTIVE,133,0.66,12,0,1,0,0,0
00,23857850077800794,ACTIVE,100,0.66,4,0,0,0,0,0
00,120244761515050455,ACTIVE,1054,0.65,38,2,4,1,0,0
00,120245327669090320,ACTIVE,600,0.65,34,0,1,0,0,0
00,120250677671340013,ACTIVE,80,0.64,13,1,1,0,0,0
00,120243673094650146,ACTIVE,100,0.64,19,1,1,0,0,0
00,120247831600980509,ACTIVE,80,0.64,3,0,0,0,0,0
00,120247925267750303,ACTIVE,80,0.63,14,0,0,0,0,0
00,120247815325100509,ACTIVE,100,0.63,36,1,2,0,0,0
00,120243753190540054,ACTIVE,101,0.62,21,1,1,0,0,0
00,120245124026530686,ACTIVE,80,0.62,8,0,0,0,0,0
00,120248731496840561,ACTIVE,80,0.61,10,0,0,0,0,0
00,120249244397130229,ACTIVE,80,0.61,19,0,0,0,0,0
00,120249252046510229,ACTIVE,80,0.61,22,1,1,0,0,0
00,120244823852370686,ACTIVE,100,0.6,7,0,0,0,0,0
00,120251692403590054,ACTIVE,95,0.6,17,0,0,0,0,0
00,120247822061580043,ACTIVE,220,0.6,5,1,2,0,0,0
00,120248444259380455,ACTIVE,134,0.6,14,0,0,0,0,0
00,120246466192240533,ACTIVE,90,0.59,30,0,0,0,0,0
00,120248574839520695,ACTIVE,50,0.59,25,1,1,0,0,0
00,120252456048800428,ACTIVE,100,0.58,10,0,0,0,0,0
00,120247040934570629,ACTIVE,400,0.58,29,0,0,0,0,0
00,120244802271840788,ACTIVE,100,0.57,5,0,0,0,0,0
00,120242301213170065,ACTIVE,300,0.57,27,2,2,0,0,0
00,120248598654680561,ACTIVE,99,0.57,14,0,0,0,0,0
00,120249384124830663,ACTIVE,136,0.57,10,0,0,0,0,0
00,120247893321760509,ACTIVE,102,0.56,8,0,0,0,0,0
00,120247623540580509,ACTIVE,92,0.56,12,1,1,0,0,0
00,120248764599250589,ACTIVE,200,0.56,16,1,1,0,0,0
00,120245514271720065,ACTIVE,115,0.56,8,0,0,0,0,0
00,120247689486720509,ACTIVE,500,0.55,25,1,2,0,0,0
00,120248396283420425,ACTIVE,200,0.54,19,0,0,0,0,0
00,120244963455410686,ACTIVE,80,0.53,6,0,0,0,0,0
00,120246599961620214,ACTIVE,150,0.52,6,0,0,0,0,0
00,120247595220850629,ACTIVE,100,0.52,15,1,2,0,0,0
00,120246131739110780,ACTIVE,80,0.52,23,0,0,0,0,0
00,120244504303760686,ACTIVE,500,0.52,13,0,0,0,0,0
00,120244623330020146,ACTIVE,100,0.52,4,0,0,0,0,0
00,120247547590960642,ACTIVE,120,0.52,14,0,0,0,0,0
00,120248956379790695,ACTIVE,50,0.52,23,0,0,0,0,0
00,120246010945790630,ACTIVE,86,0.51,12,0,0,0,0,0
00,120247974813980642,ACTIVE,151,0.51,21,0,0,0,0,0
00,120257843052780586,ACTIVE,109,0.5,16,0,1,0,0,0
00,120247504003780425,ACTIVE,113,0.49,15,0,0,0,0,0
00,120246818759010303,ACTIVE,80,0.49,10,0,0,0,0,0
00,120247293641570642,ACTIVE,120,0.49,21,0,0,0,0,0
00,120246191098970320,ACTIVE,400,0.49,45,1,3,0,0,0
00,120248615909580019,ACTIVE,50,0.48,8,0,0,0,0,0
00,120247594535460629,ACTIVE,80,0.48,7,0,0,0,0,0
00,120249151139280057,ACTIVE,100,0.48,8,0,0,0,0,0
00,120249022346600152,ACTIVE,80,0.48,17,1,2,0,0,0
00,120248082904030663,ACTIVE,150,0.48,13,0,0,0,0,0
00,120248911416770577,ACTIVE,101,0.48,14,0,1,0,0,0
00,120245889270720065,ACTIVE,40,0.47,13,0,0,0,0,0
00,120247645229990642,ACTIVE,100,0.46,13,0,1,0,0,0
00,120249711938850319,ACTIVE,290,0.46,29,1,3,0,0,0
00,120248922585490210,ACTIVE,200,0.45,69,2,2,0,0,0
00,120248321980970065,ACTIVE,250,0.45,17,1,0,0,0,0
00,120249790953950725,ACTIVE,100,0.45,12,1,1,0,0,0
00,120245334049540065,ACTIVE,550,0.44,17,0,1,0,0,0
00,120245687813040097,ACTIVE,81,0.44,1,0,0,0,0,0
00,120249052890110100,ACTIVE,500,0.44,14,1,3,1,1,78.94
00,120247576997320214,ACTIVE,80,0.43,2,0,0,0,0,0
00,120246397978120533,ACTIVE,90,0.43,21,0,1,1,0,0
00,120246145364940470,ACTIVE,80,0.42,4,0,0,0,0,0
00,120248207466280561,ACTIVE,60,0.41,11,1,1,0,0,0
00,120245610768940032,ACTIVE,200,0.41,14,0,0,0,1,48.42
00,120242746886630788,ACTIVE,200,0.4,8,1,2,1,0,0
00,120244691045040320,ACTIVE,120,0.4,18,0,0,0,0,0
00,120246888370010097,ACTIVE,150,0.4,16,1,1,0,0,0
00,120248536188000100,ACTIVE,300,0.39,13,1,2,1,0,0
00,120251279954260722,ACTIVE,40,0.39,8,0,0,0,0,0
00,120245205078130630,ACTIVE,94,0.39,18,0,0,0,0,0
00,120246886453300707,ACTIVE,82,0.38,8,0,0,0,0,0
00,120252191525360210,ACTIVE,80,0.38,9,0,0,0,0,0
00,120252288360590054,ACTIVE,100,0.38,11,0,0,0,0,0
00,120247620975770509,ACTIVE,100,0.38,17,0,1,0,0,0
00,120255653285300586,ACTIVE,118,0.38,11,0,0,0,0,0
00,120248180759590065,ACTIVE,118,0.37,15,0,0,0,0,0
00,120248645284350152,ACTIVE,80,0.37,15,0,0,0,0,0
00,120244536077290146,ACTIVE,100,0.36,13,0,0,0,0,0
00,120246340309750533,ACTIVE,100,0.36,25,0,0,0,0,0
00,120244794017770320,ACTIVE,400,0.35,11,0,0,0,0,0
00,120248641303950544,PAUSED,80,0.35,11,0,1,0,0,0
00,120249615707300603,ACTIVE,100,0.35,9,0,0,0,0,0
00,120243466971930678,ACTIVE,100,0.35,7,0,0,0,0,0
00,120244452501840146,ACTIVE,100,0.35,13,0,0,0,0,0
00,120248974670480019,ACTIVE,50,0.34,3,0,0,0,0,0
00,120248547360230544,ACTIVE,80,0.34,13,0,0,0,0,0
00,120241671273870455,ACTIVE,100,0.34,10,0,2,1,0,0
00,120246130891350780,ACTIVE,80,0.34,6,0,0,0,0,0
00,120258091126130586,ACTIVE,300,0.33,12,0,0,0,0,0
00,120246733902040065,ACTIVE,80,0.33,10,0,1,0,0,0
00,120246891334500677,ACTIVE,100,0.33,9,0,0,0,0,0
00,120247073165120090,ACTIVE,155,0.33,7,0,0,0,0,0
00,120248737641910722,ACTIVE,80,0.32,12,0,1,0,0,0
00,120248302764770065,ACTIVE,85,0.32,8,0,0,0,0,0
00,6994669583826,ACTIVE,50,0.32,12,0,0,0,0,0
00,120250946852160368,ACTIVE,85,0.32,8,0,0,0,0,0
00,120244761352230455,ACTIVE,425,0.32,6,0,0,0,0,0
00,120246299672740751,ACTIVE,195,0.31,2,0,0,0,0,0
00,120245944457570630,ACTIVE,114,0.31,21,0,0,0,0,0
00,120249090711190695,ACTIVE,80,0.31,3,0,0,0,0,0
00,120246754497550032,ACTIVE,76,0.31,12,1,1,0,0,0
00,120244367774220146,ACTIVE,100,0.3,7,0,0,0,0,0
00,120246050713140630,ACTIVE,200,0.3,4,0,0,0,0,0
00,120249672773570589,ACTIVE,100,0.3,16,0,0,0,0,0
00,120245045578670686,ACTIVE,80,0.3,5,0,0,0,0,0
00,120246693068060097,ACTIVE,200,0.29,7,0,0,0,0,0
00,120240470979080090,ACTIVE,275,0.29,6,0,0,0,0,0
00,120248574839550695,ACTIVE,187,0.29,11,0,1,0,0,0
00,120245823079650320,ACTIVE,100,0.29,6,0,0,0,0,0
00,120245988448910780,ACTIVE,80,0.28,4,0,0,0,0,0
00,120247802943620389,ACTIVE,100,0.28,24,0,1,0,0,0
00,120248752320410389,ACTIVE,80,0.28,13,0,1,0,0,0
00,120246232598650090,ACTIVE,221,0.27,7,0,0,0,0,0
00,120247854925480090,ACTIVE,125,0.27,8,0,0,0,0,0
00,120250429792780057,ACTIVE,100,0.27,3,0,0,0,0,0
00,120246572543060470,ACTIVE,10,0.27,7,0,0,0,0,0
00,120246465900910677,ACTIVE,100,0.27,9,0,0,0,0,0
00,120244542271970146,ACTIVE,100,0.26,5,0,0,0,0,0
00,120246508713670320,ACTIVE,100,0.26,19,0,0,0,0,0
00,120245010772960663,ACTIVE,200,0.26,4,0,0,0,0,0
00,120246415849650214,ACTIVE,135,0.26,12,0,0,0,0,0
00,120248492410110561,ACTIVE,80,0.26,12,0,0,0,0,0
00,120246220846720177,ACTIVE,100,0.25,11,0,1,0,0,0
00,120247608644690175,ACTIVE,120,0.25,10,0,0,0,0,0
00,120251223975830709,ACTIVE,150,0.25,2,0,0,0,0,0
00,120245481989400065,ACTIVE,40,0.25,11,1,1,0,0,0
00,120244623292210146,ACTIVE,100,0.25,7,0,0,0,0,0
00,120248304803930065,ACTIVE,50,0.24,5,0,0,0,0,0
00,120245250322490642,ACTIVE,300,0.24,21,2,3,1,1,92.30000000000001
00,120248305165620065,ACTIVE,50,0.24,8,0,0,0,0,0
00,120247820656990509,ACTIVE,102,0.23,10,1,1,0,0,0
00,120248384078440455,ACTIVE,100,0.23,14,0,0,0,0,0
00,120247866597170389,ACTIVE,100,0.23,20,0,0,0,0,0
00,120246361016040650,ACTIVE,100,0.23,9,0,0,0,0,0
00,120246338142390241,ACTIVE,97,0.22,39,0,1,0,0,0
00,120249774896160127,ACTIVE,100,0.22,8,1,1,0,0,0
00,120249252046550229,ACTIVE,80,0.22,40,0,1,0,0,0
00,120244623311730146,ACTIVE,100,0.21,6,0,0,0,0,0
00,120248129647260303,ACTIVE,40,0.21,9,0,0,0,0,0
00,120246594237630032,ACTIVE,200,0.21,4,0,0,0,0,0
00,120246299672700751,ACTIVE,500,0.2,6,0,0,0,0,0
00,120245400911130686,ACTIVE,80,0.2,6,0,0,0,0,0
00,120248304803400065,ACTIVE,50,0.2,9,1,1,0,0,0
00,120249614588330725,ACTIVE,200,0.2,6,0,0,0,0,0
00,6973002163226,ACTIVE,50,0.2,7,0,0,0,0,0
00,120246624479910241,ACTIVE,90,0.19,11,0,0,0,0,0
00,120249861203050589,ACTIVE,100,0.19,2,1,1,0,0,0
00,120246717243380752,ACTIVE,100,0.19,7,0,0,0,0,0
00,120246832874220677,ACTIVE,100,0.18,6,0,0,0,0,0
00,120251612475740404,ACTIVE,200,0.18,4,2,2,0,0,0
00,120246153345400650,ACTIVE,100,0.18,9,0,0,0,0,0
00,120249791261630725,ACTIVE,100,0.18,8,0,0,0,0,0
00,120249790639140725,ACTIVE,100,0.18,10,0,0,0,0,0
00,120248538756410561,ACTIVE,60,0.18,11,1,1,0,0,0
00,120251239771420586,ACTIVE,100,0.18,8,0,0,0,0,0
00,120246471244730065,ACTIVE,229,0.18,10,0,2,0,0,0
00,120235701428420210,ACTIVE,200,0.18,9,0,1,0,0,0
00,120246998580960674,ACTIVE,80,0.18,4,0,0,0,0,0
00,120249935914370589,ACTIVE,95,0.17,15,1,1,0,0,0
00,120245642739820125,ACTIVE,300,0.17,14,0,0,0,0,0
00,120246299721480751,ACTIVE,325,0.17,4,0,0,0,0,0
00,120248492410200561,ACTIVE,80,0.17,8,1,1,0,0,0
00,120257783384890586,ACTIVE,25,0.16,11,0,0,0,0,0
00,120247392329370509,ACTIVE,100,0.16,16,0,0,0,0,0
00,120249615778010603,ACTIVE,100,0.16,6,0,0,0,0,0
00,120248064986340303,ACTIVE,80,0.16,6,0,0,0,0,0
00,120246641477400320,ACTIVE,108,0.15,3,0,0,0,0,0
00,120244978756050678,ACTIVE,100,0.15,12,1,0,0,0,0
00,120246647909930752,ACTIVE,111,0.15,8,1,1,0,0,0
00,120246710213420090,ACTIVE,125,0.15,6,0,0,0,0,0
00,120246851941710241,ACTIVE,120,0.15,3,0,0,0,0,0
00,120247030018130097,ACTIVE,80,0.15,9,0,0,0,0,0
00,120246024108440751,ACTIVE,345,0.14,4,0,0,0,0,0
00,120248623160360561,ACTIVE,60,0.14,5,1,1,0,0,0
00,120248623160450561,ACTIVE,60,0.13,3,0,0,0,0,0
00,120258089121110586,ACTIVE,30,0.13,3,0,0,0,0,0
00,6973002165426,ACTIVE,50,0.13,10,0,0,0,0,0
00,120243217129690509,ACTIVE,100,0.13,16,1,1,0,0,0
00,120248573692120695,ACTIVE,120,0.13,16,0,0,0,0,0
00,120247246206720389,ACTIVE,100,0.13,9,0,0,0,0,0
00,120246710213410090,ACTIVE,275,0.12,3,0,0,0,0,0
00,120244242496990780,ACTIVE,100,0.12,5,0,0,0,0,0
00,120245282912580630,ACTIVE,450,0.12,3,0,1,0,0,0
00,120249181320300229,ACTIVE,400,0.12,16,0,0,0,0,0
00,120246024108390751,ACTIVE,500,0.12,8,0,0,0,0,0
00,120248510641030431,ACTIVE,220,0.12,6,0,0,0,0,0
00,120249791286030725,ACTIVE,100,0.12,4,0,0,0,0,0
00,120251063106910166,ACTIVE,50,0.11,6,0,0,0,0,0
00,120247815426390509,ACTIVE,100,0.11,15,0,0,0,0,0
00,120246818759970303,ACTIVE,40,0.11,4,0,0,0,0,0
00,120246145506950470,ACTIVE,80,0.11,8,0,0,0,0,0
00,120246191098590320,ACTIVE,200,0.11,7,0,0,0,0,0
00,120248443467340561,ACTIVE,31,0.11,7,0,0,0,0,0
00,120246643265130674,ACTIVE,100,0.1,13,0,0,0,0,0
00,120237484145990455,ACTIVE,145,0.1,10,0,0,0,0,0
00,120246733901990065,ACTIVE,80,0.1,6,0,0,0,0,0
00,120246733876960065,ACTIVE,80,0.1,1,0,0,0,0,0
00,120247597780010751,ACTIVE,40,0.1,1,0,0,0,0,0
00,120245343640550686,ACTIVE,80,0.1,1,0,0,0,0,0
00,120246123176490177,ACTIVE,89,0.1,9,0,0,0,0,0
00,120245602350460032,ACTIVE,100,0.1,13,0,1,0,0,0
00,120249439269180365,ACTIVE,80,0.09,4,0,0,0,0,0
00,120251280446770722,ACTIVE,40,0.09,6,0,0,0,0,0
00,120249790639400725,ACTIVE,100,0.09,2,0,0,0,0,0
00,120246668892470032,ACTIVE,100,0.09,5,0,0,0,0,0
00,120246736062480320,ACTIVE,107,0.09,6,0,0,0,0,0
00,120246759433650677,ACTIVE,112,0.09,9,0,0,0,0,0
00,120246787004190097,ACTIVE,106,0.08,2,0,0,0,0,0
00,120246733877000065,ACTIVE,80,0.08,2,0,0,0,0,0
00,120247872427130090,ACTIVE,125,0.08,1,0,1,0,0,0
00,120246299672680751,ACTIVE,115,0.08,5,0,0,0,0,0
00,120246006479660630,ACTIVE,108,0.08,3,0,0,0,0,0
00,120245880736570172,ACTIVE,40,0.08,2,0,0,0,0,0
00,120235336090360210,ACTIVE,200,0.08,9,0,0,0,0,0
00,120247576981390214,ACTIVE,80,0.07,2,0,0,0,0,0
00,120247815324740509,ACTIVE,100,0.07,8,0,0,0,0,0
00,120250641335530577,ACTIVE,100,0.07,13,0,0,0,0,0
00,120258091225770586,ACTIVE,100,0.06,4,0,1,0,0,0
00,120240258763950179,ACTIVE,320,0.06,7,0,0,0,0,0
00,120241067387190788,ACTIVE,100,0.06,3,0,0,0,0,0
00,120251037305290166,ACTIVE,50,0.06,7,0,0,0,0,0
00,120249790746660725,ACTIVE,100,0.05,2,0,0,0,0,0
00,120252191447820210,ACTIVE,80,0.05,2,0,0,0,0,0
00,120246962698770090,ACTIVE,195,0.05,6,1,1,0,0,0
00,120251576134230651,ACTIVE,20,0.05,1,0,0,0,0,0
00,120244270293390320,ACTIVE,120,0.04,8,0,0,0,0,0
00,120246309078080032,ACTIVE,200,0.04,1,0,0,0,0,0
00,120252454563420054,ACTIVE,100,0.04,2,0,0,0,0,0
00,120247576981360214,ACTIVE,80,0.04,2,0,0,0,0,0
00,120250279061540653,ACTIVE,80,0.04,2,0,1,0,0,0
00,120251659288010166,ACTIVE,50,0.04,1,0,0,0,0,0
00,120247934031060303,ACTIVE,68,0.03,5,0,0,0,0,0
00,120250558406210368,ACTIVE,193,0.03,6,0,0,0,0,0
00,120246299721450751,ACTIVE,195,0.03,3,0,0,0,0,0
00,120244235259940678,ACTIVE,45,0.03,3,0,0,0,0,0
00,120247872427160090,ACTIVE,125,0.03,3,0,0,0,0,0
00,120251688330770166,ACTIVE,50,0.03,4,0,0,0,0,0
00,120246867915010442,ACTIVE,100,0.03,5,0,0,0,0,0
00,120246129839740630,ACTIVE,80,0.03,5,0,0,0,0,0
00,120245847200980133,ACTIVE,80,0.03,3,0,0,0,0,0
00,120248700431710469,ACTIVE,80,0.03,7,0,0,0,0,0
00,120255021163250197,ACTIVE,80,0.03,2,0,0,0,0,0
00,120248430661490642,ACTIVE,125,0.02,1,1,1,0,0,0
00,120248583661740564,ACTIVE,80,0.02,3,0,0,0,0,0
00,120244623781980146,ACTIVE,100,0.01,1,0,0,0,0,0
00,120245514271740065,ACTIVE,195,0.01,1,0,0,0,0,0
00,120246299721620751,ACTIVE,68,0.01,1,0,0,0,0,0
00,120248305463800065,ACTIVE,50,0.01,2,0,0,0,0,0
00,120246668892520032,ACTIVE,100,0.01,1,0,0,0,0,0
00,120244906297410788,ACTIVE,100,0.01,1,0,0,0,0,0
00,120244824816070686,ACTIVE,80,0.01,1,0,0,0,0,0
00,120248305165660065,ACTIVE,50,0.01,1,0,0,0,0,0
00,120245481989440065,ACTIVE,40,0.01,2,0,0,0,0,0
00,120248731496790561,ACTIVE,80,0.01,1,0,0,0,0,0
00,120245699296550686,ACTIVE,80,0,0,0,0,0,0,0
00,120245699295330686,ACTIVE,80,0,0,0,0,0,0,0
00,120245699235240686,ACTIVE,80,0,0,0,0,0,0,0
00,120245699235190686,ACTIVE,80,0,0,0,0,0,0,0
00,120250597528690019,ACTIVE,10,0,0,0,0,0,0,0
00,120250597528780019,ACTIVE,10,0,0,0,0,0,0,0
00,120250597528860019,ACTIVE,10,0,0,0,0,0,0,0
00,120250597528930019,ACTIVE,10,0,0,0,0,0,0,0
00,120250597561760019,ACTIVE,10,0,0,0,0,0,0,0
00,120250597561790019,ACTIVE,10,0,0,0,0,0,0,0
00,120250597561850019,ACTIVE,10,0,0,0,0,0,0,0
00,120250597561880019,ACTIVE,10,0,0,0,0,0,0,0
00,120250598762320019,ACTIVE,30,0,0,0,0,0,0,0
00,120250598762660019,ACTIVE,30,0,0,0,0,0,0,0
00,120250598801610019,ACTIVE,30,0,0,0,0,0,0,0
00,120250598801680019,ACTIVE,30,0,0,0,0,0,0,0
00,120245699166900686,ACTIVE,80,0,0,0,0,0,0,0
00,120245699166630686,ACTIVE,80,0,0,0,0,0,0,0
00,120245698217460686,ACTIVE,80,0,0,0,0,0,0,0
00,120245698184740686,ACTIVE,80,0,0,0,0,0,0,0
00,120245698119350686,ACTIVE,80,0,0,0,0,0,0,0
00,120248531045440126,ACTIVE,80,0,0,0,0,0,0,0
00,120245697787450686,ACTIVE,80,0,0,0,0,0,0,0
00,120245697638490686,ACTIVE,80,0,0,0,0,0,0,0
00,120248734905220544,ACTIVE,80,0,0,0,0,0,0,0
00,120248734904900544,ACTIVE,80,0,0,0,0,0,0,0
00,120248732497420544,PAUSED,80,0,0,0,0,0,0,0
00,120245218353210788,ACTIVE,50,0,4,0,0,0,0,0
00,120244963676310686,ACTIVE,80,0,1,0,0,0,0,0
00,120244694492240146,ACTIVE,100,0,0,0,0,0,0,0
00,120244694492190146,ACTIVE,100,0,0,0,0,0,0,0
00,120244694320510146,ACTIVE,100,0,0,0,0,0,0,0
00,120244694299880146,ACTIVE,100,0,0,0,0,0,0,0
00,120244694220570146,ACTIVE,100,0,0,0,0,0,0,0
00,120244694220400146,ACTIVE,100,0,0,0,0,0,0,0
00,120244694199190146,ACTIVE,100,0,0,0,0,0,0,0
00,120244694198510146,ACTIVE,100,0,0,0,0,0,0,0
00,120252522175850054,ACTIVE,100,0,0,0,0,0,0,0
00,120244694121960146,ACTIVE,100,0,0,0,0,0,0,0
00,120244694101130146,ACTIVE,100,0,0,0,0,0,0,0
00,120244694066130146,ACTIVE,100,0,0,0,0,0,0,0
00,120244694066100146,ACTIVE,100,0,0,0,0,0,0,0
00,120244694048650146,ACTIVE,100,0,0,0,0,0,0,0
00,120248732497100544,ACTIVE,80,0,0,0,0,0,0,0
00,120244694024530146,ACTIVE,100,0,0,0,0,0,0,0
00,120244694024460146,ACTIVE,100,0,0,0,0,0,0,0
00,120258253671850586,ACTIVE,30,0,0,0,0,0,0,0
00,120258253672830586,ACTIVE,30,0,0,0,0,0,0,0
00,120248732241790544,ACTIVE,80,0,0,0,0,0,0,0
00,23857834334530799,ACTIVE,60,0,0,0,0,0,0,0
00,120248732241360544,ACTIVE,80,0,0,0,0,0,0,0
00,120248731904820544,ACTIVE,80,0,0,0,0,0,0,0
00,6988473935233,PAUSED,80,0,0,0,0,0,0,0
00,6988473937033,PAUSED,80,0,0,0,0,0,0,0
00,6988495408633,ACTIVE,80,0,0,0,0,0,0,0
00,6988495411233,ACTIVE,80,0,0,0,0,0,0,0
00,120245827406140179,ACTIVE,100,0,0,0,0,0,0,0
00,120248500573400642,ACTIVE,123,0,3,0,0,0,0,0
00,120247896679960509,ACTIVE,100,0,0,0,0,0,0,0
00,120245827465330179,ACTIVE,100,0,0,0,0,0,0,0
00,120245827389160179,ACTIVE,100,0,0,0,0,0,0,0
00,120248731801150544,ACTIVE,80,0,0,0,0,0,0,0
00,120245827413590179,ACTIVE,100,0,0,0,0,0,0,0
00,120245827465160179,ACTIVE,100,0,0,0,0,0,0,0
00,120245827406030179,ACTIVE,100,0,0,0,0,0,0,0
00,120245827413620179,ACTIVE,100,0,0,0,0,0,0,0
00,120245827389150179,ACTIVE,100,0,0,0,0,0,0,0
00,120249205590160431,ACTIVE,80,0,0,0,0,0,0,0
00,120249205590130431,ACTIVE,80,0,0,0,0,0,0,0
00,120249205526520431,ACTIVE,80,0,0,0,0,0,0,0
00,120247086366420097,ACTIVE,80,0,0,0,0,0,0,0
00,120247086347850097,ACTIVE,80,0,0,0,0,0,0,0
00,120247086330490097,ACTIVE,80,0,0,0,0,0,0,0
00,120247086303000097,ACTIVE,80,0,1,0,0,0,0,0
00,120246821790660032,ACTIVE,76,0,1,0,0,0,0,0
00,120249205526460431,ACTIVE,80,0,0,0,0,0,0,0
00,120246788794230752,ACTIVE,76,0,1,0,0,0,0,0
00,120247896140700509,ACTIVE,100,0,0,0,0,0,0,0
00,120247896200460509,ACTIVE,100,0,0,0,0,0,0,0
00,120247896201040509,ACTIVE,100,0,0,0,0,0,0,0
00,120247896237060509,ACTIVE,100,0,0,0,0,0,0,0
00,120247896529670509,ACTIVE,100,0,0,0,0,0,0,0
00,120247896529750509,ACTIVE,100,0,0,0,0,0,0,0
00,120247896715060509,ACTIVE,100,0,0,0,0,0,0,0
00,120247896715880509,ACTIVE,100,0,0,0,0,0,0,0
00,120246377047690097,ACTIVE,80,0,2,0,0,0,0,0
00,120248500573340642,ACTIVE,123,0,1,0,0,0,0,0
00,120248531044730126,ACTIVE,80,0,0,0,0,0,0,0
00,120249871262610725,ACTIVE,100,0,0,0,0,0,0,0
00,120249871262650725,ACTIVE,100,0,0,0,0,0,0,0
00,120249871362030725,ACTIVE,100,0,0,0,0,0,0,0
00,120249871362270725,ACTIVE,100,0,0,0,0,0,0,0
00,120249871401270725,ACTIVE,100,0,0,0,0,0,0,0
00,120249871432720725,ACTIVE,100,0,0,0,0,0,0,0
00,120249871805740725,ACTIVE,100,0,0,0,0,0,0,0
00,120249871805770725,ACTIVE,100,0,0,0,0,0,0,0
00,120249871817940725,ACTIVE,100,0,0,0,0,0,0,0
00,120249871818100725,ACTIVE,100,0,0,0,0,0,0,0
00,120248760721880469,ACTIVE,80,0,0,0,0,0,0,0
00,120248760611910469,ACTIVE,80,0,0,0,0,0,0,0
00,120248760548850469,ACTIVE,80,0,0,0,0,0,0,0
00,120248760404460469,ACTIVE,80,0,0,0,0,0,0,0
00,120248760404410469,ACTIVE,80,0,0,0,0,0,0,0
00,120245827502850179,ACTIVE,100,0,0,0,0,0,0,0
00,120245827502840179,ACTIVE,100,0,0,0,0,0,0,0
01,120243986668280589,ACTIVE,1200,26.869999999999997,501,12,25,1,0,0
01,120252393006000428,ACTIVE,500,22.46,482,19,20,1,0,0
01,120246050713470630,ACTIVE,900,20.72,474,10,10,2,0,0
01,120243593315080146,ACTIVE,485,19.79,247,10,7,0,0,0
01,120248455243050455,ACTIVE,854,19.77,699,11,13,0,0,0
01,120252516139240428,ACTIVE,400,19.009999999999998,363,19,20,2,2,75.96
01,120244761515050455,ACTIVE,1054,18.91,538,12,19,1,0,0
01,120246338028120241,ACTIVE,800,18.189999999999998,909,14,14,0,0,0
01,120249614588310725,ACTIVE,1000,14.53,358,4,9,1,0,0
01,120257843668650586,PAUSED,50,14.04,319,6,5,1,1,28.98
01,120245706333540025,ACTIVE,500,13.73,284,9,10,2,0,0
01,120245736523970177,ACTIVE,100,13.41,165,2,2,0,0,0
01,120244761233710455,ACTIVE,350,13.079999999999998,337,15,17,3,1,60.41
01,120244302651980146,ACTIVE,1000,12.84,391,6,10,1,1,75.22
01,120245980788570752,ACTIVE,600,12.59,399,10,11,2,0,0
01,120247139480370564,ACTIVE,300,12.379999999999999,530,8,6,1,0,0
01,120248416194170455,ACTIVE,400,11.809999999999999,287,7,8,2,1,84.37
01,120244793522550320,ACTIVE,450,11.629999999999999,426,12,11,1,1,82.02
01,120243237372490455,ACTIVE,125,11.25,296,4,6,0,0,0
01,120240679404390629,ACTIVE,400,11.18,314,11,14,2,1,36.949999999999996
01,120246670033370677,ACTIVE,500,10.8,427,1,3,0,0,0
01,120246221877410629,ACTIVE,335,10.73,182,9,8,3,0,0
01,120248321980990065,ACTIVE,250,10.69,217,16,0,0,0,0
01,120245622959500630,ACTIVE,127,10.620000000000001,180,2,4,1,0,0
01,120247136451350725,ACTIVE,500,10.34,286,5,4,1,1,28.98
01,120250540664990577,ACTIVE,88,10.24,198,4,4,0,1,30.17
01,120244164741820146,ACTIVE,268,10.04,237,5,5,3,2,181.92000000000002
01,120245334049460065,ACTIVE,680,9.67,194,5,5,1,0,0
01,120248893532100100,ACTIVE,500,9.33,266,2,5,2,1,38.17
01,120244761352230455,ACTIVE,425,9.19,229,2,5,0,0,0
01,120245759610260179,ACTIVE,400,9.1,422,6,6,1,1,28.98
01,120246007012750630,ACTIVE,450,9.08,249,4,3,1,1,29.98
01,120249244397130229,ACTIVE,80,8.81,88,2,2,0,0,0
01,120246828454030629,ACTIVE,507,8.81,232,3,6,0,0,0
01,120244883028360686,ACTIVE,900,8.74,132,1,3,1,0,0
01,120247601538900425,ACTIVE,200,8.63,144,3,5,0,0,0
01,120248151239370425,ACTIVE,300,8.34,38,0,1,0,0,0
01,120247762683780509,ACTIVE,250,8.17,145,3,3,0,0,0
01,120245469696040686,ACTIVE,100,7.87,346,7,7,0,0,0
01,120246832758790677,ACTIVE,300,7.859999999999999,227,2,4,0,0,0
01,120252516152250428,ACTIVE,100,7.84,111,1,3,0,0,0
01,120246283621240177,ACTIVE,90,7.43,84,0,2,0,0,0
01,120247335070640389,ACTIVE,100,7.4,273,8,11,3,1,59.910000000000004
01,120244034916020436,ACTIVE,242,7.32,326,9,9,1,1,68.22
01,120249181320780229,ACTIVE,216,7.209999999999999,172,0,3,0,0,0
01,120246040085600751,ACTIVE,600,7.1,180,4,4,2,1,67.94
01,120245939066470025,ACTIVE,200,7.09,125,2,2,1,0,0
01,120249286682560368,ACTIVE,450,7.02,258,8,8,1,1,96.76
01,120246283621100177,ACTIVE,90,6.98,92,1,3,1,1,29.98
01,120245750558170707,ACTIVE,100,6.9799999999999995,68,4,4,0,0,0
01,120242907734560129,ACTIVE,100,6.92,244,5,6,0,0,0
01,120241119247090090,ACTIVE,245,6.83,113,1,4,0,0,0
01,120247322669120509,ACTIVE,200,6.56,159,1,0,0,0,0
01,120247813840340065,ACTIVE,168,6.53,147,4,6,0,0,0
01,120244083558220146,ACTIVE,320,6.53,169,6,7,1,0,0
01,120247479945600065,ACTIVE,360,6.4399999999999995,240,6,8,1,0,0
01,120247822522790043,ACTIVE,320,6.4399999999999995,113,3,5,0,0,0
01,120239930892250650,ACTIVE,500,6.43,115,5,7,1,1,61.57000000000001
01,120246286465380752,ACTIVE,300,6.39,164,7,8,0,0,0
01,120242301213710065,ACTIVE,550,6.38,225,6,7,0,0,0
01,120240470979080090,ACTIVE,275,6.34,65,0,3,1,1,62.39
01,120245339157220686,ACTIVE,291,6.300000000000001,98,1,2,0,0,0
01,120244749327030686,ACTIVE,1000,6.300000000000001,109,2,3,0,0,0
01,120246242129020477,ACTIVE,100,6.27,39,1,1,0,0,0
01,120245642739620125,ACTIVE,200,6.25,109,2,4,1,0,0
01,120242031621370065,ACTIVE,229,6.23,163,1,0,0,0,0
01,120250566242310577,ACTIVE,100,6.21,124,4,4,0,0,0
01,120248507722020469,ACTIVE,100,6.199999999999999,165,2,2,0,0,0
01,120243276755660065,ACTIVE,850,6.19,181,6,7,0,0,0
01,120244505718600686,ACTIVE,1000,6.16,106,0,1,0,0,0
01,120249205526460431,ACTIVE,80,6.16,47,2,2,0,0,0
01,120247762435840509,ACTIVE,200,6.13,101,3,4,2,1,49.52
01,120245949924540025,ACTIVE,150,6.12,91,0,0,0,0,0
01,120245404387150125,ACTIVE,200,6.09,139,6,5,1,0,0
01,120248793927650152,ACTIVE,200,6.08,350,6,6,1,0,0
01,120246130891670780,ACTIVE,80,6.07,81,1,1,0,0,0
01,120244428953860686,ACTIVE,100,5.96,92,3,4,0,0,0
01,120249178308050725,ACTIVE,100,5.8100000000000005,115,0,0,0,1,30.17
01,120246471244780065,ACTIVE,229,5.8100000000000005,103,3,3,1,0,0
01,120246701172200677,ACTIVE,146,5.7700000000000005,166,0,0,0,0,0
01,120246005453800291,ACTIVE,650,5.76,138,8,10,0,0,0
01,120246130891350780,ACTIVE,80,5.74,80,2,2,1,1,24.98
01,120248204610010425,ACTIVE,392,5.720000000000001,124,4,2,0,0,0
01,120248414403410695,ACTIVE,375,5.71,256,3,2,0,0,0
01,120248646174050425,ACTIVE,135,5.63,54,0,0,0,0,0
01,120243063569770146,ACTIVE,465,5.609999999999999,183,4,8,2,1,41.980000000000004
01,120251223975900709,ACTIVE,500,5.53,150,5,6,0,0,0
01,120247304965600477,ACTIVE,100,5.529999999999999,57,2,3,0,0,0
01,120245334049540065,ACTIVE,550,5.51,124,2,3,1,0,0
01,120248426685010564,ACTIVE,100,5.49,130,3,6,0,0,0
01,120246754801740509,ACTIVE,200,5.49,117,2,3,0,0,0
01,120251576088460651,ACTIVE,200,5.48,130,6,7,1,0,0
01,120244471201830129,ACTIVE,120,5.47,178,6,7,1,0,0
01,120249120674110404,ACTIVE,500,5.46,49,3,3,0,0,0
01,120249754760810019,ACTIVE,300,5.45,152,9,11,0,0,0
01,120244486414960436,ACTIVE,100,5.39,253,8,8,2,0,0
01,120249935914320589,ACTIVE,95,5.35,89,1,1,0,0,0
01,120246306322540533,ACTIVE,67,5.33,249,2,3,1,0,0
01,120250895500810586,ACTIVE,300,5.32,202,5,7,2,0,0
01,120248645284270152,ACTIVE,340,5.300000000000001,170,1,2,0,0,0
01,120248180759590065,ACTIVE,118,5.29,126,3,3,0,0,0
01,120250413795050709,ACTIVE,150,5.23,112,2,4,0,0,0
01,120252337542810054,ACTIVE,118,5.13,86,2,2,0,0,0
01,120248539381110725,ACTIVE,100,5.0600000000000005,97,2,2,1,0,0
01,120244880653330686,ACTIVE,100,5.01,67,2,2,1,0,0
01,23857834334500799,ACTIVE,60,5,41,1,1,0,0,0
01,120246710213410090,ACTIVE,275,4.98,82,0,4,0,0,0
01,120244480112510436,ACTIVE,150,4.96,240,5,7,1,1,99.72
01,120257843052780586,ACTIVE,109,4.91,108,2,2,0,0,0
01,120244163991370436,ACTIVE,150,4.87,187,4,5,0,0,0
01,120235701428400210,ACTIVE,200,4.87,56,4,4,2,1,41.980000000000004
01,120245694161990686,ACTIVE,80,4.859999999999999,51,0,0,0,0,0
01,120243205951310642,ACTIVE,159,4.8500000000000005,72,4,5,1,1,37.95
01,120248538003950544,ACTIVE,150,4.79,83,2,2,1,0,0
01,120247770604660509,ACTIVE,100,4.79,158,1,1,0,0,0
01,120246402943010533,ACTIVE,100,4.77,122,2,2,0,0,0
01,120250278918690653,ACTIVE,80,4.76,92,4,5,0,0,0
01,120246023777450751,ACTIVE,1200,4.76,118,1,4,0,0,0
01,120245848127430707,ACTIVE,200,4.71,81,2,2,0,0,0
01,120248427381820564,ACTIVE,100,4.66,132,4,4,1,0,0
01,120249140601980100,ACTIVE,300,4.66,57,5,3,2,1,38.17
01,120245738102920780,ACTIVE,150,4.65,87,1,1,1,0,0
01,120242301213170065,ACTIVE,300,4.640000000000001,218,3,3,0,0,0
01,120250122186270319,ACTIVE,120,4.62,72,1,3,1,1,37
01,120248596343100048,ACTIVE,100,4.58,70,3,3,1,1,37.98
01,120247175023780065,ACTIVE,100,4.55,99,2,2,0,0,0
01,120246135738100630,ACTIVE,80,4.54,66,0,0,0,0,0
01,120248426685080564,ACTIVE,100,4.54,92,5,7,0,0,0
01,120246402942850533,ACTIVE,100,4.53,108,7,4,0,0,0
01,120248923191120589,ACTIVE,100,4.5200000000000005,34,0,0,0,0,0
01,120247061936980509,ACTIVE,200,4.52,164,3,3,1,0,0
01,120249748358150589,ACTIVE,151,4.51,91,2,3,0,0,0
01,120246624479580241,ACTIVE,172,4.49,235,4,5,0,0,0
01,120249412510530100,ACTIVE,113,4.49,67,0,1,0,0,0
01,120243673094650146,ACTIVE,100,4.49,57,3,2,0,0,0
01,120246381767620032,ACTIVE,200,4.49,96,3,5,2,1,48.41
01,120246232539370090,ACTIVE,132,4.46,100,2,3,0,0,0
01,120248142069690065,ACTIVE,100,4.44,102,1,3,1,1,29.98
01,120249360668950725,ACTIVE,100,4.38,91,1,1,0,0,0
01,120246134196980630,ACTIVE,83,4.37,100,4,4,1,0,0
01,120245205425940677,ACTIVE,100,4.34,128,2,2,0,0,0
01,120247199911460090,ACTIVE,469,4.3100000000000005,156,5,5,0,0,0
01,120251360834810166,ACTIVE,10,4.31,57,1,1,1,0,0
01,120246050713310630,ACTIVE,230,4.29,86,5,3,2,1,52.19
01,120241066464020065,ACTIVE,289,4.27,202,2,3,0,0,0
01,120250596505340709,ACTIVE,100,4.24,34,0,0,0,0,0
01,120258018661030586,ACTIVE,300,4.2,130,2,2,0,0,0
01,120248721588880544,ACTIVE,90,4.17,105,4,5,0,0,0
01,120246300475250650,ACTIVE,200,4.12,70,1,2,0,0,0
01,120248129794130303,ACTIVE,40,4.12,15,2,2,0,0,0
01,120249995251570589,ACTIVE,95,4.09,61,0,1,0,0,0
01,120246135738040630,ACTIVE,80,4.07,74,3,3,1,0,0
01,120248229485400425,ACTIVE,360,4.06,124,3,3,2,1,39.980000000000004
01,120247901619980090,ACTIVE,127,4,56,1,1,0,0,0
01,120247504003780425,ACTIVE,113,3.98,88,1,2,0,0,0
01,120245327669090320,ACTIVE,600,3.96,130,1,4,0,0,0
01,120245346459390436,ACTIVE,100,3.96,145,4,6,0,0,0
01,120246131536730780,ACTIVE,80,3.95,69,1,1,0,0,0
01,120246050713630630,ACTIVE,86,3.9499999999999997,133,3,2,0,0,0
01,120258095185070586,ACTIVE,30,3.9299999999999997,49,1,1,0,0,0
01,120246403147480533,ACTIVE,100,3.89,106,2,4,1,0,0
01,120246788794180752,ACTIVE,76,3.89,92,1,1,0,0,0
01,120249498266450589,ACTIVE,330,3.88,43,3,6,1,1,49.52
01,120246615285510642,ACTIVE,450,3.88,97,0,1,0,0,0
01,120247858934130544,ACTIVE,90,3.8600000000000003,102,0,0,0,0,0
01,120246129839740630,ACTIVE,80,3.8600000000000003,123,2,1,0,0,0
01,120248528450570455,ACTIVE,100,3.81,72,0,0,0,0,0
01,120246169445720320,ACTIVE,100,3.8,155,3,4,0,0,0
01,120248050137610065,ACTIVE,240,3.7800000000000002,102,2,4,0,0,0
01,120248129602020303,ACTIVE,40,3.78,19,0,0,0,0,0
01,120244451472500146,ACTIVE,100,3.77,59,2,2,1,0,0
01,120249205590160431,ACTIVE,80,3.75,68,1,1,0,0,0
01,120250501589950722,ACTIVE,80,3.74,88,3,3,0,0,0
01,120245469696060686,ACTIVE,100,3.71,44,1,1,0,0,0
01,120250466943310577,ACTIVE,100,3.7,110,1,1,0,0,0
01,120244073937770705,ACTIVE,100,3.69,57,3,3,1,1,29.98
01,120249431214270100,ACTIVE,100,3.67,105,2,0,0,0,0
01,120248598666870425,ACTIVE,200,3.67,82,1,1,0,0,0
01,120245284137900686,ACTIVE,500,3.6399999999999997,63,1,3,0,0,0
01,120249052890110100,ACTIVE,500,3.6300000000000003,132,3,6,3,1,78.94
01,120249115230940100,ACTIVE,100,3.62,73,1,1,0,0,0
01,120248801075450431,ACTIVE,130,3.62,125,1,2,0,0,0
01,120255653285300586,ACTIVE,118,3.61,63,0,0,0,0,0
01,120249283732990100,ACTIVE,148,3.61,95,5,5,0,0,0
01,120249244397090229,ACTIVE,80,3.56,77,5,4,0,0,0
01,120246867915110442,ACTIVE,100,3.55,44,0,0,0,0,0
01,120251576447330651,ACTIVE,20,3.48,39,0,0,0,0,0
01,120244823852370686,ACTIVE,100,3.48,38,2,2,0,0,0
01,120245380137820707,ACTIVE,300,3.46,73,2,2,0,0,0
01,120249205526520431,ACTIVE,80,3.41,53,3,3,1,0,0
01,120249252046510229,ACTIVE,80,3.41,62,2,2,0,0,0
01,120248721588870544,ACTIVE,90,3.41,84,0,0,0,0,0
01,120248500573340642,ACTIVE,123,3.4,50,0,2,0,0,0
01,120246493383140032,ACTIVE,100,3.37,83,3,3,0,0,0
01,120251509396740651,ACTIVE,20,3.3699999999999997,71,0,1,0,0,0
01,120246794737760320,ACTIVE,108,3.34,93,0,1,0,0,0
01,120252456048800428,ACTIVE,100,3.3200000000000003,55,4,4,0,0,0
01,120247583319740586,ACTIVE,300,3.3,79,3,4,0,0,0
01,120250363655950653,ACTIVE,80,3.29,39,0,2,1,0,0
01,120248321980970065,ACTIVE,250,3.29,94,7,0,0,0,0
01,120248547360230544,ACTIVE,80,3.28,80,0,0,0,0,0
01,120244073937740705,ACTIVE,100,3.2699999999999996,73,2,3,1,1,51.21
01,120250641402060577,ACTIVE,100,3.25,51,2,1,1,0,0
01,120245124026530686,ACTIVE,80,3.2199999999999998,49,2,2,0,0,0
01,120244389916660436,ACTIVE,109,3.2199999999999998,137,5,6,1,0,0
01,120246867915010442,ACTIVE,100,3.1999999999999997,59,0,2,0,0,0
01,120248556140990663,ACTIVE,300,3.18,69,2,1,0,0,0
01,120244691564740146,ACTIVE,100,3.1799999999999997,100,1,1,0,0,0
01,120248598654640561,ACTIVE,99,3.1799999999999997,92,1,1,0,0,0
01,120256572736650586,ACTIVE,100,3.17,81,4,6,1,0,0
01,120248490880410455,ACTIVE,100,3.1599999999999997,67,2,1,0,0,0
01,120248082904030663,ACTIVE,150,3.1399999999999997,53,0,1,0,0,0
01,120249286765290368,ACTIVE,200,3.1100000000000003,80,1,1,0,0,0
01,120246219468190177,ACTIVE,100,3.1,54,4,3,1,1,71.2
01,120248808316220695,ACTIVE,200,3.0700000000000003,54,0,0,0,0,0
01,120248922287240389,ACTIVE,81,3.07,38,1,2,0,0,0
01,120244691564680146,ACTIVE,100,3.07,69,1,1,0,0,0
01,120246466192240533,ACTIVE,90,3.05,112,0,1,0,0,0
01,120247084683120097,ACTIVE,102,3.0300000000000002,41,0,0,0,0,0
01,120244452712050146,ACTIVE,500,3.0300000000000002,54,1,2,0,0,0
01,120246821790660032,ACTIVE,76,3.03,40,2,2,1,0,0
01,120245205078130630,ACTIVE,94,3.01,139,2,2,0,0,0
01,120245031811820436,ACTIVE,100,3,91,3,4,2,1,68.23
01,120246134196920630,ACTIVE,83,3,85,0,2,0,0,0
01,120247040934570629,ACTIVE,400,2.96,98,2,1,0,0,0
01,120247952380210544,ACTIVE,106,2.9299999999999997,56,0,1,0,0,0
01,120245250780680175,ACTIVE,125,2.9000000000000004,85,3,5,0,0,0
01,120246259925420674,ACTIVE,100,2.87,47,0,0,0,0,0
01,120246788794230752,ACTIVE,76,2.8600000000000003,39,0,0,0,0,0
01,120245923045620168,ACTIVE,100,2.86,61,0,0,0,0,0
01,120245631777490686,ACTIVE,80,2.85,52,2,2,0,0,0
01,120251254946790722,ACTIVE,120,2.83,56,1,2,0,0,0
01,120246010945790630,ACTIVE,86,2.8099999999999996,114,0,1,0,0,0
01,120246815803520674,ACTIVE,100,2.8,70,1,4,0,0,0
01,120248540698960725,ACTIVE,100,2.8,56,0,2,0,0,0
01,120250713079040577,ACTIVE,88,2.79,54,0,1,0,0,0
01,120246643265130674,ACTIVE,100,2.79,119,2,3,0,0,0
01,120248564072910455,ACTIVE,100,2.7800000000000002,81,4,3,0,0,0
01,120246129839860630,ACTIVE,80,2.76,96,1,1,0,0,0
01,120246131739110780,ACTIVE,80,2.75,66,0,1,0,0,0
01,120248646174130425,ACTIVE,135,2.75,26,1,1,0,0,0
01,120247689486720509,ACTIVE,500,2.74,90,3,3,0,0,0
01,120252198020010210,ACTIVE,109,2.73,51,0,0,0,0,0
01,120247623540580509,ACTIVE,92,2.72,91,1,1,0,0,0
01,120242656322210455,ACTIVE,135,2.7199999999999998,81,2,2,0,0,0
01,120248615909580019,ACTIVE,50,2.7,45,1,2,2,0,0
01,120248523149630126,ACTIVE,89,2.69,50,2,3,1,0,0
01,120248512806040048,ACTIVE,100,2.68,80,2,3,0,0,0
01,120246123176490177,ACTIVE,89,2.6799999999999997,37,0,0,0,0,0
01,120247086366560097,ACTIVE,80,2.6799999999999997,77,4,2,0,0,0
01,120246397978120533,ACTIVE,90,2.6799999999999997,95,1,1,1,0,0
01,120246891215890677,ACTIVE,100,2.67,50,2,1,1,1,73.05000000000001
01,120248598654680561,ACTIVE,99,2.65,72,1,4,0,0,0
01,120246791587200455,ACTIVE,341,2.65,52,2,4,0,0,0
01,120250713080020577,ACTIVE,88,2.64,64,0,3,0,0,0
01,120247649190890629,ACTIVE,126,2.64,41,1,2,0,0,0
01,120247822061580043,ACTIVE,220,2.63,18,4,4,0,0,0
01,120248955593120695,ACTIVE,136,2.62,57,1,1,0,0,0
01,120246220485510177,ACTIVE,100,2.58,51,3,3,0,0,0
01,23857834334530799,ACTIVE,60,2.58,29,1,1,1,0,0
01,120243951377020125,ACTIVE,200,2.5700000000000003,80,0,1,0,0,0
01,120245694161920686,ACTIVE,80,2.57,66,0,0,0,0,0
01,120247649190860629,ACTIVE,126,2.57,46,2,3,0,0,0
01,120249105110140210,ACTIVE,92,2.55,111,2,2,0,0,0
01,23857687339360799,ACTIVE,260,2.54,35,2,1,0,0,0
01,120243508760940146,ACTIVE,100,2.53,65,3,2,0,0,0
01,120247901619920090,ACTIVE,127,2.53,53,2,2,1,0,0
01,120245241360310455,ACTIVE,100,2.49,151,1,1,1,1,60.41
01,120244837091050678,ACTIVE,60,2.48,34,2,2,1,1,57.98
01,120246145189280470,ACTIVE,80,2.47,109,1,1,0,0,0
01,120246886453300707,ACTIVE,82,2.46,62,2,2,0,0,0
01,120246191098970320,ACTIVE,400,2.45,137,2,5,1,0,0
01,120246417765860752,ACTIVE,77,2.44,91,1,3,0,0,0
01,120250279061630653,ACTIVE,80,2.44,56,0,1,1,0,0
01,120244823852300686,ACTIVE,209,2.44,38,2,2,0,0,0
01,120249826842030100,ACTIVE,80,2.4299999999999997,30,0,0,0,0,0
01,120249347498540100,ACTIVE,100,2.4299999999999997,84,3,3,0,0,0
01,120247660528150175,ACTIVE,88,2.39,26,1,2,0,0,0
01,120248089909210065,ACTIVE,100,2.3899999999999997,52,0,0,0,0,0
01,120245638609160175,ACTIVE,132,2.38,83,3,3,0,0,0
01,120249300729750589,ACTIVE,100,2.37,46,1,2,1,0,0
01,120244504303760686,ACTIVE,500,2.37,39,0,2,0,0,0
01,120248922585490210,ACTIVE,200,2.34,199,3,2,0,0,0
01,120248384078440455,ACTIVE,100,2.33,81,0,0,0,0,0
01,120251692403590054,ACTIVE,95,2.3,61,1,1,0,0,0
01,120247866597170389,ACTIVE,100,2.29,58,1,1,0,0,0
01,120247573916610214,ACTIVE,135,2.28,45,0,0,0,0,0
01,120248781054270455,ACTIVE,132,2.27,70,0,0,0,0,0
01,120246821790390032,ACTIVE,76,2.25,27,0,0,0,0,0
01,120247660528030175,ACTIVE,88,2.25,28,2,3,0,0,0
01,120249791261630725,ACTIVE,100,2.23,37,2,2,0,0,0
01,120257647437950586,ACTIVE,100,2.2199999999999998,48,0,0,0,0,0
01,120245306349070462,ACTIVE,100,2.21,44,4,3,0,0,0
01,120244017128390686,ACTIVE,100,2.21,39,0,0,0,0,0
01,120247893321760509,ACTIVE,102,2.21,56,0,0,0,0,0
01,120252411199200210,ACTIVE,116,2.2,27,1,1,1,1,41.98
01,120249439269180365,ACTIVE,100,2.2,30,0,0,0,0,0
01,120246962698770090,ACTIVE,195,2.1999999999999997,48,1,1,0,0,0
01,120249156453230695,ACTIVE,80,2.19,74,0,1,0,0,0
01,120248911416770577,ACTIVE,101,2.19,69,6,5,1,0,0
01,120245899907890065,ACTIVE,115,2.16,31,1,3,1,1,49.519999999999996
01,120247086330490097,ACTIVE,80,2.16,68,4,3,1,0,0
01,6973002165426,ACTIVE,50,2.14,46,1,1,0,0,0
01,120248500573400642,ACTIVE,123,2.1199999999999997,68,1,1,0,0,0
01,120244623419230146,ACTIVE,100,2.1,60,2,2,0,0,0
01,120246902225410241,ACTIVE,97,2.09,92,0,0,0,0,0
01,120248574839520695,ACTIVE,50,2.09,84,2,2,0,0,0
01,120249672773570589,ACTIVE,100,2.08,45,1,1,0,0,0
01,120248288633070389,ACTIVE,140,2.05,50,3,4,0,0,0
01,120246276719190650,ACTIVE,100,2.03,47,1,1,0,0,0
01,120244164847370788,ACTIVE,200,2.03,45,2,3,1,1,92.3
01,120247608644690175,ACTIVE,120,2.02,20,0,0,0,0,0
01,120249711938850319,ACTIVE,290,2.02,93,3,6,0,0,0
01,120245899907660065,ACTIVE,115,2.0100000000000002,36,3,3,1,1,67.91
01,120251239771420586,ACTIVE,100,2,32,0,0,0,0,0
01,120248524362970425,ACTIVE,300,1.9900000000000002,84,4,5,0,0,0
01,120249995251480589,ACTIVE,95,1.99,29,0,1,0,0,0
01,120245218353210788,ACTIVE,50,1.99,40,2,3,2,1,117.01
01,120246070715810752,ACTIVE,100,1.98,52,1,1,0,0,0
01,120240901145360175,ACTIVE,315,1.97,158,1,1,0,0,0
01,120246668892470032,ACTIVE,100,1.97,58,1,2,1,0,0
01,120248332911960065,ACTIVE,200,1.95,68,0,1,0,0,0
01,120251355803650722,ACTIVE,40,1.95,19,0,2,0,0,0
01,120245880736570172,ACTIVE,40,1.94,11,0,0,0,0,0
01,120245988448910780,ACTIVE,80,1.9100000000000001,37,1,1,0,0,0
01,120246902225450241,ACTIVE,97,1.91,68,0,1,1,1,66.47999999999999
01,23857850077800794,ACTIVE,100,1.8900000000000001,9,0,0,0,0,0
01,120247974813980642,ACTIVE,151,1.88,54,0,1,0,0,0
01,120248129647190303,ACTIVE,40,1.88,21,0,1,0,0,0
01,120248538756480561,ACTIVE,60,1.86,64,3,3,1,0,0
01,6995732288426,ACTIVE,50,1.85,26,2,2,0,0,0
01,120252522175850054,ACTIVE,100,1.84,34,0,0,0,0,0
01,120246794738360320,ACTIVE,108,1.83,67,0,1,0,0,0
01,120250946852160368,ACTIVE,85,1.81,32,1,1,0,0,0
01,120245218353240788,ACTIVE,50,1.81,16,0,0,0,0,0
01,120250827793580013,ACTIVE,80,1.7999999999999998,40,2,2,0,0,0
01,120246870229730642,ACTIVE,100,1.79,37,0,0,0,0,0
01,120248832877240168,ACTIVE,90,1.78,35,1,1,0,0,0
01,120249022346600152,ACTIVE,80,1.7799999999999998,49,2,2,0,0,0
01,23857661391130799,ACTIVE,160,1.73,21,0,0,0,0,0
01,120247245979210389,ACTIVE,100,1.72,67,1,1,0,0,0
01,120241671273870455,ACTIVE,100,1.72,50,4,5,1,0,0
01,120249384124830663,ACTIVE,136,1.71,40,0,0,0,0,0
01,120245944457570630,ACTIVE,114,1.7000000000000002,100,2,3,0,0,0
01,120246299672700751,ACTIVE,500,1.7000000000000002,42,1,2,0,0,0
01,120249525957160319,ACTIVE,300,1.69,40,0,2,0,0,0
01,120248574839550695,ACTIVE,187,1.6600000000000001,34,1,1,0,0,0
01,120249060988170152,ACTIVE,90,1.65,32,1,2,0,0,0
01,120248534140900544,ACTIVE,82,1.65,46,0,0,0,0,0
01,120244431777030751,ACTIVE,1000,1.6400000000000001,47,2,7,0,0,0
01,120248459419470469,ACTIVE,100,1.6300000000000001,34,0,0,0,0,0
01,120251355803580722,ACTIVE,40,1.62,15,0,0,0,0,0
01,120249866066500100,ACTIVE,89,1.62,47,1,4,0,0,0
01,120245010772960663,ACTIVE,200,1.62,36,2,2,0,0,0
01,120248722531060455,ACTIVE,133,1.6099999999999999,34,1,2,0,0,0
01,120246338142390241,ACTIVE,97,1.6,142,1,1,0,0,0
01,120247645229990642,ACTIVE,100,1.5899999999999999,52,3,2,0,0,0
01,120245044044870686,ACTIVE,100,1.58,21,1,1,0,0,0
01,120248012782330065,ACTIVE,100,1.58,42,1,3,0,0,0
01,120246465900910677,ACTIVE,100,1.5799999999999998,36,0,0,0,0,0
01,120246733901990065,ACTIVE,80,1.5699999999999998,27,1,2,0,0,0
01,120246361016040650,ACTIVE,100,1.5699999999999998,20,0,0,0,0,0
01,120251868137370166,ACTIVE,30,1.56,15,2,3,0,0,0
01,120249005372660589,ACTIVE,189,1.56,24,2,2,0,0,0
01,120252288360590054,ACTIVE,100,1.5599999999999998,33,0,0,0,0,0
01,120246717243380752,ACTIVE,100,1.53,49,1,1,1,1,54.96
01,120247058049910303,ACTIVE,80,1.52,23,1,1,0,0,0
01,120250789469770586,ACTIVE,100,1.52,56,1,4,0,0,0
01,120249252046550229,ACTIVE,80,1.52,84,1,1,0,0,0
01,120247815325100509,ACTIVE,100,1.52,71,1,2,0,0,0
01,120245889270610065,ACTIVE,40,1.51,43,2,3,1,0,0
01,120246508713670320,ACTIVE,100,1.51,56,1,2,0,0,0
01,120248764599250589,ACTIVE,200,1.5,41,1,1,0,0,0
01,120246382556450462,ACTIVE,100,1.5,25,2,2,0,0,0
01,120248732700550455,ACTIVE,435,1.48,90,3,2,0,0,0
01,120246466192300533,ACTIVE,90,1.48,62,0,0,0,0,0
01,120248302764770065,ACTIVE,85,1.48,24,0,0,0,0,0
01,120249182012100229,ACTIVE,450,1.47,84,2,2,0,0,0
01,120245557729330686,ACTIVE,80,1.47,30,0,0,0,0,0
01,120246891334500677,ACTIVE,100,1.47,37,0,0,0,0,0
01,120246716356910752,ACTIVE,100,1.46,28,0,3,0,0,0
01,120258018921720586,ACTIVE,25,1.46,18,0,1,0,0,0
01,120247595220850629,ACTIVE,100,1.44,37,1,2,0,0,0
01,120247378425210561,ACTIVE,380,1.42,98,5,4,1,1,57.96
01,120243753190540054,ACTIVE,101,1.42,52,1,1,0,0,0
01,120245514271740065,ACTIVE,195,1.42,31,3,3,0,0,0
01,120248248634970455,ACTIVE,100,1.4100000000000001,16,4,4,0,0,0
01,120247114934220455,ACTIVE,100,1.4,33,3,4,0,0,0
01,120244623330020146,ACTIVE,100,1.38,21,0,0,0,0,0
01,120247453929680065,ACTIVE,142,1.38,36,0,0,0,0,0
01,120245889270720065,ACTIVE,40,1.38,37,1,0,0,0,0
01,120249151139280057,ACTIVE,100,1.37,28,0,0,0,0,0
01,120248536188000100,ACTIVE,300,1.37,45,2,3,1,0,0
01,120247086303000097,ACTIVE,80,1.36,34,0,0,0,0,0
01,120251279954260722,ACTIVE,40,1.35,23,0,0,0,0,0
01,120248444259380455,ACTIVE,134,1.35,39,0,0,0,0,0
01,120249790953950725,ACTIVE,100,1.3399999999999999,41,1,1,0,0,0
01,120246024108440751,ACTIVE,345,1.33,24,1,3,2,2,60.67
01,120245823079650320,ACTIVE,100,1.33,31,0,0,0,0,0
01,120248645284350152,ACTIVE,80,1.32,50,0,0,0,0,0
01,120249861202960589,ACTIVE,100,1.3199999999999998,35,0,0,0,0,0
01,6995732289626,ACTIVE,50,1.31,25,1,2,0,0,0
01,120249615629760603,ACTIVE,100,1.3,25,0,0,0,0,0
01,120241596259880509,ACTIVE,100,1.3,49,1,2,0,0,0
01,120246851941710241,ACTIVE,120,1.28,24,0,1,0,0,0
01,120247303523280477,ACTIVE,100,1.27,16,1,1,0,0,0
01,120250598762320019,ACTIVE,30,1.26,38,0,1,0,0,0
01,120251659288280166,ACTIVE,50,1.26,17,0,1,0,0,0
01,120250677671340013,ACTIVE,80,1.26,30,2,3,0,0,0
01,120258089121520586,ACTIVE,30,1.26,39,0,0,0,0,0
01,120246050712990630,ACTIVE,200,1.25,36,2,2,0,0,0
01,120248129647260303,ACTIVE,40,1.24,20,0,1,0,0,0
01,120245610768940032,ACTIVE,200,1.22,45,0,1,0,1,48.42
01,120246594237630032,ACTIVE,200,1.21,31,1,1,0,0,0
01,120242847129030686,ACTIVE,100,1.2000000000000002,12,1,1,1,0,0
01,120247392329370509,ACTIVE,100,1.2,57,1,0,0,0,0
01,120247892596700509,ACTIVE,110,1.2,49,1,1,0,0,0
01,120244963455410686,ACTIVE,80,1.2,17,0,1,0,0,0
01,120248129794520303,ACTIVE,40,1.19,14,0,0,0,0,0
01,120247246206720389,ACTIVE,100,1.1400000000000001,54,1,1,0,0,0
01,120246220846720177,ACTIVE,100,1.1400000000000001,32,1,2,0,0,0
01,120248129602090303,ACTIVE,40,1.14,8,0,0,0,0,0
01,120244536077290146,ACTIVE,100,1.14,47,2,2,0,0,0
01,120246974343430674,ACTIVE,80,1.14,32,0,0,0,0,0
01,120245282912580630,ACTIVE,450,1.13,33,1,2,0,0,0
01,120244349822900686,ACTIVE,100,1.12,27,0,0,0,0,0
01,120252515469150054,ACTIVE,90,1.12,33,0,0,0,0,0
01,120246818759010303,ACTIVE,80,1.1199999999999999,20,0,0,0,0,0
01,120247293641570642,ACTIVE,120,1.1099999999999999,56,0,0,0,0,0
01,120249205590130431,ACTIVE,80,1.1,26,1,2,0,0,0
01,120247086347850097,ACTIVE,80,1.09,73,1,1,0,0,0
01,120243217129690509,ACTIVE,100,1.08,58,1,1,0,0,0
01,120247925267750303,ACTIVE,80,1.08,27,0,0,0,0,0
01,120258091126130586,ACTIVE,300,1.08,33,0,0,0,0,0
01,120244270293390320,ACTIVE,120,1.04,49,0,0,0,0,0
01,120247802943620389,ACTIVE,100,1.04,82,1,2,0,0,0
01,120244906297410788,ACTIVE,100,1.04,26,0,0,0,0,0
01,120246299672740751,ACTIVE,195,1.03,10,1,1,0,0,0
01,120249866066580100,ACTIVE,89,1.03,31,2,3,0,0,0
01,120245514271720065,ACTIVE,115,1.01,17,0,1,0,0,0
01,120247708432980509,ACTIVE,100,1.01,17,0,1,1,0,0
01,120247547590960642,ACTIVE,120,1,28,0,0,0,0,0
01,120246145364940470,ACTIVE,80,0.99,16,1,1,1,0,0
01,120248731496840561,ACTIVE,80,0.99,19,0,0,0,0,0
01,120258018921830586,ACTIVE,25,0.99,22,0,0,0,0,0
01,120246733902040065,ACTIVE,80,0.98,26,3,2,0,0,0
01,120245642739820125,ACTIVE,300,0.9700000000000001,32,1,1,0,0,0
01,120244824816070686,ACTIVE,80,0.97,6,0,0,0,0,0
01,120246340309750533,ACTIVE,100,0.97,64,0,0,0,0,0
01,120250429792780057,ACTIVE,100,0.96,13,0,0,0,0,0
01,120247893321710509,ACTIVE,102,0.96,33,0,0,0,0,0
01,120247653059200586,ACTIVE,25,0.95,24,0,1,0,0,0
01,120245250322490642,ACTIVE,300,0.95,63,2,3,1,1,92.30000000000001
01,120246471244730065,ACTIVE,229,0.95,36,0,3,0,0,0
01,6994669583826,ACTIVE,50,0.94,38,1,1,0,0,0
01,120251354404600722,ACTIVE,40,0.93,21,1,1,0,0,0
01,120243466971930678,ACTIVE,100,0.93,17,1,2,0,0,0
01,120248737641910722,ACTIVE,80,0.9299999999999999,29,1,1,0,0,0
01,120252191525360210,ACTIVE,80,0.92,28,1,1,0,0,0
01,120250598762660019,ACTIVE,30,0.92,21,0,0,0,0,0
01,120248443467340561,ACTIVE,31,0.92,26,1,1,0,0,0
01,120250558406210368,ACTIVE,193,0.9199999999999999,31,0,0,0,0,0
01,120249614588330725,ACTIVE,200,0.9099999999999999,19,0,0,0,0,0
01,120246145506950470,ACTIVE,80,0.9099999999999999,40,0,0,0,0,0
01,120244691045040320,ACTIVE,120,0.9099999999999999,55,0,0,0,0,0
01,120246415849650214,ACTIVE,135,0.9099999999999999,24,0,0,0,0,0
01,120246647909930752,ACTIVE,111,0.8999999999999999,37,2,3,0,0,0
01,120248304803400065,ACTIVE,50,0.89,26,1,2,0,0,0
01,120246599961620214,ACTIVE,150,0.8899999999999999,28,1,1,0,0,0
01,120248573692120695,ACTIVE,120,0.8800000000000001,56,0,1,0,0,0
01,120248396283420425,ACTIVE,200,0.8800000000000001,37,0,1,0,0,0
01,120246733876960065,ACTIVE,80,0.88,18,0,0,0,0,0
01,120248304803930065,ACTIVE,50,0.87,8,0,0,0,0,0
01,120248974670480019,ACTIVE,50,0.87,19,0,0,0,0,0
01,120244802271840788,ACTIVE,100,0.85,12,0,0,0,0,0
01,120248510641030431,ACTIVE,220,0.85,26,0,0,0,0,0
01,120250641335530577,ACTIVE,100,0.85,41,1,1,0,0,0
01,120251063106910166,ACTIVE,50,0.8400000000000001,27,2,1,0,0,0
01,120244452501840146,ACTIVE,100,0.8400000000000001,38,0,0,0,0,0
01,120246050713140630,ACTIVE,200,0.84,19,0,1,1,0,0
01,120245481989400065,ACTIVE,40,0.8200000000000001,28,3,3,0,0,0
01,120250279061540653,ACTIVE,80,0.8200000000000001,14,0,1,0,0,0
01,120249615778010603,ACTIVE,100,0.81,26,0,1,0,0,0
01,120249534302910127,ACTIVE,100,0.8,10,0,1,0,0,0
01,120246710213420090,ACTIVE,125,0.79,26,0,0,0,0,0
01,120246411469910650,ACTIVE,120,0.78,11,0,1,0,0,0
01,120248956379790695,ACTIVE,50,0.77,34,0,0,0,0,0
01,120247620975770509,ACTIVE,100,0.76,37,1,2,0,0,0
01,120246733877000065,ACTIVE,80,0.75,20,0,0,0,0,0
01,120246624479910241,ACTIVE,90,0.75,38,2,2,0,0,0
01,120251868137060166,ACTIVE,30,0.74,17,0,0,0,0,0
01,120247831600980509,ACTIVE,80,0.74,6,0,1,0,0,0
01,120244542271970146,ACTIVE,100,0.74,15,1,2,0,0,0
01,120246191098590320,ACTIVE,200,0.74,47,0,0,0,0,0
01,120246754497550032,ACTIVE,76,0.73,32,1,2,0,0,0
01,120246641477400320,ACTIVE,108,0.73,27,1,1,0,0,0
01,120247820656990509,ACTIVE,102,0.7200000000000001,32,1,1,0,0,0
01,120248207466280561,ACTIVE,60,0.72,22,2,2,0,0,0
01,120249791286030725,ACTIVE,100,0.6900000000000001,26,0,0,0,0,0
01,120248922287320389,ACTIVE,81,0.68,40,1,1,0,0,0
01,120244623781980146,ACTIVE,100,0.6699999999999999,15,0,0,0,0,0
01,120247030018130097,ACTIVE,80,0.66,25,1,1,0,0,0
01,120246024108390751,ACTIVE,500,0.66,31,0,1,0,0,0
01,120251037305290166,ACTIVE,50,0.66,29,0,0,0,0,0
01,120245602350460032,ACTIVE,100,0.66,39,1,1,0,0,0
01,120240258763950179,ACTIVE,320,0.64,29,0,0,0,0,0
01,120246759433650677,ACTIVE,112,0.63,42,1,1,0,0,0
01,120244367774220146,ACTIVE,100,0.63,15,0,0,0,0,0
01,120242746886630788,ACTIVE,200,0.63,27,2,2,1,0,0
01,120251280446770722,ACTIVE,40,0.63,16,0,0,0,0,0
01,120248765935040561,ACTIVE,88,0.62,17,0,0,0,0,0
01,120247594535460629,ACTIVE,80,0.61,11,0,0,0,0,0
01,120247934031060303,ACTIVE,68,0.61,22,1,0,0,0,0
01,120248064986340303,ACTIVE,80,0.61,20,2,2,0,0,0
01,120248492410200561,ACTIVE,80,0.6000000000000001,24,1,2,0,0,0
01,120249790639140725,ACTIVE,100,0.6,25,0,0,0,0,0
01,120246153345400650,ACTIVE,100,0.6,15,0,0,0,0,0
01,120244623292210146,ACTIVE,100,0.5900000000000001,18,0,0,0,0,0
01,120247073165120090,ACTIVE,155,0.59,21,0,0,0,0,0
01,120246832874220677,ACTIVE,100,0.5800000000000001,29,0,0,0,0,0
01,120244794017770320,ACTIVE,400,0.5700000000000001,42,0,0,0,0,0
01,120245099365240470,ACTIVE,50,0.56,13,1,1,0,0,0
01,120246309078080032,ACTIVE,200,0.55,21,0,1,0,0,0
01,120244623311730146,ACTIVE,100,0.55,16,0,0,0,0,0
01,120245687813040097,ACTIVE,81,0.55,7,0,0,0,0,0
01,120245343640550686,ACTIVE,80,0.54,6,0,0,0,0,0
01,120248538756410561,ACTIVE,60,0.53,20,1,1,0,0,0
01,120249615707300603,ACTIVE,100,0.53,13,0,0,0,0,0
01,120246299721450751,ACTIVE,195,0.52,12,0,0,0,0,0
01,120246818759970303,ACTIVE,40,0.52,9,1,0,0,0,0
01,120246998580960674,ACTIVE,80,0.51,8,0,0,0,0,0
01,120247854925480090,ACTIVE,125,0.51,15,0,0,0,0,0
01,120248765934950561,ACTIVE,88,0.5,11,0,0,0,0,0
01,120248700431710469,ACTIVE,80,0.5,27,0,0,0,0,0
01,120248492410110561,ACTIVE,80,0.5,28,1,2,0,0,0
01,120249774896160127,ACTIVE,100,0.5,25,2,2,0,0,0
01,120245400911130686,ACTIVE,80,0.49,15,0,0,0,0,0
01,120247576997320214,ACTIVE,80,0.49,4,0,0,0,0,0
01,120244242496990780,ACTIVE,100,0.49,15,1,1,0,0,0
01,120246736062480320,ACTIVE,107,0.49,36,2,2,0,0,0
01,120248752320410389,ACTIVE,80,0.48,27,2,2,0,1,37.06
01,120251612475740404,ACTIVE,200,0.47,7,2,2,0,0,0
01,120245481989440065,ACTIVE,40,0.45,13,0,0,0,0,0
01,120250598801680019,ACTIVE,30,0.45,7,0,0,0,0,0
01,120246716035470470,ACTIVE,50,0.44,3,0,1,0,0,0
01,120244235259940678,ACTIVE,45,0.43999999999999995,8,0,0,0,0,0
01,120249861203050589,ACTIVE,100,0.43999999999999995,11,1,1,0,0,0
01,120245045578670686,ACTIVE,80,0.43000000000000005,14,0,0,0,0,0
01,120246232598650090,ACTIVE,221,0.43000000000000005,13,0,0,0,0,0
01,120249439267740365,ACTIVE,100,0.43,8,0,0,0,0,0
01,120246299672680751,ACTIVE,115,0.43,21,0,0,0,0,0
01,120245284052330686,ACTIVE,200,0.42,18,0,1,0,0,0
01,120249935914370589,ACTIVE,95,0.41000000000000003,33,1,1,0,0,0
01,120252520217470428,ACTIVE,100,0.41,5,0,0,0,0,0
01,120246178929760752,ACTIVE,100,0.4,8,0,0,0,0,0
01,120246888370010097,ACTIVE,150,0.4,18,1,1,0,0,0
01,120246787004190097,ACTIVE,106,0.38,12,1,1,0,0,0
01,120248583661740564,ACTIVE,80,0.38,16,0,1,0,0,0
01,120258251274670586,ACTIVE,30,0.38,4,0,0,0,0,0
01,120246299721620751,ACTIVE,68,0.38,16,0,0,0,0,0
01,120248623160360561,ACTIVE,60,0.37,9,1,1,0,0,0
01,120248305165620065,ACTIVE,50,0.36,14,0,1,0,0,0
01,120246693068060097,ACTIVE,200,0.36,13,0,0,0,0,0
01,120257783384890586,ACTIVE,25,0.36,18,0,0,0,0,0
01,120248641303950544,PAUSED,80,0.35,11,0,1,0,0,0
01,120258089121110586,ACTIVE,30,0.35,13,0,0,0,0,0
01,120249790639400725,ACTIVE,100,0.33999999999999997,8,0,0,0,0,0
01,120235336090360210,ACTIVE,200,0.33999999999999997,20,0,0,0,0,0
01,120251223975830709,ACTIVE,150,0.33999999999999997,8,0,0,0,0,0
01,120247815324740509,ACTIVE,100,0.33,23,1,1,0,0,0
01,120249090711190695,ACTIVE,80,0.33,4,0,0,0,0,0
01,120251778959040404,ACTIVE,80,0.32,4,0,0,0,0,0
01,120246572543060470,ACTIVE,10,0.32,8,0,0,0,0,0
01,120249553547110663,ACTIVE,50,0.32,8,0,0,0,0,0
01,120249181320300229,ACTIVE,400,0.30000000000000004,38,0,0,0,0,0
01,120258091658510586,ACTIVE,30,0.3,4,0,0,0,0,0
01,120247815426390509,ACTIVE,100,0.3,36,0,0,0,0,0
01,120255021163250197,ACTIVE,80,0.29,11,0,0,0,0,0
01,120248755684290455,ACTIVE,155,0.29,1,0,0,0,0,0
01,120258018661130586,ACTIVE,25,0.28,12,0,0,0,0,0
01,120235701428420210,ACTIVE,200,0.27999999999999997,16,1,1,0,0,0
01,120246668892520032,ACTIVE,100,0.25,8,2,2,0,0,0
01,120248623160450561,ACTIVE,60,0.24000000000000002,9,0,0,0,0,0
01,120246006479660630,ACTIVE,108,0.24,7,0,0,0,0,0
01,120248305165660065,ACTIVE,50,0.23,4,0,0,0,0,0
01,120250445767170166,ACTIVE,20,0.22000000000000003,8,1,1,0,0,0
01,120245229678820678,ACTIVE,100,0.22,8,0,0,0,0,0
01,6973002163226,ACTIVE,50,0.21000000000000002,9,0,0,0,0,0
01,120244978756050678,ACTIVE,100,0.21000000000000002,30,1,0,0,0,0
01,120247576981360214,ACTIVE,80,0.21,4,0,0,0,0,0
01,120241067387190788,ACTIVE,100,0.21,9,0,0,0,0,0
01,120249775050340127,ACTIVE,100,0.21,6,0,0,0,0,0
01,120246299721480751,ACTIVE,325,0.2,6,0,0,0,0,0
01,120237484145990455,ACTIVE,145,0.2,20,1,1,0,0,0
01,120245847200980133,ACTIVE,80,0.19,9,0,0,0,0,0
01,120244963676310686,ACTIVE,80,0.18,6,0,1,0,0,0
01,120246007230330630,ACTIVE,62,0.17,11,0,0,0,0,0
01,120250790045220586,ACTIVE,25,0.16,8,0,0,0,0,0
01,120251688330770166,ACTIVE,50,0.15,9,0,0,0,0,0
01,120252191447820210,ACTIVE,80,0.14,5,0,0,0,0,0
01,120257843668740586,ACTIVE,100,0.14,8,0,1,1,0,0
01,120249062217790019,ACTIVE,50,0.13,5,0,0,0,0,0
01,120252523589080054,ACTIVE,100,0.13,7,0,1,0,0,0
01,120248305463560065,ACTIVE,50,0.12,1,0,0,0,0,0
01,120248302764530065,ACTIVE,85,0.12,3,0,0,0,0,0
01,120247872427160090,ACTIVE,125,0.12,6,0,0,0,0,0
01,120247872427130090,ACTIVE,125,0.11,4,0,1,0,0,0
01,120244418309490436,ACTIVE,100,0.1,6,0,5,0,0,0
01,120247597780010751,ACTIVE,40,0.1,2,0,0,0,0,0
01,120249790746660725,ACTIVE,100,0.09,6,0,0,0,0,0
01,120245201694370686,ACTIVE,156,0.09,2,0,0,0,0,0
01,120247770946170509,ACTIVE,100,0.09,8,0,0,0,0,0
01,120246885239440097,ACTIVE,71,0.09,2,0,0,0,0,0
01,120258091225770586,ACTIVE,100,0.08,6,0,1,0,0,0
01,120246602396100752,ACTIVE,100,0.08,6,0,0,0,0,0
01,120247030130800097,ACTIVE,80,0.07,3,0,0,0,0,0
01,120251576134230651,ACTIVE,20,0.07,3,0,0,0,0,0
01,120247576981390214,ACTIVE,80,0.07,2,0,0,0,0,0
01,120248305463800065,ACTIVE,50,0.06999999999999999,4,0,0,0,0,0
01,120246572682530470,ACTIVE,50,0.05,1,0,0,0,0,0
01,120251979136820210,ACTIVE,80,0.05,3,0,0,0,0,0
01,120248430661490642,ACTIVE,125,0.04,5,1,1,0,0,0
01,120251659288010166,ACTIVE,50,0.04,1,0,0,0,0,0
01,120252454563420054,ACTIVE,100,0.04,2,0,0,0,0,0
01,120245631788130686,ACTIVE,80,0.03,2,0,0,0,0,0
01,120251425264570709,ACTIVE,80,0.03,2,0,0,0,0,0
01,120244470749040129,ACTIVE,200,0.03,2,0,0,0,0,0
01,120249832996030589,ACTIVE,95,0.02,2,0,0,0,0,0
01,120251356095670722,ACTIVE,40,0.02,1,0,0,0,0,0
01,120252191579590210,ACTIVE,80,0.01,1,0,0,0,0,0
01,120250332385240019,ACTIVE,50,0.01,1,0,0,0,0,0
01,120248731496790561,ACTIVE,80,0.01,1,0,0,0,0,0
01,120247905028030090,ACTIVE,60,0,0,0,0,0,0,0
01,120245988448830780,PAUSED,150,0,0,0,1,0,0,0
01,120245827502850179,ACTIVE,100,0,0,0,0,0,0,0
01,120245827502840179,ACTIVE,100,0,0,0,0,0,0,0
01,120250597528690019,ACTIVE,10,0,0,0,0,0,0,0
01,120250597528780019,ACTIVE,10,0,0,0,0,0,0,0
01,120250597528860019,ACTIVE,10,0,0,0,0,0,0,0
01,120250597528930019,ACTIVE,10,0,0,0,0,0,0,0
01,120250597561760019,ACTIVE,10,0,0,0,0,0,0,0
01,120250597561790019,ACTIVE,10,0,0,0,0,0,0,0
01,120250597561850019,ACTIVE,10,0,0,0,0,0,0,0
01,120250597561880019,ACTIVE,10,0,0,0,0,0,0,0
01,120245827465330179,ACTIVE,100,0,0,0,0,0,0,0
01,120245827465160179,ACTIVE,100,0,0,0,0,0,0,0
01,120250598801610019,ACTIVE,30,0,0,0,0,0,0,0
01,120245827413620179,ACTIVE,100,0,0,0,0,0,0,0
01,120245827413590179,ACTIVE,100,0,0,0,0,0,0,0
01,120245827406140179,ACTIVE,100,0,0,0,0,0,0,0
01,120245827406030179,ACTIVE,100,0,0,0,0,0,0,0
01,120245827389160179,ACTIVE,100,0,0,0,0,0,0,0
01,120245827389150179,ACTIVE,100,0,0,0,0,0,0,0
01,120245699296550686,ACTIVE,80,0,0,0,0,0,0,0
01,120245699295330686,ACTIVE,80,0,0,0,0,0,0,0
01,120245699235240686,ACTIVE,80,0,0,0,0,0,0,0
01,120245699235190686,ACTIVE,80,0,0,0,0,0,0,0
01,120245699166900686,ACTIVE,80,0,0,0,0,0,0,0
01,120245699166630686,ACTIVE,80,0,0,0,0,0,0,0
01,120245698217460686,ACTIVE,80,0,0,0,0,0,0,0
01,120245698184740686,ACTIVE,80,0,0,0,0,0,0,0
01,120245698119350686,ACTIVE,80,0,0,0,0,0,0,0
01,120245697787450686,ACTIVE,80,0,0,0,0,0,0,0
01,120245697638490686,ACTIVE,80,0,0,0,0,0,0,0
01,120248531044730126,ACTIVE,80,0,0,0,0,0,0,0
01,120248531045440126,ACTIVE,80,0,0,0,0,0,0,0
01,120248533703440126,ACTIVE,80,0,0,0,0,0,0,0
01,120248533703560126,ACTIVE,80,0,0,0,0,0,0,0
01,120248533771620126,ACTIVE,80,0,0,0,0,0,0,0
01,120245229643460678,ACTIVE,100,0,0,0,0,0,0,0
01,120248533771940126,ACTIVE,80,0,0,0,0,0,0,0
01,120248781054210455,ACTIVE,132,0,1,0,0,0,0,0
01,120248652996470564,ACTIVE,80,0,0,0,0,0,0,0
01,120248653398340564,ACTIVE,80,0,0,0,0,0,0,0
01,120248760721880469,ACTIVE,80,0,0,0,0,0,0,0
01,120244694492240146,ACTIVE,100,0,0,0,0,0,0,0
01,120244694492190146,ACTIVE,100,0,0,0,0,0,0,0
01,120244694320510146,ACTIVE,100,0,0,0,0,0,0,0
01,120244694299880146,ACTIVE,100,0,0,0,0,0,0,0
01,120244694220570146,ACTIVE,100,0,0,0,0,0,0,0
01,120244694220400146,ACTIVE,100,0,0,0,0,0,0,0
01,120248760611910469,ACTIVE,80,0,0,0,0,0,0,0
01,120244694199190146,ACTIVE,100,0,0,0,0,0,0,0
01,120252528497900054,ACTIVE,100,0,0,0,0,0,0,0
01,120252528497940054,ACTIVE,100,0,0,0,0,0,0,0
01,120248760548850469,ACTIVE,80,0,0,0,0,0,0,0
01,120255123131540197,ACTIVE,80,0,0,0,0,0,0,0
01,120255123252360197,ACTIVE,80,0,0,0,0,0,0,0
01,120244694198510146,ACTIVE,100,0,0,0,0,0,0,0
01,120244694121960146,ACTIVE,100,0,0,0,0,0,0,0
01,120244694101130146,ACTIVE,100,0,0,0,0,0,0,0
01,120248760404460469,ACTIVE,80,0,0,0,0,0,0,0
01,120244694066130146,ACTIVE,100,0,0,0,0,0,0,0
01,120244694066100146,ACTIVE,100,0,0,0,0,0,0,0
01,120244694048650146,ACTIVE,100,0,0,0,0,0,0,0
01,120248760404410469,ACTIVE,80,0,0,0,0,0,0,0
01,120244694024530146,ACTIVE,100,0,0,0,0,0,0,0
01,120244694024460146,ACTIVE,100,0,0,0,0,0,0,0
01,120248734905220544,ACTIVE,80,0,0,0,0,0,0,0
01,120248734904900544,ACTIVE,80,0,0,0,0,0,0,0
01,120248732700580455,ACTIVE,135,0,6,0,0,0,0,0
01,120258253671850586,ACTIVE,30,0,0,0,0,0,0,0
01,120258253672830586,ACTIVE,30,0,0,0,0,0,0,0
01,120244349823030686,ACTIVE,125,0,1,0,0,0,0,0
01,120244302719110146,PAUSED,100,0,0,0,0,0,0,0
01,120248732497420544,PAUSED,80,0,0,0,0,0,0,0
01,120248732497100544,ACTIVE,80,0,0,0,0,0,0,0
01,120244234919350146,ACTIVE,100,0,0,0,1,0,0,0
01,120248732241790544,ACTIVE,80,0,0,0,0,0,0,0
01,120243843991710129,ACTIVE,100,0,0,0,1,0,0,0
01,6988473935233,PAUSED,80,0,0,0,0,0,0,0
01,6988473937033,PAUSED,80,0,0,0,0,0,0,0
01,6988495408633,ACTIVE,80,0,0,0,0,0,0,0
01,6988495411233,ACTIVE,80,0,0,0,0,0,0,0
01,120248732241360544,ACTIVE,80,0,0,0,0,0,0,0
01,120248731904820544,ACTIVE,80,0,0,0,0,0,0,0
01,120247192331300477,ACTIVE,100,0,1,0,0,0,0,0
01,120249465757720116,ACTIVE,100,0,0,0,0,0,0,0
01,120247088427140097,ACTIVE,80,0,0,0,0,0,0,0
01,120247086366420097,ACTIVE,80,0,0,0,0,0,0,0
01,120247753470650509,PAUSED,100,0,0,0,1,0,0,0
01,120246909164470241,ACTIVE,100,0,0,0,0,0,0,0
01,120247896140700509,ACTIVE,100,0,0,0,0,0,0,0
01,120247896200460509,ACTIVE,100,0,0,0,0,0,0,0
01,120247896201040509,ACTIVE,100,0,0,0,0,0,0,0
01,120247896237060509,ACTIVE,100,0,0,0,0,0,0,0
01,120247896529670509,ACTIVE,100,0,0,0,0,0,0,0
01,120247896529750509,ACTIVE,100,0,0,0,0,0,0,0
01,120246669810650173,ACTIVE,80,0,0,0,0,0,0,0
01,120246669810550173,ACTIVE,80,0,0,0,0,0,0,0
01,120247896679960509,ACTIVE,100,0,0,0,0,0,0,0
01,120247896715060509,ACTIVE,100,0,0,0,0,0,0,0
01,120249871262610725,ACTIVE,100,0,0,0,0,0,0,0
01,120249871262650725,ACTIVE,100,0,0,0,0,0,0,0
01,120249871362030725,ACTIVE,100,0,0,0,0,0,0,0
01,120249871362270725,ACTIVE,100,0,0,0,0,0,0,0
01,120249871401270725,ACTIVE,100,0,0,0,0,0,0,0
01,120249871432720725,ACTIVE,100,0,0,0,0,0,0,0
01,120249871750440100,ACTIVE,100,0,0,0,0,0,0,0
01,120249871805740725,ACTIVE,100,0,0,0,0,0,0,0
01,120249871805770725,ACTIVE,100,0,0,0,0,0,0,0
01,120249871817940725,ACTIVE,100,0,0,0,0,0,0,0
01,120249871818100725,ACTIVE,100,0,0,0,0,0,0,0
01,120249872546510100,ACTIVE,100,0,0,0,0,0,0,0
01,120247896715880509,ACTIVE,100,0,0,0,0,0,0,0
01,120247901892890509,ACTIVE,100,0,0,0,0,0,0,0
01,120246485944940533,ACTIVE,100,0,0,0,0,0,0,0
01,120246377047690097,ACTIVE,80,0,5,0,0,0,0,0
01,120247901892960509,ACTIVE,100,0,0,0,0,0,0,0
01,120247902130520509,ACTIVE,100,0,0,0,0,0,0,0
01,120248731801150544,ACTIVE,80,0,0,0,0,0,0,0
01,120247902130560509,ACTIVE,100,0,0,0,0,0,0,0
01,120247902282020509,ACTIVE,100,0,0,0,0,0,0,0
01,120247902282110509,ACTIVE,100,0,0,0,0,0,0,0
01,120247905027970090,ACTIVE,60,0,0,0,1,0,0,0
02,120243986668280589,ACTIVE,1200,72.17,1536,43,55,5,1,29.98
02,120244761515050455,ACTIVE,1054,60.11999999999999,1760,44,54,4,1,106.84
02,120246050713470630,ACTIVE,900,52.21,1170,31,29,2,0,0
02,120248455243050455,ACTIVE,854,47.54,1884,39,42,1,0,0
02,120246135738100630,ACTIVE,80,46.13,1185,1,35,0,0,0
02,120252393006000428,ACTIVE,500,42.26,973,32,36,1,0,0
02,120247453929680065,ACTIVE,142,39.589999999999996,1077,1,20,2,0,0
02,120243593315080146,ACTIVE,485,37.46,606,22,20,3,3,159.17
02,120244302651980146,ACTIVE,1000,35.68,1137,23,30,2,2,150.44
02,120249614588310725,ACTIVE,1000,35.510000000000005,983,14,18,2,1,68.56
02,120252516139240428,ACTIVE,400,35.36,682,30,35,3,2,75.96
02,120245706333540025,ACTIVE,500,31,639,19,22,3,1,34.98
02,120245334049460065,ACTIVE,680,30.04,596,13,23,4,2,135.82
02,120246338028120241,ACTIVE,800,29.910000000000004,1577,15,17,0,0,0
02,120248765935040561,ACTIVE,88,28.18,349,9,10,0,0,0
02,120244761233710455,ACTIVE,350,28.07,743,27,26,6,3,155.76999999999998
02,120245622959500630,ACTIVE,127,27.840000000000003,454,8,10,3,0,0
02,120244761352230455,ACTIVE,425,27.46,779,22,25,0,0,0
02,120245980788570752,ACTIVE,600,27.130000000000003,790,21,25,5,3,80.94
02,120245334049540065,ACTIVE,550,26.310000000000002,553,11,26,7,1,29.979999999999997
02,120243276755660065,ACTIVE,850,25.37,820,15,22,3,0,0
02,120248416194170455,ACTIVE,400,25.259999999999998,752,17,17,3,2,168.73999999999998
02,120246670033370677,ACTIVE,500,25.17,1104,11,14,1,1,121.15
02,120244883028360686,ACTIVE,900,24.799999999999997,375,3,7,2,1,51.22
02,120244749327030686,ACTIVE,1000,24.41,450,13,18,0,0,0
02,120248321980990065,ACTIVE,250,22.72,548,44,0,0,0,0
02,120247136451350725,ACTIVE,500,22.39,601,8,10,1,1,28.98
02,120243237372490455,ACTIVE,125,22.03,620,10,10,1,1,60.410000000000004
02,120242301213710065,ACTIVE,550,22,804,16,19,2,1,49.52
02,120246040085600751,ACTIVE,600,20.94,592,10,13,2,1,67.94
02,120248765934950561,ACTIVE,88,20.790000000000003,233,3,5,1,1,41.97
02,120247139480370564,ACTIVE,300,20.65,913,12,13,2,0,0
02,120245736523970177,ACTIVE,100,20.61,308,4,4,0,0,0
02,120247762683780509,ACTIVE,250,20.57,380,6,12,0,0,0
02,120245469696040686,ACTIVE,100,20.34,553,8,12,1,0,0
02,120244164741820146,ACTIVE,268,19.85,573,18,14,4,3,257.14000000000004
02,120246828454030629,ACTIVE,507,19.549999999999997,473,7,10,0,0,0
02,120246221877410629,ACTIVE,335,19.33,339,13,13,3,0,0
02,120240470979080090,ACTIVE,275,19.23,272,11,10,2,1,62.39
02,120246050713310630,ACTIVE,230,18.96,315,8,11,2,1,52.19
02,120244505718600686,ACTIVE,1000,18.85,355,4,5,1,1,51.22
02,120245759610260179,ACTIVE,400,18.53,876,12,14,1,1,28.98
02,120248781054210455,ACTIVE,132,18.509999999999998,335,4,5,0,0,0
02,120251223975900709,ACTIVE,500,18.21,500,14,18,1,1,27.98
02,120247813840340065,ACTIVE,168,18.009999999999998,360,9,10,0,0,0
02,120246023777450751,ACTIVE,1200,17.93,414,5,10,0,0,0
02,120242031621370065,ACTIVE,229,17.48,469,5,6,1,0,0
02,120248646174130425,ACTIVE,135,17.45,244,4,6,1,1,97.71
02,120247822522790043,ACTIVE,320,17.32,333,9,14,0,0,0
02,120245339157220686,ACTIVE,291,17.28,267,3,4,0,0,0
02,120244034916020436,ACTIVE,242,16.919999999999998,776,13,18,2,1,68.22
02,120248646174050425,ACTIVE,135,16.9,232,2,2,0,0,0
02,120247199911460090,ACTIVE,469,16.88,421,9,12,0,0,0
02,120249286682560368,ACTIVE,450,16.84,532,15,16,1,1,96.76
02,120247762435840509,ACTIVE,100,16.81,283,6,9,2,1,49.52
02,120244083558220146,ACTIVE,320,16.71,487,14,14,1,0,0
02,120249052890110100,ACTIVE,500,16.05,609,13,19,4,2,131.5
02,120246710213410090,ACTIVE,275,15.92,382,11,13,2,0,0
02,120244823852300686,ACTIVE,209,15.91,208,2,5,0,0,0
02,120243063569770146,ACTIVE,465,15.74,623,15,19,2,1,41.980000000000004
02,120252516152250428,ACTIVE,100,15.61,230,7,6,0,0,0
02,120247901619980090,ACTIVE,127,15.420000000000002,271,10,11,0,0,0
02,120239930892250650,ACTIVE,500,15.34,240,7,11,3,1,61.57000000000001
02,120250895500810586,ACTIVE,300,15.329999999999998,652,17,15,4,1,28.980000000000004
02,120240679404390629,ACTIVE,400,15.25,442,16,17,3,1,36.949999999999996
02,120252411199200210,ACTIVE,116,14.620000000000001,186,3,4,2,2,113.7
02,120257843668650586,PAUSED,50,14.530000000000001,324,6,5,1,1,28.98
02,120241066464020065,ACTIVE,289,14.23,709,8,10,2,1,29.98
02,120246832758790677,ACTIVE,300,14.100000000000001,471,4,7,1,0,0
02,120246411469910650,ACTIVE,120,14.05,163,6,9,1,0,0
02,120244504303760686,ACTIVE,500,13.92,184,5,4,1,0,0
02,120251356095670722,ACTIVE,40,13.84,153,3,3,0,0,0
02,120245284137900686,ACTIVE,500,13.7,262,7,9,0,0,0
02,120244793522550320,ACTIVE,450,13.66,558,13,14,1,1,82.02
02,120249244397130229,ACTIVE,80,13.379999999999999,149,3,4,0,0,0
02,120250540664990577,ACTIVE,88,13.36,285,12,8,3,3,88.13
02,120245694161990686,ACTIVE,80,13.3,152,8,7,0,0,0
02,120248204610010425,ACTIVE,392,13.28,372,4,4,0,0,0
02,120251355803580722,ACTIVE,40,13.229999999999999,72,5,6,1,1,38.27
02,120245939066470025,ACTIVE,150,13.1,240,3,4,1,0,0
02,120242301213170065,ACTIVE,300,13.04,670,5,7,0,0,0
02,120246283621240177,ACTIVE,90,13.04,187,3,3,0,0,0
02,120246005453800291,ACTIVE,650,13.030000000000001,298,14,17,1,1,88.16
02,120248893532100100,ACTIVE,500,12.9,432,3,5,3,2,107.23999999999998
02,120246867915010442,ACTIVE,100,12.879999999999999,181,4,5,0,0,0
02,120246754801740509,ACTIVE,200,12.79,288,4,4,0,0,0
02,120248922287240389,ACTIVE,81,12.78,298,5,6,0,0,0
02,120246130891670780,ACTIVE,80,12.669999999999998,219,1,2,0,0,0
02,120245848127430707,ACTIVE,200,12.66,248,3,8,0,0,0
02,120244880653330686,ACTIVE,100,12.64,191,4,5,2,0,0
02,120241119247090090,ACTIVE,245,12.52,250,10,13,0,0,0
02,120244906297410788,ACTIVE,10,12.440000000000001,159,1,2,0,0,0
02,120250413795050709,ACTIVE,150,12.31,246,4,6,0,0,0
02,120247901619920090,ACTIVE,127,12.21,245,10,10,1,0,0
02,120247893321710509,ACTIVE,102,12.180000000000001,287,5,5,1,1,63.47
02,120246283621100177,ACTIVE,90,12.149999999999999,201,7,6,3,2,101.17999999999999
02,120246701172200677,ACTIVE,146,12.06,463,1,1,0,0,0
02,120248151239370425,ACTIVE,300,12.04,104,1,2,0,0,0
02,120247479945600065,ACTIVE,360,12.03,410,11,12,2,1,36.949999999999996
02,120247660528150175,ACTIVE,88,11.92,189,7,7,0,0,0
02,120249181320780229,ACTIVE,216,11.89,304,5,7,1,1,62.46
02,120247335070640389,ACTIVE,100,11.83,434,15,15,4,1,59.910000000000004
02,120246007012750630,ACTIVE,450,11.83,347,6,5,1,1,29.98
02,120246867915110442,ACTIVE,100,11.809999999999999,163,2,2,0,0,0
02,120248721588870544,ACTIVE,90,11.79,235,1,1,0,0,0
02,120252337542810054,ACTIVE,118,11.760000000000002,221,6,6,0,0,0
02,120247893321760509,ACTIVE,102,11.740000000000002,335,8,8,0,0,0
02,120246821790390032,ACTIVE,76,11.71,206,2,3,0,0,0
02,120247601538900425,ACTIVE,200,11.7,199,6,6,0,0,0
02,120245949924540025,ACTIVE,100,11.55,168,2,3,0,0,0
02,120248793927650152,ACTIVE,200,11.52,602,11,13,1,0,0
02,120249995251480589,ACTIVE,95,11.52,163,3,3,1,1,49.52
02,120248721588880544,ACTIVE,90,11.350000000000001,248,7,7,0,0,0
02,120244073937770705,ACTIVE,100,11.25,190,4,5,1,1,29.98
02,120251576088460651,ACTIVE,200,11.24,275,10,12,1,0,0
02,120250566242310577,ACTIVE,100,11.23,264,8,7,0,0,0
02,120246135738040630,ACTIVE,80,11.18,208,5,7,2,1,67.46
02,120248229485400425,ACTIVE,360,11.17,317,6,6,2,1,39.980000000000004
02,120248538003950544,ACTIVE,80,11.16,248,7,6,1,0,0
02,120247084683120097,ACTIVE,102,11.149999999999999,190,3,4,0,0,0
02,120248922287320389,ACTIVE,81,11.07,303,7,7,0,0,0
02,120245750558170707,ACTIVE,100,11.069999999999999,162,5,8,0,0,0
02,120246130891350780,ACTIVE,80,10.98,201,5,5,1,1,24.98
02,120246791587200455,ACTIVE,341,10.96,207,10,12,2,2,321.51
02,120247892596700509,ACTIVE,110,10.85,205,6,6,0,0,0
02,120244823852370686,ACTIVE,100,10.75,148,2,4,0,0,0
02,120251778959040404,ACTIVE,80,10.739999999999998,121,0,1,0,0,0
02,120246788794230752,ACTIVE,76,10.719999999999999,240,3,3,1,1,42.97
02,120248180759590065,ACTIVE,118,10.719999999999999,299,4,5,0,0,0
02,120248142069690065,ACTIVE,100,10.690000000000001,230,4,4,2,1,29.98
02,120252515469150054,ACTIVE,90,10.66,262,1,1,0,0,0
02,120244452712050146,ACTIVE,500,10.64,156,7,6,0,0,0
02,120246286465380752,ACTIVE,300,10.58,336,11,10,0,0,0
02,120250466943310577,ACTIVE,100,10.54,272,9,10,1,1,93.74
02,120244480112510436,ACTIVE,150,10.5,487,12,18,1,1,99.72
02,120249178308050725,ACTIVE,100,10.49,210,1,0,0,1,30.17
02,120247649190860629,ACTIVE,126,10.469999999999999,184,5,5,0,0,0
02,120244073937740705,ACTIVE,100,10.46,191,6,7,2,2,81.19000000000001
02,120244349822900686,ACTIVE,100,10.459999999999999,142,2,9,0,0,0
02,120246232539370090,ACTIVE,132,10.45,246,5,6,0,0,0
02,120248427381820564,ACTIVE,100,10.36,314,5,6,1,0,0
02,120246134196920630,ACTIVE,83,10.32,249,5,5,0,0,0
02,120246191098970320,ACTIVE,400,10.3,516,12,15,3,1,58.769999999999996
02,120249754760810019,ACTIVE,300,10.3,316,14,17,1,1,29.98
02,120247952380210544,ACTIVE,106,10.28,173,4,4,2,1,27.979999999999997
02,120246821790660032,ACTIVE,76,10.19,160,5,4,2,1,48.42
02,120248426685010564,ACTIVE,100,10.16,263,9,8,0,0,0
02,120244428953860686,ACTIVE,100,10.1,156,4,6,0,0,0
02,120250363655950653,ACTIVE,80,10.1,110,7,7,1,0,0
02,120248500573340642,ACTIVE,123,10.09,166,5,6,0,0,0
02,120252528497940054,ACTIVE,100,10.06,158,4,5,0,0,0
02,120249360668950725,ACTIVE,100,10.030000000000001,190,5,5,0,0,0
02,120245404387150125,ACTIVE,200,10.01,286,7,7,1,0,0
02,23857834334500799,ACTIVE,60,10,104,2,3,0,0,0
02,120249140601980100,ACTIVE,300,9.99,133,8,6,2,1,38.17
02,120245327669090320,ACTIVE,600,9.93,313,8,11,0,0,0
02,120247504003780425,ACTIVE,113,9.920000000000002,225,4,5,0,0,0
02,120248523149630126,ACTIVE,89,9.92,166,7,7,1,0,0
02,120246299672700751,ACTIVE,500,9.89,248,9,11,1,1,47.14
02,120248414403410695,ACTIVE,375,9.86,437,6,4,0,0,0
02,120246466192240533,ACTIVE,90,9.780000000000001,379,7,7,1,0,0
02,120247322669120509,ACTIVE,200,9.78,259,1,1,0,0,0
02,120244486414960436,ACTIVE,100,9.77,455,12,12,2,0,0
02,120242907734560129,ACTIVE,100,9.759999999999998,356,10,9,0,0,0
02,120252456048800428,ACTIVE,100,9.73,156,6,6,0,0,0
02,120246794737760320,ACTIVE,108,9.719999999999999,263,6,9,2,2,116.08999999999999
02,120248781054270455,ACTIVE,132,9.7,310,4,5,1,1,60.41
02,120247649190890629,ACTIVE,126,9.68,185,5,5,0,0,0
02,120258018661030586,ACTIVE,300,9.62,297,5,6,1,1,86.55
02,120245229643460678,ACTIVE,100,9.55,128,3,3,0,0,0
02,120246131536730780,ACTIVE,80,9.51,186,5,4,0,0,0
02,120247660528030175,ACTIVE,88,9.48,174,7,7,0,0,0
02,120246788794180752,ACTIVE,76,9.370000000000001,216,4,5,0,0,0
02,120242847129030686,ACTIVE,100,9.31,164,3,5,1,0,0
02,120248547360230544,ACTIVE,80,9.29,263,5,7,1,1,27.979999999999997
02,120245124026530686,ACTIVE,80,9.29,156,2,3,0,0,0
02,120248923191120589,ACTIVE,100,9.25,154,1,2,1,1,49.52
02,120244163991370436,ACTIVE,150,9.25,370,14,16,0,0,0
02,120248801075450431,ACTIVE,130,9.129999999999999,283,5,8,0,0,0
02,120246962698770090,ACTIVE,195,9.11,280,5,7,2,0,0
02,120249748358150589,ACTIVE,151,9.1,197,4,5,0,0,0
02,120248426685080564,ACTIVE,100,9.08,210,7,12,1,0,0
02,120248050137610065,ACTIVE,240,9.02,259,5,10,1,1,63.91
02,120246624479580241,ACTIVE,172,9.01,411,11,11,1,0,0
02,120246643265130674,ACTIVE,80,9.01,324,4,4,0,0,0
02,120235701428400210,ACTIVE,200,8.879999999999999,170,8,9,2,1,41.980000000000004
02,120246466192300533,ACTIVE,90,8.870000000000001,286,3,1,0,0,0
02,120249995251570589,ACTIVE,95,8.809999999999999,174,1,2,0,0,0
02,120246403147480533,ACTIVE,100,8.8,293,3,5,2,1,41.97
02,120248556140990663,ACTIVE,300,8.8,173,6,4,1,0,0
02,120249872546510100,ACTIVE,100,8.79,166,5,5,1,0,0
02,120246402943010533,ACTIVE,100,8.77,228,6,6,1,1,43.97
02,120242656322210455,ACTIVE,135,8.7,210,3,3,0,0,0
02,120249866066580100,ACTIVE,89,8.7,305,7,7,0,0,0
02,120247583319740586,ACTIVE,300,8.66,229,6,11,0,0,0
02,120249205526460431,ACTIVE,80,8.65,92,4,3,0,0,0
02,120246381767620032,ACTIVE,200,8.61,204,8,10,4,1,48.41
02,120248645284270152,ACTIVE,340,8.58,352,3,5,0,0,0
02,120245642739620125,ACTIVE,200,8.55,198,9,7,2,1,41.72
02,120249252046510229,ACTIVE,80,8.54,235,4,6,2,1,49.97
02,120248539381110725,ACTIVE,100,8.52,169,3,5,2,1,68.56
02,120249060988170152,ACTIVE,90,8.48,191,4,4,0,0,0
02,120250713080020577,ACTIVE,88,8.41,155,5,6,0,0,0
02,120248129602090303,ACTIVE,40,8.41,70,4,4,1,0,0
02,120245346459390436,ACTIVE,100,8.4,295,9,7,0,0,0
02,120248500573400642,ACTIVE,123,8.39,194,4,4,0,0,0
02,120245694161920686,ACTIVE,80,8.39,146,2,3,0,0,0
02,120252523589080054,ACTIVE,100,8.36,124,5,5,0,0,0
02,120248507722020469,ACTIVE,100,8.36,186,2,2,0,0,0
02,120248321980970065,ACTIVE,250,8.31,222,15,0,0,0,0
02,120246815803520674,ACTIVE,100,8.29,228,6,7,1,0,0
02,120246886453300707,ACTIVE,82,8.28,155,6,8,0,0,0
02,120247061936980509,ACTIVE,200,8.21,331,7,7,3,0,0
02,120246902225450241,ACTIVE,97,8.21,298,6,9,1,1,66.47999999999999
02,120246134196980630,ACTIVE,83,8.17,209,6,6,1,0,0
02,120250713079040577,ACTIVE,88,8.16,164,3,4,0,0,0
02,120248129602020303,ACTIVE,40,8.16,77,0,0,0,0,0
02,120251355803650722,ACTIVE,40,8.14,81,4,5,0,0,0
02,120249439269180365,ACTIVE,100,8.08,144,2,2,0,0,0
02,120246169445720320,ACTIVE,100,8.05,235,3,5,0,0,0
02,120249871750440100,ACTIVE,100,8.02,164,4,2,1,0,0
02,120248832877240168,ACTIVE,90,7.97,144,4,6,1,1,102.25999999999999
02,120249156453230695,ACTIVE,80,7.95,212,2,3,0,0,0
02,120246220485510177,ACTIVE,100,7.93,185,5,6,2,2,59.96
02,120245229678820678,ACTIVE,100,7.88,145,1,2,0,0,0
02,23857687339360799,ACTIVE,260,7.88,113,2,1,0,0,0
02,120247770604660509,ACTIVE,100,7.83,277,2,1,0,0,0
02,120246219468190177,ACTIVE,100,7.8100000000000005,150,7,8,1,1,71.2
02,120246050712990630,ACTIVE,200,7.79,176,6,7,0,0,0
02,120249283732990100,ACTIVE,148,7.779999999999999,192,7,8,0,0,0
02,120246129839740630,ACTIVE,80,7.77,270,8,5,0,0,0
02,120244008702660129,ACTIVE,100,7.77,285,3,7,0,0,0
02,120246902225410241,ACTIVE,97,7.73,330,3,6,2,0,0
02,120247040934570629,ACTIVE,400,7.72,232,5,4,0,0,0
02,120250278918690653,ACTIVE,80,7.6899999999999995,157,5,5,0,0,0
02,120246794738360320,ACTIVE,108,7.68,208,2,3,0,0,0
02,120244451472500146,ACTIVE,100,7.66,153,6,7,2,0,0
02,120247246206720389,ACTIVE,100,7.65,208,9,10,0,0,0
02,120243205951310642,ACTIVE,159,7.609999999999999,150,4,5,1,1,37.95
02,120245944457570630,ACTIVE,114,7.609999999999999,301,4,5,0,0,0
02,120249244397090229,ACTIVE,80,7.6,158,8,8,0,0,0
02,23857834334530799,ACTIVE,60,7.5600000000000005,85,4,4,1,0,0
02,120246615285510642,ACTIVE,450,7.53,239,2,2,0,0,0
02,120244691564680146,ACTIVE,100,7.529999999999999,215,1,4,0,0,0
02,120249252046550229,ACTIVE,80,7.51,258,2,2,1,1,29.98
02,120249205590160431,ACTIVE,80,7.4799999999999995,148,1,2,0,0,0
02,120248082904030663,ACTIVE,150,7.430000000000001,117,1,1,0,0,0
02,120252522175850054,ACTIVE,100,7.43,174,2,1,0,0,0
02,120246835900980032,ACTIVE,100,7.4,118,5,5,0,0,0
02,120244471201830129,ACTIVE,120,7.4,261,9,8,1,0,0
02,120248598654640561,ACTIVE,99,7.34,180,5,6,1,0,0
02,120248598654680561,ACTIVE,99,7.33,212,5,5,0,0,0
02,120245738102920780,ACTIVE,150,7.32,142,3,5,1,0,0
02,120252528497900054,ACTIVE,100,7.289999999999999,132,1,1,0,0,0
02,120248129794130303,ACTIVE,40,7.22,72,2,4,2,1,26.98
02,120246024108440751,ACTIVE,345,7.21,179,6,10,2,2,60.67
02,120249775050340127,ACTIVE,100,7.199999999999999,69,1,1,0,0,0
02,120247114934220455,ACTIVE,100,7.1899999999999995,148,8,8,0,0,0
02,120247304965600477,ACTIVE,100,7.1899999999999995,80,3,4,1,0,0
02,120246050713630630,ACTIVE,86,7.17,213,5,5,0,0,0
02,120244802271840788,ACTIVE,10,7.1499999999999995,154,0,2,0,0,0
02,120245205425940677,ACTIVE,100,7.1499999999999995,204,2,2,0,0,0
02,120251014701570404,ACTIVE,50,7.13,184,3,7,0,0,0
02,120246131739110780,ACTIVE,80,7.119999999999999,154,7,7,1,1,42.97
02,120248089909210065,ACTIVE,100,7.109999999999999,130,1,4,1,0,0
02,120248598666870425,ACTIVE,200,7.1,196,2,2,0,0,0
02,120244017128390686,ACTIVE,100,7.09,130,2,4,0,0,0
02,120249672773570589,ACTIVE,100,7.08,152,3,2,1,0,0
02,120246010945790630,ACTIVE,86,7.050000000000001,258,1,2,0,0,0
02,120246402942850533,ACTIVE,100,7.01,196,10,6,1,0,0
02,120248524362970425,ACTIVE,300,7.000000000000001,172,8,11,0,0,0
02,120249149145800048,ACTIVE,100,6.96,109,4,7,0,0,0
02,120251254946790722,ACTIVE,120,6.949999999999999,111,2,6,0,0,0
02,120248129794520303,ACTIVE,40,6.94,89,3,2,0,0,0
02,120248564072910455,ACTIVE,100,6.9399999999999995,205,6,7,0,0,0
02,120246471244780065,ACTIVE,229,6.9,143,3,4,1,0,0
02,120249412510530100,ACTIVE,113,6.9,128,0,2,0,0,0
02,120245205078130630,ACTIVE,94,6.88,250,3,3,0,0,0
02,120241067387190788,ACTIVE,10,6.79,140,1,1,0,0,0
02,120246306322540533,ACTIVE,67,6.76,352,4,6,1,0,0
02,120244171016070129,ACTIVE,100,6.76,272,1,8,0,0,0
02,120244389916660436,ACTIVE,109,6.74,310,9,12,3,0,0
02,120243673094650146,ACTIVE,100,6.72,96,4,3,0,0,0
02,120249711938850319,ACTIVE,290,6.71,253,7,14,1,0,0
02,120247245979210389,ACTIVE,100,6.7,248,4,5,0,0,0
02,120246835901050032,ACTIVE,100,6.68,117,2,2,0,0,0
02,120249498266450589,ACTIVE,330,6.620000000000001,106,6,9,1,1,49.52
02,120248922585490210,ACTIVE,200,6.619999999999999,419,6,5,0,0,0
02,120246242129020477,ACTIVE,100,6.61,45,1,1,0,0,0
02,120248512806040048,ACTIVE,100,6.6,166,4,8,0,0,0
02,120249384124830663,ACTIVE,136,6.6,113,1,2,0,0,0
02,120245514271740065,ACTIVE,195,6.59,120,10,10,0,0,0
02,120247858934130544,ACTIVE,90,6.5600000000000005,177,0,1,0,0,0
02,120245899907660065,ACTIVE,115,6.550000000000001,135,4,6,1,1,67.91
02,120243844958690129,ACTIVE,100,6.52,227,6,6,1,0,0
02,120246493383140032,ACTIVE,100,6.500000000000001,149,4,4,0,0,0
02,120244691564740146,ACTIVE,100,6.4799999999999995,219,2,2,0,0,0
02,120246129839860630,ACTIVE,80,6.42,223,2,2,0,0,0
02,120243508760940146,ACTIVE,100,6.38,169,4,3,0,0,0
02,120245469696060686,ACTIVE,100,6.37,85,2,3,0,0,0
02,120246300475250650,ACTIVE,200,6.37,120,2,3,0,0,0
02,120245380137820707,ACTIVE,300,6.359999999999999,158,5,5,0,0,0
02,120248596343100048,ACTIVE,100,6.359999999999999,124,4,4,1,1,37.98
02,120247689486720509,ACTIVE,500,6.359999999999999,241,4,4,0,0,0
02,120248490880410455,ACTIVE,100,6.35,182,2,2,0,0,0
02,120248528450570455,ACTIVE,100,6.33,170,1,2,0,0,0
02,120247086366560097,ACTIVE,80,6.27,138,4,2,0,0,0
02,120249935914320589,ACTIVE,95,6.25,115,1,3,0,0,0
02,120250122186270319,ACTIVE,120,6.23,124,6,4,2,2,101.19000000000001
02,120247086330490097,ACTIVE,80,6.220000000000001,185,4,3,1,0,0
02,120249866066500100,ACTIVE,89,6.220000000000001,163,5,6,0,0,0
02,120243951377020125,ACTIVE,200,6.199999999999999,174,3,3,0,0,0
02,120244431777030751,ACTIVE,1000,6.180000000000001,210,7,12,0,0,0
02,120248911416770577,ACTIVE,101,6.16,181,11,9,3,1,28.98
02,120246716356910752,ACTIVE,100,6.1,143,8,4,0,0,0
02,120248732700550455,ACTIVE,435,6.079999999999999,223,5,5,0,0,0
02,120246733901990065,ACTIVE,80,6.05,98,4,5,2,0,0
02,120249205526520431,ACTIVE,80,6.04,97,4,4,1,0,0
02,120248540698960725,ACTIVE,100,6.02,130,3,4,1,1,68.56
02,120250501589950722,ACTIVE,80,5.97,147,5,4,0,0,0
02,120250596505340709,ACTIVE,100,5.9399999999999995,68,1,3,1,0,0
02,120245241360310455,ACTIVE,100,5.91,279,3,3,1,1,60.41
02,120252198020010210,ACTIVE,109,5.9,111,0,1,0,0,0
02,120246835842080032,ACTIVE,100,5.87,82,2,4,0,0,0
02,120249120674110404,ACTIVE,500,5.84,66,4,4,0,0,0
02,120248129647260303,ACTIVE,40,5.82,81,2,2,0,0,0
02,120245899907890065,ACTIVE,115,5.800000000000001,125,2,7,1,1,49.519999999999996
02,120247902130520509,ACTIVE,100,5.8,130,4,7,0,0,0
02,120247573916610214,ACTIVE,135,5.74,122,2,2,1,0,0
02,120248248634970455,ACTIVE,100,5.74,72,6,8,1,1,60.41
02,120247822061580043,ACTIVE,220,5.73,89,4,5,0,0,0
02,120249105110140210,ACTIVE,92,5.7,204,5,4,0,0,0
02,120246338142390241,ACTIVE,97,5.699999999999999,439,7,7,0,0,0
02,120249286765290368,ACTIVE,200,5.66,155,3,5,1,0,0
02,120245031811820436,ACTIVE,100,5.66,190,7,6,2,1,68.23
02,120247974813980642,ACTIVE,151,5.58,144,4,7,1,0,0
02,120248384078440455,ACTIVE,100,5.57,178,0,1,0,0,0
02,120249205590130431,ACTIVE,80,5.51,136,3,4,0,0,0
02,120243458344350129,ACTIVE,200,5.4399999999999995,270,4,8,1,1,44.77
02,120251354404600722,ACTIVE,40,5.43,94,2,3,0,0,0
02,120247902282110509,ACTIVE,100,5.41,157,1,2,0,0,0
02,120250279061630653,ACTIVE,80,5.390000000000001,114,1,1,1,0,0
02,120257783384890586,ACTIVE,25,5.32,217,5,5,1,1,28.98
02,120247378425210561,ACTIVE,380,5.3100000000000005,219,6,6,1,1,57.96
02,120249826842030100,ACTIVE,80,5.3,66,0,0,0,0,0
02,120249439267740365,ACTIVE,100,5.3,50,1,1,0,0,0
02,120240901145360175,ACTIVE,315,5.279999999999999,312,6,7,0,0,0
02,120255123252360197,ACTIVE,80,5.27,98,8,8,0,0,0
02,120249115230940100,ACTIVE,100,5.27,118,1,1,0,0,0
02,120248573692120695,ACTIVE,120,5.23,159,2,1,0,0,0
02,120258018921830586,ACTIVE,25,5.2299999999999995,141,3,4,1,1,28.98
02,120249534302910127,ACTIVE,100,5.21,68,1,2,0,0,0
02,120257843052780586,ACTIVE,109,5.18,119,2,2,0,0,0
02,120246024108390751,ACTIVE,500,5.07,114,1,3,0,0,0
02,120248012782330065,ACTIVE,100,5.029999999999999,121,4,4,0,0,0
02,120258251274600586,ACTIVE,30,5.01,113,0,1,0,0,0
02,120246668892470032,ACTIVE,100,5,172,7,5,1,0,0
02,120246178929760752,ACTIVE,100,4.97,110,3,3,1,0,0
02,120246465900910677,ACTIVE,100,4.96,94,1,1,0,0,0
02,120246870229730642,ACTIVE,100,4.9399999999999995,114,0,1,0,0,0
02,120246717243380752,ACTIVE,100,4.91,141,3,4,1,1,54.96
02,120246070715810752,ACTIVE,100,4.83,83,1,1,0,0,0
02,120256572736650586,ACTIVE,100,4.83,141,9,9,1,0,0
02,120248459419470469,ACTIVE,100,4.7299999999999995,89,0,0,0,0,0
02,120247483865740100,ACTIVE,300,4.72,143,2,1,0,0,0
02,120250598762320019,ACTIVE,30,4.71,69,1,1,0,0,0
02,120247645229990642,ACTIVE,100,4.71,124,5,3,0,0,0
02,120251692403590054,ACTIVE,95,4.65,141,1,2,0,0,0
02,120247175023780065,ACTIVE,100,4.619999999999999,104,2,2,0,0,0
02,120258095185070586,ACTIVE,30,4.6,76,1,1,0,0,0
02,120249872318680100,ACTIVE,100,4.58,159,3,3,0,0,0
02,120249182012100229,ACTIVE,450,4.53,222,2,2,0,0,0
02,120249431214270100,ACTIVE,100,4.51,136,3,1,0,0,0
02,120248808316220695,ACTIVE,200,4.47,92,0,0,0,0,0
02,120245218353240788,ACTIVE,10,4.46,63,0,0,0,0,0
02,120251360834810166,ACTIVE,10,4.43,63,1,1,1,0,0
02,120252520217470428,ACTIVE,100,4.41,74,0,2,0,0,0
02,120244470749040129,ACTIVE,200,4.390000000000001,181,5,8,0,0,0
02,120246733876960065,ACTIVE,80,4.37,79,2,5,1,1,29.979999999999997
02,120246835842160032,ACTIVE,100,4.33,62,0,0,0,0,0
02,120246417765860752,ACTIVE,77,4.32,154,2,6,0,0,0
02,120249347498540100,ACTIVE,100,4.29,134,4,4,1,0,0
02,120250011342400589,ACTIVE,100,4.28,103,1,1,0,0,0
02,23857661391130799,ACTIVE,160,4.28,53,0,0,0,0,0
02,120248332911960065,ACTIVE,200,4.279999999999999,161,1,1,0,0,0
02,120244623419230146,ACTIVE,100,4.25,121,5,5,0,0,0
02,120246382556450462,ACTIVE,100,4.220000000000001,52,3,3,0,0,0
02,120249433591590100,ACTIVE,100,4.22,92,3,4,0,0,0
02,120248722531060455,ACTIVE,133,4.21,90,3,3,1,0,0
02,120248288633070389,ACTIVE,140,4.1899999999999995,106,5,6,0,0,0
02,120246145189280470,ACTIVE,80,4.18,191,2,2,0,0,0
02,120246891215890677,ACTIVE,100,4.18,115,2,1,1,1,73.05000000000001
02,120246360941370650,ACTIVE,80,4.17,46,0,2,1,1,34.98
02,120246835765380032,ACTIVE,100,4.16,108,3,4,1,1,58.959999999999994
02,120245638609160175,ACTIVE,132,4.12,123,8,5,1,1,24.96
02,120247623540580509,ACTIVE,92,4.12,155,2,3,0,0,0
02,120246397978120533,ACTIVE,90,4.09,138,1,1,1,0,0
02,120251868137370166,ACTIVE,30,4.09,72,5,5,0,0,0
02,120246835765480032,ACTIVE,100,4.08,79,2,3,0,0,0
02,120246259925420674,ACTIVE,100,4.07,76,0,1,0,0,0
02,120247902130560509,ACTIVE,100,4.07,116,2,2,1,0,0
02,120248737641910722,ACTIVE,80,4.07,66,1,1,0,0,0
02,120258091126130586,ACTIVE,300,4.0600000000000005,126,2,3,0,0,0
02,120246891334500677,ACTIVE,100,4.04,97,0,0,0,0,0
02,120246716035470470,ACTIVE,50,4.02,96,2,3,0,0,0
02,120255123131540197,ACTIVE,80,4.01,76,0,0,0,0,0
02,120245610768940032,ACTIVE,200,4.01,107,1,2,0,1,48.42
02,120249790953950725,ACTIVE,100,4,131,1,2,0,0,0
02,120245306349070462,ACTIVE,100,4,85,7,6,0,0,0
02,120248534140900544,ACTIVE,82,3.98,87,1,2,0,0,0
02,120244470749060129,ACTIVE,120,3.96,138,3,3,1,0,0
02,120250641402060577,ACTIVE,100,3.96,80,3,2,2,0,0
02,120244623330020146,ACTIVE,100,3.9300000000000006,44,1,1,0,0,0
02,120251576447330651,ACTIVE,20,3.93,47,0,0,0,0,0
02,120244691045040320,ACTIVE,120,3.92,148,1,3,0,0,0
02,120251659288280166,ACTIVE,50,3.91,107,2,2,0,0,0
02,120247866597170389,ACTIVE,100,3.9000000000000004,135,3,3,0,0,0
02,120247708432980509,ACTIVE,100,3.88,63,3,1,1,0,0
02,6995732288426,ACTIVE,50,3.87,94,5,5,0,0,0
02,120246508713670320,ACTIVE,100,3.8600000000000003,90,3,4,0,0,0
02,120255653285300586,ACTIVE,118,3.8400000000000003,77,0,1,0,0,0
02,120244418309490436,ACTIVE,100,3.8200000000000003,166,7,7,0,0,0
02,120249149449870048,ACTIVE,100,3.81,58,3,3,0,0,0
02,120241671273870455,ACTIVE,100,3.77,133,5,6,1,0,0
02,120257647437950586,ACTIVE,100,3.76,77,1,1,0,0,0
02,120247901892890509,ACTIVE,100,3.75,105,2,2,0,0,0
02,120250598801610019,ACTIVE,30,3.74,48,2,2,0,0,0
02,120246299672740751,ACTIVE,195,3.7399999999999998,103,1,1,0,0,0
02,120245400911130686,ACTIVE,80,3.7300000000000004,68,3,3,0,0,0
02,120255021163250197,ACTIVE,80,3.7299999999999995,53,1,1,0,0,0
02,120245010772960663,ACTIVE,200,3.7,84,4,3,0,0,0
02,120248129647190303,ACTIVE,40,3.6899999999999995,61,2,3,0,0,0
02,120249872898580100,ACTIVE,100,3.67,116,2,2,1,0,0
02,120243217129690509,ACTIVE,100,3.67,180,5,6,0,0,0
02,120248955593120695,ACTIVE,136,3.66,103,1,1,0,0,0
02,120245923045620168,ACTIVE,100,3.64,92,1,1,0,0,0
02,120246733902040065,ACTIVE,80,3.64,86,3,5,0,0,0
02,120246050713140630,ACTIVE,200,3.64,59,1,2,1,0,0
02,120250558406210368,ACTIVE,193,3.62,96,1,3,1,1,38.98
02,120246191098590320,ACTIVE,200,3.6,172,2,2,0,0,0
02,120247595220850629,ACTIVE,100,3.5999999999999996,77,1,4,0,0,0
02,120246647909930752,ACTIVE,111,3.5700000000000003,136,7,8,2,1,42.97
02,120245514271720065,ACTIVE,115,3.55,73,1,1,0,0,0
02,120249791286030725,ACTIVE,100,3.55,63,1,1,0,0,0
02,120245044044870686,ACTIVE,100,3.55,52,1,1,0,0,0
02,120243753190540054,ACTIVE,101,3.51,92,2,2,0,0,0
02,120258251274670586,ACTIVE,30,3.51,81,1,1,0,0,0
02,120248444259380455,ACTIVE,134,3.51,135,5,7,0,0,0
02,120244164847370788,ACTIVE,200,3.49,73,2,3,1,1,92.3
02,120245889270610065,ACTIVE,40,3.4699999999999998,123,5,6,1,0,0
02,120249300729750589,ACTIVE,100,3.4699999999999998,65,2,2,1,0,0
02,120249525957160319,ACTIVE,300,3.46,89,1,3,0,0,0
02,120246299721450751,ACTIVE,195,3.44,71,0,0,0,0,0
02,120246594237630032,ACTIVE,200,3.4000000000000004,92,3,4,0,0,0
02,120251509396740651,ACTIVE,20,3.3999999999999995,75,0,1,0,0,0
02,120247392329370509,ACTIVE,100,3.3899999999999997,149,1,0,0,0,0
02,120246471244730065,ACTIVE,229,3.38,139,7,11,1,0,0
02,120247815325100509,ACTIVE,100,3.36,152,2,3,0,0,0
02,120252288360590054,ACTIVE,100,3.35,76,1,1,0,0,0
02,120250789469770586,ACTIVE,100,3.33,111,4,6,0,0,0
02,120244270293390320,ACTIVE,120,3.3200000000000003,118,4,3,0,0,0
02,120244618043630436,ACTIVE,1093,3.32,125,1,3,0,0,0
02,120248700431710469,ACTIVE,80,3.3199999999999994,84,2,2,1,1,68.56
02,120247901892960509,ACTIVE,100,3.28,81,0,0,0,0,0
02,120247608644690175,ACTIVE,120,3.28,58,1,1,0,0,0
02,120249022346600152,ACTIVE,80,3.28,79,3,3,0,0,0
02,120248764599250589,ACTIVE,200,3.24,83,1,1,0,0,0
02,120246602396100752,ACTIVE,100,3.22,82,4,4,1,1,26.98
02,120247086303000097,ACTIVE,80,3.2199999999999998,89,2,2,0,0,0
02,120246145506950470,ACTIVE,80,3.21,77,1,2,0,0,0
02,120246485944940533,ACTIVE,100,3.19,134,1,5,0,0,0
02,120246309078080032,ACTIVE,200,3.18,100,3,4,0,0,0
02,120248510641030431,ACTIVE,220,3.18,98,2,2,0,0,0
02,120247902282020509,ACTIVE,100,3.16,110,1,1,0,0,0
02,120245250780680175,ACTIVE,125,3.1500000000000004,90,5,5,0,0,0
02,120247058049910303,ACTIVE,80,3.15,63,3,4,0,0,0
02,6973002165426,ACTIVE,50,3.15,91,4,4,0,0,0
02,120249791261630725,ACTIVE,100,3.1399999999999997,65,3,3,0,0,0
02,120245218353210788,ACTIVE,50,3.13,71,2,3,2,1,117.01
02,120246851941710241,ACTIVE,120,3.13,56,1,2,0,0,0
02,120244536077290146,ACTIVE,100,3.12,98,5,2,0,0,0
02,120244409294890129,ACTIVE,100,3.12,141,4,5,2,0,0
02,120246669810650173,ACTIVE,80,3.12,75,2,5,1,1,110.96
02,120245823079650320,ACTIVE,100,3.12,69,1,1,0,0,0
02,120245343640550686,ACTIVE,80,3.1,39,1,1,0,0,0
02,120245481989400065,ACTIVE,40,3.09,82,3,3,0,0,0
02,120248615909580019,ACTIVE,50,3.09,55,2,3,2,0,0
02,120245889270720065,ACTIVE,40,3.06,90,1,1,1,0,0
02,120245988448910780,ACTIVE,80,3.06,70,2,3,0,0,0
02,120246123176490177,ACTIVE,89,3.0599999999999996,54,0,1,0,0,0
02,120244837091050678,ACTIVE,60,3.04,50,3,2,1,1,57.98
02,6995732289626,ACTIVE,50,3.04,72,2,2,0,0,0
02,120244824816070686,ACTIVE,80,3.0300000000000002,42,1,3,1,0,0
02,120244452501840146,ACTIVE,100,3.0300000000000002,103,0,1,0,0,0
02,120248574839520695,ACTIVE,50,3.03,120,2,2,0,0,0
02,120244409294850129,ACTIVE,100,3.02,192,2,2,0,0,0
02,120250677671340013,ACTIVE,80,3,65,4,4,0,0,0
02,120251037305290166,ACTIVE,50,2.9899999999999998,117,2,3,0,0,0
02,120248645284350152,ACTIVE,80,2.9699999999999998,101,0,0,0,0,0
02,120258018921720586,ACTIVE,25,2.96,60,2,2,0,0,0
02,120245557729330686,ACTIVE,80,2.91,49,0,0,0,0,0
02,120245631777490686,ACTIVE,80,2.87,54,2,2,0,0,0
02,120248538756480561,ACTIVE,60,2.87,84,4,3,1,0,0
02,120248302764770065,ACTIVE,85,2.83,51,1,1,0,0,0
02,120249062217790019,ACTIVE,50,2.83,50,2,3,2,2,101.19
02,120251279954260722,ACTIVE,40,2.8000000000000003,40,0,0,0,0,0
02,120248574839550695,ACTIVE,187,2.8,86,1,2,0,0,0
02,120245642739820125,ACTIVE,300,2.8,81,2,2,0,0,0
02,120246276719190650,ACTIVE,100,2.7800000000000002,60,1,1,0,0,0
02,120249151139280057,ACTIVE,100,2.75,66,1,0,0,0,0
02,120249790639140725,ACTIVE,100,2.74,50,1,2,0,0,0
02,120243844678990129,ACTIVE,100,2.72,92,1,1,0,0,0
02,120247831600980509,ACTIVE,80,2.71,35,2,2,0,0,0
02,120250827793580013,ACTIVE,80,2.71,65,3,3,0,0,0
02,120247086347850097,ACTIVE,80,2.71,134,1,1,0,0,0
02,120245880736570172,ACTIVE,40,2.69,28,1,1,0,0,0
02,120247483185600629,ACTIVE,200,2.69,14,1,2,0,0,0
02,120246733877000065,ACTIVE,80,2.66,72,1,2,0,0,0
02,120249149449270048,ACTIVE,100,2.63,50,0,3,0,0,0
02,120244963455410686,ACTIVE,80,2.62,45,1,2,0,0,0
02,120249615629760603,ACTIVE,100,2.62,48,1,2,0,0,0
02,120258089121520586,ACTIVE,30,2.6100000000000003,67,1,1,0,0,0
02,120245284052330686,ACTIVE,200,2.61,71,3,5,0,0,0
02,120246669810550173,ACTIVE,80,2.61,76,3,5,0,0,0
02,120248536188000100,ACTIVE,300,2.59,95,4,6,1,0,0
02,120244367774220146,ACTIVE,100,2.58,53,0,0,0,0,0
02,120248396283420425,ACTIVE,200,2.58,89,1,2,0,0,0
02,120247820656990509,ACTIVE,102,2.5700000000000003,96,2,2,0,0,0
02,120251239771420586,ACTIVE,100,2.5700000000000003,52,2,2,0,0,0
02,120247088427140097,ACTIVE,80,2.52,129,5,5,0,0,0
02,120245045578670686,ACTIVE,80,2.51,49,2,2,0,0,0
02,120250598762660019,ACTIVE,30,2.51,61,0,0,0,0,0
02,120244794017770320,ACTIVE,400,2.51,162,2,2,0,0,0
02,120251868137060166,ACTIVE,30,2.4800000000000004,51,0,0,0,0,0
02,120249149146000048,ACTIVE,100,2.48,46,0,3,0,0,0
02,120247653059200586,ACTIVE,25,2.48,55,1,1,0,0,0
02,120248443467340561,ACTIVE,31,2.44,55,1,2,0,0,0
02,120245800978960674,ACTIVE,100,2.4,42,1,3,2,1,46.23
02,120241596259880509,ACTIVE,100,2.4,96,3,3,0,0,0
02,120246299672680751,ACTIVE,115,2.39,61,0,0,0,0,0
02,120246710213420090,ACTIVE,125,2.39,50,0,1,0,0,0
02,23857850077800794,ACTIVE,100,2.39,20,0,0,0,0,0
02,120246736062480320,ACTIVE,107,2.3899999999999997,136,2,5,0,0,0
02,120245250322490642,ACTIVE,300,2.35,116,3,5,1,1,92.30000000000001
02,120249614588330725,ACTIVE,200,2.34,68,2,2,0,0,0
02,120247905028030090,ACTIVE,60,2.34,51,1,0,0,0,0
02,120247802943620389,ACTIVE,100,2.3200000000000003,164,3,4,0,0,0
02,120247293641570642,ACTIVE,120,2.25,89,0,0,0,0,0
02,120249861202960589,ACTIVE,100,2.19,57,1,0,0,0,0
02,120249465757720116,ACTIVE,100,2.18,44,0,2,0,0,0
02,120246361016040650,ACTIVE,100,2.1799999999999997,34,0,0,0,0,0
02,120247905027970090,ACTIVE,60,2.16,43,3,3,2,1,43.81
02,120245198116820177,ACTIVE,100,2.15,26,0,1,0,0,0
02,120249615778010603,ACTIVE,100,2.15,56,1,1,0,0,0
02,120250641335530577,ACTIVE,100,2.1399999999999997,75,1,1,0,0,0
02,120250946852160368,ACTIVE,85,2.12,49,2,1,0,0,0
02,120246220846720177,ACTIVE,100,2.1199999999999997,61,2,3,0,0,0
02,120246145364940470,ACTIVE,80,2.08,45,1,1,1,0,0
02,120246832874220677,ACTIVE,100,2.08,102,0,0,0,0,0
02,120248956379790695,ACTIVE,50,2.08,56,0,0,0,0,0
02,120258089121110586,ACTIVE,30,2.05,56,1,2,0,0,0
02,120247547590960642,ACTIVE,120,2.04,56,0,0,0,0,0
02,120246624479910241,ACTIVE,90,2.04,105,3,4,0,0,0
02,120242746886630788,ACTIVE,200,2.0100000000000002,71,4,5,1,0,0
02,120247073165120090,ACTIVE,155,2.01,67,1,2,0,0,0
02,120247030018130097,ACTIVE,80,2,46,3,3,0,0,0
02,120246599961620214,ACTIVE,150,1.9999999999999998,72,3,3,0,0,0
02,120246759433650677,ACTIVE,112,1.98,122,1,2,1,1,96.41
02,120246754497550032,ACTIVE,76,1.9700000000000002,63,1,2,0,0,0
02,120246818759010303,ACTIVE,80,1.9500000000000002,42,2,2,0,0,0
02,120248305165660065,ACTIVE,50,1.95,22,0,0,0,0,0
02,120244234919350146,ACTIVE,100,1.93,67,3,5,0,0,0
02,120252191525360210,ACTIVE,80,1.92,74,2,2,0,0,0
02,120248304803400065,ACTIVE,50,1.9,62,2,2,0,0,0
02,120246641477400320,ACTIVE,108,1.86,65,2,1,0,0,0
02,120245602350460032,ACTIVE,100,1.8599999999999999,90,5,3,1,1,48.42
02,120245687813040097,ACTIVE,81,1.85,24,1,1,0,0,0
02,120250279061540653,ACTIVE,80,1.8499999999999999,49,0,2,0,0,0
02,120243466971930678,ACTIVE,100,1.83,40,3,3,0,0,0
02,120248538756410561,ACTIVE,60,1.83,62,3,4,1,0,0
02,120248207466280561,ACTIVE,60,1.81,57,4,4,0,0,0
02,120250677752620013,ACTIVE,80,1.8,24,2,2,0,0,0
02,120249553547110663,ACTIVE,50,1.7999999999999998,25,1,1,0,0,0
02,120250429792780057,ACTIVE,100,1.78,31,1,1,0,0,0
02,120251223975830709,ACTIVE,150,1.7799999999999998,54,0,0,0,0,0
02,120250598801680019,ACTIVE,30,1.77,48,1,1,0,0,0
02,120246340309750533,ACTIVE,100,1.77,122,3,4,0,0,0
02,120237484145990455,ACTIVE,145,1.77,51,1,2,0,0,0
02,120246299721620751,ACTIVE,68,1.76,56,1,1,0,0,0
02,120244471201780129,ACTIVE,100,1.76,32,0,2,0,0,0
02,120249005372660589,ACTIVE,189,1.75,29,2,2,0,0,0
02,120247925267750303,ACTIVE,80,1.75,41,0,0,0,0,0
02,120246415849650214,ACTIVE,135,1.73,61,1,1,0,0,0
02,120251280446770722,ACTIVE,40,1.7,42,1,1,0,0,0
02,120244242496990780,ACTIVE,100,1.6700000000000002,33,2,2,0,0,0
02,120245481989440065,ACTIVE,40,1.6600000000000001,48,1,1,0,0,0
02,120235336090360210,ACTIVE,200,1.6400000000000001,30,1,1,0,0,0
02,120248752320410389,ACTIVE,80,1.6400000000000001,64,4,3,0,1,37.06
02,120251789041250404,ACTIVE,80,1.63,46,0,3,0,0,0
02,120249774896160127,ACTIVE,100,1.61,47,3,3,0,0,0
02,120247934031060303,ACTIVE,68,1.6099999999999999,38,1,0,0,0,0
02,120248304803930065,ACTIVE,50,1.57,24,0,0,0,0,0
02,120245282912580630,ACTIVE,450,1.57,57,1,3,0,0,0
02,120251014701600404,ACTIVE,50,1.57,18,0,3,0,0,0
02,120246299721480751,ACTIVE,325,1.56,46,1,2,2,0,0
02,120246693068060097,ACTIVE,100,1.56,83,0,1,0,0,0
02,120247620975770509,ACTIVE,100,1.56,76,4,4,1,1,34.980000000000004
02,120246974343430674,ACTIVE,80,1.5,58,0,0,0,0,0
02,120244542271970146,ACTIVE,100,1.49,40,1,3,0,0,0
02,120249790746660725,ACTIVE,100,1.4800000000000002,36,0,0,0,0,0
02,120251788791190404,ACTIVE,80,1.47,19,1,1,0,0,0
02,6994669583826,ACTIVE,50,1.4300000000000002,54,1,1,0,0,0
02,120247303523280477,ACTIVE,100,1.4100000000000001,24,1,1,0,0,0
02,120249181320300229,ACTIVE,400,1.33,87,1,2,0,0,0
02,120248430661530642,ACTIVE,125,1.32,4,0,0,0,0,0
02,120246232598650090,ACTIVE,221,1.31,43,2,2,2,1,62.38999999999999
02,120244623292210146,ACTIVE,100,1.31,40,1,0,0,0,0
02,120248064986340303,ACTIVE,80,1.3,37,2,2,0,0,0
02,120246153345400650,ACTIVE,100,1.28,31,0,0,0,0,0
02,120247594535460629,ACTIVE,80,1.2799999999999998,28,0,0,0,0,0
02,120246927274070674,ACTIVE,60,1.27,25,0,1,0,0,0
02,120244963676310686,ACTIVE,80,1.27,35,1,1,0,0,0
02,120251063106910166,ACTIVE,50,1.26,49,2,2,1,0,0
02,120246787004190097,ACTIVE,106,1.24,36,2,2,1,1,61.97
02,120244623311730146,ACTIVE,100,1.24,32,2,2,0,0,0
02,120247312196970090,ACTIVE,100,1.22,27,0,0,0,0,0
02,120248974670480019,ACTIVE,50,1.21,28,0,1,0,0,0
02,120246818759970303,ACTIVE,40,1.21,25,4,4,0,0,0
02,120244978756050678,ACTIVE,100,1.19,66,2,0,0,0,0
02,120248960171180100,ACTIVE,100,1.1600000000000001,42,0,2,0,0,0
02,120248492410110561,ACTIVE,80,1.16,58,2,2,0,0,0
02,120244623781980146,ACTIVE,100,1.15,35,0,1,0,0,0
02,120247815426390509,ACTIVE,100,1.1,84,0,0,0,0,0
02,120248731496840561,ACTIVE,80,1.1,24,0,0,0,0,0
02,120244008701890129,ACTIVE,100,1.07,17,1,1,0,0,0
02,120248492410200561,ACTIVE,80,1.07,51,1,2,0,0,0
02,6973002163226,ACTIVE,50,1.07,28,0,0,0,0,0
02,120249615707300603,ACTIVE,100,1.06,30,0,0,0,0,0
02,120250445767170166,ACTIVE,20,1.06,27,1,1,0,0,0
02,120258091225770586,ACTIVE,100,1.06,31,0,3,0,0,0
02,120247001920940477,ACTIVE,110,1.05,15,1,2,0,0,0
02,120258091658510586,ACTIVE,30,1.0499999999999998,23,0,0,0,0,0
02,120249832996030589,ACTIVE,95,1.04,19,0,0,0,0,0
02,120240258763950179,ACTIVE,320,1.03,40,0,0,0,0,0
02,120247854925480090,ACTIVE,125,1,25,0,0,0,0,0
02,120249090711190695,ACTIVE,80,0.96,14,0,0,0,0,0
02,120250790045220586,ACTIVE,25,0.93,29,0,1,0,0,0
02,120248583661740564,ACTIVE,80,0.9299999999999999,42,2,1,0,0,0
02,120248302764530065,ACTIVE,85,0.92,28,0,0,0,0,0
02,120245631788130686,ACTIVE,80,0.91,9,0,1,0,0,0
02,120249790639400725,ACTIVE,100,0.91,34,0,0,0,0,0
02,120248623160360561,ACTIVE,60,0.8999999999999999,30,1,1,0,0,0
02,120251788886810404,ACTIVE,80,0.87,24,0,0,0,0,0
02,120248383861080100,ACTIVE,100,0.85,18,0,0,0,0,0
02,120248006730320100,ACTIVE,100,0.85,42,0,1,0,0,0
02,120248305463560065,ACTIVE,50,0.8400000000000001,16,1,1,0,0,0
02,120247597780010751,ACTIVE,40,0.84,17,1,1,0,0,0
02,120244235259940678,ACTIVE,45,0.8099999999999999,25,0,0,0,0,0
02,120248305463800065,ACTIVE,50,0.8,24,0,0,0,0,0
02,120247576997320214,ACTIVE,80,0.79,10,0,0,0,0,0
02,120249935914370589,ACTIVE,95,0.78,56,1,1,0,0,0
02,120248305165620065,ACTIVE,50,0.78,29,2,2,1,0,0
02,120251659288010166,ACTIVE,50,0.76,39,1,1,0,0,0
02,120247815324740509,ACTIVE,100,0.74,47,2,2,0,0,0
02,120257843668740586,ACTIVE,100,0.73,23,1,1,1,1,28.98
02,120244164741800146,ACTIVE,100,0.73,14,0,1,0,0,0
02,120245847200980133,ACTIVE,80,0.72,21,0,0,0,0,0
02,120247872427160090,ACTIVE,125,0.71,12,2,1,1,1,108.80999999999999
02,120246006479660630,ACTIVE,108,0.6799999999999999,12,0,0,0,0,0
02,120246668892520032,ACTIVE,100,0.66,31,2,3,0,0,0
02,120247576981360214,ACTIVE,80,0.66,14,0,0,0,0,0
02,120250447831800013,ACTIVE,80,0.6499999999999999,20,0,2,0,0,0
02,120246998580960674,ACTIVE,80,0.63,10,1,1,0,0,0
02,120247872427130090,ACTIVE,125,0.62,17,0,1,0,0,0
02,120246572543060470,ACTIVE,10,0.6100000000000001,18,0,0,0,0,0
02,120244171016080129,ACTIVE,100,0.59,31,0,1,0,0,0
02,120251425264570709,ACTIVE,80,0.59,11,0,0,0,0,0
02,120246007230330630,ACTIVE,62,0.59,28,0,0,0,0,0
02,120246570408620477,ACTIVE,100,0.59,2,0,0,0,0,0
02,120244471549800129,ACTIVE,100,0.58,26,0,1,0,0,0
02,120245099365240470,ACTIVE,50,0.56,13,1,1,0,0,0
02,120244006723720129,ACTIVE,100,0.55,34,1,3,0,0,0
02,120251688330770166,ACTIVE,50,0.52,26,0,0,0,0,0
02,120249115231040100,ACTIVE,100,0.52,17,0,3,1,0,0
02,120251612475740404,ACTIVE,200,0.5,8,2,2,0,0,0
02,120249768146470100,ACTIVE,100,0.49,13,0,1,0,0,0
02,120247576981390214,ACTIVE,80,0.48,9,1,1,1,0,0
02,120247192331300477,ACTIVE,100,0.47,4,0,0,0,0,0
02,120248623160450561,ACTIVE,60,0.44000000000000006,19,0,0,0,0,0
02,120249861203050589,PAUSED,100,0.43999999999999995,11,1,1,0,0,0
02,120258018661130586,ACTIVE,25,0.4,19,0,0,0,0,0
02,120246888370010097,ACTIVE,150,0.4,19,1,1,0,0,0
02,120247770219460509,ACTIVE,100,0.4,16,0,0,0,0,0
02,120245201694370686,ACTIVE,156,0.39,11,0,0,0,0,0
02,120247770946170509,ACTIVE,100,0.39,19,0,0,0,0,0
02,120258265467630586,ACTIVE,30,0.38,14,0,0,0,0,0
02,120251576134230651,ACTIVE,20,0.36,15,0,0,0,0,0
02,120247040711430629,ACTIVE,100,0.35,14,0,0,0,0,0
02,120248641303950544,PAUSED,80,0.35,11,0,1,0,0,0
02,120248755684290455,ACTIVE,155,0.33999999999999997,3,1,1,0,0,0
02,120235701428420210,ACTIVE,200,0.31,19,2,1,0,0,0
02,120248430661490642,ACTIVE,125,0.31,13,1,2,0,0,0
02,120246709429840674,ACTIVE,80,0.27,22,0,0,0,0,0
02,120245251316060477,ACTIVE,100,0.26,7,0,0,0,0,0
02,120248731496790561,ACTIVE,80,0.23,9,0,0,0,0,0
02,6994669582626,ACTIVE,50,0.18,2,0,0,0,0,0
02,120246885239440097,ACTIVE,71,0.16,6,0,0,0,0,0
02,120247573916730214,ACTIVE,80,0.16,7,0,1,0,0,0
02,120244895488610436,ACTIVE,100,0.15,11,0,0,0,0,0
02,120247595220970629,ACTIVE,100,0.15,3,0,0,0,0,0
02,120252191579590210,ACTIVE,80,0.14,4,0,0,0,0,0
02,120247030130800097,ACTIVE,80,0.14,7,0,0,0,0,0
02,120252191447820210,ACTIVE,80,0.14,5,0,0,0,0,0
02,120244006723850129,ACTIVE,100,0.13,11,0,1,0,0,0
02,120252454563420054,ACTIVE,100,0.12000000000000001,5,0,0,0,0,0
02,120251688330060166,ACTIVE,30,0.11,4,1,1,0,0,0
02,120247762435760509,ACTIVE,80,0.1,4,0,0,0,0,0
02,120250554304290404,ACTIVE,100,0.09,2,0,0,0,0,0
02,120250639973280577,ACTIVE,88,0.08,4,0,0,0,0,0
02,120245241702630470,ACTIVE,5,0.08,3,0,0,0,0,0
02,120245628598540686,ACTIVE,80,0.07,1,0,0,0,0,0
02,120247831600970509,ACTIVE,80,0.06,1,0,1,0,0,0
02,120251979136820210,ACTIVE,80,0.05,3,0,0,0,0,0
02,120246572682530470,ACTIVE,50,0.05,1,0,0,0,0,0
02,120245136181480470,ACTIVE,5,0.05,3,0,0,0,0,0
02,120255020978140197,ACTIVE,80,0.03,2,0,0,0,0,0
02,120247558121560065,ACTIVE,128,0.03,2,0,0,0,0,0
02,120246377047690097,ACTIVE,80,0.03,7,0,0,0,0,0
02,120246210981540177,ACTIVE,89,0.02,2,0,0,0,0,0
02,120247775015280090,ACTIVE,126,0.02,1,0,0,0,0,0
02,120247854925420090,ACTIVE,125,0.02,1,0,0,0,0,0
02,120244349823030686,ACTIVE,125,0.01,2,0,0,0,0,0
02,120248732700580455,ACTIVE,135,0.01,9,0,0,0,0,0
02,120250332385240019,ACTIVE,50,0.01,1,0,0,0,0,0
02,120245827406140179,ACTIVE,100,0,0,0,0,0,0,0
02,120245827406030179,ACTIVE,100,0,0,0,0,0,0,0
02,120245827389160179,ACTIVE,100,0,0,0,0,0,0,0
02,120250597528690019,ACTIVE,10,0,0,0,0,0,0,0
02,120250597528780019,ACTIVE,10,0,0,0,0,0,0,0
02,120250597528860019,ACTIVE,10,0,0,0,0,0,0,0
02,120250597528930019,ACTIVE,10,0,0,0,0,0,0,0
02,120250597561760019,ACTIVE,10,0,0,0,0,0,0,0
02,120250597561790019,ACTIVE,10,0,0,0,0,0,0,0
02,120250597561850019,ACTIVE,10,0,0,0,0,0,0,0
02,120250597561880019,ACTIVE,10,0,0,0,0,0,0,0
02,120245827389150179,ACTIVE,100,0,0,0,0,0,0,0
02,120247849750130663,PAUSED,281,0,0,0,1,0,0,0
02,120245699296550686,ACTIVE,80,0,0,0,0,0,0,0
02,120248734904900544,ACTIVE,80,0,0,0,0,0,0,0
02,120245699295330686,ACTIVE,80,0,0,0,0,0,0,0
02,120245699235240686,ACTIVE,80,0,0,0,0,0,0,0
02,120247896529670509,ACTIVE,100,0,0,0,0,0,0,0
02,120245699235190686,ACTIVE,80,0,0,0,0,0,0,0
02,120245699166900686,ACTIVE,80,0,0,0,0,0,0,0
02,120245699166630686,ACTIVE,80,0,0,0,0,0,0,0
02,120248734905220544,ACTIVE,80,0,0,0,0,0,0,0
02,120245698217460686,ACTIVE,80,0,0,0,0,0,0,0
02,120245698184740686,ACTIVE,80,0,0,0,0,0,0,0
02,120247896529750509,ACTIVE,100,0,0,0,0,0,0,0
02,120245698119350686,ACTIVE,80,0,0,0,0,0,0,0
02,120247896679960509,ACTIVE,100,0,0,0,0,0,0,0
02,120245697787450686,ACTIVE,80,0,0,0,0,0,0,0
02,120247896715060509,ACTIVE,100,0,0,0,0,0,0,0
02,120245697638490686,ACTIVE,80,0,0,0,0,0,0,0
02,120247896715880509,ACTIVE,100,0,0,0,0,0,0,0
02,120248760404410469,ACTIVE,80,0,0,0,0,0,0,0
02,120247904598040509,ACTIVE,100,0,0,0,1,0,0,0
02,120247904708250509,ACTIVE,80,0,0,0,0,0,0,0
02,120247909403230043,ACTIVE,80,0,0,0,0,0,0,0
02,120247909403280043,ACTIVE,80,0,0,0,0,0,0,0
02,120248760404460469,ACTIVE,80,0,0,0,0,0,0,0
02,120248760548850469,ACTIVE,80,0,0,0,0,0,0,0
02,120246808108930320,ACTIVE,120,0,0,0,0,0,0,0
02,120246808108970320,ACTIVE,120,0,0,0,0,0,0,0
02,120246808109060320,ACTIVE,120,0,0,0,0,0,0,0
02,120246808387740320,ACTIVE,80,0,0,0,0,0,0,0
02,120246808388750320,ACTIVE,80,0,0,0,0,0,0,0
02,120246808477880320,ACTIVE,120,0,0,0,0,0,0,0
02,120246808477920320,ACTIVE,120,0,0,0,0,0,0,0
02,120246808538770320,ACTIVE,80,0,0,0,0,0,0,0
02,120246808538880320,ACTIVE,80,0,0,0,0,0,0,0
02,120248533771940126,ACTIVE,80,0,0,0,0,0,0,0
02,120248760611910469,ACTIVE,80,0,0,0,0,0,0,0
02,120248533771620126,ACTIVE,80,0,0,0,0,0,0,0
02,120244694492240146,ACTIVE,100,0,0,0,0,0,0,0
02,120244694492190146,ACTIVE,100,0,0,0,0,0,0,0
02,120244694320510146,ACTIVE,100,0,0,0,0,0,0,0
02,120244694299880146,ACTIVE,100,0,0,0,0,0,0,0
02,120244694220570146,ACTIVE,100,0,0,0,0,0,0,0
02,120244694220400146,ACTIVE,100,0,0,0,0,0,0,0
02,120244694199190146,ACTIVE,100,0,0,0,0,0,0,0
02,120244694198510146,ACTIVE,100,0,0,0,0,0,0,0
02,120244694121960146,ACTIVE,100,0,0,0,0,0,0,0
02,120244694101130146,ACTIVE,100,0,0,0,0,0,0,0
02,120244694066130146,ACTIVE,100,0,0,0,0,0,0,0
02,120244694066100146,ACTIVE,100,0,0,0,0,0,0,0
02,120244694048650146,ACTIVE,100,0,0,0,0,0,0,0
02,120244694024530146,ACTIVE,100,0,0,0,0,0,0,0
02,120244694024460146,ACTIVE,100,0,0,0,0,0,0,0
02,120248760721880469,ACTIVE,80,0,0,0,0,0,0,0
02,120248533703560126,ACTIVE,80,0,0,0,0,0,0,0
02,120248533703440126,ACTIVE,80,0,0,0,0,0,0,0
02,120246909164470241,ACTIVE,100,0,0,0,0,0,0,0
02,120248531045440126,ACTIVE,80,0,0,0,0,0,0,0
02,120244302719110146,PAUSED,100,0,0,0,0,0,0,0
02,120246911827800241,ACTIVE,100,0,0,0,0,0,0,0
02,120248531044730126,ACTIVE,80,0,0,0,0,0,0,0
02,120246974343410674,ACTIVE,80,0,0,0,0,0,0,0
02,120247086366420097,ACTIVE,80,0,0,0,0,0,0,0
02,120247753470650509,PAUSED,100,0,0,0,1,0,0,0
02,120248950484590389,ACTIVE,100,0,0,0,0,0,0,0
02,120258253671850586,ACTIVE,30,0,0,0,0,0,0,0
02,120258253672830586,ACTIVE,30,0,0,0,0,0,0,0
02,120248950484210389,ACTIVE,100,0,0,0,0,0,0,0
02,120258265468100586,ACTIVE,30,0,0,0,0,0,0,0
02,120258265887040586,ACTIVE,30,0,0,0,0,0,0,0
02,120258265887140586,ACTIVE,30,0,0,0,2,0,0,0
02,120243843991710129,ACTIVE,100,0,0,0,4,1,0,0
02,120248950296900389,ACTIVE,100,0,0,0,0,0,0,0
02,120248356078500642,PAUSED,120,0,0,0,0,0,0,0
02,120248950296850389,ACTIVE,100,0,0,0,0,0,0,0
02,120248950138450389,ACTIVE,100,0,0,0,0,0,0,0
02,120248950138240389,ACTIVE,100,0,0,0,0,0,0,0
02,120248939425350389,ACTIVE,100,0,0,0,0,0,0,0
02,6988473935233,PAUSED,80,0,0,0,0,0,0,0
02,6988473937033,PAUSED,80,0,0,0,0,0,0,0
02,6988495408633,PAUSED,80,0,0,0,0,0,0,0
02,6988495411233,PAUSED,80,0,0,0,0,0,0,0
02,6988547105233,ACTIVE,80,0,0,0,2,0,0,0
02,6988547105833,ACTIVE,80,0,0,0,1,0,0,0
02,120248939360390389,ACTIVE,100,0,0,0,0,0,0,0
02,120248939302090389,ACTIVE,100,0,0,0,0,0,0,0
02,120249832996050589,PAUSED,95,0,0,0,0,0,0,0
02,120248731801150544,ACTIVE,80,0,0,0,0,0,0,0
02,120249871262610725,ACTIVE,100,0,0,0,0,0,0,0
02,120249871262650725,ACTIVE,100,0,0,0,0,0,0,0
02,120249871362030725,ACTIVE,100,0,0,0,0,0,0,0
02,120249871362270725,ACTIVE,100,0,0,0,0,0,0,0
02,120249871401270725,ACTIVE,100,0,0,0,0,0,0,0
02,120249871432720725,ACTIVE,100,0,0,0,0,0,0,0
02,120248731904820544,ACTIVE,80,0,0,0,0,0,0,0
02,120249871805740725,ACTIVE,100,0,0,0,0,0,0,0
02,120249871805770725,ACTIVE,100,0,0,0,0,0,0,0
02,120249871817940725,ACTIVE,100,0,0,0,0,0,0,0
02,120249871818100725,ACTIVE,100,0,0,0,0,0,0,0
02,120248653398340564,ACTIVE,80,0,0,0,0,0,0,0
02,120248652996470564,ACTIVE,80,0,0,0,0,0,0,0
02,120247896140700509,ACTIVE,100,0,0,0,0,0,0,0
02,120248732241360544,ACTIVE,80,0,0,0,0,0,0,0
02,120247896200460509,ACTIVE,100,0,0,0,0,0,0,0
02,120246573314590241,PAUSED,67,0,0,0,1,0,0,0
02,120250011456500589,ACTIVE,100,0,0,0,0,0,0,0
02,120245988448830780,PAUSED,150,0,0,0,1,0,0,0
02,120248732241790544,ACTIVE,80,0,0,0,0,0,0,0
02,120247896201040509,ACTIVE,100,0,0,0,0,0,0,0
02,120245827502850179,ACTIVE,100,0,0,0,0,0,0,0
02,120245827502840179,ACTIVE,100,0,0,0,0,0,0,0
02,120245827465330179,ACTIVE,100,0,0,0,0,0,0,0
02,120247896237060509,ACTIVE,100,0,0,0,0,0,0,0
02,120248732497100544,ACTIVE,80,0,0,0,0,0,0,0
02,120248732497420544,PAUSED,80,0,0,0,0,0,0,0
02,120245827465160179,ACTIVE,100,0,0,0,0,0,0,0
02,120245827413620179,ACTIVE,100,0,0,0,0,0,0,0
02,120245827413590179,ACTIVE,100,0,0,0,0,0,0,0
03,120243986668280589,ACTIVE,1200,154.86,3659,88,108,10,3,129.01
03,120244761515050455,ACTIVE,1054,124.00999999999999,4051,99,116,7,3,227.66
03,120248455243050455,ACTIVE,854,107.35,4372,78,89,2,1,60.41
03,120243276755660065,ACTIVE,850,100.1,3241,50,57,11,4,139.46
03,120246050713470630,ACTIVE,900,95.78,2243,55,69,7,2,59.96
03,120245334049460065,ACTIVE,680,86.86,1654,60,74,10,6,349.98
03,120249614588310725,ACTIVE,1000,83.95,2186,30,46,5,3,186.49
03,120244302651980146,ACTIVE,1000,77.59,2575,47,60,4,3,192.42
03,120245334049540065,ACTIVE,550,75.7,1588,62,67,13,4,139.45999999999998
03,120252393006000428,ACTIVE,500,75.14,1719,72,76,4,3,224.45
03,120244749327030686,ACTIVE,1000,68.54,1321,34,49,2,1,29.98
03,120245706333540025,ACTIVE,400,68,1354,42,48,5,2,69.96
03,120243593315080146,ACTIVE,485,67.68,1226,35,36,4,4,295.6
03,120244618043630436,ACTIVE,1093,67.28,2779,52,71,3,1,68.22999999999999
03,120246023777450751,ACTIVE,1200,63.54,1469,25,37,4,3,74.94
03,120244883028360686,ACTIVE,900,62.75,1097,20,29,7,4,224.86
03,120252516139240428,ACTIVE,400,62.290000000000006,1205,51,53,4,3,141.97
03,120244761352230455,ACTIVE,425,53.3,1571,49,52,1,0,0
03,120246135738100630,ACTIVE,80,53.099999999999994,1405,34,37,1,0,0
03,120247453929680065,PAUSED,99,52.540000000000006,1455,26,27,3,0,0
03,120248416194170455,ACTIVE,400,51.13,1661,37,32,5,3,253.10999999999999
03,120242301213710065,ACTIVE,550,50.72,1868,38,39,3,1,49.52
03,120246338028120241,ACTIVE,800,49.91,2706,31,34,0,0,0
03,120244505718600686,ACTIVE,1000,48.8,929,18,23,5,4,183.64000000000001
03,120245622959500630,ACTIVE,127,48.510000000000005,861,17,20,5,0,0
03,120246050713310630,ACTIVE,230,48.37,1080,26,28,4,3,112.14999999999999
03,120246670033370677,ACTIVE,500,48,2215,26,31,2,1,121.15
03,120244761233710455,ACTIVE,350,47.25,1396,41,42,6,3,155.76999999999998
03,120246040085600751,ACTIVE,600,46.44,1235,25,34,5,1,67.94
03,120247136451350725,ACTIVE,500,46.2,1224,17,17,3,3,146.91000000000003
03,120244431777030751,ACTIVE,1000,46.17,1389,29,39,3,1,41.97
03,120248321980990065,ACTIVE,250,43.61,1119,85,0,0,0,0
03,120248893532100100,ACTIVE,500,43.44,1173,14,19,4,2,107.23999999999998
03,120245284137900686,ACTIVE,500,42.46,716,18,23,3,3,111.17
03,120244823852300686,ACTIVE,209,42.150000000000006,596,12,15,1,1,51.22
03,120247199911460090,ACTIVE,469,41.81,1018,29,41,3,2,148.73000000000002
03,120251223975900709,ACTIVE,500,40.620000000000005,1293,36,38,3,2,74.35000000000001
03,120250895500810586,ACTIVE,300,38.74,1530,27,26,6,1,28.980000000000004
03,120245980788570752,ACTIVE,600,38.480000000000004,1172,33,53,9,4,107.92
03,120243063569770146,ACTIVE,465,38.4,1576,33,42,4,1,41.980000000000004
03,120245759610260179,ACTIVE,400,38.05,1648,20,23,2,1,28.98
03,120239930892250650,ACTIVE,500,37.8,621,18,25,3,1,61.57000000000001
03,120248204610010425,ACTIVE,392,36.739999999999995,961,14,17,1,0,0
03,120249052890110100,ACTIVE,500,36.72,1475,39,45,5,2,131.5
03,120243237372490455,ACTIVE,125,36.6,1075,19,18,1,1,60.410000000000004
03,120246299672700751,ACTIVE,500,36.519999999999996,1000,25,29,3,3,138.01
03,120244504303760686,ACTIVE,500,35.81,520,13,22,3,1,51.22
03,120247040934570629,ACTIVE,400,35.71,866,24,17,2,0,0
03,120240470979080090,ACTIVE,275,35.629999999999995,600,21,22,3,1,62.39
03,120247139480370564,ACTIVE,300,35.2,1512,22,20,3,1,39.980000000000004
03,120244793522550320,ACTIVE,450,34.88,1362,36,40,5,3,219.90999999999997
03,120247762683780509,ACTIVE,250,34.66,691,18,18,1,1,49.510000000000005
03,120258018661030586,ACTIVE,300,33.85,1114,14,15,1,1,86.55
03,120246791587200455,ACTIVE,341,33.7,622,28,31,6,4,442.33
03,120246005453800291,ACTIVE,650,33.66,773,26,33,3,1,88.16
03,120244083558220146,ACTIVE,320,32.89,996,25,27,1,0,0
03,120246828454030629,ACTIVE,507,32.71,770,15,23,2,1,63.91
03,120247822522790043,ACTIVE,150,32.12,608,20,25,0,0,0
03,120244164741820146,ACTIVE,268,31.98,985,25,23,4,3,257.14000000000004
03,120242301213170065,ACTIVE,300,31.63,1730,13,20,0,0,0
03,120246710213410090,ACTIVE,275,30.9,836,24,28,2,0,0
03,120245339157220686,ACTIVE,291,30.89,471,5,5,1,1,29.979999999999997
03,120249286682560368,ACTIVE,450,30.39,947,20,28,2,1,96.76
03,120247813840340065,ACTIVE,168,30.17,602,15,16,1,0,0
03,120245469696040686,ACTIVE,100,29.66,696,12,13,1,1,51.22
03,120245736523970177,ACTIVE,100,29.48,469,9,11,0,0,0
03,120248765935040561,PAUSED,88,29.14,375,12,12,0,0,0
03,120242031621370065,ACTIVE,229,29.099999999999998,794,17,13,1,0,0
03,120241066464020065,ACTIVE,289,29.02,1503,20,18,5,3,91.08
03,120248781054210455,ACTIVE,132,28.94,646,11,15,0,0,0
03,120247479945600065,ACTIVE,360,28.84,970,19,18,3,1,36.949999999999996
03,120245699235240686,ACTIVE,80,28.82,1697,40,46,6,4,162.39999999999998
03,120246221877410629,ACTIVE,335,28.119999999999997,534,20,20,4,1,89.36999999999999
03,120247583319740586,ACTIVE,300,27.79,879,17,20,2,2,57.96
03,120246024108390751,ACTIVE,500,27.78,638,14,19,2,0,0
03,120257843052780586,ACTIVE,109,27.66,761,12,19,0,0,0
03,120241119247090090,ACTIVE,245,27.63,548,27,29,1,0,0
03,120246832758790677,ACTIVE,300,26.89,928,6,11,1,0,0
03,120248646174050425,ACTIVE,135,26.79,362,5,4,0,0,0
03,120240679404390629,ACTIVE,400,26.72,769,23,24,3,1,36.949999999999996
03,120250413795050709,ACTIVE,150,26.32,486,12,15,2,0,0
03,120248012782330065,ACTIVE,70,26.179999999999996,653,13,15,1,0,0
03,120248765934950561,ACTIVE,88,26.08,306,7,7,1,1,41.97
03,120246962698770090,ACTIVE,195,25.740000000000002,614,9,14,2,0,0
03,120247175023780065,ACTIVE,70,25.52,631,9,11,2,2,59.959999999999994
03,120249935914320589,ACTIVE,95,25.25,474,6,9,0,0,0
03,120246232539370090,ACTIVE,132,25.22,574,12,12,0,0,0
03,120247762435840509,ACTIVE,100,24.93,436,10,12,2,1,49.52
03,120247901619980090,ACTIVE,127,24.799999999999997,507,17,17,0,0,0
03,120248732700550455,ACTIVE,435,24.61,832,13,17,1,1,60.41
03,120246191098970320,ACTIVE,400,24.61,1194,25,31,3,1,58.769999999999996
03,120244452712050146,ACTIVE,500,24.39,480,15,18,0,0,0
03,120249120674110404,ACTIVE,500,24.38,357,12,16,0,0,0
03,120245327669090320,ACTIVE,600,24.29,662,16,17,1,1,103.82
03,120248646174130425,ACTIVE,135,24.09,370,5,7,1,1,97.71
03,120244034916020436,ACTIVE,242,23.990000000000002,1142,21,27,3,3,204.68
03,120249498266450589,ACTIVE,330,23.97,522,14,19,2,1,49.52
03,120246754801740509,ACTIVE,200,23.63,518,10,10,0,0,0
03,120247335070640389,ACTIVE,100,23.48,868,24,28,5,1,59.910000000000004
03,120246867915110442,ACTIVE,100,23.43,315,5,4,0,0,0
03,120246411469910650,ACTIVE,120,23.42,271,13,14,2,0,0
03,120249205526460431,ACTIVE,80,23.35,278,6,6,0,0,0
03,120248288633270389,ACTIVE,147,23.32,515,13,15,3,1,21.87
03,120246867915010442,ACTIVE,100,23.27,324,6,8,0,0,0
03,120245514271740065,ACTIVE,195,23.24,519,22,26,4,2,99.03999999999999
03,120249181320780229,ACTIVE,216,23.23,691,11,14,2,1,62.46
03,120245848127430707,ACTIVE,200,23.22,483,13,15,1,0,0
03,120248793927650152,ACTIVE,200,23.020000000000003,1104,19,22,1,0,0
03,120249754760810019,ACTIVE,300,22.89,620,22,27,3,2,59.96000000000001
03,120245939066470025,ACTIVE,150,22.84,377,7,7,1,0,0
03,120249748358150589,ACTIVE,151,22.740000000000002,450,8,8,0,0,0
03,120246007012750630,ACTIVE,450,22.57,662,10,10,1,1,29.98
03,120248923191120589,ACTIVE,100,22.1,382,4,7,1,1,49.52
03,120255653285300586,ACTIVE,118,22.02,596,8,10,1,0,0
03,120245201694370686,ACTIVE,156,21.919999999999998,365,6,11,2,1,29.979999999999997
03,120251014701570404,ACTIVE,50,21.67,342,10,12,2,1,74.94000000000001
03,120249178308050725,ACTIVE,100,21.190000000000005,455,4,4,0,1,30.17
03,120246024108440751,ACTIVE,345,20.91,462,15,18,2,2,60.67
03,120248229485400425,ACTIVE,360,20.81,664,15,16,3,1,39.980000000000004
03,120246286465380752,ACTIVE,300,20.799999999999997,758,17,19,0,0,0
03,120248151239370425,ACTIVE,300,20.759999999999998,283,5,6,0,0,0
03,120252411199200210,ACTIVE,116,20.71,308,4,5,2,2,113.7
03,120247901619920090,ACTIVE,127,20.68,516,11,13,1,0,0
03,120248089909210065,ACTIVE,70,20.59,367,13,12,3,0,0
03,120250540664990577,ACTIVE,88,20.58,465,17,15,3,3,88.13
03,120252523589080054,ACTIVE,100,20.54,285,8,7,0,0,0
03,120252456048800428,ACTIVE,100,20.409999999999997,332,14,13,0,0,0
03,120249995251480589,ACTIVE,95,20.340000000000003,311,6,5,1,1,49.52
03,120248556140990663,ACTIVE,300,20.32,373,10,11,2,1,37.980000000000004
03,120247822061580043,ACTIVE,110,20.300000000000004,407,8,13,2,1,25.98
03,120257647437950586,ACTIVE,100,20.23,451,7,11,1,1,28.98
03,120248414403410695,ACTIVE,375,20.200000000000003,833,12,12,0,0,0
03,120248645284270152,ACTIVE,340,20.14,904,10,14,1,0,0
03,120249360668950725,ACTIVE,100,20.11,418,10,10,0,0,0
03,120244349822900686,ACTIVE,100,20.049999999999997,315,13,13,0,0,0
03,120246716356910752,ACTIVE,100,20.04,456,12,12,0,0,0
03,120248050137610065,ACTIVE,240,20.01,578,19,20,1,2,127.82
03,120251014701600404,ACTIVE,50,19.950000000000003,278,5,5,0,0,0
03,120244823852370686,ACTIVE,70,19.900000000000002,296,5,7,0,0,0
03,120245404387150125,ACTIVE,200,19.84,609,12,11,1,0,0
03,120246701172200677,ACTIVE,146,19.740000000000002,834,3,4,0,0,0
03,120248547360230544,ACTIVE,80,19.599999999999998,628,12,13,1,1,27.979999999999997
03,120250790045220586,ACTIVE,25,19.56,564,12,13,0,0,0
03,120235701428400210,ACTIVE,200,19.550000000000004,356,16,16,2,1,41.980000000000004
03,120242656322210455,ACTIVE,135,19.5,466,12,13,1,0,0
03,120246135738040630,ACTIVE,80,19.479999999999997,391,11,15,3,1,67.46
03,120246283621240177,ACTIVE,90,19.46,279,4,5,0,0,0
03,120250566242310577,ACTIVE,100,19.46,442,13,15,1,0,0
03,120244880653330686,ACTIVE,100,19.46,292,7,8,2,0,0
03,120245469696060686,ACTIVE,100,19.38,284,7,6,0,0,0
03,120248538003950544,ACTIVE,80,19.28,408,9,8,1,0,0
03,120251778959040404,ACTIVE,80,19.240000000000002,241,4,3,0,0,0
03,120245044044870686,ACTIVE,100,19.130000000000003,215,3,6,0,0,0
03,23857834334530799,ACTIVE,60,18.95,150,5,5,1,0,0
03,120243205951310642,ACTIVE,159,18.930000000000003,401,7,11,1,1,37.95
03,120247649190860629,ACTIVE,126,18.86,318,8,10,0,0,0
03,120249140601980100,ACTIVE,300,18.8,360,12,15,2,1,38.17
03,120244079033450320,ACTIVE,120,18.71,593,5,7,2,1,34.07
03,120247893321760509,ACTIVE,102,18.71,560,11,13,0,0,0
03,120252337542810054,ACTIVE,118,18.700000000000003,381,9,13,1,1,53.22
03,120248500573340642,ACTIVE,123,18.66,408,10,10,0,0,0
03,120247893321710509,ACTIVE,102,18.650000000000002,483,6,6,1,1,63.47
03,120246283621100177,ACTIVE,90,18.6,297,11,10,3,2,101.17999999999999
03,120247952380210544,ACTIVE,106,18.58,406,8,7,2,1,27.979999999999997
03,120245124026530686,ACTIVE,80,18.47,274,5,8,1,1,29.98
03,120247649190890629,ACTIVE,126,18.46,373,9,7,1,1,63.91
03,120246615285450642,ACTIVE,120,18.44,353,3,5,0,0,0
03,120248427381820564,ACTIVE,100,18.41,541,12,13,1,0,0
03,120248922287240389,PAUSED,81,18.41,551,7,6,0,0,0
03,120246821790390032,ACTIVE,76,18.4,359,8,10,1,0,0
03,120249995251570589,ACTIVE,95,18.380000000000003,340,3,3,0,0,0
03,120248721588880544,ACTIVE,90,18.349999999999998,425,8,10,0,0,0
03,120242847129030686,ACTIVE,100,18.310000000000002,308,6,8,1,0,0
03,120244073937740705,ACTIVE,150,18.3,350,11,11,3,3,152.4
03,120245282912580630,ACTIVE,450,18.27,457,9,20,1,0,0
03,120247084683120097,ACTIVE,102,18.23,352,5,6,1,0,0
03,120252515469150054,ACTIVE,90,18.13,473,5,4,0,0,0
03,120244073937770705,ACTIVE,100,18.049999999999997,313,6,7,2,2,81.19000000000001
03,120251576088460651,ACTIVE,200,17.97,442,14,15,1,0,0
03,120246624479580241,ACTIVE,172,17.919999999999998,858,17,18,1,0,0
03,120256572736650586,ACTIVE,100,17.91,460,12,18,1,0,0
03,23857687339360799,ACTIVE,260,17.83,318,6,8,0,0,0
03,120246178929760752,ACTIVE,100,17.8,424,6,6,2,0,0
03,120247293642140642,ACTIVE,120,17.74,332,6,10,2,1,37.95
03,120244008702660129,ACTIVE,100,17.6,577,14,14,1,0,0
03,120247322669120509,ACTIVE,200,17.59,598,4,3,0,0,0
03,120244017128390686,ACTIVE,100,17.560000000000002,310,5,7,0,0,0
03,120245694161990686,ACTIVE,80,17.54,210,10,9,1,1,29.979999999999997
03,120247689486720509,ACTIVE,500,17.529999999999998,598,7,8,0,0,0
03,120246381767620032,ACTIVE,200,17.5,429,13,18,4,1,48.41
03,120246130891350780,ACTIVE,80,17.49,309,6,7,1,1,24.98
03,120248180759590065,ACTIVE,118,17.4,512,8,10,0,0,0
03,120249871432720725,ACTIVE,100,17.36,1397,8,23,3,0,0
03,120249244397130229,ACTIVE,80,17.34,245,7,9,0,0,0
03,120246886453300707,ACTIVE,82,17.27,381,15,18,1,1,37.37
03,120248781054270455,ACTIVE,132,17.259999999999998,513,7,9,1,1,60.41
03,120244480112510436,ACTIVE,150,17.21,753,16,23,1,1,99.72
03,120248321980970065,ACTIVE,250,17.189999999999998,430,35,0,0,0,0
03,120246050712990630,ACTIVE,200,17.12,346,13,13,0,0,0
03,120252516152250428,ACTIVE,100,17.119999999999997,250,7,6,0,0,0
03,120251356095670722,ACTIVE,40,17.04,217,5,6,0,0,0
03,120246130891670780,ACTIVE,80,17.04,320,4,4,0,0,0
03,120244163991370436,ACTIVE,150,17.01,583,17,21,2,0,0
03,120248142069690065,ACTIVE,100,17.009999999999998,354,8,9,2,1,29.98
03,120245697638490686,ACTIVE,80,16.98,177,1,2,0,0,0
03,120247660528150175,ACTIVE,88,16.95,317,12,11,1,0,0
03,120250363655950653,ACTIVE,80,16.93,223,11,13,2,0,0
03,120246821790660032,ACTIVE,76,16.91,303,7,12,3,2,73.39999999999999
03,120250466943310577,ACTIVE,100,16.91,453,15,19,1,1,93.74
03,120246615285510642,ACTIVE,450,16.880000000000003,582,3,6,0,0,0
03,120248721588870544,ACTIVE,90,16.86,355,3,3,1,0,0
03,120251355803580722,ACTIVE,40,16.86,124,8,10,2,2,76.53999999999999
03,120252528497940054,ACTIVE,100,16.68,347,6,6,0,0,0
03,120245750558170707,ACTIVE,100,16.68,316,13,14,0,0,0
03,120252522175850054,ACTIVE,100,16.66,364,4,4,2,0,0
03,120244428953860686,ACTIVE,100,16.6,262,8,10,0,0,0
03,120248500573400642,ACTIVE,123,16.53,430,5,6,0,0,0
03,120249711938850319,ACTIVE,290,16.35,571,16,18,1,0,0
03,120248523149630126,ACTIVE,89,16.34,306,11,12,1,0,0
03,120245944457570630,ACTIVE,114,16.34,581,6,6,0,0,0
03,120245642739620125,ACTIVE,200,16.29,438,12,11,2,1,41.72
03,120247504003780425,ACTIVE,113,16.23,398,7,6,0,0,0
03,120248524362970425,ACTIVE,300,16.23,399,13,13,1,0,0
03,120245694161920686,ACTIVE,80,16.189999999999998,221,5,5,0,0,0
03,120245899907660065,ACTIVE,115,16.18,334,12,13,1,1,67.91
03,120245686749070320,ACTIVE,120,16.13,486,8,10,3,1,103.82
03,120249283732990100,ACTIVE,148,16.11,436,12,13,0,0,0
03,120248540698960725,ACTIVE,100,16.04,252,4,7,2,2,117.93
03,120244451472500146,ACTIVE,100,16.03,330,12,12,3,0,0
03,120245738102920780,ACTIVE,150,15.93,318,8,10,2,1,24.98
03,120244171016070129,ACTIVE,100,15.92,729,15,15,2,1,42.980000000000004
03,120247892596700509,ACTIVE,110,15.809999999999999,363,9,8,0,0,0
03,120246788794230752,ACTIVE,76,15.790000000000001,403,3,3,1,1,42.97
03,120247246206720389,ACTIVE,100,15.780000000000001,454,14,14,1,0,0
03,120245380137820707,ACTIVE,300,15.749999999999998,438,11,14,1,1,50.96
03,120251254946790722,ACTIVE,120,15.7,242,9,12,1,1,38.269999999999996
03,120246299721480751,ACTIVE,325,15.68,426,5,11,4,0,0
03,120250011342400589,ACTIVE,100,15.64,259,2,2,0,0,0
03,120246403147480533,ACTIVE,100,15.61,517,11,14,5,3,110.92
03,120244906297410788,ACTIVE,10,15.600000000000001,213,3,3,0,0,0
03,120248801075450431,ACTIVE,130,15.599999999999998,483,12,13,3,2,156.29999999999998
03,120249060988170152,ACTIVE,90,15.559999999999999,362,6,7,1,0,0
03,120245514271720065,ACTIVE,115,15.53,308,8,10,1,0,0
03,120248922585490210,ACTIVE,200,15.53,855,9,6,0,0,0
03,120250713080020577,ACTIVE,88,15.51,291,7,11,0,0,0
03,120246835900980032,ACTIVE,100,15.41,292,11,11,1,0,0
03,120258091126130586,ACTIVE,300,15.329999999999998,380,17,16,3,2,78.35
03,120245899907890065,ACTIVE,115,15.28,306,8,11,1,1,49.519999999999996
03,120248129602090303,ACTIVE,40,15.159999999999998,164,7,8,1,0,0
03,120249534302910127,ACTIVE,100,15.110000000000001,168,3,7,0,0,0
03,120246466192240533,ACTIVE,90,15.100000000000001,552,9,10,1,0,0
03,120248564072910455,ACTIVE,100,15.000000000000002,413,15,14,1,0,0
03,120247086366560097,ACTIVE,80,14.98,401,10,8,0,0,0
03,120246788794180752,ACTIVE,76,14.95,369,10,9,0,0,0
03,120247660528030175,ACTIVE,88,14.94,324,10,11,0,0,0
03,120245949924540025,PAUSED,100,14.860000000000001,221,4,4,0,0,0
03,120248426685080564,ACTIVE,100,14.84,364,15,16,2,1,68.38
03,120246794737760320,ACTIVE,108,14.83,414,10,10,2,2,116.08999999999999
03,120246815803520674,ACTIVE,100,14.82,410,8,12,1,0,0
03,120249205590130431,ACTIVE,80,14.819999999999999,265,6,8,0,0,0
03,120247114934220455,ACTIVE,100,14.77,315,13,13,0,0,0
03,120246220485510177,ACTIVE,100,14.74,316,9,8,3,2,59.96
03,120246643265130674,ACTIVE,80,14.620000000000001,521,7,10,0,0,0
03,120246902225410241,ACTIVE,97,14.61,661,10,9,2,0,0
03,120249866066580100,ACTIVE,89,14.59,564,9,9,0,0,0
03,120257843668650586,PAUSED,50,14.530000000000001,325,6,5,1,1,28.98
03,23857834334500799,ACTIVE,60,14.48,172,7,8,1,1,51.209999999999994
03,120247061936980509,ACTIVE,200,14.420000000000002,601,13,13,4,1,61.97
03,120250011456500589,ACTIVE,100,14.4,216,3,4,1,1,29.98
03,120247245979210389,ACTIVE,100,14.39,434,13,15,2,2,74.10000000000001
03,120246402943010533,ACTIVE,100,14.35,401,8,12,3,1,43.97
03,120247974813980642,ACTIVE,151,14.339999999999998,442,12,16,3,1,65.95
03,120248528450570455,ACTIVE,100,14.329999999999998,376,2,3,0,0,0
03,120248922287320389,ACTIVE,81,14.32,471,11,12,1,0,0
03,120246131536730780,ACTIVE,80,14.31,267,7,6,0,0,0
03,120247378425210561,ACTIVE,380,14.3,494,14,12,2,2,115.92
03,120248832877240168,ACTIVE,90,14.280000000000001,292,11,9,1,1,102.25999999999999
03,120248722531060455,ACTIVE,133,14.22,272,5,9,1,0,0
03,120247086330490097,ACTIVE,80,14.15,429,10,11,2,1,34.98
03,120246050713630630,ACTIVE,86,14.14,364,7,8,0,0,0
03,120244486414960436,ACTIVE,100,14.11,612,16,16,3,0,0
03,120246466192300533,ACTIVE,90,14.100000000000001,453,4,3,0,0,0
03,120249439269180365,ACTIVE,100,14.07,221,4,4,1,0,0
03,120250713079040577,ACTIVE,88,14.07,298,5,7,0,0,0
03,120248539381110725,ACTIVE,100,14,352,8,10,2,1,68.56
03,120245010772960663,ACTIVE,200,14,247,7,6,0,0,0
03,120244349823030686,ACTIVE,125,13.969999999999999,212,2,9,0,0,0
03,120248490880410455,ACTIVE,100,13.88,409,3,6,0,0,0
03,120246134196920630,ACTIVE,83,13.88,340,5,5,0,0,0
03,120246902225450241,ACTIVE,97,13.73,546,12,13,1,1,66.47999999999999
03,120247601538900425,ACTIVE,200,13.73,277,10,8,0,0,0
03,120248598654680561,ACTIVE,99,13.719999999999999,373,9,11,1,0,0
03,120248598654640561,ACTIVE,99,13.66,335,11,13,1,0,0
03,120245699166630686,ACTIVE,80,13.64,165,4,4,0,0,0
03,120248598666870425,ACTIVE,200,13.61,376,3,4,0,0,0
03,120248248634970455,ACTIVE,100,13.59,165,8,9,1,1,60.41
03,120249205526520431,ACTIVE,80,13.51,226,7,7,3,1,79.35000000000001
03,120246219468190177,ACTIVE,100,13.5,269,12,14,1,1,71.2
03,120246134196980630,ACTIVE,83,13.45,330,9,8,1,0,0
03,120244691564680146,ACTIVE,100,13.44,407,4,4,0,0,0
03,120249672773570589,ACTIVE,100,13.44,300,6,4,2,0,0
03,120245698184740686,ACTIVE,80,13.4,236,9,11,0,0,0
03,120244471201830129,ACTIVE,120,13.370000000000001,459,12,12,1,0,0
03,120246602396100752,ACTIVE,100,13.360000000000001,353,6,5,1,1,26.98
03,120248129602020303,ACTIVE,40,13.35,139,1,1,1,0,0
03,120248332911960065,ACTIVE,200,13.299999999999999,311,5,6,0,0,0
03,120250639973220577,ACTIVE,88,13.23,283,13,12,1,1,28.98
03,120246733902040065,ACTIVE,80,13.209999999999999,257,10,11,2,0,0
03,120245241360310455,ACTIVE,100,13.189999999999998,543,5,5,2,2,167.24999999999997
03,120242907734560129,ACTIVE,100,13.18,479,14,15,0,0,0
03,120244470749040129,ACTIVE,200,13.139999999999999,560,16,18,1,1,68.38000000000001
03,120247904708250509,ACTIVE,80,13.05,163,3,3,0,0,0
03,120249156453230695,ACTIVE,80,13.04,356,3,3,0,0,0
03,120251239771420586,ACTIVE,100,13.02,255,7,8,0,0,0
03,120252528497900054,ACTIVE,100,12.93,260,4,5,1,1,31.98
03,120246794738360320,ACTIVE,108,12.879999999999999,358,3,4,0,0,0
03,120245284052330686,ACTIVE,200,12.83,257,11,8,1,0,0
03,120246835901050032,ACTIVE,100,12.8,234,5,5,0,0,0
03,120246299672740751,ACTIVE,195,12.8,361,4,5,2,0,0
03,120246050713140630,ACTIVE,200,12.799999999999999,284,6,7,2,1,29.98
03,120248848966480389,ACTIVE,81,12.75,327,7,11,3,2,68.28
03,120249412510530100,ACTIVE,113,12.7,344,5,7,0,0,0
03,120251355803650722,ACTIVE,40,12.68,128,6,6,0,0,0
03,120245205425940677,ACTIVE,100,12.68,372,4,4,0,0,0
03,120243844958690129,ACTIVE,100,12.67,422,11,10,2,0,0
03,120246733877000065,ACTIVE,80,12.62,220,4,10,1,0,0
03,120245699295330686,ACTIVE,80,12.59,111,1,3,0,0,0
03,120248512806040048,ACTIVE,100,12.57,289,12,15,0,0,0
03,120248911416770577,ACTIVE,101,12.57,375,14,11,3,1,28.98
03,120247775015280090,ACTIVE,126,12.51,189,9,9,0,0,0
03,120248652996470564,ACTIVE,80,12.49,435,0,16,1,0,0
03,120249115230940100,ACTIVE,100,12.47,278,6,6,1,1,95.07
03,120248129794130303,ACTIVE,40,12.47,143,6,5,2,1,26.98
03,120240901145360175,ACTIVE,315,12.46,744,8,11,0,0,0
03,120249866066500100,ACTIVE,89,12.42,397,6,13,1,0,0
03,120247770604660509,ACTIVE,100,12.399999999999999,428,3,2,0,0,0
03,120246668892470032,ACTIVE,100,12.35,369,11,11,1,0,0
03,120249872546510100,ACTIVE,100,12.309999999999999,260,8,9,1,0,0
03,120246129839740630,ACTIVE,80,12.299999999999999,446,8,5,0,0,0
03,120249384124830663,ACTIVE,136,12.270000000000001,238,6,8,0,0,0
03,120246299721450751,ACTIVE,195,12.260000000000002,247,3,4,1,1,47.14
03,120249286765290368,ACTIVE,200,12.22,318,7,10,2,0,0
03,120248082904030663,ACTIVE,150,12.219999999999999,208,3,3,0,0,0
03,120252545089670054,ACTIVE,100,12.17,208,3,4,0,0,0
03,120246493383140032,ACTIVE,100,12.14,296,7,9,0,0,0
03,120249252046510229,ACTIVE,80,12.06,557,7,9,2,1,49.97
03,120243951377020125,ACTIVE,200,12.029999999999998,362,6,6,0,0,0
03,120246471244730065,ACTIVE,229,11.92,463,12,16,2,1,29.98
03,120249149145800048,ACTIVE,100,11.92,198,9,10,0,0,0
03,120247909403230043,PAUSED,80,11.9,151,2,2,0,0,0
03,120244164847370788,ACTIVE,200,11.9,277,4,8,1,1,92.3
03,120243458344350129,ACTIVE,200,11.899999999999999,604,9,16,1,1,44.77
03,120247896201040509,ACTIVE,100,11.86,232,5,4,0,0,0
03,120258018921830586,ACTIVE,25,11.86,294,8,9,2,2,57.96
03,120245229643460678,ACTIVE,100,11.83,160,4,4,0,0,0
03,120248596343100048,ACTIVE,100,11.83,228,7,7,1,1,37.98
03,120246733876960065,ACTIVE,80,11.809999999999999,191,12,10,2,2,79.5
03,120247547642310642,ACTIVE,120,11.79,213,1,4,0,0,0
03,120246300475250650,ACTIVE,200,11.79,215,5,6,1,0,0
03,120247573916610214,ACTIVE,135,11.71,260,4,5,3,0,0
03,120250789469770586,ACTIVE,100,11.690000000000001,339,8,14,0,0,0
03,120245205078130630,ACTIVE,94,11.68,408,8,9,0,0,0
03,120250501589950722,ACTIVE,80,11.669999999999998,268,8,8,0,0,0
03,120246131739110780,ACTIVE,80,11.639999999999999,233,10,8,2,1,42.97
03,120249062217790019,ACTIVE,50,11.579999999999998,248,6,8,2,2,101.19
03,120247086303000097,ACTIVE,80,11.56,291,5,6,0,0,0
03,120246594237630032,ACTIVE,200,11.55,296,9,13,1,1,58.959999999999994
03,120244802271840788,ACTIVE,10,11.53,244,2,2,1,0,0
03,120248536188000100,ACTIVE,300,11.529999999999998,317,9,9,1,0,0
03,120247904598040509,ACTIVE,100,11.49,204,4,5,1,1,49.52
03,120251788791190404,ACTIVE,80,11.49,149,5,6,0,0,0
03,120249614588330725,ACTIVE,200,11.44,269,8,8,0,0,0
03,120246870229730642,ACTIVE,100,11.43,261,2,2,0,0,0
03,120248459419470469,ACTIVE,100,11.43,193,4,4,0,0,0
03,120247858934130544,ACTIVE,90,11.43,314,3,3,0,0,0
03,120246835842080032,ACTIVE,100,11.39,180,7,7,2,1,24.979999999999997
03,120245229678820678,ACTIVE,100,11.38,206,3,3,1,0,0
03,120249205590160431,ACTIVE,80,11.37,225,4,4,0,0,0
03,120251692403590054,ACTIVE,95,11.350000000000001,355,6,5,0,0,0
03,120248426685010564,ACTIVE,100,11.32,291,9,8,0,0,0
03,120251788886810404,ACTIVE,80,11.32,129,3,4,0,0,0
03,120245800978960674,ACTIVE,100,11.22,238,6,8,2,1,46.23
03,120249182012100229,ACTIVE,450,11.22,567,4,8,1,0,0
03,120248384078440455,ACTIVE,100,11.19,414,7,10,0,0,0
03,120249433591590100,ACTIVE,100,11.18,226,6,8,1,1,38.17
03,120244691564740146,ACTIVE,100,11.129999999999999,361,2,2,0,0,0
03,120244006723720129,ACTIVE,100,11.06,404,16,21,1,1,68.38000000000001
03,120248396283420425,ACTIVE,200,11.06,267,6,6,1,0,0
03,120246733901990065,ACTIVE,80,11.04,210,11,12,4,2,117.42999999999999
03,120247312196970090,ACTIVE,100,11.01,156,2,2,0,0,0
03,120246338142390241,ACTIVE,97,10.95,960,19,19,1,1,66.47999999999999
03,120249149449870048,ACTIVE,100,10.95,162,8,9,0,0,0
03,120248444259380455,ACTIVE,134,10.92,362,13,15,0,0,0
03,120249244397090229,ACTIVE,80,10.879999999999999,244,13,16,0,0,0
03,6988547105233,ACTIVE,80,10.84,219,4,4,0,0,0
03,120249871750440100,ACTIVE,100,10.83,273,8,9,3,1,52.559999999999995
03,120235336090360210,ACTIVE,200,10.790000000000001,302,7,7,0,0,0
03,120246402942850533,ACTIVE,100,10.75,317,13,13,2,0,0
03,120249347498540100,ACTIVE,100,10.71,373,10,10,2,1,66.15
03,120249252046550229,ACTIVE,80,10.690000000000001,577,6,6,1,1,29.98
03,120246010945790630,ACTIVE,86,10.68,403,3,5,0,0,0
03,120246891334500677,ACTIVE,100,10.64,206,2,3,1,1,70.02
03,120245972443720177,ACTIVE,100,10.639999999999999,186,4,5,1,0,0
03,120245697787450686,ACTIVE,80,10.61,133,7,7,1,0,0
03,120246169445720320,ACTIVE,100,10.600000000000001,349,6,8,0,0,0
03,120251789041250404,ACTIVE,80,10.59,136,5,4,0,0,0
03,120237484145990455,ACTIVE,145,10.57,407,7,8,0,0,0
03,120247901892890509,ACTIVE,100,10.47,231,2,3,1,1,34.980000000000004
03,120248129794520303,ACTIVE,40,10.44,153,3,3,0,0,0
03,120245699296550686,ACTIVE,80,10.44,107,1,2,0,0,0
03,120246306322540533,ACTIVE,67,10.42,536,8,9,1,0,0
03,120246808176070320,ACTIVE,120,10.4,277,7,12,1,0,0
03,120243508760940146,ACTIVE,100,10.37,332,12,8,0,0,0
03,120250122186270319,ACTIVE,120,10.37,211,9,8,2,2,101.19000000000001
03,120245698217460686,ACTIVE,80,10.36,111,4,4,1,1,29.979999999999997
03,120245346459390436,ACTIVE,100,10.32,366,9,7,0,0,0
03,120252198020010210,ACTIVE,109,10.309999999999999,223,3,4,0,0,0
03,120246191098590320,ACTIVE,200,10.3,471,11,14,0,0,0
03,120245699235190686,ACTIVE,80,10.28,94,2,3,0,0,0
03,120249105110140210,ACTIVE,92,10.260000000000002,362,7,8,0,0,0
03,120257843668740586,ACTIVE,100,10.24,323,6,6,1,1,28.98
03,120244389916660436,ACTIVE,109,10.120000000000001,465,13,18,3,0,0
03,120250278918690653,ACTIVE,80,9.98,210,5,5,0,0,0
03,23857661391130799,ACTIVE,160,9.920000000000002,106,1,2,0,0,0
03,120245031811820436,ACTIVE,100,9.92,314,13,9,2,1,68.23
03,120252544117580054,ACTIVE,100,9.85,215,2,4,0,0,0
03,120246129839860630,ACTIVE,80,9.76,359,3,3,0,0,0
03,120246465900910677,ACTIVE,100,9.75,207,1,1,0,0,0
03,120246717243380752,ACTIVE,100,9.75,311,6,7,2,1,54.96
03,120248808316220695,ACTIVE,200,9.68,238,2,3,1,1,92.41
03,120249439267740365,ACTIVE,100,9.66,117,2,2,0,0,0
03,120250558406210368,ACTIVE,193,9.62,276,4,4,1,1,38.98
03,120248510641030431,ACTIVE,220,9.61,254,6,4,1,0,0
03,120249149449270048,ACTIVE,100,9.56,184,7,9,1,0,0
03,120250596505340709,ACTIVE,100,9.55,161,4,5,1,0,0
03,120247086347850097,ACTIVE,80,9.48,368,5,5,0,0,0
03,120241067387190788,ACTIVE,10,9.48,196,3,3,0,0,0
03,120247645229990642,ACTIVE,100,9.450000000000001,286,11,11,1,1,65.95
03,120251037305290166,ACTIVE,10,9.4,253,6,5,0,0,0
03,120249775050340127,ACTIVE,100,9.399999999999999,98,1,8,0,0,0
03,120246835765380032,ACTIVE,100,9.399999999999999,226,10,8,3,2,101.92999999999999
03,120244824816070686,ACTIVE,80,9.39,107,5,4,1,0,0
03,120249826842030100,ACTIVE,80,9.379999999999999,132,0,2,0,0,0
03,120246485944940533,ACTIVE,100,9.370000000000001,329,12,13,0,0,0
03,120252288360590054,ACTIVE,100,9.36,218,2,4,0,0,0
03,120243673094650146,ACTIVE,100,9.33,169,4,3,0,0,0
03,120251590243230709,ACTIVE,80,9.31,160,3,3,1,1,46.37
03,120241671273870455,ACTIVE,100,9.280000000000001,273,11,12,1,0,0
03,120245198116820177,ACTIVE,100,9.18,157,5,6,1,0,0
03,120250598801610019,ACTIVE,30,9.17,145,5,5,1,0,0
03,120251354404600722,ACTIVE,40,9.15,144,8,11,1,1,22.98
03,120246835765480032,ACTIVE,100,9.14,206,8,6,0,0,0
03,120246471244780065,ACTIVE,229,9.14,234,5,7,1,0,0
03,120247304965600477,ACTIVE,100,9.13,106,5,5,1,0,0
03,120248288633070389,ACTIVE,140,9.129999999999999,212,8,11,1,0,0
03,120245610768940032,ACTIVE,200,9.100000000000001,243,2,7,0,1,48.42
03,120244470749060129,ACTIVE,120,9.100000000000001,348,10,13,3,1,42.980000000000004
03,120244542271970146,ACTIVE,100,9.07,224,5,9,1,1,41.980000000000004
03,120245988448910780,ACTIVE,80,9.03,184,7,10,0,0,0
03,120247909403280043,ACTIVE,80,9.02,185,5,9,0,0,0
03,120249871362270725,ACTIVE,100,9.02,223,3,4,1,1,68.56
03,120246309078080032,ACTIVE,200,8.98,277,7,8,0,0,0
03,120248129647190303,ACTIVE,40,8.91,155,4,5,1,1,43.97
03,120248974670480019,ACTIVE,50,8.91,184,2,5,1,0,0
03,120249861202960589,ACTIVE,100,8.91,127,2,1,0,0,0
03,120257783384890586,ACTIVE,25,8.86,406,10,10,2,1,28.98
03,120248507722020469,ACTIVE,100,8.84,203,2,2,0,0,0
03,120246891215890677,ACTIVE,100,8.84,296,3,2,2,2,169.46
03,120247901892960509,ACTIVE,100,8.8,207,0,1,0,0,0
03,120246210981540177,ACTIVE,89,8.76,129,3,3,0,0,0
03,120247902282110509,ACTIVE,100,8.74,239,4,5,0,0,0
03,120246299672680751,ACTIVE,115,8.74,278,4,7,1,1,24.98
03,120250598762660019,ACTIVE,30,8.69,158,2,3,0,0,0
03,120243753190540054,ACTIVE,101,8.66,224,3,6,0,0,0
03,120248676922530389,ACTIVE,100,8.629999999999999,178,7,11,0,0,0
03,120245400911130686,ACTIVE,80,8.59,148,4,4,0,0,0
03,120246851941710241,ACTIVE,120,8.59,146,3,3,0,0,0
03,120249431214270100,ACTIVE,100,8.58,272,8,5,1,0,0
03,120246007230330630,ACTIVE,62,8.57,281,3,3,0,0,0
03,120244694101130146,ACTIVE,100,8.55,175,6,6,1,1,41.980000000000004
03,120247902130520509,ACTIVE,100,8.54,227,8,9,0,0,0
03,120249872318680100,ACTIVE,100,8.49,284,4,9,0,0,0
03,120248129647260303,ACTIVE,40,8.49,141,5,5,0,0,0
03,120249465757720116,ACTIVE,100,8.4,165,3,3,0,0,0
03,120246808176080320,ACTIVE,120,8.32,204,6,10,0,0,0
03,120246832874220677,ACTIVE,100,8.32,262,4,5,0,0,0
03,120244234919350146,ACTIVE,100,8.309999999999999,237,9,10,1,0,0
03,120246647909930752,ACTIVE,111,8.3,304,9,9,2,1,42.97
03,6988547105833,ACTIVE,80,8.29,184,4,4,0,0,0
03,120246835842160032,ACTIVE,100,8.27,139,4,3,0,0,0
03,120247623540580509,ACTIVE,92,8.27,309,3,4,1,0,0
03,120248302764770065,ACTIVE,85,8.25,168,3,4,0,0,0
03,120245698119350686,ACTIVE,80,8.24,116,3,5,1,0,0
03,120245699166900686,ACTIVE,80,8.23,122,2,2,0,0,0
03,120247866597170389,ACTIVE,100,8.23,290,8,7,1,0,0
03,120244418309490436,ACTIVE,100,8.23,385,13,14,0,0,0
03,120244694220400146,ACTIVE,100,8.18,207,6,5,0,0,0
03,120244623419230146,ACTIVE,100,8.14,252,10,8,0,0,0
03,120249149146000048,ACTIVE,100,8.1,146,6,8,0,0,0
03,120244536077290146,ACTIVE,100,8.07,229,9,7,1,0,0
03,120244471201780129,ACTIVE,100,8.049999999999999,173,11,13,1,0,0
03,120255021163250197,ACTIVE,80,7.9799999999999995,118,2,3,0,0,0
03,23857926398860790,ACTIVE,100,7.97,60,1,1,0,0,0
03,120250598762320019,ACTIVE,30,7.93,142,2,2,0,0,0
03,120249872898580100,ACTIVE,100,7.88,247,3,3,1,0,0
03,120249115231040100,ACTIVE,100,7.869999999999999,142,9,5,2,1,69.07
03,120251223975830709,ACTIVE,150,7.869999999999999,216,3,3,0,0,0
03,120249790953950725,ACTIVE,100,7.81,237,2,3,0,0,0
03,120247902282020509,ACTIVE,100,7.800000000000001,239,1,1,0,0,0
03,120249550517720100,ACTIVE,100,7.77,148,3,4,2,1,52.56
03,120258251274670586,ACTIVE,30,7.77,158,1,1,0,0,0
03,120246070715810752,ACTIVE,100,7.73,154,4,4,0,0,0
03,120248615909580019,ACTIVE,50,7.710000000000001,150,5,11,3,0,0
03,120243217129690509,ACTIVE,100,7.7,425,10,9,0,0,0
03,120247902130560509,ACTIVE,100,7.66,206,3,3,1,0,0
03,120244164741800146,ACTIVE,100,7.66,185,4,5,0,0,0
03,120258251274600586,ACTIVE,30,7.65,173,2,2,0,0,0
03,120248534140900544,ACTIVE,82,7.640000000000001,154,2,3,0,0,0
03,120245306349070462,ACTIVE,100,7.64,161,10,8,1,0,0
03,120247483185600629,ACTIVE,200,7.62,93,5,5,0,0,0
03,120255123131540197,ACTIVE,80,7.59,161,2,2,0,0,0
03,120249525957160319,ACTIVE,300,7.59,199,3,4,0,0,0
03,120243843991710129,ACTIVE,100,7.57,193,7,11,1,0,0
03,120246242129020477,ACTIVE,100,7.5,50,2,2,0,0,0
03,120244963676310686,ACTIVE,80,7.5,124,9,7,0,0,0
03,120246808176090320,ACTIVE,120,7.42,230,6,6,0,0,0
03,120249615707300603,ACTIVE,100,7.4,107,3,5,0,0,0
03,120255123252360197,ACTIVE,80,7.38,140,8,8,0,0,0
03,120250279061630653,ACTIVE,80,7.38,166,1,1,1,0,0
03,120249832996030589,ACTIVE,95,7.35,129,1,4,0,0,0
03,120247831600980509,ACTIVE,80,7.31,86,2,4,0,0,0
03,120247392329370509,ACTIVE,100,7.3,318,5,1,0,0,0
03,120251659288280166,ACTIVE,10,7.289999999999999,219,3,3,0,0,0
03,120245638609160175,ACTIVE,132,7.28,213,10,10,1,1,24.96
03,6995732288426,ACTIVE,50,7.27,166,6,6,0,0,0
03,120246716035470470,ACTIVE,50,7.24,191,5,6,0,0,0
03,120248072969230389,ACTIVE,100,7.23,246,1,3,1,1,21.869999999999997
03,120247073165120090,ACTIVE,155,7.2,175,2,7,0,0,0
03,120244963455410686,ACTIVE,80,7.19,151,2,2,0,0,0
03,120248955593120695,ACTIVE,136,7.16,224,1,1,0,0,0
03,120246693068060097,ACTIVE,100,7.15,272,3,3,0,0,0
03,120246145189280470,ACTIVE,80,7.149999999999999,321,3,3,0,0,0
03,120246382556450462,ACTIVE,100,7.140000000000001,133,5,6,0,0,0
03,120258018921720586,ACTIVE,25,7.13,134,4,5,1,1,49.37
03,120246417765860752,ACTIVE,77,7.1,242,8,10,0,0,0
03,120246815852160674,ACTIVE,120,7.1,154,5,6,0,0,0
03,120246360941370650,ACTIVE,80,7.09,63,4,4,1,1,34.98
03,120250641402060577,ACTIVE,100,7.09,164,4,3,2,0,0
03,120248737641910722,ACTIVE,80,7.09,137,5,5,1,1,22.979999999999997
03,120251659288010166,ACTIVE,50,7.069999999999999,256,6,8,2,0,0
03,120245045578670686,ACTIVE,80,7.049999999999999,124,2,2,0,0,0
03,120247534964830642,ACTIVE,100,7.029999999999999,147,7,6,2,1,37.949999999999996
03,120244251116110146,ACTIVE,100,7.02,124,3,3,0,1,75.22
03,120246259925420674,ACTIVE,100,7.01,146,2,4,0,0,0
03,120244367774220146,ACTIVE,100,6.99,184,1,1,0,0,0
03,120245343640550686,ACTIVE,80,6.97,84,3,3,0,0,0
03,120244694220570146,ACTIVE,100,6.96,141,1,2,1,0,0
03,120248700431710469,ACTIVE,80,6.9399999999999995,191,5,6,1,1,68.56
03,120247567951430509,ACTIVE,100,6.9399999999999995,262,2,2,0,0,0
03,120242694742870146,ACTIVE,100,6.92,201,0,2,0,0,0
03,120244694198510146,ACTIVE,100,6.91,139,3,4,0,0,0
03,120246808108930320,ACTIVE,120,6.8999999999999995,172,1,1,0,0,0
03,120246415849650214,ACTIVE,135,6.859999999999999,158,4,4,0,0,0
03,120250598801680019,ACTIVE,30,6.85,153,3,3,0,0,0
03,120246759433650677,ACTIVE,112,6.82,394,4,5,1,1,96.41
03,120248573692120695,ACTIVE,120,6.819999999999999,224,2,2,0,0,0
03,120248960171180100,ACTIVE,100,6.800000000000001,179,2,6,0,0,0
03,120245250322490642,ACTIVE,300,6.78,235,5,7,1,1,92.30000000000001
03,120244006723850129,ACTIVE,100,6.78,195,2,4,0,0,0
03,120244452501840146,ACTIVE,100,6.77,249,4,6,0,0,0
03,120250639973280577,ACTIVE,88,6.76,145,2,4,1,0,0
03,120248469524370389,ACTIVE,100,6.74,179,7,9,1,0,0
03,120246808388750320,ACTIVE,80,6.73,158,1,4,0,0,0
03,120250677671340013,ACTIVE,80,6.710000000000001,141,8,8,0,0,0
03,120246232598650090,ACTIVE,221,6.67,198,3,7,2,1,62.38999999999999
03,120245557729330686,ACTIVE,80,6.64,98,1,1,0,0,0
03,120248469524600389,ACTIVE,100,6.63,213,6,6,0,0,0
03,120243458344240129,ACTIVE,100,6.62,247,3,6,0,0,0
03,120249615629760603,ACTIVE,100,6.62,94,3,3,0,0,0
03,120246007921740320,ACTIVE,100,6.62,203,5,6,0,0,0
03,120244691045040320,ACTIVE,120,6.58,279,4,5,0,0,0
03,120245218353210788,ACTIVE,50,6.539999999999999,156,4,4,2,1,117.01
03,120245250780680175,ACTIVE,125,6.5200000000000005,171,6,6,0,0,0
03,120249181320300229,ACTIVE,400,6.510000000000001,257,2,7,0,0,0
03,120245031811850436,ACTIVE,100,6.49,219,6,5,0,0,0
03,120249871262610725,ACTIVE,100,6.49,138,2,2,0,0,0
03,120247483865740100,ACTIVE,300,6.460000000000001,204,3,3,0,0,0
03,120250727436390577,ACTIVE,100,6.45,127,1,2,0,0,0
03,120244270293390320,ACTIVE,120,6.43,207,4,3,0,0,0
03,120244895488610436,ACTIVE,100,6.43,248,5,4,0,0,0
03,120249186775450116,ACTIVE,100,6.41,119,0,7,0,0,0
03,120249615778010603,ACTIVE,100,6.39,97,1,1,0,0,0
03,120247815325100509,ACTIVE,100,6.38,312,3,6,1,0,0
03,120244374958390146,ACTIVE,100,6.38,125,3,3,1,1,41.980000000000004
03,120251590242960709,ACTIVE,80,6.36,176,5,5,0,0,0
03,120247896140700509,ACTIVE,100,6.34,244,3,2,0,0,0
03,120244978756050678,ACTIVE,100,6.32,198,7,3,0,0,0
03,120246669810650173,ACTIVE,80,6.3100000000000005,213,8,9,1,1,110.96
03,120242746886630788,ACTIVE,200,6.29,189,7,7,1,0,0
03,120249871805770725,ACTIVE,100,6.28,121,2,3,1,1,28.979999999999997
03,120246397978120533,ACTIVE,90,6.25,196,2,2,2,1,41.97
03,120246599961620214,ACTIVE,150,6.24,167,4,6,0,0,0
03,120246808477880320,ACTIVE,120,6.21,148,4,7,1,1,82.02
03,120249791261630725,ACTIVE,100,6.209999999999999,151,5,7,0,0,0
03,120247058049910303,ACTIVE,80,6.200000000000001,127,6,8,0,0,0
03,120244694048650146,ACTIVE,100,6.16,125,2,2,1,0,0
03,120245889270610065,ACTIVE,40,6.13,222,9,9,1,0,0
03,120246808108970320,ACTIVE,120,6.12,185,2,4,1,0,0
03,120248302764530065,ACTIVE,85,6.09,159,2,2,0,0,0
03,120247831600970509,ACTIVE,80,6.09,78,3,3,0,0,0
03,120251868137370166,ACTIVE,30,6.09,155,7,7,0,0,0
03,120249871262650725,ACTIVE,100,6.07,97,0,3,0,0,0
03,120246669810550173,ACTIVE,80,6.02,203,6,8,0,0,0
03,120243844678990129,ACTIVE,100,6.02,180,2,5,1,1,68.38
03,120247802943620389,ACTIVE,100,5.970000000000001,408,8,9,0,0,0
03,120247896200460509,ACTIVE,100,5.95,192,5,4,1,0,0
03,120240258763950179,ACTIVE,320,5.91,296,2,6,0,0,0
03,120246210981610177,ACTIVE,89,5.88,119,5,5,0,0,0
03,120246899499000707,ACTIVE,100,5.88,111,0,3,0,0,0
03,120244409294850129,ACTIVE,100,5.869999999999999,355,3,4,1,1,66.47999999999999
03,120244967217480436,ACTIVE,100,5.85,222,5,7,2,1,99.72
03,120244409294890129,ACTIVE,100,5.84,253,7,7,2,0,0
03,120247896715060509,ACTIVE,100,5.84,157,0,0,0,0,0
03,120245602350460032,ACTIVE,100,5.84,222,8,6,2,2,73.4
03,120246508713670320,ACTIVE,100,5.830000000000001,129,4,5,0,0,0
03,120248764599250589,ACTIVE,200,5.789999999999999,162,1,2,1,0,0
03,120247820656990509,ACTIVE,102,5.78,216,3,2,0,0,0
03,120246145506950470,ACTIVE,80,5.75,155,2,3,0,0,0
03,120251360834810166,ACTIVE,10,5.72,101,1,1,1,0,0
03,120241596259880509,ACTIVE,100,5.71,322,4,4,0,0,0
03,120247896529750509,ACTIVE,100,5.71,190,6,5,1,0,0
03,120249871805740725,ACTIVE,100,5.7,159,0,4,0,0,0
03,120246153345400650,ACTIVE,100,5.699999999999999,65,1,1,0,0,0
03,120246899498920707,ACTIVE,100,5.69,90,1,6,1,1,37.37
03,120246361016040650,ACTIVE,100,5.68,82,0,3,0,0,0
03,120250447831800013,ACTIVE,80,5.67,119,5,6,1,1,67.67
03,120244451472890146,ACTIVE,100,5.66,175,1,2,0,0,0
03,120249871362030725,ACTIVE,100,5.65,114,2,3,0,0,0
03,120244694492190146,ACTIVE,100,5.63,139,3,4,0,0,0
03,120247896237060509,ACTIVE,100,5.63,203,1,2,0,0,0
03,6995732289626,ACTIVE,50,5.629999999999999,128,2,3,0,0,0
03,120244303184580146,ACTIVE,100,5.62,106,4,6,0,0,0
03,120244374958140146,ACTIVE,100,5.62,144,3,3,1,0,0
03,120247608644690175,ACTIVE,120,5.59,118,2,2,0,0,0
03,120244794017770320,ACTIVE,400,5.52,332,2,3,0,0,0
03,120244694492240146,ACTIVE,100,5.52,140,2,3,0,0,0
03,120248305165620065,ACTIVE,50,5.51,120,7,9,2,1,49.52
03,120249871818100725,ACTIVE,100,5.49,90,1,2,0,0,0
03,120248383861080100,ACTIVE,100,5.48,155,0,3,0,0,0
03,120247293641570642,ACTIVE,120,5.47,155,3,3,0,0,0
03,120248546074540389,ACTIVE,100,5.45,261,4,5,0,0,0
03,120249871817940725,ACTIVE,100,5.45,88,1,2,0,0,0
03,120246808109060320,ACTIVE,120,5.39,209,3,2,0,0,0
03,120248760404460469,ACTIVE,80,5.39,40,0,1,1,0,0
03,120244694299880146,ACTIVE,100,5.38,120,3,5,0,0,0
03,120246808387740320,ACTIVE,80,5.38,146,1,1,0,0,0
03,120244618043570436,ACTIVE,100,5.369999999999999,177,1,2,0,0,0
03,120249791286030725,ACTIVE,100,5.3500000000000005,105,1,2,0,0,0
03,120247896529670509,ACTIVE,100,5.35,213,3,4,0,0,0
03,120248305165660065,ACTIVE,50,5.29,83,2,2,0,0,0
03,120248574839550695,ACTIVE,187,5.27,190,2,3,0,0,0
03,120243772698800146,ACTIVE,100,5.260000000000001,147,2,2,0,0,0
03,120249151139280057,ACTIVE,100,5.249999999999999,108,2,3,0,0,0
03,120252520217470428,ACTIVE,100,5.24,89,2,2,0,0,0
03,120245481989440065,ACTIVE,40,5.199999999999999,103,2,2,0,0,0
03,120245923045620168,ACTIVE,100,5.17,149,2,2,0,0,0
03,120249790639400725,ACTIVE,100,5.17,137,2,2,0,0,0
03,120248574839520695,ACTIVE,50,5.16,176,3,3,0,0,0
03,120244694199190146,ACTIVE,100,5.16,136,3,5,0,0,0
03,120248645284350152,ACTIVE,80,5.15,154,2,3,0,0,0
03,120249816899740100,ACTIVE,90,5.140000000000001,112,1,5,1,0,0
03,120245642739820125,ACTIVE,300,5.109999999999999,141,3,3,0,0,0
03,120244008701890129,ACTIVE,100,5.109999999999999,149,6,9,1,0,0
03,120246296875230177,ACTIVE,100,5.08,82,1,4,1,0,0
03,6973002163226,ACTIVE,50,5.07,120,1,1,0,0,0
03,120247594535460629,ACTIVE,80,5.04,51,0,1,0,0,0
03,120244694066130146,ACTIVE,100,5.04,125,1,1,0,0,0
03,120245823079650320,ACTIVE,100,5.04,111,2,1,0,0,0
03,6973002165426,ACTIVE,50,5.039999999999999,173,5,5,0,0,0
03,120258265467630586,ACTIVE,30,5.0200000000000005,97,2,2,0,0,0
03,120246710213420090,ACTIVE,125,5.02,92,2,3,1,0,0
03,120247595220850629,ACTIVE,100,5.01,116,3,4,0,0,0
03,120245889270720065,ACTIVE,40,4.99,160,6,3,1,0,0
03,120244837091050678,ACTIVE,60,4.970000000000001,99,3,3,1,1,57.98
03,120247088427140097,ACTIVE,80,4.95,266,7,6,0,0,0
03,120246754497550032,ACTIVE,76,4.93,139,3,6,0,0,0
03,120247896715880509,ACTIVE,100,4.91,134,1,1,0,0,0
03,120249005372660589,ACTIVE,189,4.91,87,2,2,0,0,0
03,120258095185070586,ACTIVE,30,4.9,102,1,3,0,0,0
03,120248538756480561,ACTIVE,60,4.88,146,8,7,2,0,0
03,120249300729750589,ACTIVE,100,4.87,113,2,2,1,0,0
03,120243466971930678,ACTIVE,100,4.85,80,3,3,0,0,0
03,120244623330020146,ACTIVE,100,4.82,79,1,1,0,0,0
03,120251280446770722,ACTIVE,40,4.800000000000001,77,1,4,1,0,0
03,120244693965550146,ACTIVE,100,4.8,210,1,2,0,0,0
03,120245481989400065,ACTIVE,40,4.789999999999999,131,4,4,0,0,0
03,120247872427130090,ACTIVE,125,4.76,89,4,3,0,0,0
03,120248304803400065,ACTIVE,50,4.73,133,2,3,0,0,0
03,120245880736570172,ACTIVE,40,4.72,82,1,1,0,0,0
03,120246668892520032,ACTIVE,100,4.6899999999999995,145,7,9,0,0,0
03,120244471549800129,ACTIVE,100,4.65,195,3,5,1,1,68.38000000000001
03,120247854925420090,ACTIVE,125,4.640000000000001,75,1,1,0,0,0
03,120245218353240788,ACTIVE,10,4.63,69,0,0,0,0,0
03,120250641335530577,ACTIVE,100,4.63,146,4,6,1,1,48.17
03,120246123176490177,ACTIVE,89,4.609999999999999,90,3,4,0,0,0
03,120249774896160127,ACTIVE,100,4.58,111,5,6,0,0,0
03,120248064986340303,ACTIVE,80,4.58,51,2,2,0,0,0
03,120244694121960146,ACTIVE,100,4.57,103,1,2,1,0,0
03,120249790639140725,ACTIVE,100,4.5600000000000005,98,4,5,0,0,0
03,120246340309750533,ACTIVE,100,4.55,235,3,4,0,0,0
03,120244171016080129,ACTIVE,100,4.54,165,5,8,1,0,0
03,120246297341700177,ACTIVE,100,4.48,101,1,3,0,0,0
03,120247820656740509,ACTIVE,102,4.46,205,2,4,0,0,0
03,120250827793580013,ACTIVE,80,4.46,89,3,3,0,0,0
03,120251576447330651,ACTIVE,20,4.43,67,0,0,0,0,0
03,120247708432980509,ACTIVE,100,4.43,93,3,1,1,0,0
03,120246330272670320,ACTIVE,100,4.42,159,4,4,0,0,0
03,120248752320410389,ACTIVE,80,4.419999999999999,161,8,8,0,1,37.06
03,120246624479910241,ACTIVE,90,4.38,216,5,5,0,0,0
03,120249022346600152,PAUSED,80,4.37,132,5,5,0,0,0
03,120247547590960642,ACTIVE,120,4.34,106,1,2,0,0,0
03,120246736062480320,ACTIVE,107,4.3100000000000005,241,7,8,0,0,0
03,120247030018130097,ACTIVE,80,4.29,112,4,4,0,0,0
03,120246808477920320,ACTIVE,120,4.29,140,2,6,1,0,0
03,120246250177610320,ACTIVE,100,4.24,111,2,4,0,0,0
03,120258265887040586,ACTIVE,30,4.2,125,1,1,0,0,0
03,120250554304290404,ACTIVE,100,4.2,35,0,1,0,0,0
03,120246220846720177,ACTIVE,100,4.1899999999999995,120,4,5,0,0,0
03,120248207466280561,ACTIVE,60,4.17,123,4,5,0,0,0
03,120248304803930065,ACTIVE,50,4.16,91,2,3,0,0,0
03,120250597528930019,ACTIVE,10,4.14,37,0,0,0,0,0
03,120252191525360210,ACTIVE,80,4.13,194,4,4,0,0,0
03,120246709429840674,ACTIVE,80,4.11,147,1,3,0,0,0
03,120244623311730146,ACTIVE,100,4.07,82,3,4,1,0,0
03,120244694024460146,ACTIVE,100,4.06,80,0,3,0,0,0
03,120251509396740651,ACTIVE,20,4.05,91,0,1,0,0,0
03,120248538756410561,ACTIVE,60,4.04,142,6,7,1,0,0
03,120250946852160368,ACTIVE,85,4.04,128,2,1,0,0,0
03,120258265887140586,ACTIVE,30,4.03,137,5,5,0,0,0
03,120251279954260722,ACTIVE,40,4.0200000000000005,63,0,0,0,0,0
03,120245631777490686,ACTIVE,80,4,70,2,2,0,0,0
03,120249871401270725,ACTIVE,100,3.99,121,0,1,0,0,0
03,120248760721880469,ACTIVE,80,3.97,49,0,3,0,0,0
03,120246641477400320,ACTIVE,108,3.9699999999999998,157,8,7,0,0,0
03,120248305463560065,ACTIVE,50,3.95,76,4,2,0,0,0
03,120250279061540653,ACTIVE,80,3.9299999999999997,103,0,2,0,0,0
03,120247653059200586,ACTIVE,25,3.87,104,2,2,0,0,0
03,120248443467340561,ACTIVE,31,3.8600000000000003,108,1,2,0,0,0
03,120244694320510146,ACTIVE,100,3.86,87,3,7,1,0,0
03,120250445767170166,ACTIVE,20,3.84,145,4,4,0,0,0
03,120251688330060166,ACTIVE,30,3.84,123,2,3,0,0,0
03,120246299721620751,ACTIVE,68,3.8200000000000003,117,1,4,0,0,0
03,120248305463800065,ACTIVE,50,3.8099999999999996,90,2,3,0,0,0
03,120258089121520586,ACTIVE,30,3.8,132,1,2,0,0,0
03,120258253672830586,ACTIVE,30,3.77,96,0,0,0,0,0
03,120251868137060166,ACTIVE,10,3.7699999999999996,102,1,1,0,0,0
03,120246145364940470,ACTIVE,80,3.76,77,4,3,2,1,68.02
03,120246276719190650,ACTIVE,100,3.7199999999999998,83,1,2,0,0,0
03,120244623781980146,ACTIVE,100,3.7100000000000004,100,4,5,1,0,0
03,120244694024530146,ACTIVE,100,3.68,101,1,2,0,0,0
03,120245847200980133,ACTIVE,80,3.67,52,3,2,0,0,0
03,120246787004190097,ACTIVE,106,3.6399999999999997,142,4,4,1,1,61.97
03,120250727530020577,ACTIVE,100,3.62,76,0,0,0,0,0
03,23857850077800794,ACTIVE,100,3.6100000000000003,41,1,1,0,0,0
03,120249790746660725,ACTIVE,100,3.56,100,1,2,0,0,0
03,120246808538880320,ACTIVE,80,3.52,149,1,2,1,0,0
03,120250429792780057,ACTIVE,100,3.5100000000000002,66,3,4,0,0,0
03,120258089121110586,ACTIVE,30,3.5,117,2,2,0,0,0
03,120247854925480090,ACTIVE,125,3.46,88,2,3,0,0,0
03,120258091658510586,ACTIVE,30,3.42,79,0,0,0,0,0
03,120244694066100146,ACTIVE,100,3.39,73,0,1,0,0,0
03,120246818759010303,ACTIVE,80,3.34,77,3,4,0,0,0
03,120248760404410469,ACTIVE,80,3.32,41,2,5,0,0,0
03,120247620975770509,ACTIVE,100,3.2800000000000002,161,5,5,2,1,34.980000000000004
03,120252191447820210,ACTIVE,80,3.2399999999999998,56,0,0,0,0,0
03,120244235259940678,ACTIVE,45,3.23,56,2,2,0,0,0
03,120247303523280477,ACTIVE,100,3.16,38,2,2,0,0,0
03,120248512102620642,ACTIVE,100,3.1,90,0,3,1,1,65.95
03,120248492410200561,ACTIVE,80,3.04,111,1,4,0,0,0
03,120247905028030090,ACTIVE,60,3.0399999999999996,79,1,4,0,0,0
03,120258265468100586,ACTIVE,30,3.0100000000000002,95,2,1,1,0,0
03,120244623292210146,ACTIVE,100,3,77,2,1,0,0,0
03,120248956379790695,ACTIVE,50,2.99,83,1,1,0,0,0
03,120247576997320214,ACTIVE,80,2.99,43,0,0,0,0,0
03,120246974343430674,ACTIVE,80,2.96,146,0,0,0,0,0
03,120245631788130686,ACTIVE,80,2.96,41,1,3,1,1,51.22
03,120251063106910166,ACTIVE,50,2.9299999999999997,111,5,4,1,0,0
03,120249553547110663,ACTIVE,50,2.92,49,1,1,0,0,0
03,120246808538770320,ACTIVE,80,2.88,122,1,2,1,1,35.510000000000005
03,120247815426390509,ACTIVE,100,2.87,173,2,3,0,0,0
03,120247934031060303,ACTIVE,68,2.8600000000000003,68,1,0,0,0,0
03,120258018661130586,ACTIVE,25,2.85,122,0,3,0,0,0
03,120247872427160090,ACTIVE,125,2.83,57,3,4,1,1,108.80999999999999
03,120244471549790129,ACTIVE,100,2.82,102,3,3,0,0,0
03,120247905027970090,ACTIVE,60,2.82,44,3,3,2,1,43.81
03,120248653398340564,ACTIVE,80,2.8,100,1,4,1,1,98.97
03,120248512102470642,ACTIVE,100,2.77,96,1,1,0,0,0
03,120248623160360561,ACTIVE,60,2.75,75,1,1,0,0,0
03,120248492410110561,ACTIVE,80,2.71,121,2,2,0,0,0
03,120247925267750303,ACTIVE,80,2.71,55,1,1,0,0,0
03,120244242496990780,ACTIVE,100,2.66,75,3,3,1,0,0
03,120258091225770586,ACTIVE,100,2.63,86,3,7,0,0,0
03,120245687813040097,ACTIVE,81,2.5600000000000005,52,1,1,0,0,0
03,120249935914370589,ACTIVE,95,2.5,103,1,1,0,0,0
03,120250677752620013,ACTIVE,80,2.44,45,3,3,0,0,0
03,120248006730320100,ACTIVE,100,2.3899999999999997,100,0,1,0,0,0
03,6994669583826,ACTIVE,50,2.35,88,2,2,0,0,0
03,120247815324740509,ACTIVE,100,2.3499999999999996,122,2,2,0,0,0
03,120248490880340455,ACTIVE,100,2.34,59,0,2,0,0,0
03,6994669582626,ACTIVE,50,2.34,33,0,0,0,0,0
03,120250597561850019,ACTIVE,10,2.31,39,2,1,0,0,0
03,120246104094940650,ACTIVE,100,2.21,27,0,1,0,0,0
03,120248623160450561,ACTIVE,60,2.1999999999999997,58,0,1,0,0,0
03,120258253671850586,ACTIVE,30,2.1799999999999997,97,1,0,0,0,0
03,120248430661530642,ACTIVE,125,2.17,27,0,0,0,0,0
03,120251688330770166,ACTIVE,50,2.13,73,0,0,0,0,0
03,120251979136820210,ACTIVE,80,2.1199999999999997,50,1,1,0,0,0
03,120247597780010751,ACTIVE,40,2.1100000000000003,58,2,3,1,0,0
03,120246927274070674,ACTIVE,60,2.1,34,1,1,0,0,0
03,120246470015580752,ACTIVE,55,2.05,57,0,1,1,0,0
03,120246526262050752,ACTIVE,98,2.04,31,0,1,0,0,0
03,120248760548850469,ACTIVE,80,2,37,0,2,1,0,0
03,120246818759970303,ACTIVE,40,1.94,42,5,4,0,0,0
03,120250597528860019,ACTIVE,10,1.94,44,1,2,0,0,0
03,120247770219460509,ACTIVE,100,1.93,51,2,3,1,1,61.03
03,120249768146470100,ACTIVE,100,1.9,44,2,2,0,0,0
03,120248731496840561,ACTIVE,80,1.89,43,0,0,0,0,0
03,120248523208390561,ACTIVE,71,1.85,45,0,2,0,0,0
03,120246570408620477,ACTIVE,100,1.7600000000000002,17,0,1,0,0,0
03,120248583661740564,ACTIVE,80,1.75,77,2,1,0,0,0
03,120251612475740404,ACTIVE,200,1.75,38,2,3,0,0,0
03,120246006479660630,ACTIVE,108,1.71,28,1,1,0,0,0
03,120248760611910469,ACTIVE,80,1.69,47,0,0,0,0,0
03,120248755684290455,ACTIVE,155,1.67,21,2,2,0,0,0
03,120245612998430455,ACTIVE,100,1.66,39,0,2,0,0,0
03,120248072969470389,ACTIVE,100,1.5899999999999999,42,1,1,0,0,0
03,120247762435760509,ACTIVE,80,1.55,30,1,1,0,0,0
03,120244535937630146,ACTIVE,100,1.51,38,0,0,0,0,0
03,120235701428420210,ACTIVE,200,1.5,57,2,1,0,0,0
03,120251425264570709,ACTIVE,80,1.4200000000000002,32,0,1,0,0,0
03,120245099365240470,ACTIVE,50,1.4200000000000002,21,1,1,0,0,0
03,120252191579590210,ACTIVE,80,1.39,27,0,0,0,0,0
03,120251576134230651,ACTIVE,20,1.38,33,0,0,0,0,0
03,120247001920940477,ACTIVE,110,1.35,23,2,2,0,0,0
03,120247576981360214,ACTIVE,80,1.29,32,0,0,0,0,0
03,120247040711430629,ACTIVE,100,1.26,44,1,1,0,0,0
03,120244216235640630,ACTIVE,92,1.25,45,0,4,0,0,0
03,120249090711190695,ACTIVE,80,1.2000000000000002,26,0,0,0,0,0
03,120245119189080630,ACTIVE,60,1.18,19,0,2,0,0,0
03,120248332304550642,ACTIVE,125,1.07,32,1,1,1,1,65.95
03,23857926399350790,ACTIVE,100,1.03,11,0,0,0,0,0
03,120244972795250678,ACTIVE,76,0.97,31,1,1,0,0,0
03,120245628598540686,ACTIVE,80,0.95,6,1,1,0,0,0
03,120245251316060477,ACTIVE,100,0.93,28,0,0,0,0,0
03,120246885239440097,ACTIVE,71,0.9199999999999999,36,1,1,0,0,0
03,120250623625120057,ACTIVE,100,0.91,13,0,0,0,0,0
03,120247770946170509,ACTIVE,100,0.9,28,0,0,0,0,0
03,120246377047690097,ACTIVE,80,0.85,61,1,2,0,0,0
03,120246998580960674,ACTIVE,80,0.84,19,1,1,0,0,0
03,120247030130800097,ACTIVE,80,0.8399999999999999,29,0,0,0,0,0
03,120247573916730214,ACTIVE,80,0.83,20,0,1,0,0,0
03,120246888370010097,ACTIVE,150,0.79,53,1,2,0,0,0
03,120247192331300477,ACTIVE,100,0.78,12,0,0,0,0,0
03,120246714499650752,ACTIVE,75,0.77,16,0,0,0,0,0
03,120247576981390214,ACTIVE,80,0.77,16,2,2,1,0,0
03,120248731496790561,ACTIVE,80,0.75,24,0,0,0,0,0
03,120246572543060470,ACTIVE,10,0.75,25,0,0,0,0,0
03,120246643280780674,ACTIVE,100,0.73,21,0,0,0,0,0
03,120247860181220455,ACTIVE,100,0.73,27,0,1,0,0,0
03,120248430661490642,ACTIVE,125,0.7,25,1,2,0,0,0
03,120247594535930629,ACTIVE,80,0.69,14,0,0,0,0,0
03,120247505807140509,ACTIVE,66,0.56,20,0,0,0,0,0
03,120248064259890425,ACTIVE,100,0.47,14,3,2,0,0,0
03,120246006479730630,ACTIVE,106,0.45,6,0,0,0,0,0
03,120249861203050589,PAUSED,100,0.43999999999999995,11,1,1,0,0,0
03,120252454563420054,ACTIVE,100,0.36,13,0,0,0,0,0
03,120248641303950544,PAUSED,80,0.35,11,0,1,0,0,0
03,120244535937690146,ACTIVE,100,0.28,14,0,0,0,0,0
03,120248732700580455,ACTIVE,135,0.28,32,0,0,0,0,0
03,120241972248380630,ACTIVE,83,0.26,3,0,0,0,0,0
03,120248848966420389,ACTIVE,81,0.24000000000000002,20,1,1,0,0,0
03,120252265688260054,ACTIVE,39,0.24,13,0,0,0,0,0
03,120247595220970629,ACTIVE,100,0.23,8,0,0,0,0,0
03,120252337543140054,ACTIVE,176,0.23,21,0,0,0,0,0
03,120250332385240019,ACTIVE,50,0.19,9,0,0,0,0,0
03,120244628651390146,ACTIVE,100,0.19,2,0,0,0,0,0
03,120248681019100152,ACTIVE,57,0.17,16,0,2,0,0,0
03,120246572682530470,ACTIVE,50,0.16999999999999998,4,0,0,0,0,0
03,120246572682580470,ACTIVE,50,0.16,6,0,1,0,0,0
03,120246572682470470,ACTIVE,10,0.16,1,0,0,0,0,0
03,120251648634130651,ACTIVE,20,0.15,4,0,0,0,0,0
03,120249816899870100,ACTIVE,90,0.15,5,0,0,0,0,0
03,120245241702630470,ACTIVE,5,0.11,5,0,0,0,0,0
03,120247558121560065,ACTIVE,128,0.08,4,0,0,0,0,0
03,120250809312020013,ACTIVE,80,0.07,3,0,0,0,0,0
03,120245136181480470,ACTIVE,5,0.060000000000000005,5,0,0,0,0,0
03,120255020978140197,ACTIVE,80,0.03,2,0,0,0,0,0
03,120252152736310054,ACTIVE,100,0.02,2,0,0,0,0,0
03,120248531045440126,ACTIVE,80,0,0,0,0,0,0,0
03,120248531044730126,ACTIVE,80,0,0,0,0,0,0,0
03,120245466475870630,ACTIVE,71,0,0,0,1,0,0,0
03,120247086366420097,ACTIVE,80,0,0,0,0,0,0,0
03,120245487786040032,PAUSED,100,0,0,0,0,0,0,0
03,120247651901360214,ACTIVE,80,0,0,0,0,0,0,0
03,120248515294560065,ACTIVE,100,0,0,0,0,0,0,0
03,120245827389150179,ACTIVE,100,0,0,0,0,0,0,0
03,120248515294500065,ACTIVE,100,0,0,0,0,0,0,0
03,120245827389160179,ACTIVE,100,0,0,0,0,0,0,0
03,120245827406030179,ACTIVE,100,0,0,0,0,0,0,0
03,120247651901430214,ACTIVE,80,0,0,0,0,0,0,0
03,120245827406140179,ACTIVE,100,0,0,0,0,0,0,0
03,120245827413590179,ACTIVE,100,0,0,0,0,0,0,0
03,120245827413620179,ACTIVE,100,0,0,0,0,0,0,0
03,120248731801150544,ACTIVE,80,0,0,0,0,0,0,0
03,120248731904820544,ACTIVE,80,0,0,0,0,0,0,0
03,120248732241360544,ACTIVE,80,0,0,0,0,0,0,0
03,120247753470650509,PAUSED,100,0,0,0,1,0,0,0
03,120245827465160179,ACTIVE,100,0,0,0,0,0,0,0
03,120245827465330179,ACTIVE,100,0,0,0,0,0,0,0
03,120245827502840179,ACTIVE,100,0,0,0,0,0,0,0
03,120248732241790544,ACTIVE,80,0,0,0,0,0,0,0
03,120248732497100544,ACTIVE,80,0,0,0,0,0,0,0
03,120248732497420544,PAUSED,80,0,0,0,0,0,0,0
03,120245827502850179,ACTIVE,100,0,0,0,0,0,0,0
03,120245840085840780,PAUSED,150,0,0,0,1,0,0,0
03,120252551041560054,ACTIVE,100,0,0,0,0,0,0,0
03,120249832996050589,PAUSED,95,0,0,0,0,0,0,0
03,120248734904900544,ACTIVE,80,0,0,0,0,0,0,0
03,120248734905220544,ACTIVE,80,0,0,0,0,0,0,0
03,120245988448830780,PAUSED,150,0,0,0,1,0,0,0
03,120244302719110146,PAUSED,100,0,0,0,0,0,0,0
03,120247849750130663,PAUSED,281,0,0,0,1,0,0,0
03,120257919054520586,PAUSED,100,0,0,0,0,0,0,0
03,120246974343410674,ACTIVE,80,0,0,0,0,0,0,0
03,120248778267900561,ACTIVE,100,0,0,0,0,0,0,0
03,120248778267990561,ACTIVE,100,0,0,0,0,0,0,0
03,120249613287980725,PAUSED,100,0,0,0,0,0,0,0
03,120246911827800241,ACTIVE,100,0,0,0,0,0,0,0
03,120246909164470241,ACTIVE,100,0,0,0,0,0,0,0
03,120248356078500642,PAUSED,120,0,0,0,0,0,0,0
03,120248795478810455,ACTIVE,100,0,0,0,0,0,0,0
03,120248795478880455,ACTIVE,100,0,0,0,0,0,0,0
03,120249471949160116,ACTIVE,100,0,0,0,0,0,0,0
03,120248332304450642,PAUSED,125,0,0,0,1,0,0,0
03,120246299780500177,ACTIVE,100,0,0,0,0,0,0,0
03,120246299780570177,ACTIVE,100,0,0,0,0,0,0,0
03,120248939302090389,ACTIVE,100,0,0,0,0,0,0,0
03,120248939360390389,ACTIVE,100,0,0,0,0,0,0,0
03,120248939425350389,ACTIVE,100,0,0,0,0,0,0,0
03,120243593808880146,PAUSED,100,0,0,0,1,0,0,0
03,120248302912110389,PAUSED,100,0,0,0,1,0,0,0
03,120247896679960509,ACTIVE,100,0,0,0,0,0,0,0
03,120248950138240389,ACTIVE,100,0,0,0,0,0,0,0
03,23857905760240794,ACTIVE,100,0,0,0,0,0,0,0
03,23857905760300794,ACTIVE,100,0,0,0,0,0,0,0
03,23857905760360794,ACTIVE,100,0,0,0,0,0,0,0
03,120246573314590241,ACTIVE,67,0,0,0,1,0,0,0
03,120248950138450389,ACTIVE,100,0,0,0,0,0,0,0
03,6988473935233,PAUSED,80,0,0,0,0,0,0,0
03,6988473937033,PAUSED,80,0,0,0,0,0,0,0
03,6988495408633,PAUSED,80,0,0,0,0,0,0,0
03,6988495411233,PAUSED,80,0,0,0,0,0,0,0
03,120248950296850389,ACTIVE,100,0,0,0,0,0,0,0
03,120248950296900389,ACTIVE,100,0,0,0,0,0,0,0
03,120248950484210389,ACTIVE,100,0,0,0,0,0,0,0
03,120248950484590389,ACTIVE,100,0,0,0,0,0,0,0
03,120246804407860752,ACTIVE,100,0,0,0,0,0,0,0
03,120245411872570436,ACTIVE,100,0,0,0,0,0,0,0
03,120246804407820752,ACTIVE,100,0,0,0,0,0,0,0
03,120250728363540577,ACTIVE,100,0,0,0,0,0,0,0
03,120245411773560436,ACTIVE,100,0,0,0,0,0,0,0
03,120245411872620436,ACTIVE,100,0,0,0,0,0,0,0
03,120248622152780695,ACTIVE,73,0,0,0,2,0,0,0
03,120245412388190436,ACTIVE,100,0,0,0,0,0,0,0
03,120245412388220436,ACTIVE,100,0,0,0,0,0,0,0
03,120245412526590436,ACTIVE,100,0,0,0,0,0,0,0
03,120245412526630436,ACTIVE,100,0,0,0,0,0,0,0
03,120250623729250057,ACTIVE,100,0,0,0,0,0,0,0
03,120250623695570057,ACTIVE,100,0,0,0,0,0,0,0
03,120245412671790436,ACTIVE,100,0,0,0,0,0,0,0
03,120245412671970436,ACTIVE,100,0,0,0,0,0,0,0
03,120245413062350436,ACTIVE,100,0,0,0,0,0,0,0
03,120245413062410436,ACTIVE,100,0,0,0,0,0,0,0
03,120250597561880019,ACTIVE,10,0,0,0,0,0,0,0
03,120250597561790019,ACTIVE,10,0,0,0,0,0,0,0
03,120248536187780100,PAUSED,300,0,0,0,1,0,0,0
03,120250597561760019,ACTIVE,10,0,0,0,0,0,0,0
03,120248533771940126,ACTIVE,80,0,0,0,0,0,0,0
03,120250597528780019,ACTIVE,10,0,0,0,0,0,0,0
03,120248533771620126,ACTIVE,80,0,0,0,0,0,0,0
03,120248533703560126,ACTIVE,80,0,0,0,0,0,0,0
03,120248533703440126,ACTIVE,80,0,0,0,0,0,0,0
03,120250597528690019,ACTIVE,10,0,0,0,0,0,0,0
