hh,campaign_id,status,budget,spent,impressions,clicks,views,checkout,purchase,rev
00,120246808176070320,ACTIVE,320,8.62,300,3,5,0,0,0
00,120246828454030629,ACTIVE,659.1,7.58,176,3,3,2,2,349.44
00,120249573023870116,ACTIVE,100,7.58,56,5,4,1,1,109.96000000000001
00,120244694121960146,ACTIVE,1500,6.21,134,3,3,0,0,0
00,120244813153430146,ACTIVE,100,6.14,141,1,1,0,0,0
00,120246178929760752,ACTIVE,300,5.93,142,6,7,1,0,0
00,120248900980910455,ACTIVE,125,5.75,208,5,6,1,0,0
00,120247139480370564,ACTIVE,760,5.08,228,1,4,0,0,0
00,120248956379790695,ACTIVE,250,5,132,2,2,1,0,0
00,120246832758790677,ACTIVE,300,4.85,152,0,0,0,0,0
00,120246135738040630,ACTIVE,200,4.55,90,1,1,0,0,0
00,120244480112510436,ACTIVE,354,4.25,113,3,2,0,0,0
00,120244431777030751,ACTIVE,1700,4.21,124,3,5,0,0,0
00,120247633428650725,ACTIVE,1000,4.06,107,0,0,0,0,0
00,120246670033370677,ACTIVE,800,4.03,206,0,1,0,0,0
00,120250722702450019,ACTIVE,300,3.82,66,2,2,0,0,0
00,120251729529810709,ACTIVE,80,3.8,30,0,0,0,0,0
00,120247136451350725,ACTIVE,1000,3.76,142,1,1,0,0,0
00,120247601538900425,ACTIVE,260,3.73,32,1,1,0,0,0
00,120246791587200455,ACTIVE,363,3.73,16,0,1,0,0,0
00,120249861202960589,ACTIVE,100,3.68,22,0,0,0,0,0
00,23857922203430799,ACTIVE,80,3.65,38,1,1,0,0,0
00,120249534302910127,ACTIVE,100,3.59,20,0,0,0,0,0
00,120250946852160368,ACTIVE,170,3.58,74,0,0,0,0,0
00,120243276755660065,ACTIVE,850,3.54,95,0,1,0,0,0
00,120245980788570752,ACTIVE,600,3.5,131,5,7,0,0,0
00,120249790639400725,ACTIVE,500,3.33,98,1,3,0,0,0
00,120244618043630436,ACTIVE,736,3.33,149,1,1,0,0,0
00,120245380137820707,ACTIVE,300,3.32,85,3,2,0,0,0
00,120247762435760509,ACTIVE,300,3.28,32,2,2,0,0,0
00,120245334049540065,ACTIVE,550,3.27,34,1,3,0,0,0
00,120251425264570709,ACTIVE,800,3.26,61,2,4,0,0,0
00,120247594535460629,ACTIVE,80,3.22,47,0,1,0,0,0
00,120241066464020065,ACTIVE,470,3.02,128,2,2,0,0,0
00,120249433591590100,ACTIVE,300,2.93,38,0,0,0,0,0
00,120245468846710436,ACTIVE,100,2.82,108,4,6,0,0,0
00,120249286682560368,ACTIVE,1000,2.76,94,0,0,0,0,0
00,120244761352230455,ACTIVE,1122,2.75,65,1,2,0,0,0
00,120245250322490642,ACTIVE,300,2.72,74,0,0,0,0,0
00,120246961169180241,ACTIVE,350,2.71,35,0,0,0,0,0
00,120247746970390291,ACTIVE,380,2.69,28,1,3,0,0,0
00,120245279293750436,ACTIVE,100,2.62,114,0,2,0,0,0
00,120249285560020695,ACTIVE,80,2.61,59,0,0,0,0,0
00,120246023777450751,ACTIVE,1200,2.59,66,2,2,0,0,0
00,120250623695570057,ACTIVE,100,2.58,7,2,3,1,1,130.75
00,120244771837290544,ACTIVE,200,2.58,45,1,1,0,0,0
00,120247322669120509,ACTIVE,100,2.58,75,3,5,0,0,0
00,120247219674070214,ACTIVE,300,2.55,71,3,3,1,1,21.98
00,120244471201780129,ACTIVE,100,2.53,46,0,0,0,0,0
00,120249819292400663,ACTIVE,50,2.47,37,0,0,0,0,0
00,120246104094940650,ACTIVE,156,2.43,20,1,1,0,0,0
00,120245899907890065,ACTIVE,115,2.42,22,1,1,0,0,0
00,120245049415260032,ACTIVE,200,2.39,43,0,1,0,0,0
00,120241119247090090,ACTIVE,135,2.34,46,2,1,0,0,0
00,120248560991980642,ACTIVE,123,2.3,51,3,4,2,1,161.44
00,120245201694370686,ACTIVE,266,2.29,30,1,2,1,0,0
00,120242031621370065,ACTIVE,229,2.28,57,0,1,0,0,0
00,120245642739620125,ACTIVE,200,2.28,50,0,1,0,0,0
00,120251792579640709,ACTIVE,150,2.28,47,0,0,0,0,0
00,120242746886630788,ACTIVE,200,2.26,28,0,1,1,0,0
00,120249711938850319,ACTIVE,320,2.24,44,2,3,0,0,0
00,120247073165120090,ACTIVE,455,2.17,39,1,1,0,0,0
00,120239930892250650,ACTIVE,300,2.16,55,3,3,0,0,0
00,120245334049460065,ACTIVE,680,2.16,40,0,0,0,0,0
00,120247751923180214,ACTIVE,135,2.15,35,1,1,1,1,37.269999999999996
00,120248616763790065,ACTIVE,170,2.15,74,2,3,0,0,0
00,120246191098970320,ACTIVE,400,2.08,107,0,1,0,0,0
00,52507897153499,ACTIVE,200,2.07,27,2,3,0,0,0
00,120249120674110404,ACTIVE,500,2.05,37,1,0,0,0,0
00,120249229589700695,ACTIVE,60,2.05,42,0,0,0,0,0
00,120245972443720177,ACTIVE,240,2.04,23,0,3,1,0,0
00,120249449512030725,ACTIVE,1000,2.04,75,3,3,0,0,0
00,120248574399590642,ACTIVE,360,2,48,1,1,0,0,0
00,120247547642310642,ACTIVE,550,1.99,32,1,1,0,0,0
00,120248455243050455,ACTIVE,742,1.98,72,0,0,0,0,0
00,120248204610010425,ACTIVE,292,1.94,55,0,0,0,0,0
00,120248064986340303,ACTIVE,80,1.93,33,1,1,0,0,0
00,120246641477400320,ACTIVE,100,1.9,71,1,1,0,0,0
00,120244963676310686,ACTIVE,500,1.9,45,1,2,0,0,0
00,120244823852300686,ACTIVE,414,1.86,31,0,0,0,0,0
00,120251789041250404,ACTIVE,80,1.84,11,0,0,0,0,0
00,120258251274600586,ACTIVE,100,1.84,21,1,1,0,0,0
00,120248743407360065,ACTIVE,280,1.82,41,0,0,0,0,0
00,120258332094910586,ACTIVE,30,1.82,30,0,0,0,0,0
00,120245514271740065,ACTIVE,195,1.82,33,1,1,1,0,0
00,120247653059200586,ACTIVE,300,1.82,17,0,0,0,0,0
00,120250011342400589,ACTIVE,200,1.81,45,2,4,0,0,0
00,120247775015280090,ACTIVE,136,1.8,31,1,1,0,0,0
00,120248012782330065,ACTIVE,155,1.76,32,0,0,0,0,0
00,120245923045620168,ACTIVE,100,1.75,27,0,1,0,0,0
00,120246273720740455,ACTIVE,365,1.73,64,3,3,0,0,0
00,120249350798870024,ACTIVE,170,1.73,31,0,1,0,0,0
00,120245889270610065,ACTIVE,40,1.73,30,0,0,0,0,0
00,120245119189080630,ACTIVE,90,1.71,47,1,2,0,0,0
00,120243753190540054,ACTIVE,101,1.68,57,0,2,0,0,0
00,120249769757470663,ACTIVE,100,1.67,21,1,2,1,1,66.02
00,120251641307880427,ACTIVE,100,1.66,36,0,0,0,0,0
00,120249932839280725,ACTIVE,100,1.66,33,0,0,0,0,0
00,120247114934220455,ACTIVE,100,1.66,22,0,2,0,0,0
00,120248855168720455,ACTIVE,1442,1.66,71,0,1,1,0,0
00,120248072969470389,ACTIVE,162,1.64,48,0,0,0,0,0
00,120246299672700751,ACTIVE,500,1.63,54,0,0,0,0,0
00,120245468762000436,ACTIVE,100,1.63,48,0,1,0,0,0
00,120246615285450642,ACTIVE,360,1.62,64,1,0,0,0,0
00,120249229589770695,ACTIVE,60,1.61,60,0,0,0,0,0
00,120246891334500677,ACTIVE,100,1.61,43,0,0,0,0,0
00,120249161498720431,ACTIVE,220,1.61,56,0,2,0,0,0
00,120255021163250197,ACTIVE,60,1.6,23,0,0,0,0,0
00,120245750135880686,ACTIVE,80,1.59,30,0,0,0,0,0
00,120246338028120241,ACTIVE,420,1.58,82,0,1,0,0,0
00,120247974813980642,ACTIVE,178,1.55,34,0,0,0,0,0
00,120246902225450241,ACTIVE,184,1.52,75,0,1,0,0,0
00,120244691564680146,ACTIVE,190,1.52,27,1,1,0,0,0
00,120247580456030167,PAUSED,80,1.51,5,0,0,0,0,0
00,120249754760810019,ACTIVE,300,1.51,59,1,2,0,0,0
00,120247842047430214,ACTIVE,160,1.49,38,0,0,0,0,0
00,120246615285510642,ACTIVE,200,1.47,24,1,1,0,0,0
00,120246465900910677,ACTIVE,100,1.45,30,1,0,0,0,0
00,120246024108390751,ACTIVE,500,1.45,12,0,0,0,0,0
00,120251254946790722,ACTIVE,80,1.44,29,0,0,0,0,0
00,120249005372660589,ACTIVE,202,1.41,23,0,0,0,0,0
00,120249372477380229,ACTIVE,80,1.4,92,1,2,0,0,0
00,120247504003780425,ACTIVE,200,1.37,23,0,2,0,0,0
00,120251979136820210,ACTIVE,100,1.37,33,0,0,0,0,0
00,120244717752490146,ACTIVE,100,1.36,19,0,0,0,0,0
00,120249286765290368,ACTIVE,200,1.33,40,0,0,0,0,0
00,120247680102270175,ACTIVE,322,1.32,79,2,2,0,0,0
00,120244761233710455,ACTIVE,951,1.31,28,0,1,0,0,0
00,120247027817250677,ACTIVE,132,1.3,33,0,0,0,0,0
00,120248019825220509,ACTIVE,100,1.29,25,0,0,0,0,0
00,120246040085600751,ACTIVE,600,1.29,43,0,1,0,0,0
00,120246958716590420,ACTIVE,80,1.29,22,0,0,0,0,0
00,120249826842030100,ACTIVE,80,1.29,16,2,2,0,0,0
00,120244581811200686,ACTIVE,80,1.28,26,0,1,0,0,0
00,120246899498920707,ACTIVE,170,1.28,28,1,1,0,0,0
00,120249372477220229,ACTIVE,200,1.27,37,2,2,1,1,46.37
00,120250623625120057,ACTIVE,100,1.26,6,0,1,0,0,0
00,120248574839550695,ACTIVE,243,1.24,83,1,2,0,0,0
00,120245205078130630,ACTIVE,134,1.24,54,3,2,0,0,0
00,120247762683780509,ACTIVE,100,1.24,16,0,0,0,0,0
00,120245899907660065,ACTIVE,115,1.21,12,1,1,0,0,0
00,120244824816070686,ACTIVE,80,1.21,14,0,1,0,0,0
00,120249924975860100,ACTIVE,300,1.21,50,3,3,0,0,0
00,120247649190890629,ACTIVE,101,1.19,39,1,1,0,0,0
00,120246286465380752,ACTIVE,300,1.18,41,1,1,0,0,0
00,120244505718600686,ACTIVE,80,1.16,7,0,0,0,0,0
00,120246131739110780,ACTIVE,80,1.16,34,2,4,0,0,0
00,120248911416770577,ACTIVE,101,1.15,31,2,2,1,0,0
00,120246808538770320,ACTIVE,340,1.15,56,0,2,0,0,0
00,120248218451590126,ACTIVE,180,1.14,26,2,2,0,0,0
00,120246402943010533,ACTIVE,100,1.09,82,0,3,1,0,0
00,120248809099210431,ACTIVE,130,1.08,23,0,0,0,0,0
00,120247910668550509,ACTIVE,70,1.07,30,0,0,0,0,0
00,120249020545550389,ACTIVE,1000,1.07,81,3,6,3,0,0
00,120257843668740586,ACTIVE,25,1.06,34,0,0,0,0,0
00,120246733877000065,ACTIVE,80,1.05,7,0,0,0,0,0
00,120243986668280589,ACTIVE,1200,1.05,28,0,0,0,0,0
00,120248613615540642,ACTIVE,120,1.03,23,0,0,0,0,0
00,120244761869100436,ACTIVE,100,1.03,18,1,1,0,0,0
00,120250949770940013,ACTIVE,200,1.03,25,2,2,0,0,0
00,120244302440310146,ACTIVE,100,1.01,13,1,1,0,0,0
00,120250790045220586,ACTIVE,300,1,49,0,3,0,0,0
00,120247597780010751,ACTIVE,40,1,24,2,2,0,0,0
00,120245867488410686,ACTIVE,80,1,7,0,0,0,0,0
00,120247872427130090,ACTIVE,125,1,24,0,0,0,0,0
00,120249932645040725,ACTIVE,100,0.99,21,0,0,0,0,0
00,120244164847370788,ACTIVE,300,0.99,31,0,0,0,0,0
00,120248731496840561,ACTIVE,80,0.99,14,2,2,0,0,0
00,120241596259880509,ACTIVE,136,0.98,42,0,0,0,0,0
00,120248854598290455,ACTIVE,422,0.97,52,0,0,0,0,0
00,6973002165426,PAUSED,50,0.96,18,0,0,0,0,0
00,120251354404600722,ACTIVE,68,0.96,14,0,2,1,1,22.98
00,120249443467080663,ACTIVE,225,0.95,21,0,0,0,0,0
00,120250122186270319,ACTIVE,200,0.95,25,1,2,0,0,0
00,120247378425210561,ACTIVE,380,0.94,41,0,2,0,0,0
00,120250597528860019,ACTIVE,50,0.93,30,2,2,1,1,51.22
00,120245750135860686,ACTIVE,80,0.93,12,0,0,0,0,0
00,120249205526520431,ACTIVE,130,0.93,12,0,0,0,0,0
00,120248645284270152,ACTIVE,300,0.93,44,2,2,0,0,0
00,120246232598650090,ACTIVE,445,0.91,15,1,2,0,0,0
00,120248781054210455,ACTIVE,193,0.91,23,1,1,0,0,0
00,120248596343100048,ACTIVE,300,0.9,12,2,2,1,0,0
00,120248721782100425,ACTIVE,100,0.9,18,0,0,0,0,0
00,120249775050340127,ACTIVE,100,0.87,12,0,1,0,0,0
00,120248019824720509,ACTIVE,100,0.87,14,0,0,0,0,0
00,120246896356140032,ACTIVE,75,0.87,26,0,1,0,0,0
00,120246896356200032,ACTIVE,75,0.86,15,0,0,0,0,0
00,120251355803580722,ACTIVE,80,0.85,8,1,2,0,0,0
00,120246259925420674,ACTIVE,100,0.84,11,0,0,0,0,0
00,120248547360230544,ACTIVE,150,0.84,30,0,0,0,0,0
00,120246206879950630,ACTIVE,200,0.83,48,0,0,0,0,0
00,120251792579690709,ACTIVE,80,0.82,6,0,0,0,0,0
00,120245218353210788,ACTIVE,150,0.81,13,2,2,0,0,0
00,120249347498540100,ACTIVE,100,0.8,21,0,1,0,0,0
00,120249060988170152,ACTIVE,71,0.8,49,0,0,0,0,0
00,120246377047690097,ACTIVE,80,0.8,28,0,0,0,0,0
00,120244761515050455,ACTIVE,550,0.79,31,0,1,0,0,0
00,120249935914370589,ACTIVE,156,0.78,14,0,1,0,0,0
00,120246693068060097,ACTIVE,150,0.78,30,1,1,0,0,0
00,120246961169220241,ACTIVE,100,0.78,11,0,0,0,0,0
00,120248288633070389,ACTIVE,131,0.78,38,1,2,0,0,0
00,120245346459390436,ACTIVE,100,0.78,24,0,0,0,0,0
00,120251412553340368,ACTIVE,100,0.77,29,0,0,0,0,0
00,120244623292210146,ACTIVE,100,0.77,13,0,1,0,0,0
00,120251648714800651,ACTIVE,100,0.76,17,1,1,0,0,0
00,120248129602090303,ACTIVE,50,0.76,10,0,0,0,0,0
00,120248760611910469,ACTIVE,100,0.74,25,0,0,0,0,0
00,120246295022080630,ACTIVE,87,0.73,6,0,0,0,0,0
00,120246206880100630,ACTIVE,75,0.72,52,0,0,0,0,0
00,120244813077130146,ACTIVE,100,0.72,20,2,2,0,0,0
00,120249017857580389,ACTIVE,81,0.72,19,1,1,0,0,0
00,120243951377020125,ACTIVE,150,0.72,24,0,0,0,0,0
00,120249140601980100,ACTIVE,300,0.71,14,1,1,0,0,0
00,120250285289280319,ACTIVE,300,0.71,38,1,1,0,0,0
00,120247905027970090,ACTIVE,200,0.7,11,0,1,0,0,0
00,120246382556450462,ACTIVE,100,0.7,16,1,1,0,0,0
00,120242694742870146,ACTIVE,100,0.69,17,1,1,0,0,0
00,120256572736650586,ACTIVE,25,0.68,5,0,0,0,0,0
00,120246922785370320,ACTIVE,110,0.68,29,0,0,0,0,0
00,120246865117370320,ACTIVE,100,0.67,10,0,0,0,0,0
00,120250079096940127,ACTIVE,100,0.67,6,0,0,0,0,0
00,120245400790120686,ACTIVE,500,0.65,16,0,0,0,0,0
00,120249372509730229,ACTIVE,60,0.65,28,0,0,0,0,0
00,120244242496990780,ACTIVE,100,0.64,14,0,2,0,0,0
00,120245411773560436,ACTIVE,100,0.64,17,0,0,0,0,0
00,120246808108970320,ACTIVE,120,0.63,25,0,0,0,0,0
00,120246024108440751,ACTIVE,345,0.62,23,0,1,0,0,0
00,120248793038950561,ACTIVE,60,0.62,15,1,1,0,0,0
00,120258251274670586,ACTIVE,100,0.61,13,1,1,0,0,0
00,120252510041540210,ACTIVE,130,0.6,19,0,1,0,0,0
00,120252090042790210,ACTIVE,90,0.6,11,0,1,0,0,0
00,120246778088510470,ACTIVE,80,0.6,8,0,0,0,0,0
00,120246668892520032,ACTIVE,100,0.6,28,0,1,0,0,0
00,120248129647190303,ACTIVE,50,0.6,17,0,0,0,0,0
00,120247813589660175,ACTIVE,88,0.59,16,0,0,0,0,0
00,120244809629870146,ACTIVE,100,0.59,14,0,0,0,0,0
00,120237484145990455,ACTIVE,445,0.59,15,0,0,0,0,0
00,120246754801740509,ACTIVE,100,0.59,21,0,0,0,0,0
00,120246777020580470,ACTIVE,90,0.59,38,0,0,0,0,0
00,120245898153970179,ACTIVE,80,0.58,22,0,0,0,0,0
00,120244302719050146,ACTIVE,100,0.58,14,0,2,0,0,0
00,120246570408620477,ACTIVE,100,0.58,17,0,1,0,0,0
00,120249523562880116,ACTIVE,101,0.58,19,1,1,0,0,0
00,120251788791190404,ACTIVE,80,0.57,8,0,0,0,0,0
00,120247604074940006,ACTIVE,80,0.57,22,0,1,0,0,0
00,120248207466280561,ACTIVE,60,0.57,17,0,1,0,0,0
00,120245687813040097,ACTIVE,150,0.56,14,0,0,0,0,0
00,120246733876960065,ACTIVE,80,0.56,7,0,1,0,0,0
00,120252560866450210,ACTIVE,93,0.56,22,1,0,0,0,0
00,120242301213710065,ACTIVE,550,0.56,22,0,0,0,0,0
00,120248652996470564,ACTIVE,100,0.55,19,0,0,0,0,0
00,120245848127430707,ACTIVE,200,0.54,15,0,0,0,0,0
00,120248755684290455,ACTIVE,455,0.54,22,0,1,0,0,0
00,120245514271720065,ACTIVE,115,0.54,13,0,0,0,0,0
00,120244978756050678,ACTIVE,300,0.53,21,0,0,0,0,0
00,120246299721620751,ACTIVE,68,0.52,4,0,0,0,0,0
00,120245481989440065,ACTIVE,40,0.52,10,2,2,0,0,0
00,120241671273870455,ACTIVE,136,0.52,16,3,3,0,0,0
00,120249312707920431,ACTIVE,130,0.52,21,0,0,0,0,0
00,120245518803430436,ACTIVE,120,0.52,29,0,1,1,1,129.46
00,120247872427160090,ACTIVE,133,0.51,12,0,0,0,0,0
00,120244761091850146,ACTIVE,100,0.5,14,0,0,0,0,0
00,120248889381040455,ACTIVE,131,0.5,19,1,1,0,0,0
00,120246931507190320,ACTIVE,120,0.5,17,1,1,0,0,0
00,120248539964810462,ACTIVE,60,0.49,14,0,0,0,0,0
00,120247293642140642,ACTIVE,200,0.49,16,0,0,0,0,0
00,120247768374650175,ACTIVE,88,0.49,23,0,0,0,0,0
00,120251576134230651,ACTIVE,20,0.48,8,0,0,0,0,0
00,120250769000920577,ACTIVE,88,0.47,18,0,0,0,0,0
00,52510314021699,ACTIVE,80,0.47,4,0,0,0,0,0
00,120246452282830177,ACTIVE,100,0.47,13,0,0,0,0,0
00,120248563890830642,ACTIVE,400,0.45,7,0,0,0,0,0
00,120250429792780057,ACTIVE,100,0.45,10,0,0,0,0,0
00,120249360920670725,ACTIVE,100,0.44,11,0,0,0,0,0
00,120243508760940146,ACTIVE,143,0.44,20,0,0,0,0,0
00,120246330272670320,ACTIVE,100,0.43,19,0,0,0,0,0
00,120248492410110561,ACTIVE,80,0.42,9,1,1,0,0,0
00,120247483438030453,ACTIVE,80,0.42,10,0,0,0,0,0
00,120245762437280686,ACTIVE,80,0.42,8,0,0,0,0,0
00,120245642739820125,ACTIVE,80,0.42,8,0,0,0,0,0
00,120247604074910006,ACTIVE,120,0.42,31,0,0,0,0,0
00,120245031811820436,ACTIVE,176,0.41,22,0,1,0,0,0
00,120250722702390019,ACTIVE,100,0.41,10,0,0,0,0,0
00,120247583319740586,ACTIVE,100,0.4,8,0,0,0,0,0
00,120247813589740175,ACTIVE,88,0.4,9,0,1,0,0,0
00,120248707088790065,ACTIVE,94,0.38,12,0,0,0,0,0
00,120246299721450751,ACTIVE,195,0.38,6,1,1,0,0,0
00,120248019379260509,ACTIVE,100,0.37,24,1,1,0,0,0
00,120250769001000577,ACTIVE,88,0.37,14,1,0,0,0,0
00,120246733902040065,ACTIVE,80,0.36,9,0,1,0,0,0
00,120248536188000100,ACTIVE,300,0.36,13,0,0,0,0,0
00,120246297341700177,ACTIVE,100,0.35,9,1,2,0,0,0
00,120252560866510210,ACTIVE,93,0.35,12,0,0,0,0,0
00,120245229678820678,ACTIVE,100,0.35,5,0,0,0,0,0
00,120246471244730065,ACTIVE,229,0.35,9,0,1,0,0,0
00,120246832874220677,ACTIVE,100,0.34,14,0,0,0,0,0
00,120246070715810752,ACTIVE,100,0.33,15,0,1,0,0,0
00,120244452501840146,ACTIVE,100,0.33,13,0,0,0,0,0
00,120243117326020544,ACTIVE,80,0.33,5,0,1,0,0,0
00,120250186073630319,ACTIVE,120,0.33,11,0,0,0,0,0
00,120249553547110663,ACTIVE,100,0.33,14,0,0,0,0,0
00,120245251316060477,ACTIVE,100,0.32,15,1,1,0,0,0
00,120246299672740751,ACTIVE,195,0.32,17,0,3,0,0,0
00,120249372509500229,ACTIVE,61,0.32,10,0,1,1,0,0
00,120245686749070320,ACTIVE,120,0.32,9,0,0,0,0,0
00,120246647909930752,ACTIVE,60,0.31,5,0,0,0,0,0
00,120249300729750589,ACTIVE,200,0.31,24,0,0,0,0,0
00,120249790953950725,ACTIVE,500,0.31,17,1,0,0,0,0
00,120248563890890642,ACTIVE,120,0.3,6,0,1,0,0,0
00,120242301213170065,ACTIVE,300,0.3,16,0,0,0,0,0
00,120250277765570319,ACTIVE,120,0.29,16,0,0,0,0,0
00,120247967797490509,ACTIVE,100,0.29,13,0,0,0,0,0
00,120246296875230177,ACTIVE,100,0.28,6,0,0,0,0,0
00,120246470015580752,ACTIVE,28,0.28,10,0,0,0,0,0
00,120244802271840788,ACTIVE,200,0.27,4,0,0,0,0,0
00,52509221202099,ACTIVE,100,0.27,5,0,0,0,0,0
00,120246996532800241,ACTIVE,100,0.27,30,0,0,0,0,0
00,120246299721480751,ACTIVE,325,0.27,14,1,1,0,0,0
00,120244643680750544,ACTIVE,200,0.26,9,0,0,0,0,0
00,120255205047720197,ACTIVE,60,0.26,17,2,1,0,0,0
00,120251063106910166,ACTIVE,100,0.26,15,1,1,0,0,0
00,120247656345750477,ACTIVE,90,0.24,9,0,0,0,0,0
00,120248721753290425,ACTIVE,100,0.24,9,0,0,0,0,0
00,120246944968380016,ACTIVE,100,0.23,5,0,1,0,0,0
00,120249985386920725,ACTIVE,100,0.22,9,0,1,0,0,0
00,120248774655740425,ACTIVE,200,0.22,4,0,0,0,0,0
00,120246452175760177,ACTIVE,100,0.22,6,0,0,0,0,0
00,120247972395030043,ACTIVE,200,0.22,5,0,0,0,0,0
00,120258332094940586,ACTIVE,30,0.22,10,1,1,0,0,0
00,120250186073510319,ACTIVE,200,0.21,9,0,0,0,0,0
00,120248512806040048,ACTIVE,300,0.21,4,0,0,0,0,0
00,120248019343390509,ACTIVE,100,0.21,12,0,0,0,0,0
00,120244813179240146,ACTIVE,100,0.21,7,0,0,0,0,0
00,120247242677700097,ACTIVE,80,0.21,13,0,2,0,0,0
00,120245824478080686,ACTIVE,80,0.21,5,0,0,0,0,0
00,120249498266450589,ACTIVE,200,0.21,8,0,0,0,0,0
00,120249271283030695,ACTIVE,120,0.19,6,0,0,0,0,0
00,120246888370010097,ACTIVE,80,0.19,8,0,0,0,0,0
00,120246733901990065,ACTIVE,80,0.18,6,0,0,0,0,0
00,120251023996520013,ACTIVE,80,0.18,9,0,0,0,0,0
00,120248082904030663,ACTIVE,150,0.18,5,1,1,0,0,0
00,120246988043980707,ACTIVE,130,0.18,5,0,0,0,0,0
00,120244694492240146,ACTIVE,500,0.18,14,0,0,0,0,0
00,120246891215890677,ACTIVE,200,0.17,15,0,0,0,0,0
00,120245306349070462,ACTIVE,100,0.17,8,0,0,0,0,0
00,120251868137060166,ACTIVE,100,0.16,9,0,0,0,0,0
00,120246843188440752,ACTIVE,300,0.16,19,0,0,0,0,0
00,120250011456500589,ACTIVE,100,0.16,12,0,0,0,0,0
00,120248574399540642,ACTIVE,400,0.16,3,0,0,0,0,0
00,120249285560280695,ACTIVE,80,0.15,6,0,0,0,0,0
00,120248539964750462,ACTIVE,60,0.15,3,0,0,0,0,0
00,120246100871360533,ACTIVE,100,0.15,14,0,0,0,0,0
00,120246988199610707,ACTIVE,80,0.15,7,0,0,0,0,0
00,120248764599250589,ACTIVE,100,0.15,30,0,0,0,0,0
00,120258018661030586,ACTIVE,25,0.15,7,0,0,0,0,0
00,120247897089530291,ACTIVE,300,0.15,9,0,0,0,0,0
00,120248538756480561,ACTIVE,60,0.14,12,0,0,0,0,0
00,120246989238160707,ACTIVE,80,0.14,7,0,0,0,0,0
00,120251576447330651,ACTIVE,20,0.13,7,0,0,0,0,0
00,120252337543140054,ACTIVE,60,0.13,9,0,0,0,0,0
00,120249790639140725,ACTIVE,100,0.12,7,0,0,0,0,0
00,120244837091050678,ACTIVE,40,0.12,1,0,0,0,0,0
00,120245800978960674,ACTIVE,100,0.11,7,0,0,0,0,0
00,120251641307630427,ACTIVE,100,0.11,7,0,0,0,0,0
00,120248396283420425,ACTIVE,300,0.11,3,0,0,0,0,0
00,120245889270720065,ACTIVE,40,0.11,4,0,0,0,0,0
00,120250501589950722,ACTIVE,80,0.11,4,0,0,0,0,0
00,120248304803930065,ACTIVE,50,0.1,6,0,0,0,0,0
00,120245610768940032,ACTIVE,100,0.1,4,0,1,0,0,0
00,120251280446770722,ACTIVE,50,0.1,8,1,1,0,0,0
00,120246716035470470,ACTIVE,75,0.09,6,0,0,0,0,0
00,120247041421470241,ACTIVE,125,0.09,6,0,0,0,0,0
00,120246299672680751,ACTIVE,115,0.09,4,0,0,0,0,0
00,120245840085840780,ACTIVE,80,0.08,5,0,0,0,0,0
00,120251332965640368,ACTIVE,176,0.08,6,0,0,0,0,0
00,120248304803400065,ACTIVE,50,0.08,3,0,0,0,0,0
00,120246988043840707,ACTIVE,130,0.08,4,0,0,0,0,0
00,120249999663760100,ACTIVE,87,0.07,3,0,0,0,0,0
00,120245481989400065,ACTIVE,40,0.07,5,0,0,0,0,0
00,120251279954260722,ACTIVE,50,0.06,4,0,0,0,0,0
00,120245638609160175,ACTIVE,125,0.06,6,0,0,0,0,0
00,120248894746240561,ACTIVE,80,0.06,13,0,0,0,0,0
00,120251509396740651,ACTIVE,20,0.05,1,0,0,0,0,0
00,120247099045960674,ACTIVE,80,0.05,9,0,0,0,0,0
00,120246471244780065,ACTIVE,229,0.05,5,0,0,0,0,0
00,120250623729250057,ACTIVE,100,0.05,1,0,0,0,0,0
00,120248734905220544,ACTIVE,80,0.04,2,0,0,0,0,0
00,120247086366420097,ACTIVE,80,0.04,4,0,0,0,0,0
00,120258265468100586,ACTIVE,30,0.03,1,0,0,0,0,0
00,120258403409550586,ACTIVE,30,0.03,1,0,0,0,0,0
00,120251788886810404,ACTIVE,80,0.03,2,0,0,0,0,0
00,120249525957160319,ACTIVE,120,0.03,1,1,0,0,0,0
00,120248074857810509,ACTIVE,100,0.03,2,0,0,0,0,0
00,120245691728160470,ACTIVE,10,0.03,1,0,0,0,0,0
00,120250445767170166,ACTIVE,30,0.02,1,0,0,0,0,0
00,120252044915260166,ACTIVE,30,0.02,1,0,0,0,0,0
00,120246295022110630,ACTIVE,87,0.02,2,0,0,0,0,0
00,120245218353240788,ACTIVE,100,0.02,4,0,0,0,0,0
00,120248895002670168,ACTIVE,100,0.01,1,0,0,0,0,0
00,120246717243380752,ACTIVE,100,0.01,3,0,0,0,0,0
00,120250789469770586,ACTIVE,300,0.01,2,0,0,0,0,0
00,120251023996480013,ACTIVE,80,0.01,1,0,0,0,0,0
00,120246526262050752,ACTIVE,60,0.01,1,0,1,0,0,0
00,120245288768050788,ACTIVE,200,0.01,3,0,0,0,0,0
00,120249252046510229,ACTIVE,81,0.01,1,0,0,0,0,0
00,120245873238500686,ACTIVE,80,0,0,0,0,0,0,0
00,120250036356910725,ACTIVE,100,0,0,0,0,0,0,0
00,120245872727450686,ACTIVE,80,0,0,0,0,0,0,0
00,120246841342340173,ACTIVE,100,0,0,0,0,0,0,0
00,120245872436380686,ACTIVE,80,0,0,0,0,0,0,0
00,120245872282920686,ACTIVE,80,0,0,0,0,0,0,0
00,120245871960230686,ACTIVE,80,0,0,0,0,0,0,0
00,120246841342350173,ACTIVE,100,0,0,0,0,0,0,0
00,120246928304160752,ACTIVE,100,0,0,0,0,0,0,0
00,120246928447770752,ACTIVE,100,0,0,0,0,0,0,0
00,120246928620620752,ACTIVE,100,0,0,0,0,0,0,0
00,120247041237780707,ACTIVE,80,0,4,0,0,0,0,0
00,120247242659090097,ACTIVE,80,0,0,0,0,0,0,0
00,120245601119150436,ACTIVE,121,0,1,0,0,0,0,0
00,120249151139280057,ACTIVE,100,0,1,0,1,0,0,0
00,120251815177040651,ACTIVE,80,0,0,0,0,0,0,0
00,120251815177090651,ACTIVE,80,0,0,0,0,0,0,0
00,120247242699440097,ACTIVE,80,0,0,0,0,0,0,0
00,120247242699500097,ACTIVE,80,0,1,0,0,0,0,0
00,120247574213440453,ACTIVE,80,0,0,0,0,0,0,0
00,120247881466900731,ACTIVE,80,0,0,0,0,0,0,0
00,120245241702630470,ACTIVE,10,0,1,0,0,0,0,0
00,120247881467170731,ACTIVE,80,0,0,0,0,0,0,0
00,120248936264740544,ACTIVE,80,0,0,0,0,0,0,0
00,120248936264260544,ACTIVE,80,0,0,0,0,0,0,0
00,120255319873560197,ACTIVE,60,0,0,0,0,0,0,0
00,120248935621940544,ACTIVE,80,0,0,0,0,0,0,0
00,120248935555950544,ACTIVE,80,0,0,0,0,0,0,0
00,120248935555890544,ACTIVE,80,0,0,0,0,0,0,0
00,120248935435060544,ACTIVE,80,0,0,0,0,0,0,0
00,120248836066690564,ACTIVE,80,0,0,0,0,0,0,0
00,23857875546260799,ACTIVE,60,0,2,0,0,0,0,0
00,120248835116390564,ACTIVE,80,0,0,0,0,0,0,0
00,120248835116380564,ACTIVE,80,0,0,0,0,0,0,0
00,120248834293700564,ACTIVE,80,0,0,0,0,0,0,0
00,120248082747970509,ACTIVE,100,0,0,0,0,0,0,0
00,6991557189833,ACTIVE,80,0,0,0,0,0,0,0
00,6991557191633,ACTIVE,80,0,0,0,0,0,0,0
00,6997681727026,PAUSED,50,0,0,0,1,0,0,0
00,6998537980426,ACTIVE,50,0,0,0,0,0,0,0
00,6998537981626,ACTIVE,50,0,0,0,0,0,0,0
00,120248082747980509,ACTIVE,100,0,0,0,0,0,0,0
00,120250037371930725,ACTIVE,100,0,0,0,0,0,0,0
00,120250037371260725,ACTIVE,100,0,0,0,0,0,0,0
00,120250037062790725,ACTIVE,100,0,0,0,0,0,0,0
00,120250037062480725,ACTIVE,100,0,0,0,0,0,0,0
00,120250036827590725,ACTIVE,100,0,0,0,0,0,0,0
00,120250036827420725,ACTIVE,100,0,0,0,0,0,0,0
00,120250036601310725,ACTIVE,100,0,0,0,0,0,0,0
00,120250036601270725,ACTIVE,100,0,0,0,0,0,0,0
00,120250036567540725,ACTIVE,100,0,0,0,0,0,0,0
00,120250036566870725,ACTIVE,100,0,0,0,0,0,0,0
00,120250602380270653,ACTIVE,80,0,0,0,0,0,0,0
00,120250602380290653,ACTIVE,80,0,0,0,0,0,0,0
00,120245891909090125,ACTIVE,100,0,0,0,0,0,0,0
00,120250036534800725,ACTIVE,100,0,0,0,0,0,0,0
00,120245873666640686,ACTIVE,80,0,0,0,0,0,0,0
00,120245873666620686,ACTIVE,80,0,0,0,0,0,0,0
00,120245873448490686,ACTIVE,80,0,0,0,0,0,0,0
00,120250036467370725,ACTIVE,100,0,0,0,0,0,0,0
00,120245873447980686,ACTIVE,80,0,0,0,0,0,0,0
00,120245873238540686,ACTIVE,80,0,0,0,0,0,0,0
01,120246808176070320,ACTIVE,320,20.97,659,16,17,1,0,0
01,120246828454030629,ACTIVE,659.1,18.04,438,10,12,2,2,349.44
01,120248900980910455,ACTIVE,125,14.57,484,14,13,1,0,0
01,120244694121960146,ACTIVE,1500,13.879999999999999,340,5,6,1,1,75.22
01,120244431777030751,ACTIVE,1700,13.629999999999999,422,9,10,0,0,0
01,120246178929760752,ACTIVE,300,13.540000000000001,340,9,8,1,0,0
01,120247139480370564,ACTIVE,760,11.89,518,3,5,0,0,0
01,120246670033370677,ACTIVE,800,11.379999999999999,552,2,3,0,0,0
01,120243276755660065,ACTIVE,850,11.26,366,6,7,0,0,0
01,120249286682560368,ACTIVE,1000,11,320,3,4,0,0,0
01,120244761352230455,ACTIVE,425,10.46,236,5,3,0,0,0
01,120247633428650725,ACTIVE,1000,10.420000000000002,279,2,3,0,0,0
01,120247762435760509,ACTIVE,300,10.370000000000001,169,3,6,0,0,0
01,120249790639400725,ACTIVE,500,10.239999999999998,268,5,6,1,0,0
01,120249573023870116,ACTIVE,100,10.219999999999999,93,5,5,1,1,109.96000000000001
01,120245380137820707,ACTIVE,300,9.879999999999999,247,6,6,0,0,0
01,120246135738040630,ACTIVE,200,9.68,222,1,2,0,0,0
01,120246023777450751,ACTIVE,1200,9.49,268,3,6,2,1,47.14
01,120244813153430146,ACTIVE,100,9.22,246,2,2,0,0,0
01,120244618043630436,ACTIVE,736,9.030000000000001,420,7,9,0,0,0
01,120245334049540065,ACTIVE,550,8.969999999999999,138,7,9,0,0,0
01,120246832758790677,ACTIVE,300,8.91,317,1,2,0,0,0
01,120251792579640709,ACTIVE,150,8.899999999999999,157,2,3,0,0,0
01,120247136451350725,ACTIVE,1000,8.870000000000001,316,4,5,0,0,0
01,120248956379790695,ACTIVE,250,8.73,244,4,7,1,0,0
01,120246299672700751,ACTIVE,500,8.62,185,4,6,0,0,0
01,120245250322490642,ACTIVE,300,8.58,176,4,4,0,0,0
01,120245201694370686,ACTIVE,266,8.45,141,4,5,1,0,0
01,120246961169180241,ACTIVE,350,8.41,102,2,3,0,0,0
01,120245980788570752,ACTIVE,600,8.38,281,10,10,1,0,0
01,120244480112510436,ACTIVE,354,8.36,343,6,5,0,0,0
01,120249861202960589,ACTIVE,100,8.01,64,1,1,0,0,0
01,120249449512030725,ACTIVE,1000,7.87,263,10,10,0,0,0
01,120245334049460065,ACTIVE,680,7.77,127,2,3,0,0,0
01,120241066464020065,ACTIVE,470,7.48,351,4,2,0,0,0
01,120251425264570709,ACTIVE,800,7.460000000000001,169,8,7,1,1,27.98
01,120248455243050455,ACTIVE,366,7.390000000000001,273,0,3,0,0,0
01,120248935571390455,ACTIVE,132,7.39,33,0,1,0,0,0
01,120246191098970320,ACTIVE,400,7.34,362,7,9,2,2,116.09
01,120239930892250650,ACTIVE,300,7.32,138,6,7,0,0,0
01,120248064986340303,ACTIVE,80,7.199999999999999,81,3,6,0,0,0
01,120247219674070214,ACTIVE,300,7.0600000000000005,164,9,8,1,1,21.98
01,23857922203430799,ACTIVE,80,6.99,78,2,2,0,0,0
01,120245031811820436,ACTIVE,176,6.94,110,4,4,0,0,0
01,120245049415260032,ACTIVE,200,6.879999999999999,146,3,6,1,0,0
01,120242746886630788,ACTIVE,10,6.76,74,1,1,1,0,0
01,120245468846710436,ACTIVE,100,6.4399999999999995,252,7,7,0,0,0
01,120247601538900425,ACTIVE,260,6.3500000000000005,63,2,1,0,0,0
01,120249433591590100,ACTIVE,300,6.27,137,1,1,1,0,0
01,120250946852160368,ACTIVE,170,6.25,173,1,1,0,0,0
01,120246040085600751,ACTIVE,600,6.23,137,3,4,0,0,0
01,120248855168720455,ACTIVE,1442,6.199999999999999,213,5,4,1,0,0
01,120249754760810019,ACTIVE,300,6.03,155,4,6,0,0,0
01,120241119247090090,ACTIVE,135,6,110,2,2,0,0,0
01,120247322669120509,ACTIVE,100,5.96,172,10,7,0,0,0
01,120250722702450019,ACTIVE,300,5.9399999999999995,122,4,4,0,0,0
01,120248560991980642,ACTIVE,123,5.91,143,6,6,2,1,161.44
01,120247746970390291,ACTIVE,380,5.88,96,7,6,0,0,0
01,120250927961290577,ACTIVE,88,5.87,54,1,2,0,0,0
01,120251729529810709,ACTIVE,80,5.84,91,1,0,0,0,0
01,120247813589740175,ACTIVE,88,5.83,63,1,1,0,0,0
01,120245972443720177,ACTIVE,240,5.72,90,2,4,1,0,0
01,120249120674110404,ACTIVE,500,5.65,106,3,2,0,0,0
01,120242031621370065,ACTIVE,229,5.64,164,3,5,0,0,0
01,120249769757470663,ACTIVE,100,5.63,66,3,4,1,1,66.02
01,120247073165120090,ACTIVE,455,5.62,121,3,2,0,0,0
01,120246791587200455,ACTIVE,363,5.41,48,1,4,0,1,127.80999999999999
01,120247547642310642,ACTIVE,550,5.34,106,2,3,0,0,0
01,120244691564680146,ACTIVE,190,5.18,142,2,2,0,0,0
01,120249924975860100,ACTIVE,300,5.13,161,8,7,0,0,0
01,120248574399590642,ACTIVE,360,5.1,141,1,2,0,0,0
01,120245750135880686,ACTIVE,80,5.09,70,2,3,1,1,152.35000000000002
01,120245469696040686,ACTIVE,100,5.08,51,3,1,1,1,51.21
01,120249285560020695,ACTIVE,80,5.07,112,1,1,0,0,0
01,120244963676310686,ACTIVE,500,4.99,122,3,5,0,0,0
01,120247242677700097,ACTIVE,80,4.92,82,8,7,0,0,0
01,120252510041540210,ACTIVE,130,4.91,86,1,2,1,0,0
01,120244771837290544,ACTIVE,200,4.890000000000001,121,3,3,0,0,0
01,120247378425210561,ACTIVE,380,4.89,125,4,3,0,0,0
01,120246273720740455,ACTIVE,365,4.85,177,5,6,0,0,0
01,120247762683780509,ACTIVE,100,4.8,65,1,1,0,0,0
01,120248012782330065,ACTIVE,155,4.75,127,1,1,0,1,29.979999999999997
01,120250011342400589,ACTIVE,200,4.74,104,4,5,0,0,0
01,120247594535460629,ACTIVE,80,4.72,80,2,1,0,0,0
01,120244823852300686,ACTIVE,414,4.71,83,2,2,0,0,0
01,120246338028120241,ACTIVE,420,4.7,223,5,5,0,0,0
01,120245899907890065,ACTIVE,115,4.6899999999999995,65,4,4,0,0,0
01,120250285289280319,ACTIVE,300,4.68,127,2,3,0,0,0
01,120245279293750436,ACTIVE,100,4.68,193,3,3,0,0,0
01,120248574839550695,ACTIVE,243,4.66,260,7,7,1,0,0
01,120246489541740177,ACTIVE,88,4.63,62,1,1,0,0,0
01,120247023495570032,ACTIVE,77,4.62,64,3,4,1,0,0
01,120247974813980642,ACTIVE,178,4.62,118,0,0,0,0,0
01,120244471201780129,ACTIVE,100,4.61,144,5,6,3,0,0
01,120249534302910127,ACTIVE,100,4.6000000000000005,39,1,1,0,0,0
01,120245514271740065,ACTIVE,195,4.53,102,1,1,1,0,0
01,120248663282340642,ACTIVE,121,4.5,68,0,1,0,0,0
01,120248616763790065,ACTIVE,170,4.49,165,5,5,0,0,0
01,120247797697910629,ACTIVE,127,4.48,56,0,1,0,0,0
01,120246891334500677,ACTIVE,100,4.4,114,1,1,0,0,0
01,120246902225450241,ACTIVE,184,4.33,221,5,5,0,0,0
01,120251254946790722,ACTIVE,80,4.32,72,0,0,0,0,0
01,120249711938850319,ACTIVE,320,4.27,87,4,4,0,0,0
01,120246131739110780,ACTIVE,80,4.27,88,7,7,0,0,0
01,120249350798870024,ACTIVE,170,4.26,77,3,4,1,1,28.98
01,120247842047430214,ACTIVE,160,4.22,72,0,1,0,0,0
01,120243986668280589,ACTIVE,1200,4.22,123,3,4,0,0,0
01,120249819292400663,ACTIVE,50,4.2,53,0,0,0,0,0
01,120249161498720431,ACTIVE,220,4.1899999999999995,109,2,2,0,0,0
01,120248204610010425,ACTIVE,292,4.18,108,2,3,0,0,0
01,120245642739620125,ACTIVE,200,4.12,111,1,1,0,0,0
01,120246987931990677,ACTIVE,124,4.1,71,1,2,0,0,0
01,120244017128390686,ACTIVE,100,4.09,58,4,4,0,0,0
01,120248547360230544,ACTIVE,150,4.08,110,0,1,0,0,0
01,120245889270610065,ACTIVE,40,4.03,80,0,1,0,0,0
01,120246615285450642,ACTIVE,360,3.9299999999999997,152,3,2,0,0,0
01,120247751923180214,ACTIVE,135,3.91,67,1,1,1,1,37.269999999999996
01,120247649190890629,ACTIVE,101,3.89,116,1,1,0,0,0
01,120247114934220455,ACTIVE,100,3.89,53,4,4,0,0,0
01,120246808538770320,ACTIVE,340,3.87,160,4,6,0,0,0
01,120244164847370788,ACTIVE,300,3.86,70,2,1,0,0,0
01,120246465900910677,ACTIVE,100,3.8499999999999996,87,5,4,2,1,70.02
01,120246024108440751,ACTIVE,345,3.84,95,4,5,0,0,0
01,120250789469770586,ACTIVE,300,3.84,67,4,4,2,1,49.37
01,120248942534290561,ACTIVE,88,3.83,49,0,0,0,0,0
01,52507897153499,ACTIVE,200,3.83,73,4,4,0,0,0
01,120251355803580722,ACTIVE,80,3.8,37,3,3,0,0,0
01,120249020545550389,ACTIVE,100,3.8,250,11,14,4,1,46.410000000000004
01,120248781054210455,ACTIVE,193,3.75,81,1,2,0,0,0
01,120244761515050455,ACTIVE,550,3.7,133,1,2,0,0,0
01,120247304965600477,ACTIVE,100,3.6999999999999997,44,1,1,1,1,29.98
01,120245119189080630,ACTIVE,90,3.66,101,2,3,1,0,0
01,120248072969470389,ACTIVE,162,3.65,125,1,2,0,0,0
01,120247905027970090,ACTIVE,200,3.54,56,0,2,0,0,0
01,120246896356140032,ACTIVE,75,3.54,86,3,3,1,0,0
01,120246944968380016,ACTIVE,100,3.54,42,1,1,0,0,0
01,120249205526520431,ACTIVE,130,3.5300000000000002,48,0,0,0,0,0
01,120247653059200586,ACTIVE,300,3.48,35,0,1,1,1,49.37
01,120247813589660175,ACTIVE,88,3.48,55,0,0,0,0,0
01,120244717752490146,ACTIVE,100,3.46,62,0,0,0,0,0
01,120245867488480686,ACTIVE,80,3.46,60,3,4,0,0,0
01,120247242699440097,ACTIVE,80,3.45,82,0,0,0,0,0
01,120247504003780425,ACTIVE,200,3.4499999999999997,66,2,3,0,0,0
01,120257843668740586,ACTIVE,25,3.41,101,2,2,0,0,0
01,120249229589770695,ACTIVE,60,3.37,105,2,2,1,0,0
01,120248935571310455,ACTIVE,132,3.37,64,0,1,0,0,0
01,120247775015280090,ACTIVE,136,3.3699999999999997,89,1,1,0,0,0
01,120248288633070389,ACTIVE,131,3.3600000000000003,130,2,5,0,0,0
01,120249372477380229,ACTIVE,80,3.31,216,6,8,0,0,0
01,120248613615540642,ACTIVE,120,3.29,69,0,1,0,0,0
01,120250602380290653,ACTIVE,80,3.29,48,0,0,0,0,0
01,120255021163250197,ACTIVE,60,3.27,74,2,2,0,0,0
01,120245601115910436,ACTIVE,121,3.26,61,0,0,0,0,0
01,120248074858010509,ACTIVE,100,3.26,83,0,2,0,0,0
01,120248596343100048,ACTIVE,300,3.25,49,4,3,1,0,0
01,120247081513920707,ACTIVE,80,3.22,55,1,1,0,0,0
01,120246382556450462,ACTIVE,100,3.22,43,1,1,0,0,0
01,120250122186270319,ACTIVE,200,3.2,94,2,2,0,0,0
01,120247972395030043,ACTIVE,200,3.19,21,2,2,0,0,0
01,120247604074910006,ACTIVE,120,3.1300000000000003,103,1,1,0,0,0
01,120246024108390751,ACTIVE,500,3.13,43,0,0,0,0,0
01,120247656345750477,ACTIVE,90,3.11,33,1,2,1,0,0
01,120247680102270175,ACTIVE,322,3.1,164,3,3,0,0,0
01,120250949770940013,ACTIVE,200,3.1,78,8,6,0,0,0
01,120249932839280725,ACTIVE,100,3.0999999999999996,80,1,1,0,0,0
01,120246402943010533,ACTIVE,100,3.09,212,8,9,1,0,0
01,120248707088740065,ACTIVE,94,3.06,70,0,0,0,0,0
01,120246693068060097,ACTIVE,150,3.06,153,4,3,0,0,0
01,120246104094940650,ACTIVE,156,3.05,41,1,1,0,0,0
01,120248743407360065,ACTIVE,280,3.05,92,2,2,0,0,0
01,120249229589700695,ACTIVE,60,3.04,79,1,1,0,0,0
01,120248850201930065,ACTIVE,94,3.02,53,1,2,0,0,0
01,120245518803430436,ACTIVE,120,3.02,109,1,2,1,1,129.46
01,120247910668550509,ACTIVE,70,3.02,79,0,0,0,0,0
01,120251641307880427,ACTIVE,100,2.98,75,0,0,0,0,0
01,120249523562880116,ACTIVE,101,2.9699999999999998,61,1,1,0,0,0
01,120244824816070686,ACTIVE,80,2.96,34,1,1,0,0,0
01,120246299672740751,ACTIVE,195,2.88,113,3,3,0,0,0
01,120247023495510032,ACTIVE,77,2.87,61,0,1,1,0,0
01,120246808108970320,ACTIVE,120,2.86,85,1,1,0,0,0
01,120241671273870455,ACTIVE,136,2.84,75,4,5,0,0,0
01,120248074857810509,ACTIVE,100,2.84,79,1,1,0,0,0
01,120250927961350577,ACTIVE,88,2.83,87,1,2,0,0,0
01,120246961169220241,ACTIVE,100,2.8200000000000003,33,0,0,0,0,0
01,120246668892520032,ACTIVE,100,2.81,101,2,4,0,0,0
01,120251526641040368,ACTIVE,80,2.81,61,2,3,0,0,0
01,120247027817250677,ACTIVE,132,2.8,96,1,2,0,0,0
01,120245899907660065,ACTIVE,115,2.7800000000000002,40,2,3,0,0,0
01,120244761233710455,ACTIVE,951,2.7800000000000002,69,1,3,0,0,0
01,120245642739820125,ACTIVE,80,2.78,25,0,1,0,0,0
01,120249553547110663,ACTIVE,100,2.77,52,1,1,0,0,0
01,120249140601980100,ACTIVE,300,2.76,37,1,1,0,0,0
01,120245205078130630,ACTIVE,134,2.73,94,5,4,1,0,0
01,120246899498920707,ACTIVE,170,2.7199999999999998,71,6,3,0,0,0
01,120244302440310146,ACTIVE,100,2.7199999999999998,43,2,2,0,0,0
01,120246295022110630,ACTIVE,87,2.71,83,1,2,0,0,0
01,120249826842030100,ACTIVE,80,2.71,54,3,3,0,0,0
01,120248721782100425,ACTIVE,100,2.7,57,2,0,0,0,0
01,120245923045620168,ACTIVE,100,2.6999999999999997,59,0,2,0,0,0
01,120248816066690425,ACTIVE,135,2.68,36,0,0,0,0,0
01,120250623695570057,ACTIVE,100,2.68,9,3,3,1,1,130.75
01,52510314021699,ACTIVE,80,2.66,31,1,2,0,0,0
01,120244813077130146,ACTIVE,100,2.64,48,3,2,0,0,0
01,120246206880100630,ACTIVE,75,2.6399999999999997,110,0,0,0,0,0
01,120246286465380752,ACTIVE,300,2.61,115,2,3,0,0,0
01,120246641477400320,ACTIVE,100,2.6,97,1,2,0,0,0
01,120249005372660589,ACTIVE,202,2.5900000000000003,56,0,0,0,0,0
01,120243753190540054,ACTIVE,101,2.59,87,2,2,0,0,0
01,52510314020499,ACTIVE,80,2.58,47,1,3,0,0,0
01,120250790045220586,ACTIVE,300,2.5599999999999996,95,0,4,0,0,0
01,120248924408910544,ACTIVE,87,2.54,69,3,4,0,0,0
01,120248218451590126,ACTIVE,180,2.5300000000000002,56,2,3,0,0,0
01,120245251316060477,ACTIVE,100,2.5300000000000002,55,1,2,1,1,29.980000000000004
01,120245762437280686,ACTIVE,80,2.53,34,0,0,0,0,0
01,120243508760940146,ACTIVE,143,2.52,84,1,1,0,0,0
01,120245218353210788,ACTIVE,150,2.52,31,2,2,0,0,0
01,120243951377020125,ACTIVE,150,2.52,74,2,2,1,0,0
01,120249775050340127,ACTIVE,100,2.51,36,1,2,0,0,0
01,120246680736770533,ACTIVE,70,2.5,92,0,1,0,0,0
01,120246922785370320,ACTIVE,110,2.5,81,1,1,0,0,0
01,23857661391130799,ACTIVE,160,2.49,25,0,0,0,0,0
01,120251979136820210,ACTIVE,100,2.48,50,0,0,0,0,0
01,120246452282830177,ACTIVE,100,2.48,29,0,0,0,0,0
01,120244802271840788,ACTIVE,200,2.4699999999999998,62,1,2,1,1,65.95
01,120246206879950630,ACTIVE,200,2.4699999999999998,149,1,1,0,0,0
01,120244761869100436,ACTIVE,100,2.45,79,1,2,0,0,0
01,120246733877000065,ACTIVE,80,2.4400000000000004,34,0,1,0,0,0
01,120244302719050146,ACTIVE,100,2.42,30,3,2,0,0,0
01,120247797697940629,ACTIVE,127,2.41,30,1,1,0,0,0
01,120258251274600586,ACTIVE,100,2.41,35,1,1,0,0,0
01,120244581811200686,ACTIVE,80,2.4,59,3,2,0,0,0
01,120247041421470241,ACTIVE,125,2.37,77,1,2,0,0,0
01,120247640140740006,ACTIVE,60,2.33,36,1,1,0,0,0
01,120246615285510642,ACTIVE,200,2.3200000000000003,70,1,2,0,0,0
01,120246754801740509,ACTIVE,100,2.31,72,0,0,0,0,0
01,120251789041250404,ACTIVE,80,2.31,27,1,0,0,0,0
01,120249347498540100,ACTIVE,100,2.3,69,2,3,0,0,0
01,120248850201850065,ACTIVE,94,2.29,54,2,1,0,0,0
01,120248760611910469,ACTIVE,100,2.29,59,0,0,0,0,0
01,120249443467080663,ACTIVE,225,2.26,51,0,0,0,0,0
01,120246570408620477,ACTIVE,100,2.26,39,1,1,0,0,0
01,120249286765290368,ACTIVE,200,2.25,82,1,1,0,0,0
01,120251412553340368,ACTIVE,100,2.2399999999999998,72,1,1,0,0,0
01,120248733557160126,ACTIVE,89,2.21,47,0,0,0,0,0
01,120245867488410686,ACTIVE,80,2.2,29,0,0,0,0,0
01,120241596259880509,ACTIVE,136,2.1900000000000004,100,2,2,0,0,0
01,120248019824720509,ACTIVE,100,2.1900000000000004,53,1,2,1,1,34.98
01,120246832874220677,ACTIVE,100,2.19,63,0,0,0,0,0
01,120245468762000436,ACTIVE,100,2.19,77,0,1,0,0,0
01,120248129647190303,ACTIVE,50,2.18,37,1,1,0,0,0
01,120248645284270152,ACTIVE,300,2.16,120,6,4,0,0,0
01,120249999663730100,ACTIVE,87,2.12,30,0,0,0,0,0
01,120244880653330686,ACTIVE,114,2.1,40,3,3,0,0,0
01,120242301213710065,ACTIVE,550,2.09,89,0,1,0,0,0
01,120249999663760100,ACTIVE,87,2.08,60,2,3,0,0,0
01,120252090042790210,ACTIVE,90,2.05,32,0,1,0,0,0
01,120249312707920431,ACTIVE,130,2.05,71,0,1,0,0,0
01,120250277765570319,ACTIVE,120,2.0300000000000002,82,2,3,0,0,0
01,120245687813040097,ACTIVE,150,2.0300000000000002,51,0,0,0,0,0
01,120247872427130090,ACTIVE,125,2.03,39,0,0,0,0,0
01,120248731496840561,ACTIVE,80,2.03,42,2,3,0,0,0
01,120248854598290455,ACTIVE,422,2.02,132,0,0,0,0,0
01,120244809629870146,ACTIVE,100,2,62,1,2,0,0,0
01,120248663282560642,ACTIVE,121,1.9900000000000002,46,0,0,0,0,0
01,120246489541800177,ACTIVE,88,1.99,39,1,1,0,0,0
01,120245514271720065,ACTIVE,115,1.9899999999999998,48,1,2,1,1,49.51
01,120246299721480751,ACTIVE,325,1.97,69,2,2,0,0,0
01,120246295022080630,ACTIVE,87,1.96,52,1,2,0,0,0
01,120249372477220229,ACTIVE,200,1.96,67,3,5,1,1,46.37
01,120246219468190177,ACTIVE,100,1.95,32,0,0,0,0,0
01,120248809099210431,ACTIVE,130,1.93,41,0,0,0,0,0
01,120248536188000100,ACTIVE,300,1.93,40,1,1,0,0,0
01,120258332094910586,ACTIVE,30,1.9200000000000002,37,0,0,0,0,0
01,120245411773560436,ACTIVE,100,1.9100000000000001,67,1,1,0,0,0
01,120248019825220509,ACTIVE,100,1.9100000000000001,55,1,1,0,0,0
01,120250722702390019,ACTIVE,100,1.9100000000000001,25,0,0,0,0,0
01,52509221202099,ACTIVE,100,1.9,28,0,0,0,0,0
01,120247768374650175,ACTIVE,88,1.9,63,0,2,1,0,0
01,120248755684290455,ACTIVE,455,1.88,63,1,2,0,0,0
01,120248942534210561,ACTIVE,88,1.88,30,1,2,0,0,0
01,120248615909580019,ACTIVE,50,1.87,21,1,1,0,0,0
01,120248019379260509,ACTIVE,100,1.87,86,2,2,0,0,0
01,120248074108720509,ACTIVE,101,1.83,52,0,0,0,0,0
01,120251354404600722,ACTIVE,68,1.82,42,3,2,1,1,22.98
01,120246928620620752,ACTIVE,100,1.82,43,1,1,0,0,0
01,120247640140770006,ACTIVE,60,1.81,38,0,0,0,0,0
01,120249271283030695,ACTIVE,120,1.8,27,1,2,0,0,0
01,120245346459390436,ACTIVE,100,1.8,73,0,0,0,0,0
01,120250769000920577,ACTIVE,88,1.79,60,0,0,0,0,0
01,120246259925420674,ACTIVE,100,1.79,26,1,1,1,1,48.52
01,120248911416770577,ACTIVE,101,1.79,54,4,2,1,0,0
01,120249135138850389,ACTIVE,82,1.79,60,1,4,0,0,0
01,120246377047690097,ACTIVE,80,1.78,66,1,1,0,0,0
01,120249935914370589,ACTIVE,156,1.78,44,0,2,0,0,0
01,120247574213440453,ACTIVE,80,1.77,24,1,1,0,0,0
01,120251648714800651,ACTIVE,100,1.77,49,2,2,0,0,0
01,120247967797490509,ACTIVE,100,1.76,39,0,0,0,0,0
01,120246931507190320,ACTIVE,120,1.76,62,2,2,0,0,0
01,120244860107220146,ACTIVE,100,1.76,22,0,0,0,0,0
01,120244242496990780,ACTIVE,100,1.76,40,2,2,1,1,25.97
01,120247242699500097,ACTIVE,80,1.7599999999999998,78,0,0,0,0,0
01,120249300729750589,ACTIVE,200,1.75,64,1,1,0,0,0
01,120249135138590389,ACTIVE,82,1.75,68,1,2,0,0,0
01,120245750135860686,ACTIVE,80,1.75,32,0,0,0,0,0
01,120246299721450751,ACTIVE,195,1.74,39,1,3,0,0,0
01,120256572736650586,ACTIVE,25,1.7200000000000002,43,0,0,0,0,0
01,120251641307760427,ACTIVE,100,1.7200000000000002,35,1,0,0,0,0
01,120252004965950404,ACTIVE,80,1.71,5,0,0,0,0,0
01,120249060988170152,ACTIVE,71,1.71,120,2,3,0,0,0
01,120250623625120057,ACTIVE,100,1.71,15,1,1,0,0,0
01,120246958716590420,ACTIVE,80,1.69,40,0,0,0,0,0
01,120245601119150436,ACTIVE,121,1.67,100,0,1,0,0,0
01,120246778088510470,ACTIVE,80,1.6,35,1,1,0,0,0
01,120248764599250589,ACTIVE,100,1.5999999999999999,89,1,1,0,0,0
01,120249932645040725,ACTIVE,100,1.57,44,2,1,0,0,0
01,120258403990710586,ACTIVE,30,1.57,31,0,0,0,0,0
01,120247604074940006,ACTIVE,80,1.56,57,2,3,0,0,0
01,120247081513990707,ACTIVE,80,1.56,26,1,1,0,0,0
01,120245848127430707,ACTIVE,200,1.56,47,4,3,0,0,0
01,120246733901990065,ACTIVE,80,1.55,32,0,0,0,0,0
01,120249498266450589,ACTIVE,200,1.5499999999999998,38,0,0,0,0,0
01,120249244397130229,ACTIVE,71,1.54,57,0,0,0,0,0
01,120245414486280678,ACTIVE,105,1.54,29,1,1,0,0,0
01,120244860114440146,ACTIVE,100,1.53,40,0,0,0,0,0
01,120237484145990455,ACTIVE,445,1.53,37,0,0,0,0,0
01,120250597528860019,ACTIVE,50,1.51,42,2,2,1,1,51.22
01,120245400790120686,ACTIVE,500,1.51,33,1,0,0,0,0
01,120247580456030167,PAUSED,80,1.51,5,0,0,0,0,0
01,120248816066710425,ACTIVE,135,1.51,28,2,3,1,0,0
01,120251792579690709,ACTIVE,80,1.5,19,0,0,0,0,0
01,120250429792780057,ACTIVE,100,1.5,29,2,2,1,0,0
01,120245044044870686,ACTIVE,100,1.5,30,0,0,0,0,0
01,120246070715810752,ACTIVE,100,1.49,49,2,2,0,0,0
01,120248653398340564,ACTIVE,80,1.48,59,2,2,0,0,0
01,120248556140990663,ACTIVE,150,1.4500000000000002,24,2,2,0,0,0
01,120250011456500589,ACTIVE,100,1.42,37,0,0,0,0,0
01,120249372509730229,ACTIVE,60,1.41,56,1,0,0,0,0
01,120245694161990686,ACTIVE,100,1.4,32,1,1,1,0,0
01,120244978756050678,ACTIVE,100,1.37,60,1,1,0,0,0
01,120248793038950561,ACTIVE,60,1.37,36,1,1,0,0,0
01,120244505718600686,ACTIVE,80,1.3699999999999999,14,0,0,0,0,0
01,120250602380270653,ACTIVE,80,1.3599999999999999,38,0,0,0,0,0
01,120247293642140642,ACTIVE,200,1.33,36,0,0,0,0,0
01,120246971703280320,ACTIVE,111,1.32,38,2,3,1,0,0
01,120248707088790065,ACTIVE,94,1.3199999999999998,38,0,1,1,0,0
01,120248304803930065,ACTIVE,50,1.31,29,0,0,0,0,0
01,120246471244730065,ACTIVE,229,1.2999999999999998,40,0,2,0,0,0
01,120246777020580470,ACTIVE,90,1.2999999999999998,93,0,0,0,0,0
01,120245339157220686,ACTIVE,149,1.29,29,0,0,0,0,0
01,120247597780010751,ACTIVE,40,1.27,28,2,2,0,0,0
01,120251023996520013,ACTIVE,80,1.27,45,1,2,0,0,0
01,120252632781610210,ACTIVE,116,1.27,31,0,0,0,0,0
01,120244623292210146,ACTIVE,100,1.27,26,1,1,0,0,0
01,120248652996470564,ACTIVE,100,1.25,44,2,2,0,0,0
01,120246701172200677,ACTIVE,100,1.24,27,0,0,0,0,0
01,120244761091850146,ACTIVE,100,1.24,34,1,2,1,1,41.98
01,120252337543140054,ACTIVE,60,1.23,30,0,0,0,0,0
01,120246232598650090,ACTIVE,445,1.23,28,1,3,0,0,0
01,120248074108770509,ACTIVE,101,1.22,30,0,1,1,0,0
01,120250186073510319,ACTIVE,200,1.22,45,0,1,0,0,0
01,120258251274670586,ACTIVE,100,1.22,34,2,2,0,0,0
01,120249360920670725,ACTIVE,100,1.2000000000000002,33,1,1,0,0,0
01,120246471244780065,ACTIVE,229,1.2000000000000002,24,1,0,0,1,31.12
01,120251868137370166,ACTIVE,20,1.2,9,0,0,0,0,0
01,120258483603300586,ACTIVE,30,1.19,22,1,2,0,0,0
01,120251641307630427,ACTIVE,100,1.19,32,1,1,0,0,0
01,120246299721620751,ACTIVE,68,1.18,16,0,0,0,0,0
01,120246996532800241,ACTIVE,100,1.17,80,0,0,0,0,0
01,120249017857580389,ACTIVE,81,1.17,45,2,2,0,0,0
01,120248721753290425,ACTIVE,100,1.15,23,0,0,0,0,0
01,120246733902040065,ACTIVE,80,1.14,30,0,1,0,0,0
01,120249790953950725,ACTIVE,500,1.12,55,1,0,0,0,0
01,120250623729250057,ACTIVE,100,1.1199999999999999,14,0,0,0,0,0
01,120245229678820678,ACTIVE,100,1.11,26,0,0,0,0,0
01,120245481989400065,ACTIVE,40,1.1099999999999999,42,0,0,0,0,0
01,120245898153970179,ACTIVE,80,1.1099999999999999,45,0,0,0,0,0
01,120246865117370320,ACTIVE,100,1.1099999999999999,35,0,0,0,0,0
01,120246989238160707,ACTIVE,80,1.1,18,0,0,0,0,0
01,120245821334080686,ACTIVE,80,1.1,3,0,0,0,0,0
01,120250598762660019,ACTIVE,50,1.1,36,1,2,0,0,0
01,120247583319740586,ACTIVE,100,1.08,29,0,0,0,0,0
01,120246896356200032,ACTIVE,75,1.05,24,1,1,0,0,0
01,120246733876960065,ACTIVE,80,1.05,18,1,1,0,0,0
01,120242694742870146,ACTIVE,100,1.04,31,1,1,0,0,0
01,6973002165426,PAUSED,50,1,20,0,0,0,0,0
01,120249905946720603,ACTIVE,80,0.99,18,0,0,0,0,0
01,120235336090360210,ACTIVE,200,0.98,29,0,0,0,0,0
01,120244643680750544,ACTIVE,200,0.98,21,0,0,0,0,0
01,120248082904030663,ACTIVE,150,0.98,28,1,3,0,0,0
01,120246330272670320,ACTIVE,100,0.96,45,0,0,0,0,0
01,120251788791190404,ACTIVE,80,0.95,17,0,0,0,0,0
01,120246843188440752,ACTIVE,300,0.94,57,1,2,0,0,0
01,120244452501840146,ACTIVE,100,0.94,42,0,0,0,0,0
01,120249372509500229,ACTIVE,61,0.94,22,1,1,1,0,0
01,120248538003950544,ACTIVE,80,0.9299999999999999,17,0,0,0,0,0
01,120242301213170065,ACTIVE,300,0.92,43,0,0,0,0,0
01,120250598801610019,ACTIVE,50,0.9,18,1,1,0,0,0
01,120245824562960686,ACTIVE,80,0.8999999999999999,16,0,0,0,0,0
01,120251868137060166,ACTIVE,100,0.8700000000000001,23,0,0,0,0,0
01,120246452175760177,ACTIVE,100,0.87,22,0,0,0,0,0
01,120252560866450210,ACTIVE,93,0.87,43,1,1,0,0,0
01,120248512806040048,ACTIVE,300,0.87,15,0,0,0,0,0
01,120247041237780707,ACTIVE,80,0.8600000000000001,26,0,0,0,0,0
01,120244694492240146,ACTIVE,500,0.8500000000000001,39,1,1,0,0,0
01,120251576447330651,ACTIVE,20,0.85,15,0,0,0,0,0
01,6991557191633,ACTIVE,80,0.84,14,0,0,0,0,0
01,120247897089530291,ACTIVE,300,0.84,32,1,1,0,0,0
01,120246100871360533,ACTIVE,100,0.8300000000000001,79,2,3,0,0,0
01,120251788886810404,ACTIVE,80,0.82,15,2,2,0,0,0
01,120251037305290166,ACTIVE,30,0.82,24,1,1,0,0,0
01,120248207466280561,ACTIVE,60,0.82,27,1,1,0,0,0
01,120248492410110561,ACTIVE,80,0.81,28,1,1,0,0,0
01,120250186073630319,ACTIVE,120,0.8,27,0,0,0,0,0
01,120249985386920725,ACTIVE,100,0.8,17,1,2,1,1,68.56
01,120248889381040455,ACTIVE,131,0.78,48,1,1,0,0,0
01,120252560866510210,ACTIVE,93,0.78,39,0,1,0,0,0
01,120245840085840780,ACTIVE,80,0.7799999999999999,33,0,0,0,0,0
01,120248538756480561,ACTIVE,60,0.77,34,2,2,0,0,0
01,120245306349070462,ACTIVE,100,0.77,32,2,1,0,0,0
01,120247483438030453,ACTIVE,80,0.77,26,0,2,0,0,0
01,120258483603970586,ACTIVE,30,0.77,23,0,0,0,0,0
01,120248129602090303,ACTIVE,50,0.76,11,0,0,0,0,0
01,120246988043980707,ACTIVE,130,0.75,18,0,1,0,0,0
01,120246843148820752,ACTIVE,100,0.73,10,0,0,0,0,0
01,120248563890830642,ACTIVE,400,0.72,14,0,1,0,0,0
01,120248834293700564,ACTIVE,80,0.72,21,0,1,0,0,0
01,120244813179240146,ACTIVE,100,0.71,19,0,1,0,0,0
01,120251063106910166,ACTIVE,100,0.71,38,1,2,0,0,0
01,120243117326020544,ACTIVE,80,0.71,22,1,1,0,0,0
01,120246716035470470,ACTIVE,75,0.7,26,0,0,0,0,0
01,120250079096940127,ACTIVE,100,0.6900000000000001,9,0,0,0,0,0
01,120247872427160090,ACTIVE,133,0.6799999999999999,24,0,0,0,0,0
01,120248539964750462,ACTIVE,60,0.67,16,0,0,0,0,0
01,120252632781750210,ACTIVE,116,0.65,22,0,0,0,0,0
01,120249285560280695,ACTIVE,80,0.64,29,0,0,0,0,0
01,120245481989440065,ACTIVE,40,0.64,25,2,2,0,0,0
01,120245686749070320,ACTIVE,120,0.64,26,1,1,0,0,0
01,120250769001000577,ACTIVE,88,0.63,27,1,0,0,0,0
01,120248539964810462,ACTIVE,60,0.63,28,0,0,0,0,0
01,120248894746240561,ACTIVE,80,0.63,48,0,1,0,0,0
01,120245610768940032,ACTIVE,100,0.6200000000000001,21,1,2,0,0,0
01,120245800978960674,ACTIVE,100,0.62,15,0,0,0,0,0
01,120249790639140725,ACTIVE,100,0.61,20,0,0,0,0,0
01,120246296875230177,ACTIVE,100,0.6000000000000001,12,0,0,0,0,0
01,120249099626340229,ACTIVE,400,0.6,16,0,0,0,0,0
01,120240258763950179,ACTIVE,240,0.59,36,0,1,0,0,0
01,120250554304290404,ACTIVE,100,0.59,5,0,0,0,0,0
01,120251576134230651,ACTIVE,20,0.59,9,0,0,0,0,0
01,120245833042190630,ACTIVE,161,0.58,9,0,0,0,0,0
01,120247243211880097,ACTIVE,80,0.55,43,1,2,0,0,0
01,120245821334190686,ACTIVE,80,0.54,16,1,1,0,0,0
01,120251280446770722,ACTIVE,50,0.53,22,1,1,0,0,0
01,120255205047720197,ACTIVE,60,0.51,34,2,1,0,0,0
01,120248019343390509,ACTIVE,100,0.5,38,1,0,0,0,0
01,120246891215890677,ACTIVE,200,0.5,32,0,0,0,0,0
01,120248862675940229,ACTIVE,116,0.5,8,1,1,0,0,0
01,120258091126130586,ACTIVE,25,0.5,13,1,0,0,0,0
01,120244349823030686,ACTIVE,100,0.49,4,0,0,0,0,0
01,120245638609160175,ACTIVE,125,0.49,16,0,0,0,0,0
01,120247099045960674,ACTIVE,80,0.49,23,0,1,0,0,0
01,120248895002670168,ACTIVE,100,0.49,7,0,0,0,0,0
01,120246470015580752,ACTIVE,28,0.48,14,0,0,0,0,0
01,120246701172120677,ACTIVE,100,0.48,16,1,1,0,0,0
01,120258332094940586,ACTIVE,30,0.47000000000000003,19,1,1,0,0,0
01,120251781902380045,ACTIVE,100,0.45,10,0,1,0,0,0
01,120258018661030586,ACTIVE,25,0.45,18,0,0,0,0,0
01,120245557729330686,ACTIVE,100,0.45,9,0,0,0,0,0
01,120246297341700177,ACTIVE,100,0.44999999999999996,15,2,2,0,0,0
01,120257843668650586,ACTIVE,25,0.44,9,0,0,0,0,0
01,120246988043840707,ACTIVE,130,0.43000000000000005,17,1,1,1,0,0
01,120258403409550586,ACTIVE,30,0.42000000000000004,10,0,0,0,0,0
01,120251997601000404,ACTIVE,80,0.42,1,0,1,0,0,0
01,120246924316430241,ACTIVE,100,0.42,26,0,0,0,0,0
01,120246971703290320,ACTIVE,111,0.41,15,0,0,0,0,0
01,120245283264760677,ACTIVE,158,0.41,20,0,0,0,0,0
01,120248563890890642,ACTIVE,120,0.41,9,0,1,0,0,0
01,120245824478080686,ACTIVE,80,0.4,12,0,1,0,0,0
01,120251332965640368,ACTIVE,176,0.39,15,0,0,0,0,0
01,120246759433650677,ACTIVE,100,0.38,32,0,0,0,0,0
01,120246888370010097,ACTIVE,80,0.38,20,0,0,0,0,0
01,120235701428420210,ACTIVE,200,0.37,13,0,0,0,0,0
01,120250501589950722,ACTIVE,80,0.36,11,0,0,0,0,0
01,120246647909930752,ACTIVE,60,0.36,12,0,0,0,0,0
01,120246988199610707,ACTIVE,80,0.36,17,0,0,0,0,0
01,120248774655740425,ACTIVE,200,0.35,12,0,0,0,0,0
01,120248304803400065,ACTIVE,50,0.35,10,0,0,0,0,0
01,120248142069690065,ACTIVE,100,0.33,8,0,0,0,0,0
01,120251279954260722,ACTIVE,50,0.32,11,0,0,0,0,0
01,120245889270720065,ACTIVE,40,0.32,15,0,0,0,0,0
01,120252191447820210,ACTIVE,100,0.31,8,0,0,0,0,0
01,120246299672680751,ACTIVE,115,0.3,13,0,0,0,0,0
01,120245288768050788,ACTIVE,200,0.29000000000000004,41,0,0,0,0,0
01,120246717243380752,ACTIVE,100,0.27,5,0,0,0,0,0
01,120242847129030686,ACTIVE,100,0.27,3,1,2,0,0,0
01,120245136181480470,ACTIVE,10,0.25,5,0,0,0,0,0
01,120251509396740651,ACTIVE,20,0.24,3,0,0,0,0,0
01,120248574399540642,ACTIVE,400,0.24,10,0,0,0,0,0
01,120246145189280470,ACTIVE,80,0.23,12,0,0,0,0,0
01,120250445767170166,ACTIVE,30,0.22,10,0,1,0,0,0
01,23857875546260799,ACTIVE,60,0.22,7,0,0,0,0,0
01,120242709811040544,ACTIVE,80,0.22,10,0,0,0,0,0
01,120248734905220544,ACTIVE,80,0.2,13,0,0,0,0,0
01,120249905946700603,ACTIVE,80,0.17,3,0,0,0,0,0
01,120245469696060686,ACTIVE,100,0.17,5,1,1,0,0,0
01,120258265468100586,ACTIVE,30,0.16999999999999998,6,0,0,0,0,0
01,120258018921720586,ACTIVE,25,0.15000000000000002,5,0,1,0,0,0
01,120247242659090097,ACTIVE,80,0.15,19,0,0,0,0,0
01,120248396283420425,ACTIVE,300,0.15,4,0,0,0,0,0
01,120251360834810166,ACTIVE,20,0.15,5,0,0,0,0,0
01,120247652964070586,ACTIVE,25,0.14,3,0,0,0,0,0
01,120244837091050678,ACTIVE,40,0.13,3,0,0,0,0,0
01,120235701428400210,ACTIVE,200,0.13,8,0,1,0,0,0
01,120246987932040677,ACTIVE,124,0.13,4,0,0,0,0,0
01,120247086366420097,ACTIVE,80,0.13,9,0,0,0,0,0
01,120249372436120229,ACTIVE,80,0.12,1,0,0,0,0,0
01,120250331984600019,ACTIVE,50,0.12,6,0,0,0,0,0
01,120252191525360210,ACTIVE,100,0.1,6,0,0,0,0,0
01,120246526262050752,ACTIVE,60,0.1,5,0,2,0,0,0
01,23857730544930799,ACTIVE,60,0.1,4,0,0,0,0,0
01,120250895500810586,ACTIVE,25,0.09,8,0,0,0,0,0
01,120249372436090229,ACTIVE,80,0.09,2,0,0,0,0,0
01,120244428953860686,ACTIVE,100,0.09,1,0,0,0,0,0
01,120248089909210065,ACTIVE,109,0.08,4,0,0,0,0,0
01,120248922585490210,ACTIVE,200,0.07,15,0,0,0,0,0
01,120249244397090229,ACTIVE,80,0.07,9,0,0,0,0,0
01,120245218353240788,ACTIVE,100,0.07,7,0,0,0,0,0
01,120247027817230677,ACTIVE,132,0.07,11,0,0,0,0,0
01,120246787004190097,ACTIVE,63,0.06,2,0,0,0,0,0
01,120249525957160319,ACTIVE,120,0.05,3,1,0,0,0,0
01,120246145506950470,ACTIVE,80,0.05,7,0,0,0,0,0
01,120248180759590065,ACTIVE,100,0.05,6,0,0,0,0,0
01,120251081329460586,ACTIVE,25,0.05,3,0,0,0,0,0
01,120242389399980544,ACTIVE,80,0.05,4,0,0,0,0,0
01,120252045071990166,ACTIVE,30,0.04,2,0,0,0,0,0
01,120245691728160470,ACTIVE,10,0.03,1,0,0,0,0,0
01,120252045071910166,ACTIVE,30,0.03,2,0,0,0,0,0
01,120247547590960642,ACTIVE,129,0.03,2,0,0,0,0,0
01,120249151139280057,ACTIVE,100,0.03,2,0,1,0,0,0
01,120248703982780229,ACTIVE,128,0.02,2,0,0,0,0,0
01,120247881467170731,ACTIVE,80,0.02,2,0,0,0,0,0
01,120251081329560586,ACTIVE,25,0.02,1,0,0,0,0,0
01,120252044915260166,ACTIVE,30,0.02,1,0,0,0,0,0
01,120250332385240019,ACTIVE,50,0.02,2,0,1,0,0,0
01,120242444643470544,ACTIVE,80,0.02,3,0,0,0,0,0
01,120248703982740229,ACTIVE,70,0.02,1,0,0,0,0,0
01,120251659288010166,ACTIVE,30,0.01,1,0,1,0,0,0
01,120247881466900731,ACTIVE,80,0.01,1,0,0,0,0,0
01,120249252046510229,ACTIVE,81,0.01,1,0,0,0,0,0
01,120246716356910752,ACTIVE,100,0.01,2,0,0,0,0,0
01,120251023996480013,ACTIVE,80,0.01,1,0,0,0,0,0
01,120258095185070586,ACTIVE,30,0,6,0,0,0,0,0
01,120248896107110561,PAUSED,198,0,0,0,1,0,0,0
01,120248836066690564,ACTIVE,80,0,0,0,0,0,0,0
01,120248835116390564,ACTIVE,80,0,0,0,0,0,0,0
01,120248835116380564,ACTIVE,80,0,0,0,0,0,0,0
01,120248793038870561,PAUSED,60,0,0,0,0,0,0,0
01,6991557189833,ACTIVE,80,0,0,0,0,0,0,0
01,6997681727026,PAUSED,50,0,0,0,1,0,0,0
01,6998537980426,ACTIVE,50,0,0,0,0,0,0,0
01,120249959384170100,PAUSED,300,0,0,0,0,0,0,0
01,6998537981626,ACTIVE,50,0,0,0,0,0,0,0
01,120246730607380474,ACTIVE,100,0,0,0,1,0,0,0
01,120246730607410474,ACTIVE,100,0,0,0,0,0,0,0
01,120250036356910725,ACTIVE,100,0,0,0,0,0,0,0
01,120250036467370725,ACTIVE,100,0,0,0,0,0,0,0
01,120250036534800725,ACTIVE,100,0,0,0,0,0,0,0
01,120250036566870725,ACTIVE,100,0,0,0,0,0,0,0
01,120250036567540725,ACTIVE,100,0,0,0,0,0,0,0
01,120250036601270725,ACTIVE,100,0,0,0,0,0,0,0
01,120250036601310725,ACTIVE,100,0,0,0,0,0,0,0
01,120250036827420725,ACTIVE,100,0,0,0,0,0,0,0
01,120250036827590725,ACTIVE,100,0,0,0,0,0,0,0
01,120250037062480725,ACTIVE,100,0,0,0,0,0,0,0
01,120250037062790725,ACTIVE,100,0,0,0,0,0,0,0
01,120250037371260725,ACTIVE,100,0,0,0,0,0,0,0
01,120250037371930725,ACTIVE,100,0,0,0,0,0,0,0
01,120246501033230177,ACTIVE,100,0,0,0,0,0,0,0
01,120246841342340173,ACTIVE,100,0,0,0,0,0,0,0
01,120246841342350173,ACTIVE,100,0,0,0,0,0,0,0
01,120246849132070470,ACTIVE,10,0,0,0,0,0,0,0
01,120246928304160752,ACTIVE,100,0,0,0,0,0,0,0
01,120246928447770752,ACTIVE,100,0,0,0,0,0,0,0
01,120246974821800032,PAUSED,100,0,0,0,0,0,0,0
01,120246983939560320,ACTIVE,100,0,0,0,0,0,0,0
01,120246983939620320,ACTIVE,100,0,0,0,0,0,0,0
01,120245996028320179,ACTIVE,100,0,0,0,0,0,0,0
01,120245995754700179,ACTIVE,80,0,0,0,0,0,0,0
01,120245891909090125,ACTIVE,100,0,0,0,0,0,0,0
01,120245873666640686,ACTIVE,80,0,0,0,0,0,0,0
01,120246984113600320,ACTIVE,100,0,0,0,0,0,0,0
01,120245873666620686,ACTIVE,80,0,0,0,0,0,0,0
01,120245873448490686,ACTIVE,80,0,0,0,0,0,0,0
01,120245873447980686,ACTIVE,80,0,0,0,0,0,0,0
01,120245873238540686,ACTIVE,80,0,0,0,0,0,0,0
01,120250941103690577,ACTIVE,100,0,0,0,0,0,0,0
01,120250941148110577,ACTIVE,100,0,0,0,0,0,0,0
01,120250941262850577,ACTIVE,100,0,0,0,0,0,0,0
01,120250941388780577,ACTIVE,100,0,0,0,0,0,0,0
01,120245873238500686,ACTIVE,80,0,0,0,0,0,0,0
01,120245872727450686,ACTIVE,80,0,0,0,0,0,0,0
01,120245872436380686,ACTIVE,80,0,0,0,0,0,0,0
01,120246984113660320,ACTIVE,100,0,0,0,0,0,0,0
01,120245872282920686,ACTIVE,80,0,0,0,0,0,0,0
01,120245871960230686,ACTIVE,80,0,0,0,0,0,0,0
01,120247240715200097,ACTIVE,90,0,3,0,0,0,0,0
01,120248082747970509,ACTIVE,100,0,0,0,0,0,0,0
01,120248082747980509,ACTIVE,100,0,0,0,0,0,0,0
01,120248088366530509,ACTIVE,100,0,0,0,0,0,0,0
01,120248088366590509,ACTIVE,100,0,0,0,0,0,0,0
01,120251815177040651,ACTIVE,80,0,0,0,0,0,0,0
01,120251815177090651,ACTIVE,80,0,0,0,0,0,0,0
01,120248952395230469,ACTIVE,80,0,0,0,0,0,0,0
01,120248952395190469,ACTIVE,80,0,0,0,0,0,0,0
01,120248951282790469,PAUSED,80,0,0,0,0,0,0,0
01,120245241702630470,ACTIVE,10,0,1,0,0,0,0,0
01,120248950107200469,ACTIVE,80,0,0,0,0,0,0,0
01,120248936264740544,ACTIVE,80,0,0,0,0,0,0,0
01,120252802852340054,ACTIVE,100,0,0,0,0,0,0,0
01,120248936264260544,ACTIVE,80,0,0,0,0,0,0,0
01,120255319873560197,ACTIVE,60,0,0,0,0,0,0,0
01,120248935621940544,ACTIVE,80,0,0,0,0,0,0,0
01,120248935555950544,ACTIVE,80,0,0,0,0,0,0,0
01,120248935555890544,ACTIVE,80,0,0,0,0,0,0,0
01,120248935435060544,ACTIVE,80,0,0,0,0,0,0,0
02,120244431777030751,ACTIVE,1700,55.06999999999999,1715,29,38,3,0,0
02,120244694121960146,ACTIVE,1500,38.83,1068,16,24,2,1,75.22
02,120243276755660065,ACTIVE,850,37.58,1263,12,17,2,0,0
02,120246828454030629,ACTIVE,659.1,37.4,849,22,21,3,3,413.35
02,120246670033370677,ACTIVE,800,33.58,1380,11,12,1,1,41.98
02,120245334049540065,ACTIVE,550,32.19,558,20,26,1,0,0
02,120246023777450751,ACTIVE,1200,30.97,801,13,16,2,1,47.14
02,120247762435760509,ACTIVE,300,30.03,482,13,15,1,0,0
02,120246808176070320,ACTIVE,320,29.560000000000002,982,22,25,1,0,0
02,120247633428650725,ACTIVE,1000,29.2,830,9,13,1,0,0
02,120249449512030725,ACTIVE,1000,26.740000000000002,726,17,17,0,0,0
02,120249286682560368,ACTIVE,1000,26.480000000000004,757,6,8,1,1,69.57
02,120244618043630436,ACTIVE,736,24.91,1169,25,27,1,0,0
02,120244761352230455,ACTIVE,425,23.67,612,8,9,1,0,0
02,120249790639400725,ACTIVE,500,21.869999999999997,616,13,11,2,1,49.37
02,120246178929760752,ACTIVE,300,21.41,570,18,17,3,0,0
02,120245380137820707,ACTIVE,300,21.369999999999997,476,16,16,2,1,38.87
02,120251425264570709,ACTIVE,800,21.05,481,12,14,3,1,27.98
02,120245334049460065,ACTIVE,680,21.05,363,12,15,0,0,0
02,120246299672700751,ACTIVE,500,20.73,540,11,12,0,0,0
02,23857661391130799,ACTIVE,60,20.64,185,3,7,2,0,0
02,120248900980910455,ACTIVE,125,20.17,769,18,18,1,0,0
02,120247136451350725,ACTIVE,1000,20.150000000000002,624,10,13,1,0,0
02,120249099626340229,ACTIVE,400,20.099999999999998,222,5,12,0,0,0
02,120243986668280589,ACTIVE,1200,19.970000000000002,594,6,14,2,2,97.88999999999999
02,120245201694370686,ACTIVE,266,19.63,396,11,15,4,3,89.94
02,120248855168720455,ACTIVE,1442,19.6,679,10,9,2,1,84.37
02,120246191098970320,ACTIVE,400,19.490000000000002,914,15,21,2,2,116.09
02,120248455243050455,ACTIVE,366,19.41,814,8,9,0,0,0
02,120244823852300686,ACTIVE,414,19.18,296,9,10,0,0,0
02,120246832758790677,ACTIVE,300,18.55,638,2,4,0,0,0
02,120241066464020065,ACTIVE,470,18.37,869,6,11,2,1,49.52
02,120244761515050455,ACTIVE,550,17.58,519,7,12,0,0,0
02,120246040085600751,ACTIVE,600,17.22,449,6,7,0,0,0
02,120247139480370564,PAUSED,760,16.84,704,7,7,0,0,0
02,120246135738040630,ACTIVE,200,16.83,448,6,9,0,0,0
02,120249433591590100,ACTIVE,300,16.810000000000002,386,2,2,1,0,0
02,120246961169180241,ACTIVE,350,16.6,223,5,6,0,0,0
02,120244480112510436,ACTIVE,354,16.48,648,10,8,0,0,0
02,120246273720740455,ACTIVE,365,16.189999999999998,457,13,17,1,0,0
02,120250941388780577,ACTIVE,100,15.88,379,4,7,1,0,0
02,120245980788570752,ACTIVE,600,15.73,546,14,17,3,1,42.97
02,120244963676310686,ACTIVE,500,15.65,339,6,6,0,0,0
02,120239930892250650,ACTIVE,300,15.57,269,11,17,1,1,64.27
02,120248935571390455,ACTIVE,132,15.54,184,3,5,0,0,0
02,120249999663730100,ACTIVE,87,15.09,318,5,6,2,1,51.27
02,120245049415260032,ACTIVE,200,14.889999999999999,319,8,10,2,2,85.94
02,120247304965600477,ACTIVE,100,14.420000000000002,136,3,3,1,1,29.98
02,120245972443720177,ACTIVE,240,14.360000000000001,265,5,9,1,0,0
02,120250789469770586,ACTIVE,300,14.270000000000001,441,11,16,2,1,49.37
02,120246791587200455,ACTIVE,363,14.17,221,9,10,0,1,127.80999999999999
02,120246958716590420,ACTIVE,80,14.120000000000001,245,3,7,1,0,0
02,120248956379790695,ACTIVE,250,14.1,419,10,11,1,0,0
02,120246843148820752,ACTIVE,100,14.08,253,0,8,1,0,0
02,120247219674070214,ACTIVE,300,14.04,364,13,13,2,1,21.98
02,120247762683780509,ACTIVE,100,13.600000000000001,168,4,5,0,0,0
02,120245250322490642,ACTIVE,300,13.28,289,5,6,1,1,92.3
02,120244761233710455,ACTIVE,951,13.19,419,7,14,0,0,0
02,120249754760810019,ACTIVE,300,13.15,317,7,9,0,0,0
02,120251997674660404,ACTIVE,50,13.15,176,8,8,1,1,74.94
02,120241119247090090,ACTIVE,135,12.879999999999999,258,6,7,0,0,0
02,120244813153430146,ACTIVE,100,12.84,343,2,2,0,0,0
02,120247073165120090,ACTIVE,455,12.790000000000001,290,7,7,0,0,0
02,120246024108390751,ACTIVE,500,12.58,248,2,7,1,1,41.97
02,120247547642310642,ACTIVE,550,12.45,269,5,6,0,0,0
02,120250285289280319,ACTIVE,300,12.45,324,8,7,0,0,0
02,120248816066710425,ACTIVE,135,12.43,182,4,5,1,0,0
02,120249020545550389,ACTIVE,100,12.33,622,20,18,5,1,46.410000000000004
02,120250927961290577,ACTIVE,88,12.18,156,8,10,0,0,0
02,120251792579640709,ACTIVE,150,12.17,256,6,8,1,1,27.98
02,120249924975860100,ACTIVE,300,11.93,361,10,9,0,0,0
02,120245514271740065,ACTIVE,195,11.870000000000001,261,5,7,3,1,67.9
02,120247813589740175,ACTIVE,88,11.75,236,4,4,0,0,0
02,120249573023870116,ACTIVE,100,11.36,128,7,6,1,1,109.96000000000001
02,120242031621370065,ACTIVE,229,11.33,343,6,10,0,0,0
02,120246024108440751,ACTIVE,345,11.3,330,8,9,0,0,0
02,120249769757470663,ACTIVE,100,11.219999999999999,128,6,8,1,1,66.02
02,120249350798870024,ACTIVE,170,11.139999999999999,174,5,7,1,1,28.98
02,120247656345750477,ACTIVE,90,11.129999999999999,154,5,5,1,0,0
02,120248560991980642,ACTIVE,123,11.07,256,7,6,2,1,161.44
02,120249120674110404,ACTIVE,500,11.05,228,5,6,0,0,0
02,120248574399590642,ACTIVE,360,10.919999999999998,338,5,5,0,0,0
02,120251729529810709,ACTIVE,80,10.91,202,4,1,0,0,0
02,120248942534290561,ACTIVE,88,10.84,188,3,5,0,0,0
02,120248816066690425,ACTIVE,135,10.780000000000001,193,3,4,0,0,0
02,120242389399980544,ACTIVE,80,10.67,187,2,4,2,2,75.5
02,52507897153499,ACTIVE,200,10.6,234,5,5,0,0,0
02,120248064986340303,ACTIVE,80,10.58,126,6,6,0,0,0
02,120246489541740177,ACTIVE,88,10.43,160,3,4,0,0,0
02,120250722702450019,ACTIVE,300,10.309999999999999,215,9,8,0,0,0
02,120248012782330065,ACTIVE,155,10.290000000000001,301,3,4,0,1,29.979999999999997
02,23857922203430799,ACTIVE,80,10.28,116,3,4,0,0,0
02,120248850201930065,ACTIVE,94,10.27,180,5,6,0,0,0
02,120247023495570032,ACTIVE,77,10.260000000000002,200,7,7,2,0,0
02,120248204610010425,ACTIVE,292,10.25,255,4,6,0,0,0
02,120246299721480751,ACTIVE,325,10.24,263,8,7,0,0,0
02,120244691564680146,ACTIVE,190,10.1,313,3,3,0,0,0
02,120247322669120509,ACTIVE,100,10.06,301,11,8,0,0,0
02,120252004965950404,ACTIVE,80,10.05,102,1,1,1,1,41.980000000000004
02,120243508760940146,ACTIVE,143,9.92,255,7,5,1,1,41.980000000000004
02,120247746970390291,ACTIVE,380,9.879999999999999,205,9,8,0,0,0
02,120248781054210455,ACTIVE,193,9.83,160,5,9,1,0,0
02,120246338028120241,ACTIVE,420,9.78,472,8,8,0,0,0
02,120249935914370589,ACTIVE,156,9.74,210,5,8,0,0,0
02,120247842047430214,ACTIVE,160,9.71,166,2,2,0,0,0
02,120245867488410686,ACTIVE,80,9.69,166,2,3,2,1,29.979999999999997
02,120251254946790722,ACTIVE,80,9.68,187,3,4,1,0,0
02,120248942534210561,ACTIVE,88,9.66,187,6,6,0,0,0
02,120252510041540210,ACTIVE,130,9.649999999999999,172,2,4,1,0,0
02,120245414486280678,ACTIVE,105,9.64,151,6,6,0,0,0
02,120246615285450642,ACTIVE,360,9.64,344,6,5,0,0,0
02,120247081513990707,ACTIVE,80,9.6,163,2,2,0,0,0
02,120248547360230544,ACTIVE,80,9.58,308,2,5,0,0,0
02,120248663282340642,ACTIVE,121,9.46,170,3,3,0,0,0
02,120244860107220146,ACTIVE,100,9.41,173,3,4,1,0,0
02,120247023495510032,ACTIVE,77,9.41,210,8,9,2,0,0
02,120246716356910752,ACTIVE,100,9.4,175,2,4,0,0,0
02,120242709811040544,ACTIVE,80,9.370000000000001,209,0,2,0,0,0
02,120246402943010533,ACTIVE,100,9.370000000000001,505,17,18,2,0,0
02,120245031811820436,ACTIVE,176,9.339999999999998,222,5,7,0,0,0
02,120246902225450241,ACTIVE,184,9.17,492,12,12,1,0,0
02,120245750135880686,ACTIVE,80,9.09,129,5,5,1,1,152.35000000000002
02,120247242677700097,ACTIVE,80,9.07,165,9,9,0,0,0
02,120251997601000404,ACTIVE,80,9.049999999999999,118,7,7,0,0,0
02,52510314020499,ACTIVE,80,9.010000000000002,118,7,9,1,0,0
02,120250602380290653,ACTIVE,80,9,135,1,2,0,0,0
02,120247797697910629,ACTIVE,127,8.91,125,1,3,0,0,0
02,120249861202960589,ACTIVE,100,8.879999999999999,102,2,2,0,0,0
02,120248935571310455,ACTIVE,132,8.75,216,6,7,0,0,0
02,120245642739620125,ACTIVE,200,8.75,224,3,5,0,0,0
02,120247081513920707,ACTIVE,80,8.73,163,1,1,0,0,0
02,120244017128390686,ACTIVE,100,8.719999999999999,131,4,6,0,0,0
02,120245468846710436,ACTIVE,100,8.690000000000001,340,8,7,0,0,0
02,120247813589660175,ACTIVE,88,8.67,185,2,4,0,0,0
02,120250011342400589,ACTIVE,200,8.67,210,5,8,0,0,0
02,120246899498920707,ACTIVE,170,8.649999999999999,217,7,6,0,0,0
02,120247775015280090,ACTIVE,136,8.61,219,6,5,0,0,0
02,120250946852160368,ACTIVE,170,8.56,274,4,3,1,1,69.57
02,120248615909580019,ACTIVE,50,8.55,123,2,3,0,0,0
02,120248074857810509,ACTIVE,100,8.54,240,4,4,1,0,0
02,120247378425210561,ACTIVE,380,8.489999999999998,261,6,3,0,0,0
02,120247504003780425,ACTIVE,200,8.44,150,3,4,0,0,0
02,120248072969470389,ACTIVE,162,8.42,332,6,7,0,0,0
02,120246944968380016,ACTIVE,100,8.41,113,5,6,0,0,0
02,120245867488480686,ACTIVE,80,8.34,133,6,8,0,0,0
02,120245601115910436,ACTIVE,121,8.31,236,2,1,0,0,0
02,120250722702390019,ACTIVE,100,8.25,129,3,3,0,0,0
02,120248288633070389,ACTIVE,131,8.25,277,6,8,0,0,0
02,120245899907660065,ACTIVE,115,8.209999999999999,134,7,8,1,0,0
02,120248074858010509,ACTIVE,100,8.2,224,7,7,0,0,0
02,120246489541800177,ACTIVE,88,8.190000000000001,171,5,5,0,0,0
02,120250790045220586,ACTIVE,300,8.190000000000001,278,1,7,1,0,0
02,120244771837290544,ACTIVE,100,8.19,251,4,4,0,0,0
02,120247974813980642,ACTIVE,178,8.16,257,1,2,0,0,0
02,120247242699440097,ACTIVE,80,8.15,169,0,1,0,0,0
02,120244471201780129,ACTIVE,100,8.14,293,9,9,3,0,0
02,120243753190540054,ACTIVE,101,8.07,246,3,3,0,0,0
02,120249443467080663,ACTIVE,225,8.07,172,5,5,0,0,0
02,120248733557160126,ACTIVE,89,8.04,169,1,1,0,0,0
02,120250277765570319,ACTIVE,120,7.99,240,6,7,0,0,0
02,120249135138850389,ACTIVE,82,7.970000000000001,230,9,8,0,0,0
02,120246465900910677,ACTIVE,100,7.96,176,6,4,3,2,191.16
02,120248924408910544,ACTIVE,87,7.96,196,6,5,0,0,0
02,120241596259880509,ACTIVE,136,7.930000000000001,399,6,7,1,1,34.98
02,120251641307880427,ACTIVE,100,7.859999999999999,198,5,4,0,0,0
02,120248663282560642,ACTIVE,121,7.85,198,4,6,0,0,0
02,120246808538770320,ACTIVE,340,7.819999999999999,385,7,8,0,0,0
02,120249534302910127,ACTIVE,100,7.800000000000001,102,1,1,0,0,0
02,120249135138590389,ACTIVE,82,7.77,254,6,6,0,0,0
02,23857730544930799,ACTIVE,60,7.77,111,2,3,0,0,0
02,120248574839550695,ACTIVE,243,7.73,349,9,8,1,0,0
02,120246928620620752,ACTIVE,100,7.71,200,4,5,0,0,0
02,120246832874220677,ACTIVE,100,7.7,207,0,1,0,0,0
02,120245469696040686,ACTIVE,100,7.67,105,3,2,1,1,51.21
02,120250602380270653,ACTIVE,80,7.67,115,0,3,0,0,0
02,120245899907890065,ACTIVE,115,7.64,125,6,7,0,0,0
02,120241671273870455,ACTIVE,136,7.630000000000001,194,6,6,0,0,0
02,120247797697940629,ACTIVE,127,7.619999999999999,138,2,5,1,0,0
02,120245279293750436,ACTIVE,100,7.61,293,10,9,0,0,0
02,120246295022110630,ACTIVE,87,7.53,255,7,5,0,0,0
02,120245400790120686,ACTIVE,500,7.5200000000000005,124,2,4,1,0,0
02,120250927961350577,ACTIVE,88,7.52,181,4,5,0,0,0
02,120246730607410474,ACTIVE,100,7.52,91,1,1,0,0,0
02,120246971703280320,ACTIVE,111,7.49,151,7,9,1,0,0
02,120246299721450751,ACTIVE,195,7.49,113,6,6,0,0,0
02,120248616763790065,ACTIVE,170,7.47,281,8,7,0,0,0
02,120248911416770577,ACTIVE,101,7.45,174,7,8,1,0,0
02,120247601538900425,ACTIVE,210,7.42,127,3,3,1,1,39.98
02,120250949770940013,ACTIVE,200,7.380000000000001,203,10,8,0,0,0
02,120246717243380752,ACTIVE,100,7.38,164,2,4,0,0,0
02,120249205526520431,ACTIVE,130,7.359999999999999,134,1,1,0,0,0
02,120249999663760100,ACTIVE,87,7.23,168,5,5,1,1,24.98
02,120247604074910006,ACTIVE,120,7.220000000000001,192,1,1,0,0,0
02,120249711938850319,ACTIVE,320,7.22,166,5,6,0,0,0
02,120250598801610019,ACTIVE,50,7.22,122,6,7,0,0,0
02,120249826842030100,ACTIVE,80,7.17,144,9,11,1,1,26.32
02,120247751923180214,ACTIVE,135,7.119999999999999,136,1,2,1,1,37.269999999999996
02,120242301213710065,ACTIVE,550,7.109999999999999,266,4,5,1,1,29.98
02,120244860114440146,ACTIVE,100,7.09,147,2,3,1,1,106.71000000000001
02,120245601119150436,ACTIVE,121,7.09,318,7,7,0,0,0
02,120247027817250677,ACTIVE,132,7.06,283,3,5,1,1,70.02
02,120244164847370788,ACTIVE,10,7.030000000000001,119,3,2,0,0,0
02,120246206879950630,ACTIVE,200,7.029999999999999,386,9,9,1,0,0
02,120245518803430436,ACTIVE,120,7.01,230,3,4,1,1,129.46
02,52510314021699,ACTIVE,80,6.960000000000001,102,2,2,0,0,0
02,120247604074940006,ACTIVE,80,6.96,159,5,4,0,0,0
02,120251355803580722,ACTIVE,80,6.95,75,3,4,0,0,0
02,120251526641040368,ACTIVE,80,6.93,178,8,8,0,0,0
02,120247905027970090,ACTIVE,130,6.91,116,3,4,0,0,0
02,120249553547110663,ACTIVE,100,6.9,126,3,4,0,0,0
02,120247881466900731,ACTIVE,80,6.890000000000001,67,0,0,0,0,0
02,120247649190890629,ACTIVE,101,6.86,197,4,4,0,0,0
02,120250597528860019,ACTIVE,50,6.85,124,2,5,1,1,51.22
02,120249229589700695,ACTIVE,60,6.8100000000000005,124,2,1,0,0,0
02,120244717752490146,ACTIVE,100,6.7700000000000005,153,0,0,0,0,0
02,120242746886630788,ACTIVE,10,6.76,74,1,1,1,0,0
02,120246131739110780,ACTIVE,80,6.74,157,7,7,0,0,0
02,120250122186270319,ACTIVE,200,6.7299999999999995,220,7,7,1,0,0
02,120247041421470241,ACTIVE,125,6.710000000000001,232,6,5,0,0,0
02,120247242699500097,ACTIVE,80,6.71,172,0,0,0,0,0
02,120249161498720431,ACTIVE,220,6.69,189,2,2,0,0,0
02,120246295022080630,ACTIVE,87,6.68,167,5,5,0,0,0
02,120249312707920431,ACTIVE,130,6.68,187,2,2,0,0,0
02,120255021163250197,ACTIVE,60,6.65,165,5,6,0,0,0
02,120247680102270175,ACTIVE,322,6.56,407,4,6,0,0,0
02,120244809629870146,ACTIVE,100,6.53,178,7,8,0,0,0
02,120245119189080630,ACTIVE,90,6.49,183,4,4,1,0,0
02,120246896356140032,ACTIVE,75,6.39,146,5,6,1,0,0
02,120244824816070686,ACTIVE,80,6.38,53,1,1,0,0,0
02,120247881467170731,ACTIVE,80,6.37,65,2,2,1,1,71.21
02,120247534964830642,ACTIVE,106,6.37,114,1,3,0,0,0
02,120246641477400320,ACTIVE,100,6.35,184,4,4,0,0,0
02,120246286465380752,ACTIVE,300,6.340000000000001,245,3,3,0,0,0
02,120248707088740065,ACTIVE,94,6.33,139,0,1,0,0,0
02,120248743407360065,ACTIVE,280,6.33,236,4,5,2,0,0
02,120249372477380229,ACTIVE,80,6.289999999999999,300,12,11,0,0,0
02,6991557191633,ACTIVE,80,6.279999999999999,79,2,4,1,0,0
02,120251412553340368,ACTIVE,100,6.26,158,3,3,0,0,0
02,120246808108970320,ACTIVE,120,6.220000000000001,211,2,3,0,0,0
02,120249285560020695,ACTIVE,80,6.21,145,1,3,0,0,0
02,120249372477220229,ACTIVE,200,6.2,185,10,12,1,1,46.37
02,120247483185600629,ACTIVE,100,6.19,97,0,1,1,1,89.37
02,120245687813040097,ACTIVE,150,6.18,155,4,6,0,0,0
02,120249286765290368,ACTIVE,200,6.13,131,2,2,0,0,0
02,120249775050340127,ACTIVE,100,6.129999999999999,84,2,3,0,0,0
02,120252632781610210,ACTIVE,116,6.09,155,1,2,0,0,0
02,120245889270610065,ACTIVE,40,6.08,117,1,2,1,1,49.519999999999996
02,120245205078130630,ACTIVE,134,6.08,212,7,5,1,1,49.97
02,120246922785370320,ACTIVE,110,6.08,202,2,3,0,0,0
02,120243951377020125,ACTIVE,150,6.07,157,7,8,1,0,0
02,120246299672740751,ACTIVE,195,6.05,164,5,8,0,0,0
02,120245848127430707,ACTIVE,200,6.0200000000000005,168,6,7,0,0,0
02,120246971703290320,ACTIVE,111,6.010000000000001,243,1,1,0,0,0
02,120245251316060477,ACTIVE,100,5.98,124,5,6,1,1,29.980000000000004
02,120247653059200586,ACTIVE,300,5.97,105,1,2,1,1,49.37
02,120246931507190320,ACTIVE,120,5.93,178,6,8,0,0,0
02,120247763989950629,ACTIVE,100,5.93,43,0,1,0,0,0
02,120242444643470544,ACTIVE,80,5.91,155,0,2,0,0,0
02,120249523562880116,ACTIVE,101,5.9,137,4,4,0,0,0
02,120246219468190177,ACTIVE,100,5.890000000000001,125,4,7,0,0,0
02,120244761869100436,ACTIVE,100,5.89,256,6,5,0,0,0
02,120246680736770533,ACTIVE,70,5.85,199,2,3,0,0,0
02,120247114934220455,ACTIVE,100,5.82,83,5,5,0,0,0
02,120244880653330686,ACTIVE,114,5.79,102,3,5,0,0,0
02,120248703982780229,ACTIVE,128,5.77,69,2,2,0,0,0
02,120247640140740006,ACTIVE,60,5.75,110,2,2,0,0,0
02,120247680373230629,ACTIVE,200,5.71,86,1,1,0,0,0
02,120245762437280686,ACTIVE,80,5.699999999999999,100,1,1,0,0,0
02,120246754801740509,ACTIVE,100,5.66,208,1,3,1,1,29.98
02,120246668892520032,PAUSED,100,5.66,187,6,6,0,0,0
02,120244813077130146,ACTIVE,100,5.66,90,4,3,0,0,0
02,120249300729750589,ACTIVE,200,5.609999999999999,179,6,3,0,0,0
02,120247574213440453,ACTIVE,80,5.58,71,2,2,0,0,0
02,120248850201850065,ACTIVE,94,5.57,140,4,5,1,1,49.52
02,120248074108720509,ACTIVE,101,5.5600000000000005,144,2,4,1,1,87.42
02,120247594535460629,ACTIVE,80,5.5600000000000005,104,2,1,0,0,0
02,120248556140990663,ACTIVE,150,5.56,77,6,5,0,0,0
02,120248755684290455,ACTIVE,455,5.53,186,6,8,0,0,0
02,120246865117370320,ACTIVE,100,5.53,130,0,1,0,0,0
02,120248809099210431,ACTIVE,130,5.5200000000000005,144,1,4,0,0,0
02,120244978756050678,ACTIVE,100,5.51,156,1,2,0,0,0
02,52509221202099,ACTIVE,100,5.51,87,1,2,0,0,0
02,120245923045620168,ACTIVE,100,5.5,117,2,5,0,0,0
02,120248613615540642,ACTIVE,120,5.49,122,3,4,0,0,0
02,120246733877000065,ACTIVE,80,5.470000000000001,99,1,3,0,0,0
02,120243117326020544,ACTIVE,80,5.470000000000001,138,1,1,0,0,0
02,120250331984600019,ACTIVE,50,5.46,128,4,3,0,0,0
02,120251023996520013,ACTIVE,80,5.46,122,4,6,1,0,0
02,120246501033230177,ACTIVE,100,5.45,89,1,1,0,0,0
02,120248074108770509,ACTIVE,101,5.36,156,4,3,1,0,0
02,6991557189833,ACTIVE,80,5.35,59,0,0,0,0,0
02,120240258763950179,ACTIVE,240,5.32,245,5,5,0,0,0
02,120248596343100048,ACTIVE,300,5.3,108,7,5,1,0,0
02,120248895002670168,ACTIVE,100,5.27,90,1,2,0,0,0
02,120246733901990065,ACTIVE,80,5.24,89,3,2,0,0,0
02,120246693068060097,ACTIVE,150,5.18,263,5,5,0,0,0
02,120244302440310146,ACTIVE,100,5.17,103,7,5,0,0,0
02,120246961169220241,ACTIVE,100,5.17,69,0,0,0,0,0
02,120246730607380474,ACTIVE,100,5.16,114,3,4,1,0,0
02,120248645284270152,ACTIVE,300,5.15,261,6,5,0,0,0
02,120245283264760677,ACTIVE,158,5.1499999999999995,149,1,1,0,0,0
02,120248731496840561,ACTIVE,80,5.13,89,3,3,0,0,0
02,120249932839280725,ACTIVE,100,5.13,136,2,2,0,0,0
02,120245694161990686,ACTIVE,100,5.09,102,3,5,1,0,0
02,120249347498540100,ACTIVE,100,5.08,147,2,4,0,0,0
02,120246104094940650,ACTIVE,156,5.050000000000001,81,2,1,0,0,0
02,120237484145990455,ACTIVE,445,5.029999999999999,190,3,5,0,0,0
02,120248536188000100,ACTIVE,300,5.01,123,2,2,0,0,0
02,120248854598290455,ACTIVE,422,5,323,2,2,0,0,0
02,120248082904030663,ACTIVE,150,5,101,4,3,0,0,0
02,120248218451590126,ACTIVE,180,4.9399999999999995,111,4,3,0,0,0
02,120245750135860686,ACTIVE,80,4.91,81,0,0,0,0,0
02,120249790953950725,ACTIVE,500,4.9,191,2,2,1,1,28.98
02,120251979136820210,ACTIVE,100,4.88,92,1,1,0,0,0
02,120249229589770695,ACTIVE,60,4.86,144,6,5,1,1,96.75
02,120256572736650586,ACTIVE,25,4.859999999999999,108,1,2,1,0,0
02,120248019379260509,ACTIVE,100,4.859999999999999,199,2,2,0,0,0
02,120247972395030043,ACTIVE,200,4.83,74,3,6,0,0,0
02,120250332385240019,ACTIVE,50,4.82,70,3,4,0,0,0
02,120246891334500677,PAUSED,100,4.720000000000001,120,1,1,0,0,0
02,120246733902040065,ACTIVE,80,4.72,112,0,3,0,0,0
02,120244581811200686,ACTIVE,80,4.71,101,4,4,0,0,0
02,120252632781750210,ACTIVE,116,4.71,177,0,0,0,0,0
02,120248721782100425,ACTIVE,100,4.7,112,2,1,0,0,0
02,120251648714800651,ACTIVE,100,4.6899999999999995,122,3,3,0,0,0
02,120245218353210788,ACTIVE,150,4.68,99,3,4,0,0,0
02,120245821334080686,ACTIVE,80,4.68,62,2,3,1,1,51.209999999999994
02,120247910668550509,ACTIVE,70,4.68,153,0,0,0,0,0
02,120244302719050146,ACTIVE,100,4.66,73,7,6,0,0,0
02,120250598762660019,ACTIVE,50,4.66,120,6,6,0,0,0
02,120246984113660320,ACTIVE,100,4.63,122,1,1,0,0,0
02,120248430661490642,ACTIVE,100,4.52,96,0,4,0,0,0
02,120249819292400663,ACTIVE,50,4.52,57,1,1,0,0,0
02,120247763951080629,ACTIVE,100,4.5,89,0,0,0,0,0
02,120249932645040725,ACTIVE,100,4.49,85,2,1,0,0,0
02,120246891215890677,ACTIVE,200,4.489999999999999,154,0,0,0,0,0
02,120245642739820125,ACTIVE,80,4.45,55,1,3,0,0,0
02,120248019824720509,ACTIVE,100,4.43,124,3,2,1,1,34.98
02,120247640140770006,ACTIVE,60,4.42,101,0,0,0,0,0
02,120258251274600586,ACTIVE,100,4.41,80,4,4,0,0,0
02,120248862675940229,ACTIVE,116,4.37,62,5,3,0,0,0
02,120247768374650175,ACTIVE,88,4.37,120,5,3,1,0,0
02,120249271283030695,ACTIVE,120,4.37,113,2,4,0,0,0
02,120245468762000436,ACTIVE,100,4.34,187,1,2,0,0,0
02,120245840085840780,ACTIVE,80,4.31,105,3,1,0,0,0
02,120245346459390436,ACTIVE,100,4.26,153,3,4,0,0,0
02,120245821334190686,ACTIVE,80,4.24,77,1,2,0,0,0
02,120246382556450462,ACTIVE,100,4.220000000000001,75,1,1,0,0,0
02,120245514271720065,ACTIVE,115,4.21,97,3,6,1,1,49.51
02,120244802271840788,ACTIVE,200,4.21,97,2,2,1,1,65.95
02,120246987931990677,ACTIVE,124,4.21,80,2,2,0,0,0
02,120258332094910586,ACTIVE,30,4.18,80,3,2,0,0,0
02,120240277268100097,ACTIVE,80,4.12,110,2,2,0,0,0
02,120250941148110577,ACTIVE,100,4.1,67,0,1,0,0,0
02,120246452282830177,ACTIVE,100,4.05,59,1,2,0,0,0
02,120246570408620477,ACTIVE,100,4.05,67,2,2,1,0,0
02,120248703982740229,ACTIVE,70,4.0200000000000005,47,1,1,0,0,0
02,120249244397130229,ACTIVE,71,3.9699999999999998,136,4,3,1,1,49.97
02,120250429792780057,ACTIVE,100,3.9400000000000004,58,6,4,2,1,41.98
02,120246988199610707,ACTIVE,80,3.92,32,0,0,0,0,0
02,120247872427130090,ACTIVE,125,3.85,63,1,1,0,0,0
02,120244623292210146,ACTIVE,100,3.83,85,1,2,0,0,0
02,120251641307760427,ACTIVE,100,3.8200000000000003,83,1,0,0,0,0
02,120246070715810752,ACTIVE,100,3.82,101,3,5,0,0,0
02,120245833042190630,ACTIVE,161,3.8000000000000003,50,1,1,0,0,0
02,120247242659090097,ACTIVE,80,3.8,107,1,1,1,1,111.45
02,120248500573340642,ACTIVE,100,3.79,73,0,0,0,0,0
02,120248129647190303,ACTIVE,80,3.7800000000000002,66,3,3,1,1,26.98
02,120246989238160707,ACTIVE,80,3.75,59,0,1,0,0,0
02,120245411773560436,ACTIVE,100,3.6900000000000004,182,4,4,0,0,0
02,120244694492240146,ACTIVE,500,3.69,147,3,3,0,0,0
02,120244242496990780,ACTIVE,100,3.67,85,3,3,1,1,25.97
02,120249005372660589,ACTIVE,202,3.66,93,0,0,0,0,0
02,120258483603300586,ACTIVE,30,3.6,103,3,2,0,0,0
02,120246985309150320,ACTIVE,100,3.57,130,4,5,0,0,0
02,120246615285510642,ACTIVE,200,3.56,125,4,5,0,0,0
02,120249140601980100,PAUSED,300,3.51,52,1,1,0,0,0
02,120248019825220509,ACTIVE,100,3.46,114,1,1,0,0,0
02,120242694742870146,ACTIVE,100,3.46,110,2,3,0,0,0
02,120248304803930065,ACTIVE,50,3.46,80,2,1,0,0,0
02,120257843668740586,ACTIVE,25,3.41,101,2,2,0,0,0
02,120245288768050788,ACTIVE,200,3.3899999999999997,94,0,1,0,0,0
02,120252090042790210,ACTIVE,90,3.38,64,0,1,0,0,0
02,120248760611910469,ACTIVE,100,3.37,106,0,0,0,0,0
02,120250941262850577,ACTIVE,100,3.37,101,0,0,0,0,0
02,120248512806040048,ACTIVE,300,3.35,69,2,3,0,0,0
02,120258480879500586,ACTIVE,30,3.35,63,2,2,0,0,0
02,120246777020580470,ACTIVE,90,3.3099999999999996,203,1,2,0,0,0
02,120250186073510319,ACTIVE,200,3.3,107,2,2,0,0,0
02,120258091126130586,ACTIVE,25,3.2800000000000002,55,2,1,0,0,0
02,120247967797490509,ACTIVE,100,3.26,106,1,2,0,0,0
02,120246778088510470,ACTIVE,80,3.24,82,4,4,0,0,0
02,120251997719170404,ACTIVE,50,3.2300000000000004,40,0,1,0,0,0
02,120251354404600722,ACTIVE,68,3.23,85,3,2,1,1,22.98
02,120249498266450589,ACTIVE,200,3.2199999999999998,89,0,0,0,0,0
02,120246843188440752,ACTIVE,300,3.21,142,3,2,0,0,0
02,120245481989400065,ACTIVE,40,3.2,90,1,2,0,0,0
02,120247594535930629,ACTIVE,200,3.1999999999999997,95,5,5,0,0,0
02,120258251274670586,ACTIVE,100,3.19,54,2,2,0,0,0
02,120251789041250404,ACTIVE,80,3.19,49,2,2,1,1,120.69999999999999
02,120246299721620751,ACTIVE,68,3.1799999999999997,59,0,0,0,0,0
02,120244643680750544,ACTIVE,200,3.16,81,1,2,0,0,0
02,120249790639140725,ACTIVE,100,3.13,79,1,2,0,0,0
02,120247483438030453,ACTIVE,80,3.09,70,2,3,0,0,0
02,120251641307630427,ACTIVE,100,3.09,76,1,3,0,0,0
02,120246733876960065,ACTIVE,80,3.08,58,1,2,0,0,0
02,120246259925420674,ACTIVE,100,3.05,53,2,2,1,1,48.52
02,120245824562960686,ACTIVE,80,3.04,37,1,2,0,0,0
02,120249060988170152,ACTIVE,71,3.02,217,5,5,0,0,0
02,120248652996470564,ACTIVE,100,2.97,113,3,3,0,0,0
02,120247293642140642,ACTIVE,200,2.96,94,0,1,0,0,0
02,120251792579690709,ACTIVE,80,2.96,38,3,3,0,0,0
02,120248764599250589,ACTIVE,100,2.95,178,4,3,0,0,0
02,120247645229990642,ACTIVE,100,2.92,65,0,2,0,0,0
02,120249115231040100,ACTIVE,100,2.91,61,0,0,0,0,0
02,120244452501840146,ACTIVE,100,2.91,127,1,4,1,0,0
02,120246206880100630,ACTIVE,75,2.9099999999999997,123,0,0,0,0,0
02,120249244397090229,ACTIVE,80,2.8899999999999997,98,0,1,0,0,0
02,120250623695570057,PAUSED,100,2.85,12,3,3,1,1,130.75
02,120248653398340564,ACTIVE,80,2.82,93,2,3,0,0,0
02,120245198116820177,ACTIVE,100,2.73,49,0,2,0,0,0
02,120249905946720603,ACTIVE,80,2.72,37,0,1,0,0,0
02,120235336090360210,ACTIVE,200,2.71,79,2,1,0,0,0
02,120258480988040586,ACTIVE,30,2.67,66,1,1,0,0,0
02,120248539964750462,ACTIVE,60,2.63,56,0,1,0,0,0
02,120240174929900097,ACTIVE,80,2.63,77,0,0,0,0,0
02,120258483603970586,ACTIVE,30,2.62,104,0,0,0,0,0
02,120247897089530291,ACTIVE,300,2.57,61,3,4,1,0,0
02,120245306349070462,ACTIVE,100,2.56,68,4,3,0,0,0
02,120247041237780707,ACTIVE,80,2.53,71,1,2,0,0,0
02,120249017857580389,ACTIVE,81,2.52,92,5,4,0,0,0
02,120247597780010751,ACTIVE,40,2.52,61,2,2,0,0,0
02,120246471244780065,ACTIVE,229,2.52,77,1,0,0,1,31.12
02,120250639973280577,ACTIVE,200,2.5,48,1,2,0,0,0
02,120248721753290425,ACTIVE,100,2.5,54,0,0,0,0,0
02,120258480879210586,ACTIVE,30,2.47,60,0,0,0,0,0
02,120247243211880097,ACTIVE,80,2.46,154,2,2,0,0,0
02,120250769000920577,ACTIVE,88,2.46,84,1,1,0,0,0
02,120248834293700564,ACTIVE,80,2.45,93,3,3,1,0,0
02,120249285560280695,ACTIVE,80,2.44,95,0,0,0,0,0
02,120250623625120057,ACTIVE,100,2.4299999999999997,43,3,3,0,0,0
02,120246701172200677,ACTIVE,100,2.4299999999999997,63,0,0,0,0,0
02,120248894746240561,ACTIVE,80,2.42,82,1,3,0,0,0
02,120245898153970179,ACTIVE,80,2.36,63,0,0,0,0,0
02,120244761091850146,ACTIVE,100,2.35,82,1,5,2,1,41.98
02,120245481989440065,ACTIVE,40,2.35,82,3,3,0,0,0
02,120244813179240146,ACTIVE,100,2.3499999999999996,52,1,1,0,0,0
02,120242301213170065,ACTIVE,300,2.33,107,0,0,0,0,0
02,120246296875230177,ACTIVE,100,2.31,38,2,1,0,0,0
02,120246299672680751,ACTIVE,115,2.3,81,1,1,0,0,0
02,120245229678820678,ACTIVE,100,2.3,60,0,0,0,0,0
02,120248538003950544,ACTIVE,80,2.28,55,2,2,0,0,0
02,120246924316430241,ACTIVE,100,2.25,85,1,1,0,0,0
02,120248889381040455,ACTIVE,131,2.25,121,2,2,0,0,0
02,120246988043980707,ACTIVE,130,2.24,53,1,1,0,0,0
02,120252454563420054,ACTIVE,100,2.24,44,0,1,0,0,0
02,120251997651590404,ACTIVE,50,2.2199999999999998,55,1,0,0,0,0
02,120247583319740586,ACTIVE,100,2.21,58,0,1,0,0,0
02,120251781902380045,ACTIVE,100,2.2,28,1,1,0,0,0
02,120251063106910166,ACTIVE,100,2.19,89,3,3,0,0,0
02,120251081329560586,ACTIVE,25,2.18,12,0,0,0,0,0
02,120246996532800241,ACTIVE,100,2.1799999999999997,154,0,1,0,0,0
02,120243205951310642,ACTIVE,114,2.17,68,0,1,0,0,0
02,120248707088790065,ACTIVE,94,2.17,70,2,1,1,0,0
02,120246716035470470,ACTIVE,75,2.17,63,1,0,0,0,0
02,120248207466280561,ACTIVE,60,2.14,54,3,3,0,0,0
02,120250895500810586,ACTIVE,25,2.12,50,0,0,0,0,0
02,120258403990710586,ACTIVE,30,2.12,43,0,0,0,0,0
02,120249360920670725,ACTIVE,100,2.1100000000000003,51,3,4,1,0,0
02,120252337543140054,ACTIVE,60,2.11,63,1,1,0,0,0
02,120245339157220686,ACTIVE,149,2.01,37,0,0,0,0,0
02,120258480988100586,ACTIVE,30,2.01,65,0,0,0,0,0
02,120235701428420210,ACTIVE,200,2,29,0,0,0,0,0
02,120251332965640368,ACTIVE,176,1.98,72,0,2,0,0,0
02,120249985386920725,ACTIVE,100,1.9700000000000002,56,1,3,1,1,68.56
02,120246471244730065,ACTIVE,229,1.9699999999999998,75,1,2,0,0,0
02,120251279954260722,ACTIVE,50,1.9300000000000002,56,1,3,0,0,0
02,120251868137060166,ACTIVE,100,1.93,54,1,1,0,0,0
02,120248538756480561,ACTIVE,60,1.9200000000000002,56,2,2,0,0,0
02,120244505718600686,ACTIVE,80,1.92,25,0,0,0,0,0
02,120245800978960674,ACTIVE,100,1.87,29,0,0,0,0,0
02,120245610768940032,ACTIVE,100,1.8499999999999999,57,3,4,1,0,0
02,120248019343390509,ACTIVE,100,1.8399999999999999,94,1,1,0,0,0
02,120246100871360533,ACTIVE,100,1.83,143,4,3,0,0,0
02,120246377047690097,ACTIVE,80,1.81,70,1,1,0,0,0
02,120247872427160090,ACTIVE,133,1.7999999999999998,50,0,1,0,0,0
02,120248793038950561,ACTIVE,60,1.79,56,1,1,0,0,0
02,120252560866510210,ACTIVE,93,1.74,82,1,2,0,0,0
02,120246896356200032,ACTIVE,75,1.7300000000000002,52,1,2,0,0,0
02,120245686749070320,ACTIVE,120,1.73,66,2,3,0,0,0
02,120246794738360320,ACTIVE,100,1.73,41,0,1,0,0,0
02,120250623729250057,ACTIVE,100,1.73,31,1,1,0,0,0
02,120247763989870629,ACTIVE,100,1.66,20,1,1,0,0,0
02,120255205047720197,ACTIVE,60,1.62,86,2,1,0,0,0
02,120257843668650586,ACTIVE,25,1.61,27,0,0,0,0,0
02,120245889270720065,ACTIVE,40,1.6099999999999999,46,0,1,0,0,0
02,120250011456500589,PAUSED,100,1.58,41,0,0,0,0,0
02,120248563890830642,ACTIVE,400,1.5699999999999998,31,1,1,0,0,0
02,120248609004600642,ACTIVE,120,1.55,57,0,0,0,0,0
02,120244163991370436,ACTIVE,100,1.51,60,0,3,0,0,0
02,120247580456030167,PAUSED,80,1.51,5,0,0,0,0,0
02,120248574399540642,ACTIVE,400,1.5,47,0,0,0,0,0
02,6973002165426,ACTIVE,50,1.5,34,0,0,0,0,0
02,120245044044870686,ACTIVE,100,1.5,30,0,0,0,0,0
02,120246988043840707,ACTIVE,130,1.49,48,1,3,2,1,37.37
02,120246330272670320,ACTIVE,100,1.46,85,0,0,0,0,0
02,120251788791190404,ACTIVE,80,1.43,33,0,0,0,0,0
02,120251280446770722,ACTIVE,50,1.43,48,1,1,0,0,0
02,120249372509730229,ACTIVE,60,1.41,57,1,0,0,0,0
02,120246232598650090,ACTIVE,445,1.3900000000000001,42,3,5,0,0,0
02,120248539964810462,ACTIVE,60,1.3400000000000003,42,1,0,0,0,0
02,120248492410110561,ACTIVE,80,1.2799999999999998,58,2,2,0,0,0
02,120250186073630319,ACTIVE,120,1.26,43,0,0,0,0,0
02,120252288360590054,ACTIVE,100,1.25,23,0,0,0,0,0
02,120252497503640210,ACTIVE,100,1.24,28,1,1,0,0,0
02,120250079096940127,ACTIVE,100,1.21,24,2,2,0,0,0
02,120245638609160175,ACTIVE,125,1.21,35,0,0,0,0,0
02,120246452175760177,ACTIVE,100,1.21,34,2,2,0,0,0
02,120251788886810404,ACTIVE,80,1.21,25,2,2,0,0,0
02,120246145506950470,ACTIVE,80,1.2000000000000002,40,0,0,0,0,0
02,120251868137370166,ACTIVE,20,1.2,9,0,0,0,0,0
02,120248304803400065,ACTIVE,50,1.19,41,1,1,0,0,0
02,120252560866450210,ACTIVE,93,1.1400000000000001,59,2,1,0,0,0
02,120244837091050678,ACTIVE,40,1.1300000000000001,22,0,0,0,0,0
02,120258018921720586,ACTIVE,25,1.07,30,2,2,1,1,49.37
02,120251576447330651,ACTIVE,20,1.06,24,0,1,0,0,0
02,120248922585490210,ACTIVE,200,1.06,33,0,0,0,0,0
02,120247854925480090,ACTIVE,190,1.04,29,0,1,0,0,0
02,120248129602090303,ACTIVE,80,1.04,19,0,0,0,0,0
02,120246647909930752,ACTIVE,60,1.04,34,1,2,0,0,0
02,120248430661530642,ACTIVE,76,1.04,30,0,1,0,0,0
02,120258332094940586,ACTIVE,30,1.03,31,2,4,1,0,0
02,120244034916020436,ACTIVE,380,1.02,51,0,3,0,0,0
02,120246470015580752,ACTIVE,28,0.98,24,0,0,0,0,0
02,120247547590960642,ACTIVE,129,0.97,11,1,2,0,0,0
02,120239961201540097,ACTIVE,80,0.97,35,0,1,0,0,0
02,120249372509500229,ACTIVE,61,0.94,22,1,1,1,0,0
02,120255653285300586,ACTIVE,126,0.93,27,0,2,0,0,0
02,120245824478080686,ACTIVE,80,0.9299999999999999,26,1,1,0,0,0
02,120250769001000577,ACTIVE,88,0.9199999999999999,37,2,1,0,0,0
02,120235701428400210,ACTIVE,200,0.91,31,1,1,0,0,0
02,120248546074540389,ACTIVE,100,0.87,41,0,0,0,0,0
02,120258018661030586,ACTIVE,25,0.8699999999999999,35,0,0,0,0,0
02,120247240715200097,ACTIVE,90,0.86,32,0,0,0,0,0
02,120244717752530146,ACTIVE,100,0.85,24,0,2,0,0,0
02,120258265468100586,ACTIVE,30,0.8400000000000001,16,0,0,0,0,0
02,120251037305290166,ACTIVE,30,0.84,26,1,1,0,0,0
02,120247099045960674,ACTIVE,80,0.83,55,0,1,0,0,0
02,120249283732990100,ACTIVE,100,0.83,18,0,0,0,0,0
02,120244349823030686,ACTIVE,100,0.81,14,0,0,0,0,0
02,120258403409550586,ACTIVE,30,0.78,20,0,0,0,0,0
02,120247199911460090,ACTIVE,308,0.77,13,0,1,0,0,0
02,120251576134230651,ACTIVE,20,0.75,12,0,0,0,0,0
02,120248774655740425,ACTIVE,200,0.74,21,0,0,0,0,0
02,120250445767170166,ACTIVE,30,0.71,20,1,1,0,0,0
02,120246701172120677,ACTIVE,100,0.6799999999999999,19,1,1,0,0,0
02,120250554304290404,ACTIVE,100,0.64,6,0,0,0,0,0
02,120246297341700177,ACTIVE,100,0.64,28,2,2,0,0,0
02,120248563890890642,ACTIVE,120,0.62,25,0,1,0,0,0
02,120248734905220544,ACTIVE,80,0.5900000000000001,27,0,0,0,0,0
02,120251509396740651,ACTIVE,20,0.59,16,0,1,0,0,0
02,120250713080020577,ACTIVE,100,0.59,24,0,1,0,0,0
02,120252191525360210,ACTIVE,100,0.58,44,1,1,0,0,0
02,120250501589950722,ACTIVE,80,0.5700000000000001,18,0,0,0,0,0
02,120248180759590065,ACTIVE,100,0.55,20,1,2,0,0,0
02,120247763951170629,ACTIVE,100,0.53,18,0,0,0,0,0
02,120252044915000166,ACTIVE,30,0.53,20,0,1,0,0,0
02,120245136181480470,ACTIVE,10,0.51,17,0,0,0,0,0
02,120245557729330686,ACTIVE,100,0.48000000000000004,10,0,0,0,0,0
02,120257843052780586,ACTIVE,125,0.46,20,0,1,0,0,0
02,120246145364940470,ACTIVE,80,0.46,5,0,0,0,0,0
02,120248089909210065,ACTIVE,109,0.43,17,0,0,0,0,0
02,120246888370010097,ACTIVE,80,0.42,27,0,0,0,0,0
02,120246987932040677,ACTIVE,124,0.41000000000000003,17,0,0,0,0,0
02,120247086366420097,ACTIVE,80,0.41000000000000003,20,0,0,0,0,0
02,120246849132070470,ACTIVE,10,0.4,6,0,0,0,0,0
02,120246759433650677,ACTIVE,100,0.39,36,0,0,0,0,0
02,120248396283420425,ACTIVE,300,0.39,13,0,0,0,0,0
02,120251659288010166,ACTIVE,30,0.37,14,0,1,0,0,0
02,120249525957160319,ACTIVE,120,0.35999999999999993,12,1,0,0,0,0
02,120248142069690065,ACTIVE,100,0.35,10,0,0,0,0,0
02,23857875546260799,ACTIVE,60,0.34,12,0,0,0,0,0
02,120252191447820210,ACTIVE,100,0.33,10,0,0,0,0,0
02,120246145189280470,ACTIVE,80,0.29,26,0,0,0,0,0
02,120242847129030686,ACTIVE,100,0.27,3,1,2,0,0,0
02,120244758149140146,ACTIVE,100,0.27,9,0,0,0,0,0
02,120245241702630470,ACTIVE,10,0.25,9,1,1,0,0,0
02,120246736062480320,ACTIVE,100,0.24,18,0,0,0,0,0
02,120246526262050752,ACTIVE,60,0.23,10,0,2,0,0,0
02,120245218353240788,ACTIVE,100,0.19,20,0,0,0,0,0
02,120248752320410389,ACTIVE,107,0.18,5,0,0,0,0,0
02,120249905946700603,ACTIVE,80,0.17,3,0,0,0,0,0
02,120248609004530642,ACTIVE,120,0.17,5,0,1,0,0,0
02,120245469696060686,ACTIVE,100,0.17,5,1,1,0,0,0
02,120247652964070586,ACTIVE,25,0.15000000000000002,4,0,1,0,0,0
02,120249748358150589,ACTIVE,100,0.15,4,0,1,0,0,0
02,120251360834810166,ACTIVE,20,0.15,5,0,0,0,0,0
02,120258404577920586,ACTIVE,30,0.14,1,0,1,0,0,0
02,120246787004190097,ACTIVE,63,0.13,4,1,1,0,0,0
02,120249372436120229,ACTIVE,80,0.12,1,0,0,0,0,0
02,120244428953860686,ACTIVE,100,0.12,3,0,0,0,0,0
02,120246997539560241,ACTIVE,100,0.12,10,0,0,0,0,0
02,120251023996480013,ACTIVE,80,0.11,2,0,0,0,0,0
02,120258095185070586,ACTIVE,30,0.11,11,0,0,0,0,0
02,120247027817230677,ACTIVE,132,0.09000000000000001,15,0,0,0,0,0
02,120249372436090229,ACTIVE,80,0.09,2,0,0,0,0,0
02,120249252046510229,ACTIVE,81,0.08,3,0,0,0,0,0
02,120252802852340054,ACTIVE,100,0.08,6,0,0,0,0,0
02,120248669217010126,ACTIVE,89,0.08,5,0,0,0,0,0
02,120244389916660436,ACTIVE,100,0.07,3,0,0,0,0,0
02,120245099365240470,ACTIVE,10,0.07,1,0,0,0,0,0
02,120251081329460586,ACTIVE,25,0.07,4,0,0,0,0,0
02,120249151139280057,PAUSED,100,0.06,3,0,1,0,0,0
02,120252045071990166,ACTIVE,30,0.04,2,0,0,0,0,0
02,120252045071910166,ACTIVE,30,0.03,2,0,0,0,0,0
02,120245691728160470,ACTIVE,10,0.03,1,0,0,0,0,0
02,120252044915260166,ACTIVE,30,0.02,1,0,0,0,0,0
02,120250036827420725,ACTIVE,100,0,0,0,0,0,0,0
02,120250036601310725,ACTIVE,100,0,0,0,0,0,0,0
02,120250036601270725,ACTIVE,100,0,0,0,0,0,0,0
02,120250036567540725,ACTIVE,100,0,0,0,0,0,0,0
02,120250036566870725,ACTIVE,100,0,0,0,0,0,0,0
02,6998743229226,ACTIVE,50,0,0,0,0,0,0,0
02,120250036534800725,ACTIVE,100,0,0,0,0,0,0,0
02,120251815177040651,ACTIVE,80,0,0,0,0,0,0,0
02,120251815177090651,ACTIVE,80,0,0,0,0,0,0,0
02,120250036467370725,ACTIVE,100,0,0,0,0,0,0,0
02,120250036356910725,ACTIVE,100,0,0,0,0,0,0,0
02,120250018779060100,ACTIVE,100,0,0,0,0,0,0,0
02,120250018779020100,ACTIVE,100,0,0,0,0,0,0,0
02,120250018742950100,ACTIVE,100,0,0,0,0,0,0,0
02,120250018742750100,ACTIVE,100,0,0,0,0,0,0,0
02,120246695810510533,ACTIVE,100,0,0,0,1,0,0,0
02,120249959384170100,PAUSED,300,0,0,0,0,0,0,0
02,120246841342340173,ACTIVE,100,0,0,0,0,0,0,0
02,120246841342350173,ACTIVE,100,0,0,0,0,0,0,0
02,120246928304160752,ACTIVE,100,0,0,0,0,0,0,0
02,120246928447770752,ACTIVE,100,0,0,0,0,0,0,0
02,120246974821800032,PAUSED,100,0,0,0,0,0,0,0
02,120249571030580116,PAUSED,100,0,0,0,1,0,0,0
02,120246983939560320,ACTIVE,100,0,0,0,0,0,0,0
02,120246983939620320,ACTIVE,100,0,0,0,0,0,0,0
02,120244839988010129,ACTIVE,80,0,0,0,0,0,0,0
02,120246984113600320,PAUSED,100,0,0,0,0,0,0,0
02,120252817023760054,ACTIVE,100,0,0,0,0,0,0,0
02,120255319873560197,ACTIVE,60,0,0,0,0,0,0,0
02,120247137487440097,PAUSED,100,0,0,0,0,0,0,0
02,120247998931350564,PAUSED,380,0,0,0,1,0,0,0
02,120248082747970509,ACTIVE,100,0,0,0,0,0,0,0
02,120248082747980509,ACTIVE,100,0,0,0,0,0,0,0
02,120248088366530509,ACTIVE,100,0,0,0,0,0,0,0
02,120248088366590509,ACTIVE,100,0,0,0,0,0,0,0
02,120248952395230469,ACTIVE,80,0,0,0,0,0,0,0
02,120248952395190469,ACTIVE,80,0,0,0,0,0,0,0
02,120248951282790469,PAUSED,80,0,0,0,0,0,0,0
02,120248950107200469,ACTIVE,80,0,0,0,0,0,0,0
02,120248936264740544,ACTIVE,80,0,0,0,0,0,0,0
02,120248936264260544,ACTIVE,80,0,0,0,0,0,0,0
02,120248935621940544,ACTIVE,80,0,0,0,0,0,0,0
02,120248935555950544,ACTIVE,80,0,0,0,0,0,0,0
02,120248935555890544,ACTIVE,80,0,0,0,0,0,0,0
02,120248935435060544,ACTIVE,80,0,0,0,0,0,0,0
02,120248896107110561,PAUSED,198,0,0,0,1,0,0,0
02,120243063569770146,ACTIVE,147,0,0,0,1,0,0,0
02,120248538756410561,PAUSED,60,0,0,0,0,0,0,0
02,120248836066690564,ACTIVE,80,0,0,0,0,0,0,0
02,120248835116390564,ACTIVE,80,0,0,0,0,0,0,0
02,120248835116380564,ACTIVE,80,0,0,0,0,0,0,0
02,120248801075450431,PAUSED,220,0,0,0,0,0,0,0
02,120248793038870561,PAUSED,60,0,0,0,0,0,0,0
02,6997681727026,PAUSED,50,0,0,0,1,0,0,0
02,6998537980426,ACTIVE,50,0,0,0,0,0,0,0
02,6998537981626,ACTIVE,50,0,0,0,0,0,0,0
02,120250943486150577,ACTIVE,100,0,0,0,0,0,0,0
02,120250943331820577,ACTIVE,100,0,0,0,0,0,0,0
02,120245873447980686,ACTIVE,80,0,0,0,0,0,0,0
02,120245873238540686,ACTIVE,80,0,0,0,0,0,0,0
02,120245873238500686,ACTIVE,80,0,0,0,0,0,0,0
02,120250942814310577,ACTIVE,100,0,0,0,0,0,0,0
02,120245873448490686,ACTIVE,80,0,0,0,0,0,0,0
02,120245873666620686,ACTIVE,80,0,0,0,0,0,0,0
02,120245872727450686,ACTIVE,80,0,0,0,0,0,0,0
02,120245873666640686,ACTIVE,80,0,0,0,0,0,0,0
02,120250941103690577,PAUSED,100,0,0,0,0,0,0,0
02,120245891909090125,ACTIVE,100,0,0,0,0,0,0,0
02,120245872436380686,ACTIVE,80,0,0,0,0,0,0,0
02,120245872282920686,ACTIVE,80,0,0,0,0,0,0,0
02,120245871960230686,ACTIVE,80,0,0,0,0,0,0,0
02,120250877852440057,ACTIVE,100,0,0,0,0,0,0,0
02,120245995754700179,ACTIVE,80,0,0,0,0,0,0,0
02,120245996028320179,ACTIVE,100,0,0,0,0,0,0,0
02,120250288653250319,PAUSED,100,0,0,0,1,0,0,0
02,120250037371930725,ACTIVE,100,0,0,0,0,0,0,0
02,120250037371260725,ACTIVE,100,0,0,0,0,0,0,0
02,120250037062790725,ACTIVE,100,0,0,0,0,0,0,0
02,120250037062480725,ACTIVE,100,0,0,0,0,0,0,0
02,120250036827590725,ACTIVE,100,0,0,0,0,0,0,0
03,120244431777030751,ACTIVE,1700,132.66000000000003,3715,77,97,11,2,83.94
03,120244694121960146,ACTIVE,1500,99.52,3179,57,64,3,1,75.22
03,120243276755660065,ACTIVE,850,98.06,3521,48,60,6,2,59.96
03,120245334049540065,ACTIVE,550,90.63,1644,52,67,2,1,49.52
03,120246023777450751,ACTIVE,1200,89.44,2303,55,75,7,2,85.04
03,120245334049460065,ACTIVE,680,82.89999999999999,1267,46,48,2,1,85.15
03,120246670033370677,ACTIVE,800,77.35,2948,34,38,3,2,111.99999999999999
03,120249099626340229,ACTIVE,400,71.95000000000002,873,28,29,2,1,67.46000000000001
03,120243986668280589,ACTIVE,1200,70.62,1700,37,48,4,3,147.40999999999997
03,120244761233710455,ACTIVE,951,70.38,2448,51,73,0,0,0
03,120251425264570709,ACTIVE,800,66.15,1433,38,43,6,3,136.81
03,120246828454030629,ACTIVE,659.1,64.48,1422,33,36,4,4,477.26
03,120244618043630436,ACTIVE,736,58.8,2550,53,56,4,0,0
03,120249286682560368,ACTIVE,1000,58.66,1618,17,19,1,1,69.57
03,120248855168720455,ACTIVE,1442,58.379999999999995,1938,36,39,3,1,84.37
03,120247633428650725,ACTIVE,1000,56.54,1591,23,32,4,0,0
03,120244761352230455,ACTIVE,425,51.629999999999995,1314,23,25,4,3,130.31
03,120247136451350725,ACTIVE,1000,51.620000000000005,1638,23,30,4,3,226.82
03,120247762435760509,ACTIVE,300,49.14,898,24,25,2,2,117.42
03,120249449512030725,ACTIVE,1000,48.150000000000006,1594,31,35,3,1,49.37
03,120244761515050455,ACTIVE,550,46.940000000000005,1462,35,39,5,1,34.95
03,120241066464020065,ACTIVE,470,45.46,2405,16,23,4,2,79.5
03,120249244397130229,ACTIVE,71,44.67,1051,14,27,1,2,175.58999999999997
03,120249790639400725,ACTIVE,500,44.05,1159,27,25,4,3,148.10999999999999
03,120247139480370564,ACTIVE,760,43.849999999999994,1553,7,37,3,0,0
03,120246040085600751,ACTIVE,600,42.94,1058,19,23,1,0,0
03,120246299672700751,ACTIVE,500,42.64,1234,24,31,6,3,184.05
03,120245380137820707,ACTIVE,300,41.38,898,31,30,4,3,153.58
03,120246191098970320,ACTIVE,400,40.8,1824,31,40,3,2,116.09
03,120242301213710065,ACTIVE,550,39.629999999999995,1135,17,23,4,1,29.98
03,120244823852300686,ACTIVE,414,38.36,619,20,23,0,0,0
03,120248455243050455,ACTIVE,366,37.91,1518,20,21,2,0,0
03,120246843148820752,ACTIVE,100,37.870000000000005,749,14,15,2,0,0
03,120246024108390751,ACTIVE,500,37.81,824,24,27,4,2,79.87
03,120245201694370686,ACTIVE,266,36.6,721,17,24,5,4,161.15000000000003
03,120244963676310686,ACTIVE,500,36.35,732,13,14,2,2,59.96
03,120246791587200455,ACTIVE,363,35.75,564,16,16,1,1,127.80999999999999
03,120245980788570752,ACTIVE,600,35.620000000000005,1255,30,31,5,1,42.97
03,120248703982780229,ACTIVE,128,35.44,332,8,11,1,1,29.979999999999997
03,120246273720740455,ACTIVE,365,35.18,932,28,30,1,0,0
03,120242301213170065,ACTIVE,300,34.6,1496,8,12,1,1,29.98
03,120247219674070214,ACTIVE,300,34.59,861,27,28,4,1,21.98
03,120246178929760752,ACTIVE,300,34.370000000000005,893,28,29,5,0,0
03,120246808176070320,ACTIVE,320,34.339999999999996,1183,29,31,1,0,0
03,120246832758790677,ACTIVE,300,33.669999999999995,1170,11,12,0,0,0
03,120248841975250455,ACTIVE,133,33.06,1231,1,37,2,1,84.37
03,120239930892250650,ACTIVE,300,31.969999999999995,531,17,26,1,1,64.27
03,120245972443720177,ACTIVE,240,31.839999999999996,573,18,24,7,3,89.94
03,120249433591590100,ACTIVE,300,31.810000000000002,813,8,13,1,0,0
03,120245514271740065,ACTIVE,195,31.630000000000003,641,16,24,5,2,97.88000000000001
03,120246135738040630,ACTIVE,200,31.560000000000002,815,15,18,2,0,0
03,120250789469770586,ACTIVE,300,31.47,980,24,28,2,1,49.37
03,120245833042190630,ACTIVE,161,31.099999999999998,512,15,13,0,0,0
03,120247304965600477,ACTIVE,100,30.540000000000003,312,10,8,2,1,29.98
03,120248862675940229,ACTIVE,116,29.68,361,8,8,0,0,0
03,120246961169180241,ACTIVE,350,29.17,434,9,12,1,1,47.52
03,120247547642310642,ACTIVE,550,28.74,535,11,11,0,1,68.99
03,120245400790120686,ACTIVE,500,28.290000000000003,465,11,16,4,2,104.47
03,120244802271840788,ACTIVE,50,28.149999999999995,523,11,11,1,1,65.95
03,52507897153499,ACTIVE,200,27.129999999999995,518,14,14,1,0,0
03,120244480112510436,ACTIVE,354,26.979999999999997,1151,19,22,1,0,0
03,120247073165120090,ACTIVE,455,26.83,732,24,33,1,0,0
03,120248900980910455,ACTIVE,125,26.73,1115,25,23,2,0,0
03,120250018779060100,ACTIVE,100,26.56,2586,47,48,7,0,0
03,120248755684290455,ACTIVE,455,24.74,809,16,23,1,1,60.41
03,120246958716590420,ACTIVE,80,24.49,426,10,9,2,1,29.98
03,120246299721480751,ACTIVE,325,24.4,664,14,14,0,0,0
03,120247653059200586,ACTIVE,300,24.130000000000003,497,8,11,2,1,49.37
03,120246024108440751,ACTIVE,345,24.1,614,15,24,0,0,0
03,120249999663730100,ACTIVE,87,24.09,599,10,13,4,3,135.41
03,120245899907890065,ACTIVE,115,23.9,328,16,20,2,1,49.52
03,120246717243380752,ACTIVE,100,23.73,496,12,11,0,0,0
03,120248935571390455,ACTIVE,132,23.7,362,9,9,2,1,60.410000000000004
03,120250285289280319,ACTIVE,300,23.589999999999996,578,14,17,2,2,128.38
03,120248204610010425,ACTIVE,292,23.169999999999998,498,10,11,0,0,0
03,23857661391130799,ACTIVE,60,23.09,227,6,10,2,0,0
03,120246716356910752,ACTIVE,100,23.02,510,9,12,0,0,0
03,120250941388780577,ACTIVE,100,22.720000000000002,506,11,11,1,0,0
03,120245899907660065,ACTIVE,115,22.709999999999997,311,13,13,1,0,0
03,120249754760810019,ACTIVE,100,22.57,527,10,10,0,0,0
03,120251997674660404,ACTIVE,50,22.55,261,12,14,2,1,74.94
03,120248956379790695,ACTIVE,250,22.43,693,18,17,2,0,0
03,120250949770940013,ACTIVE,200,22.38,525,17,17,1,1,37.98
03,120249924975860100,ACTIVE,300,22.1,638,13,10,1,0,0
03,120245288768050788,ACTIVE,20,21.72,636,7,8,0,0,0
03,120249350798870024,ACTIVE,136,21.689999999999998,292,10,10,1,1,28.98
03,120248574399590642,ACTIVE,360,21.68,627,11,11,1,0,0
03,120250943486150577,ACTIVE,100,21.3,869,18,20,1,0,0
03,120249120674110404,ACTIVE,500,21.160000000000004,455,12,16,0,0,0
03,120245339157220686,ACTIVE,149,21.060000000000002,312,0,10,0,0,0
03,120248012782330065,ACTIVE,155,21.04,571,9,10,0,1,29.979999999999997
03,120250927961290577,ACTIVE,88,20.95,307,17,15,0,0,0
03,120241119247090090,ACTIVE,135,20.939999999999998,440,13,14,0,0,0
03,120242031621370065,ACTIVE,229,20.450000000000003,577,9,13,0,0,0
03,120247881467170731,ACTIVE,80,20.16,258,7,8,1,1,71.21
03,120244017128390686,ACTIVE,100,20.16,281,15,13,1,1,29.98
03,120247762683780509,ACTIVE,100,20.13,280,9,10,1,1,29.98
03,120247378425210561,ACTIVE,380,20.1,682,9,14,0,0,0
03,120245514271720065,ACTIVE,115,20.099999999999998,374,11,12,2,1,49.51
03,120245250322490642,ACTIVE,300,19.93,486,8,10,1,1,92.3
03,120244880653330686,ACTIVE,114,19.92,315,6,6,0,0,0
03,23857730544930799,ACTIVE,60,19.91,260,5,4,1,0,0
03,120245873666640686,ACTIVE,80,19.66,971,11,20,2,2,81.2
03,120251792579640709,ACTIVE,150,19.59,416,12,13,2,1,27.98
03,120248816066690425,ACTIVE,135,19.400000000000002,330,9,8,0,0,0
03,120248942534210561,ACTIVE,88,19.33,350,10,9,0,0,0
03,120250037371260725,ACTIVE,100,19.26,632,10,10,1,1,86.55
03,120250722702450019,ACTIVE,300,19.259999999999998,440,14,14,1,0,0
03,120246338028120241,ACTIVE,420,19.22,898,16,19,0,0,0
03,120248556140990663,ACTIVE,150,19.189999999999998,271,14,13,0,0,0
03,120248942534290561,ACTIVE,88,19.16,435,8,7,1,0,0
03,120244349823030686,ACTIVE,100,19.14,348,4,4,0,0,0
03,120249443467080663,ACTIVE,225,19.13,374,15,14,0,0,0
03,120248816066710425,ACTIVE,135,19.090000000000003,282,8,9,2,1,90.72
03,120250790045220586,ACTIVE,300,19.06,701,5,11,1,0,0
03,120248707088740065,ACTIVE,94,19.04,408,5,5,1,0,0
03,120247881466900731,ACTIVE,80,18.91,237,1,4,1,0,0
03,120247656345750477,ACTIVE,90,18.9,235,7,6,1,0,0
03,120247601538900425,ACTIVE,210,18.869999999999997,452,9,8,2,2,109.65
03,120249020545550389,ACTIVE,100,18.78,924,25,23,7,2,68.28
03,120245469696040686,ACTIVE,100,18.68,321,10,12,1,1,51.21
03,120249769757470663,ACTIVE,100,18.44,199,9,11,1,1,66.02
03,120249790953950725,ACTIVE,500,18.37,688,8,10,1,1,28.98
03,120248850201930065,ACTIVE,94,18.36,354,9,8,0,0,0
03,120246299672740751,ACTIVE,195,18.279999999999998,445,12,14,0,0,0
03,120252817023760054,ACTIVE,100,18.23,271,2,2,0,0,0
03,120244691564680146,ACTIVE,190,17.97,656,10,11,0,0,0
03,120248850201850065,ACTIVE,94,17.77,392,10,9,1,1,49.52
03,120240258763950179,ACTIVE,240,17.73,815,9,15,0,0,0
03,120245872436380686,ACTIVE,80,17.69,386,8,7,0,0,0
03,120251853233980709,ACTIVE,100,17.62,1025,11,20,1,0,0
03,120248911416770577,ACTIVE,101,17.590000000000003,328,14,16,1,0,0
03,120250722702390019,ACTIVE,100,17.54,316,7,11,1,1,51.220000000000006
03,120242389399980544,ACTIVE,80,17.54,361,4,6,2,2,75.5
03,120248079887670509,ACTIVE,100,17.53,821,7,7,0,0,0
03,120247974813980642,ACTIVE,178,17.53,534,4,4,0,0,0
03,120246615285450642,ACTIVE,360,17.5,616,9,11,1,0,0
03,120247813589740175,ACTIVE,88,17.48,408,9,8,1,0,0
03,120245044044870686,ACTIVE,100,17.380000000000003,237,4,9,1,0,0
03,120250639973280577,ACTIVE,200,17.37,253,6,5,0,0,0
03,120248781054210455,ACTIVE,193,17.37,339,13,15,1,0,0
03,120247842047430214,ACTIVE,128,17.35,348,7,7,1,1,46.72
03,120245414486280678,ACTIVE,105,17.189999999999998,275,8,8,0,0,0
03,120249205526520431,ACTIVE,130,17.16,289,4,5,1,1,64.96
03,120248218451590126,ACTIVE,180,17.15,361,10,10,1,0,0
03,120246899498920707,ACTIVE,170,17.14,455,15,13,1,0,0
03,120246501033230177,ACTIVE,100,17.11,213,4,5,0,0,0
03,120246489541740177,ACTIVE,88,17.05,255,7,7,0,0,0
03,120248079887770509,ACTIVE,100,17,466,5,6,0,0,0
03,120246206879950630,ACTIVE,200,16.99,975,16,19,1,0,0
03,120245642739620125,ACTIVE,200,16.939999999999998,443,8,8,0,0,0
03,120252510041540210,ACTIVE,130,16.939999999999998,289,5,5,2,1,41.980000000000004
03,120247504003780425,ACTIVE,200,16.9,337,5,6,0,0,0
03,120250602380290653,ACTIVE,80,16.84,317,4,3,0,0,0
03,120248703982740229,ACTIVE,70,16.8,273,8,9,1,0,0
03,120251997601000404,ACTIVE,80,16.78,222,11,14,0,0,0
03,120245873238500686,ACTIVE,80,16.78,300,11,13,0,0,0
03,120250122186270319,ACTIVE,200,16.740000000000002,478,19,22,1,0,0
03,120245049415260032,ACTIVE,200,16.71,387,10,12,3,3,110.92
03,120252004965950404,ACTIVE,80,16.71,208,4,3,1,1,41.980000000000004
03,120249935914370589,ACTIVE,156,16.65,347,7,9,0,0,0
03,120248074858010509,ACTIVE,100,16.61,438,10,11,0,0,0
03,120247023495570032,ACTIVE,77,16.61,346,10,9,2,0,0
03,120248663282560642,ACTIVE,121,16.509999999999998,398,10,9,0,0,0
03,120248663282340642,ACTIVE,121,16.509999999999998,341,5,5,0,0,0
03,120249711938850319,ACTIVE,320,16.5,380,9,14,0,0,0
03,120245031811820436,ACTIVE,176,16.37,494,9,12,0,0,0
03,120249372477220229,ACTIVE,200,16.369999999999997,417,14,18,2,3,163.79999999999998
03,120241596259880509,ACTIVE,136,16.36,852,11,11,1,1,34.98
03,120245283264760677,ACTIVE,158,16.32,454,3,3,1,0,0
03,120251254946790722,ACTIVE,80,16.299999999999997,311,7,7,3,1,22.98
03,120245871960230686,ACTIVE,80,16.29,273,5,8,0,0,0
03,120248072969470389,ACTIVE,162,16.259999999999998,629,11,14,0,0,0
03,120251729529810709,ACTIVE,80,16.25,351,8,5,1,0,0
03,120246944968380016,ACTIVE,100,16.22,184,7,8,0,0,0
03,120248538003950544,ACTIVE,80,16.19,379,7,12,1,1,47.52
03,120247775015280090,ACTIVE,136,16.17,396,13,12,1,1,86.34
03,120247746970390291,ACTIVE,380,16.16,349,14,16,0,0,0
03,120248935571310455,ACTIVE,132,16.1,379,8,7,1,0,0
03,120246902225450241,ACTIVE,184,16.07,866,19,22,2,1,66.48
03,120247797697910629,ACTIVE,127,16.060000000000002,261,4,5,0,0,0
03,6991557191633,ACTIVE,80,16.02,186,8,8,2,1,89.95
03,120245867488410686,ACTIVE,80,16.02,264,4,5,3,1,29.979999999999997
03,120246808538770320,ACTIVE,340,15.950000000000001,859,10,12,0,0,0
03,120251081329560586,ACTIVE,25,15.919999999999998,190,5,5,2,1,28.98
03,120246402943010533,ACTIVE,100,15.879999999999999,826,26,29,3,0,0
03,6991557189833,ACTIVE,80,15.85,172,1,4,1,0,0
03,120246104094940650,ACTIVE,156,15.81,236,3,4,1,0,0
03,120246928620620752,ACTIVE,100,15.79,429,12,14,0,0,0
03,120248547360230544,ACTIVE,80,15.74,462,5,5,0,0,0
03,120250011342400589,ACTIVE,200,15.66,406,8,11,0,0,0
03,120244813153430146,ACTIVE,100,15.629999999999999,458,7,8,0,0,0
03,120243508760940146,ACTIVE,143,15.520000000000001,349,11,8,1,2,148.69000000000003
03,120249300729750589,ACTIVE,200,15.49,466,7,3,0,0,0
03,120246489541800177,ACTIVE,88,15.46,314,8,7,0,0,0
03,120244771837290544,ACTIVE,100,15.43,422,7,9,0,0,0
03,120249244397090229,ACTIVE,80,15.39,300,6,4,1,1,49.97
03,120249826842030100,ACTIVE,80,15.35,286,13,16,4,2,52.63999999999999
03,120245848127430707,ACTIVE,200,15.33,351,10,10,0,0,0
03,120248854598290455,ACTIVE,422,15.3,586,3,3,0,0,0
03,120249498266450589,ACTIVE,200,15.209999999999999,335,2,3,0,0,0
03,120248430661490642,ACTIVE,100,15.2,241,6,7,0,0,0
03,120248950107200469,ACTIVE,80,15.17,372,1,2,0,0,0
03,120248074857810509,ACTIVE,100,15.110000000000001,462,8,9,1,0,0
03,23857922203430799,ACTIVE,80,15.09,176,7,7,1,1,47.52
03,120248536188000100,ACTIVE,300,15.09,390,7,13,3,1,22.98
03,120244860107220146,ACTIVE,100,15.059999999999999,283,6,8,1,0,0
03,120245601115910436,ACTIVE,121,14.94,473,6,4,0,0,0
03,120247023495510032,ACTIVE,77,14.930000000000001,353,10,12,2,1,24.98
03,120248743407360065,ACTIVE,280,14.93,532,13,15,3,1,63.910000000000004
03,120248288633070389,ACTIVE,131,14.93,506,13,14,0,0,0
03,120249312707920431,ACTIVE,130,14.920000000000002,419,7,7,0,0,0
03,120248180759590065,ACTIVE,100,14.89,364,14,13,0,0,0
03,120250927961350577,ACTIVE,88,14.86,356,10,12,1,1,48.17
03,120246701172200677,ACTIVE,100,14.86,273,4,4,1,0,0
03,120250946852160368,ACTIVE,170,14.64,463,7,9,1,1,69.57
03,120243753190540054,ACTIVE,101,14.59,463,7,10,1,0,0
03,120247027817250677,ACTIVE,132,14.56,480,7,9,1,1,70.02
03,120258251274600586,ACTIVE,100,14.51,325,8,9,1,1,49.370000000000005
03,120246733902040065,ACTIVE,80,14.399999999999999,309,13,16,0,0,0
03,120247081513990707,ACTIVE,80,14.379999999999999,289,5,7,1,1,75.74000000000001
03,120245867488480686,ACTIVE,80,14.370000000000001,255,8,11,0,0,0
03,120247574213440453,ACTIVE,80,14.36,176,2,2,0,0,0
03,120246471244730065,ACTIVE,229,14.32,397,4,7,0,0,0
03,120245821334190686,ACTIVE,80,14.27,205,2,6,0,0,0
03,120246754801740509,ACTIVE,100,14.25,447,4,4,1,1,29.98
03,120251979136820210,ACTIVE,100,14.24,196,1,6,0,0,0
03,120246971703290320,ACTIVE,111,14.22,450,2,2,0,0,0
03,120250445767170166,ACTIVE,10,14.19,356,5,5,0,0,0
03,120248560991980642,ACTIVE,123,14.18,355,11,7,2,1,161.44
03,120246733877000065,ACTIVE,80,14.090000000000002,262,8,10,1,0,0
03,120250036601270725,ACTIVE,100,14.02,387,8,10,1,1,86.55
03,120250277765570319,ACTIVE,120,13.99,416,10,13,1,0,0
03,120237484145990455,ACTIVE,445,13.98,555,6,11,0,0,0
03,120251997651590404,ACTIVE,50,13.95,141,2,1,0,0,0
03,120247972395030043,ACTIVE,200,13.91,212,8,12,1,0,0
03,120246299721450751,ACTIVE,195,13.91,270,10,12,0,0,0
03,120247813589660175,ACTIVE,88,13.900000000000002,302,9,9,0,0,0
03,120247680102270175,ACTIVE,125,13.9,709,10,11,0,0,0
03,52510314020499,ACTIVE,80,13.879999999999999,190,10,10,1,0,0
03,120245694161990686,ACTIVE,100,13.870000000000001,193,6,8,2,1,51.22
03,120248895002670168,ACTIVE,100,13.86,237,5,6,0,0,0
03,120242444643470544,ACTIVE,80,13.86,375,4,4,0,0,0
03,120245687813040097,ACTIVE,150,13.859999999999998,366,9,9,0,0,0
03,120244978756050678,ACTIVE,100,13.75,337,4,4,0,0,0
03,120246733901990065,ACTIVE,80,13.74,238,7,7,1,1,29.979999999999997
03,120248924408910544,ACTIVE,87,13.690000000000001,339,9,9,0,0,0
03,120247322669120509,ACTIVE,100,13.61,442,14,13,0,0,0
03,120248809099210431,ACTIVE,130,13.600000000000001,295,7,8,0,0,0
03,120246730607410474,ACTIVE,100,13.54,180,3,6,1,1,25.98
03,120249534302910127,ACTIVE,100,13.5,163,4,5,0,0,0
03,120250602380270653,ACTIVE,80,13.36,242,4,4,0,0,0
03,120247081513920707,ACTIVE,80,13.350000000000001,292,2,2,0,0,0
03,120246286465380752,ACTIVE,300,13.35,524,5,7,0,0,0
03,120249573023870116,ACTIVE,100,13.25,176,7,7,1,1,109.96000000000001
03,120245750135880686,ACTIVE,80,13.139999999999999,220,8,10,1,1,152.35000000000002
03,120247751923180214,ACTIVE,135,13.13,277,7,10,1,1,37.269999999999996
03,120251852648810709,ACTIVE,100,13.06,229,3,4,0,0,0
03,120247680373230629,ACTIVE,200,13.059999999999999,221,3,6,0,0,0
03,120249999663760100,ACTIVE,87,13.05,395,10,11,2,2,63.150000000000006
03,120249161498720431,ACTIVE,220,13.020000000000001,385,5,11,3,1,28.98
03,120246219468190177,ACTIVE,100,13,260,10,10,1,1,107.44000000000001
03,120249775050340127,ACTIVE,100,12.94,169,6,6,0,0,0
03,120248089909210065,ACTIVE,109,12.91,282,6,7,0,0,0
03,120244860114440146,ACTIVE,100,12.870000000000001,285,4,4,1,1,106.71000000000001
03,120246465900910677,ACTIVE,100,12.870000000000001,306,9,6,3,2,191.16
03,120242709811040544,PAUSED,80,12.709999999999999,307,3,3,0,0,0
03,120247604074910006,PAUSED,120,12.69,235,2,2,0,0,0
03,120244694492240146,ACTIVE,500,12.670000000000002,410,12,12,0,0,0
03,120248082904030663,ACTIVE,150,12.66,222,9,8,1,1,37.980000000000004
03,120248574839550695,ACTIVE,243,12.66,524,10,9,1,0,0
03,120245821334080686,ACTIVE,80,12.66,147,4,4,1,1,51.209999999999994
03,120244471201780129,ACTIVE,100,12.64,454,10,14,5,1,124.19999999999999
03,120246971703280320,ACTIVE,111,12.620000000000001,314,10,10,2,1,58.77
03,120248733557160126,ACTIVE,89,12.62,303,5,8,1,1,29.98
03,120247797697940629,ACTIVE,127,12.61,261,10,11,1,0,0
03,120244813077130146,ACTIVE,100,12.55,191,5,4,0,0,0
03,120248615909580019,ACTIVE,50,12.53,188,5,5,0,0,0
03,120245601119150436,ACTIVE,121,12.5,535,10,10,0,0,0
03,120250036601310725,ACTIVE,100,12.49,382,4,6,0,0,0
03,120245205078130630,ACTIVE,134,12.48,446,17,14,3,2,79.94999999999999
03,120246832874220677,ACTIVE,100,12.41,328,1,1,0,0,0
03,120249252046510229,ACTIVE,81,12.399999999999999,255,8,11,0,0,0
03,120247242677700097,ACTIVE,80,12.259999999999998,267,11,14,1,1,34.98
03,120248596343100048,ACTIVE,300,12.23,218,10,12,1,0,0
03,120245872727450686,ACTIVE,80,12.15,164,5,6,0,0,0
03,120247242699500097,ACTIVE,80,12.1,358,0,1,0,0,0
03,120241671273870455,ACTIVE,136,12.03,330,9,10,0,0,0
03,120245518803430436,ACTIVE,120,11.99,430,4,6,1,1,129.46
03,120249135138590389,ACTIVE,82,11.99,413,8,8,0,0,0
03,120247041421470241,ACTIVE,125,11.98,437,8,9,0,0,0
03,120247905027970090,ACTIVE,130,11.94,207,4,5,1,1,25.98
03,120252044915000166,PAUSED,10,11.9,229,1,2,1,1,24.98
03,120249135138850389,ACTIVE,82,11.86,427,11,10,0,0,0
03,120252632781750210,ACTIVE,116,11.85,458,1,3,0,0,0
03,120246295022110630,ACTIVE,87,11.82,345,8,8,0,0,0
03,120251526641040368,ACTIVE,80,11.809999999999999,316,9,11,0,0,0
03,120243117326020544,ACTIVE,80,11.79,297,5,8,1,1,47.52
03,120250598801610019,ACTIVE,50,11.670000000000002,220,10,12,0,0,0
03,52510314021699,ACTIVE,80,11.62,151,5,6,0,0,0
03,120245468846710436,ACTIVE,100,11.59,465,9,9,0,0,0
03,120251024037420013,ACTIVE,80,11.58,200,9,8,0,0,0
03,120246891215890677,ACTIVE,200,11.55,364,0,0,0,0,0
03,120251641307630427,ACTIVE,100,11.520000000000001,286,4,4,0,0,0
03,120249553547110663,ACTIVE,100,11.440000000000001,201,5,7,0,0,0
03,120244428953860686,ACTIVE,100,11.44,198,2,3,0,0,0
03,120245251316060477,ACTIVE,100,11.420000000000002,231,7,8,2,1,29.980000000000004
03,120251641307760427,ACTIVE,100,11.41,280,3,3,0,0,0
03,120245873666620686,ACTIVE,80,11.4,143,3,5,0,0,0
03,120247652964070586,ACTIVE,25,11.4,206,8,7,0,0,0
03,120245279293750436,ACTIVE,100,11.37,453,16,15,1,0,0
03,120246730607380474,ACTIVE,100,11.350000000000001,209,6,6,1,0,0
03,120252632781610210,ACTIVE,116,11.34,326,5,4,0,0,0
03,120246961169220241,ACTIVE,100,11.32,135,0,0,0,0,0
03,120246733876960065,ACTIVE,80,11.24,210,5,6,0,0,0
03,120251355803580722,ACTIVE,80,11.15,134,7,7,0,0,0
03,120246295022080630,ACTIVE,87,11.13,270,8,8,0,0,0
03,120245873448490686,ACTIVE,80,11.06,131,2,2,1,1,29.979999999999997
03,120248616763790065,ACTIVE,170,11.05,442,11,9,0,0,0
03,120248064986340303,ACTIVE,80,11.03,143,6,6,0,0,0
03,120244717752490146,ACTIVE,100,10.870000000000001,266,4,6,0,0,0
03,120247242699440097,PAUSED,80,10.86,244,0,1,0,0,0
03,120245762437280686,ACTIVE,80,10.83,169,2,3,0,0,0
03,120248074108770509,ACTIVE,101,10.77,267,7,4,1,0,0
03,120244824816070686,ACTIVE,80,10.760000000000002,123,2,2,0,0,0
03,120255021163250197,ACTIVE,60,10.76,273,8,8,0,0,0
03,120249347498540100,ACTIVE,100,10.71,310,4,9,0,0,0
03,120247604074940006,ACTIVE,80,10.709999999999999,223,7,7,0,0,0
03,120243951377020125,ACTIVE,150,10.66,289,10,10,2,0,0
03,120247649190890629,ACTIVE,101,10.649999999999999,307,6,5,1,1,63.910000000000004
03,120246641477400320,ACTIVE,100,10.61,343,12,15,0,0,0
03,120247483185600629,ACTIVE,100,10.56,146,2,3,1,1,89.37
03,120246693068060097,ACTIVE,150,10.56,601,9,11,1,0,0
03,120248645284270152,ACTIVE,300,10.53,514,9,7,0,0,0
03,120250331984600019,ACTIVE,50,10.440000000000001,240,4,5,0,0,0
03,120250941262850577,ACTIVE,100,10.43,258,2,2,0,0,0
03,120247594535930629,ACTIVE,200,10.37,233,9,9,0,0,0
03,120249523562880116,ACTIVE,101,10.36,221,7,9,2,0,0
03,52509221202099,ACTIVE,100,10.33,177,4,4,0,0,0
03,120247086366420097,ACTIVE,80,10.32,343,4,4,1,1,61.97
03,120251023996520013,ACTIVE,80,10.29,221,7,12,2,0,0
03,120248074108720509,ACTIVE,101,10.280000000000001,298,6,7,2,1,87.42
03,120245873447980686,ACTIVE,80,10.23,144,0,2,0,0,0
03,120244809629870146,ACTIVE,100,10.2,316,7,9,0,0,0
03,120246808108970320,ACTIVE,120,10.18,368,6,6,1,0,0
03,120249286765290368,ACTIVE,200,10.11,241,5,5,0,0,0
03,120245557729330686,ACTIVE,100,10.06,189,0,4,0,0,0
03,120244761869100436,ACTIVE,100,10.059999999999999,420,9,8,0,0,0
03,120248512806040048,ACTIVE,300,10.05,196,10,10,0,0,0
03,120247534964830642,ACTIVE,106,10.05,188,2,3,0,0,0
03,120245218353210788,ACTIVE,150,10.05,218,6,8,0,0,0
03,120255653285300586,ACTIVE,126,10,227,8,8,0,0,0
03,120249861202960589,ACTIVE,100,9.99,166,2,2,0,0,0
03,120250597528860019,ACTIVE,50,9.989999999999998,184,5,6,1,1,51.22
03,120246922785370320,ACTIVE,110,9.97,359,5,6,0,0,0
03,120258089121520586,ACTIVE,100,9.96,193,8,8,1,1,28.98
03,120251641307880427,ACTIVE,100,9.9,268,7,6,0,0,0
03,120248082747980509,ACTIVE,100,9.83,277,2,2,0,0,0
03,120251781902380045,ACTIVE,100,9.780000000000001,111,3,4,0,0,0
03,120246896356140032,ACTIVE,75,9.78,226,9,9,1,0,0
03,120250623625120057,ACTIVE,100,9.739999999999998,108,6,6,0,0,0
03,120247242659090097,ACTIVE,80,9.71,290,3,5,1,1,111.45
03,120246299672680751,ACTIVE,115,9.669999999999998,317,5,6,1,0,0
03,120250942814310577,ACTIVE,100,9.61,202,5,5,1,0,0
03,120247872427130090,ACTIVE,125,9.57,187,4,6,0,0,0
03,120245923045620168,ACTIVE,100,9.56,249,9,9,0,0,0
03,120245840085840780,ACTIVE,80,9.51,198,6,3,0,0,0
03,120244034916020436,ACTIVE,380,9.5,505,8,11,1,0,0
03,120245119189080630,ACTIVE,90,9.45,322,6,6,1,0,0
03,120249229589700695,ACTIVE,60,9.42,186,4,3,1,0,0
03,120249372477380229,ACTIVE,80,9.4,404,14,12,0,0,0
03,120248396283420425,ACTIVE,300,9.28,125,4,7,1,0,0
03,120247640140740006,ACTIVE,60,9.24,164,3,4,0,0,0
03,120251997719170404,ACTIVE,50,9.23,100,1,2,0,0,0
03,120247114934220455,ACTIVE,100,9.21,174,7,7,0,0,0
03,120244863522350146,ACTIVE,100,9.15,226,6,6,0,0,0
03,120246984113660320,ACTIVE,100,9.15,284,2,2,0,0,0
03,120250429792780057,ACTIVE,100,9.15,137,9,8,2,1,41.98
03,120251648714800651,ACTIVE,100,9.14,201,4,4,0,0,0
03,120247897089530291,ACTIVE,300,9.110000000000001,149,6,7,1,0,0
03,120246471244780065,ACTIVE,229,9.1,230,1,2,0,2,80.64
03,120247640140770006,ACTIVE,60,9.06,179,3,4,1,0,0
03,120244863900690146,ACTIVE,100,9.06,138,4,5,1,1,43.72
03,120246987931990677,ACTIVE,124,9.059999999999999,213,4,4,0,0,0
03,120246615285510642,ACTIVE,200,9.010000000000002,279,8,8,1,0,0
03,120248288633270389,ACTIVE,100,9.01,214,12,12,2,0,0
03,120247763951080629,ACTIVE,100,8.96,164,2,4,0,0,0
03,120244861164470146,ACTIVE,100,8.92,191,0,0,0,0,0
03,120240174929900097,ACTIVE,80,8.92,277,2,1,0,0,0
03,120251659288010166,ACTIVE,30,8.92,255,3,5,0,0,0
03,120246931507190320,ACTIVE,120,8.92,322,10,10,0,0,0
03,120250941148110577,ACTIVE,100,8.870000000000001,148,3,3,0,0,0
03,120249932839280725,ACTIVE,100,8.87,216,3,2,0,0,0
03,120247027817230677,ACTIVE,132,8.8,242,1,1,1,1,70.00999999999999
03,120245873238540686,ACTIVE,80,8.8,98,1,2,0,0,0
03,120251037305290166,ACTIVE,30,8.79,261,4,5,0,0,0
03,120246988043840707,ACTIVE,130,8.78,186,4,6,3,2,74.74
03,120240277268100097,ACTIVE,80,8.74,313,5,6,2,0,0
03,120244164847370788,ACTIVE,10,8.73,139,4,3,0,0,0
03,120246131739110780,ACTIVE,80,8.71,213,9,9,0,0,0
03,120244302440310146,ACTIVE,100,8.7,195,11,8,0,0,0
03,120245468762000436,ACTIVE,100,8.7,421,3,7,2,0,0
03,120247910668550509,ACTIVE,70,8.67,238,0,0,0,0,0
03,120248129647190303,ACTIVE,80,8.66,158,6,6,1,1,26.98
03,120250332385240019,ACTIVE,50,8.61,147,6,7,1,0,0
03,120244623292210146,ACTIVE,100,8.59,194,5,7,0,0,0
03,120246865117370320,ACTIVE,100,8.57,224,3,3,0,0,0
03,120246680736770533,ACTIVE,70,8.55,312,3,4,0,0,0
03,120248613615540642,ACTIVE,120,8.51,212,5,6,0,0,0
03,120248609004600642,ACTIVE,120,8.51,283,3,2,0,0,0
03,120245889270610065,ACTIVE,40,8.48,222,6,6,1,1,49.519999999999996
03,120243205951310642,ACTIVE,114,8.459999999999999,176,3,3,0,0,0
03,120245872282920686,ACTIVE,80,8.44,133,0,1,0,0,0
03,120247854925480090,ACTIVE,190,8.37,162,3,4,0,0,0
03,120247594535460629,ACTIVE,80,8.360000000000001,197,3,3,0,0,0
03,120248129602090303,ACTIVE,80,8.35,120,4,8,0,0,0
03,120248082747970509,ACTIVE,100,8.3,269,3,4,1,0,0
03,120246382556450462,ACTIVE,100,8.3,171,6,7,0,0,0
03,120250598762660019,ACTIVE,50,8.24,191,8,7,0,0,0
03,120249271283030695,ACTIVE,120,8.24,251,7,8,1,0,0
03,120252090042790210,ACTIVE,90,8.24,176,3,4,1,1,41.98
03,120248764599250589,ACTIVE,100,8.22,357,9,6,0,0,0
03,120250036467370725,ACTIVE,100,8.18,253,3,3,0,0,0
03,120248019379260509,ACTIVE,100,8.17,362,2,3,0,0,0
03,120244643680750544,ACTIVE,200,8.16,233,6,6,0,0,0
03,120245346459390436,ACTIVE,100,8.15,318,4,5,0,0,0
03,120242694742870146,ACTIVE,100,8.14,276,7,6,0,0,0
03,120249285560020695,ACTIVE,80,8.120000000000001,199,3,5,0,0,0
03,120247645229990642,ACTIVE,100,8.120000000000001,130,2,3,0,0,0
03,120250037062480725,ACTIVE,100,8.11,137,0,2,1,0,0
03,120248731496840561,ACTIVE,80,8.08,159,4,4,0,0,0
03,120246570408620477,ACTIVE,100,8.08,104,4,5,1,0,0
03,120245824562960686,ACTIVE,80,8.06,98,3,5,0,0,0
03,120246296875230177,ACTIVE,100,8.03,157,3,2,0,0,0
03,120244581811200686,ACTIVE,80,8.02,189,5,6,0,0,0
03,120239961201540097,ACTIVE,80,8.02,245,3,3,1,0,0
03,120246777020580470,ACTIVE,90,7.99,455,4,7,0,0,0
03,120251412553340368,ACTIVE,100,7.970000000000001,243,4,5,0,0,0
03,120246299721620751,ACTIVE,68,7.95,170,5,5,0,0,0
03,120248546074540389,ACTIVE,100,7.949999999999999,374,4,5,0,0,0
03,120251332965640368,ACTIVE,176,7.949999999999999,248,7,8,0,0,0
03,120245411773560436,ACTIVE,100,7.940000000000001,356,6,9,0,0,0
03,120245750135860686,ACTIVE,80,7.94,147,0,1,0,0,0
03,120248304803930065,ACTIVE,50,7.920000000000001,185,5,5,0,0,0
03,120250186073510319,ACTIVE,200,7.91,297,6,10,0,0,0
03,120247768374650175,ACTIVE,88,7.89,202,6,6,1,0,0
03,120246924316430241,ACTIVE,100,7.84,325,3,4,0,0,0
03,120250018779020100,ACTIVE,100,7.84,152,5,7,1,1,38.17
03,120258091126130586,ACTIVE,25,7.74,147,6,6,0,0,0
03,120246452282830177,ACTIVE,100,7.7299999999999995,109,3,5,0,0,0
03,120257843052780586,ACTIVE,125,7.7,234,6,4,0,0,0
03,120248721782100425,ACTIVE,100,7.65,172,4,3,0,0,0
03,120250713080020577,ACTIVE,100,7.609999999999999,153,3,4,0,0,0
03,120242746886630788,ACTIVE,10,7.609999999999999,96,2,2,1,0,0
03,120250036356910725,ACTIVE,100,7.55,170,4,4,1,1,49.37
03,120244863522300146,ACTIVE,100,7.55,217,7,6,1,0,0
03,120249790639140725,ACTIVE,100,7.49,201,5,6,1,1,49.37
03,120249932645040725,ACTIVE,100,7.48,193,7,6,0,0,0
03,120249229589770695,ACTIVE,60,7.470000000000001,215,6,7,1,1,96.75
03,120235336090360210,ACTIVE,200,7.42,203,5,4,0,0,0
03,120245198116820177,ACTIVE,100,7.41,134,3,3,0,0,0
03,120248019824720509,ACTIVE,100,7.39,250,4,3,1,1,34.98
03,120247763989950629,ACTIVE,100,7.37,72,2,3,0,0,0
03,120247293642140642,ACTIVE,200,7.19,212,4,4,0,0,0
03,120248500573340642,ACTIVE,100,7.140000000000001,135,0,1,1,1,92.30000000000001
03,120250943331820577,ACTIVE,100,7.140000000000001,221,3,3,0,0,0
03,120244862516830146,ACTIVE,100,7.14,165,4,4,0,0,0
03,120250018742950100,ACTIVE,100,7.14,205,10,10,1,0,0
03,120258480879500586,ACTIVE,30,7.11,140,5,4,1,1,49.37
03,120246988043980707,ACTIVE,130,7.1000000000000005,160,7,7,0,0,0
03,120246377047690097,ACTIVE,80,7.1,309,4,4,0,0,0
03,120245736523970177,ACTIVE,100,7.09,95,4,4,0,0,0
03,120248652996470564,ACTIVE,100,7.08,272,7,8,0,0,0
03,120245642739820125,ACTIVE,80,7.07,104,2,3,0,0,0
03,120248834293700564,ACTIVE,80,7.0600000000000005,280,3,5,1,0,0
03,120247041237780707,ACTIVE,80,6.99,167,2,2,0,0,0
03,120249954013120100,ACTIVE,80,6.98,81,0,4,1,1,26.32
03,120252454563420054,ACTIVE,100,6.9399999999999995,145,1,4,1,0,0
03,120248079623140509,ACTIVE,100,6.92,234,0,1,0,0,0
03,120251081329460586,ACTIVE,25,6.890000000000001,133,2,1,1,0,0
03,120246985309150320,ACTIVE,100,6.890000000000001,281,5,5,0,0,0
03,120248889381040455,ACTIVE,131,6.859999999999999,391,4,4,0,0,0
03,120244861525740146,ACTIVE,100,6.83,177,4,5,0,0,0
03,120245229678820678,ACTIVE,100,6.8,135,1,2,0,0,0
03,120250018742750100,ACTIVE,100,6.779999999999999,202,8,10,0,0,0
03,120246070715810752,ACTIVE,100,6.7700000000000005,191,6,9,1,0,0
03,120246843188440752,ACTIVE,300,6.67,315,3,2,0,0,0
03,120244761091850146,ACTIVE,100,6.67,183,7,10,3,2,117.19999999999999
03,120247583319740586,ACTIVE,100,6.640000000000001,145,2,5,1,1,49.370000000000005
03,120246778088510470,ACTIVE,80,6.62,182,6,6,0,0,0
03,120249905946720603,ACTIVE,80,6.61,70,0,2,0,0,0
03,120247483438030453,ACTIVE,80,6.6000000000000005,121,3,4,0,0,0
03,120244452501840146,ACTIVE,100,6.59,265,6,6,1,0,0
03,120248079984080509,ACTIVE,100,6.59,175,2,3,1,0,0
03,120245891909090125,ACTIVE,100,6.54,133,3,3,1,1,123.95
03,120246989238160707,ACTIVE,80,6.54,127,2,2,0,0,0
03,120244861784560146,ACTIVE,100,6.53,193,4,4,1,0,0
03,120247597780010751,ACTIVE,40,6.4399999999999995,133,4,5,0,0,0
03,120251354404600722,ACTIVE,68,6.42,155,5,6,2,1,22.98
03,120247243211880097,ACTIVE,80,6.42,365,3,3,0,0,0
03,120256572736650586,ACTIVE,25,6.38,167,3,3,1,0,0
03,120258483603300586,ACTIVE,30,6.35,182,3,2,0,0,0
03,120245481989400065,ACTIVE,40,6.35,163,4,4,0,0,0
03,120248079984260509,ACTIVE,100,6.35,208,0,1,0,0,0
03,120244813179240146,ACTIVE,100,6.34,155,1,2,0,0,0
03,120249285560280695,ACTIVE,80,6.31,197,3,3,0,0,0
03,120244242496990780,ACTIVE,100,6.3,159,4,5,1,1,25.97
03,120251788886810404,ACTIVE,80,6.29,85,4,5,2,0,0
03,120251789041250404,ACTIVE,80,6.279999999999999,95,2,2,1,1,120.69999999999999
03,120248019825220509,ACTIVE,100,6.22,198,2,3,0,0,0
03,120251788791190404,ACTIVE,80,6.1899999999999995,89,2,1,0,0,0
03,120245306349070462,ACTIVE,100,6.140000000000001,150,6,4,0,0,0
03,120250036827590725,ACTIVE,100,6.14,113,2,3,0,0,0
03,120251815177040651,ACTIVE,80,6.12,126,5,3,2,1,37.980000000000004
03,120248760611910469,ACTIVE,100,6.09,207,1,1,0,0,0
03,120244863119740146,ACTIVE,100,6,147,8,9,0,0,0
03,120250623729250057,ACTIVE,100,5.97,80,1,1,0,0,0
03,120249372509500229,ACTIVE,61,5.96,152,3,3,1,0,0
03,120249115231040100,ACTIVE,100,5.9399999999999995,131,1,1,0,0,0
03,120251792579690709,ACTIVE,80,5.92,116,3,3,0,0,0
03,120249953762290100,ACTIVE,87,5.88,138,0,2,0,0,0
03,120251815177090651,ACTIVE,80,5.87,103,2,6,0,0,0
03,120244163991370436,ACTIVE,100,5.86,237,6,7,1,0,0
03,120258480879210586,ACTIVE,30,5.789999999999999,146,4,5,0,0,0
03,120249985386920725,ACTIVE,100,5.78,111,2,4,1,1,68.56
03,120244302719050146,ACTIVE,100,5.76,121,8,7,0,1,41.98
03,120246452175760177,ACTIVE,100,5.750000000000001,95,2,2,0,0,0
03,120258332094910586,ACTIVE,30,5.75,113,3,2,0,0,0
03,120246668892520032,PAUSED,100,5.7299999999999995,189,6,6,0,0,0
03,120245481989440065,ACTIVE,40,5.7,159,3,3,0,0,0
03,120248019343390509,ACTIVE,100,5.65,262,4,3,0,0,0
03,120247967797490509,ACTIVE,100,5.6,218,2,2,0,0,0
03,120249060988170152,ACTIVE,71,5.59,332,7,8,0,0,0
03,120258480988040586,ACTIVE,30,5.57,124,2,2,1,1,28.98
03,120248574399540642,ACTIVE,400,5.56,192,0,1,0,0,0
03,120252560866510210,ACTIVE,93,5.56,238,6,5,0,0,0
03,120244863119470146,ACTIVE,100,5.53,150,1,2,0,0,0
03,120250895500810586,ACTIVE,25,5.4799999999999995,118,2,2,0,0,0
03,120244717752530146,ACTIVE,100,5.47,169,3,3,0,0,0
03,120258251274670586,ACTIVE,100,5.46,113,2,2,0,0,0
03,120246759433650677,ACTIVE,100,5.41,153,1,2,0,0,0
03,120258483603970586,ACTIVE,30,5.41,173,0,0,0,0,0
03,120246988199610707,ACTIVE,80,5.4,76,2,2,0,0,0
03,120248609004530642,ACTIVE,120,5.390000000000001,121,3,3,0,0,0
03,120245686749070320,ACTIVE,120,5.35,198,11,9,2,0,0
03,120248539964750462,ACTIVE,60,5.34,119,4,5,0,0,0
03,120246206880100630,ACTIVE,75,5.29,227,0,1,0,0,0
03,120246259925420674,ACTIVE,100,5.27,135,4,4,1,1,48.52
03,120249017857580389,ACTIVE,81,5.24,190,9,8,0,0,0
03,120258480988100586,ACTIVE,30,5.23,139,0,0,0,0,0
03,120258404577920586,ACTIVE,30,5.2299999999999995,56,6,6,0,0,0
03,120244471201830129,ACTIVE,80,5.21,156,2,3,1,0,0
03,120246695810510533,ACTIVE,100,5.1899999999999995,284,4,6,0,0,0
03,120248430661530642,ACTIVE,76,5.18,145,4,6,0,0,0
03,120248538756480561,ACTIVE,60,5.120000000000001,153,6,6,1,0,0
03,120244863900760146,ACTIVE,100,5.11,140,3,4,0,0,0
03,120246232598650090,ACTIVE,445,5.1,147,6,15,0,0,0
03,120246835765380032,ACTIVE,100,5.06,149,8,7,1,0,0
03,120248707088790065,ACTIVE,94,5.04,189,5,4,1,0,0
03,120244471549790129,ACTIVE,80,5.02,172,5,4,0,0,0
03,120258018661030586,ACTIVE,25,5,108,2,4,0,0,0
03,120248721753290425,ACTIVE,100,5,116,1,1,0,0,0
03,120255205047720197,ACTIVE,60,4.970000000000001,192,3,4,0,0,0
03,120258018921720586,ACTIVE,25,4.95,144,3,4,1,1,49.37
03,120251279954260722,ACTIVE,50,4.9399999999999995,139,4,5,0,0,0
03,120248669217010126,ACTIVE,89,4.9399999999999995,133,0,0,0,0,0
03,120244862191620146,ACTIVE,100,4.93,135,1,2,0,0,0
03,120242907734560129,ACTIVE,80,4.84,158,4,6,0,0,0
03,120247199911460090,ACTIVE,308,4.82,79,3,4,0,0,0
03,120246794737760320,ACTIVE,100,4.800000000000001,146,6,5,0,0,0
03,120246716035470470,ACTIVE,75,4.73,115,1,0,0,0,0
03,120246508713670320,ACTIVE,100,4.7299999999999995,144,8,9,0,0,0
03,120246891334500677,PAUSED,100,4.720000000000001,120,1,1,0,0,0
03,120246794738360320,ACTIVE,100,4.699999999999999,126,1,4,1,1,58.77
03,120250036567540725,ACTIVE,100,4.68,117,1,2,0,0,0
03,120258330738460586,ACTIVE,30,4.67,89,1,1,0,0,0
03,120249005372660589,ACTIVE,202,4.66,121,0,0,0,0,0
03,120251868137060166,ACTIVE,10,4.640000000000001,110,2,2,0,0,0
03,120249819292400663,ACTIVE,50,4.64,60,1,1,0,0,0
03,120244505718600686,ACTIVE,80,4.62,84,2,3,0,0,0
03,120246701172120677,ACTIVE,100,4.6,121,1,2,0,0,0
03,120247770219460509,ACTIVE,100,4.55,124,0,0,0,0,0
03,120246736062480320,ACTIVE,100,4.54,201,1,1,0,0,0
03,120246987932040677,ACTIVE,124,4.45,105,1,2,1,1,41.980000000000004
03,120246381767620032,ACTIVE,100,4.45,122,1,1,0,0,0
03,120248142069690065,ACTIVE,100,4.4399999999999995,85,3,4,0,0,0
03,120249360920670725,ACTIVE,100,4.42,93,4,4,1,0,0
03,120245889270720065,ACTIVE,40,4.41,126,1,1,0,0,0
03,120248563890890642,ACTIVE,120,4.4,135,2,3,0,0,0
03,120258403990710586,ACTIVE,30,4.3999999999999995,132,1,1,0,0,0
03,120248304803400065,ACTIVE,50,4.380000000000001,131,3,3,0,0,0
03,120248088366590509,ACTIVE,100,4.38,141,2,2,0,0,0
03,120250036534800725,ACTIVE,100,4.35,109,0,2,0,0,0
03,120249115230940100,ACTIVE,102,4.32,107,3,3,0,0,0
03,6973002165426,ACTIVE,50,4.3,120,5,4,0,0,0
03,120244839988010129,ACTIVE,80,4.29,108,2,3,0,0,0
03,120244471549800129,ACTIVE,80,4.28,201,2,1,0,0,0
03,120245800978960674,ACTIVE,100,4.27,82,0,0,0,0,0
03,120248752320410389,ACTIVE,107,4.25,145,6,5,0,0,0
03,120246996532800241,ACTIVE,100,4.220000000000001,293,2,5,0,0,0
03,120248614468400126,ACTIVE,90,4.2,100,0,0,0,0,0
03,120246835842080032,ACTIVE,100,4.180000000000001,135,3,5,2,1,42.97
03,120248088366530509,ACTIVE,100,4.18,160,1,3,0,0,0
03,120245638609160175,ACTIVE,125,4.18,124,0,2,0,0,0
03,120246888370010097,ACTIVE,80,4.140000000000001,128,0,2,1,0,0
03,120246299780570177,ACTIVE,100,4.13,34,5,5,0,0,0
03,120251063106910166,ACTIVE,100,4.13,160,5,3,0,0,0
03,120245610768940032,ACTIVE,100,4.11,130,7,9,1,0,0
03,120251280446770722,ACTIVE,50,4.08,108,1,1,0,0,0
03,120247872427160090,ACTIVE,133,4.03,96,2,2,0,0,0
03,120249905946700603,ACTIVE,80,4.02,81,1,2,1,0,0
03,120248563890830642,ACTIVE,400,4,120,1,2,0,0,0
03,120257843668740586,ACTIVE,25,3.9899999999999998,125,2,2,0,0,0
03,120246330272670320,ACTIVE,100,3.98,201,2,4,0,0,0
03,120250769000920577,ACTIVE,88,3.9699999999999998,120,1,2,0,0,0
03,120244470749060129,ACTIVE,80,3.92,153,2,3,0,0,0
03,120248207466280561,ACTIVE,60,3.91,105,5,5,0,0,0
03,120244860298320146,ACTIVE,100,3.83,92,1,2,0,0,0
03,120245898153970179,ACTIVE,80,3.8299999999999996,101,0,1,0,0,0
03,120246896356200032,ACTIVE,75,3.8200000000000003,122,2,2,0,0,0
03,120251853234010709,ACTIVE,100,3.79,93,2,2,0,0,0
03,120246100871360533,ACTIVE,100,3.77,291,5,6,0,0,0
03,120248676922530389,ACTIVE,100,3.77,121,3,4,0,0,0
03,120250037371930725,ACTIVE,100,3.72,126,0,0,0,0,0
03,120244389916660436,ACTIVE,100,3.7199999999999998,166,2,3,0,0,0
03,120248653398340564,ACTIVE,80,3.7199999999999998,121,3,3,0,0,0
03,120250036566870725,ACTIVE,100,3.65,132,0,1,0,0,0
03,120244862192240146,ACTIVE,100,3.65,164,6,3,0,0,0
03,120252337543140054,ACTIVE,60,3.5900000000000003,119,1,1,0,0,0
03,120248835116380564,ACTIVE,80,3.58,108,0,0,0,0,0
03,120249140601980100,PAUSED,300,3.5100000000000002,52,1,1,0,0,0
03,120244758149980129,ACTIVE,80,3.48,61,2,1,0,0,0
03,120250186073630319,ACTIVE,120,3.47,118,1,1,0,0,0
03,120251641307690427,ACTIVE,100,3.44,54,0,1,0,0,0
03,120248894746240561,ACTIVE,80,3.4299999999999997,125,4,6,0,0,0
03,120249283732990100,ACTIVE,100,3.41,97,0,0,0,0,0
03,120248622152780695,ACTIVE,77,3.4,91,1,1,0,0,0
03,120248734905220544,ACTIVE,80,3.3600000000000003,100,0,1,0,0,0
03,120250036827420725,ACTIVE,100,3.35,111,0,1,0,0,0
03,120248835116390564,ACTIVE,80,3.3,57,0,0,0,0,0
03,120247144034480420,ACTIVE,80,3.28,62,0,2,0,0,0
03,120250079096940127,ACTIVE,100,3.24,49,2,2,0,0,0
03,120252560866450210,ACTIVE,93,3.24,131,4,3,0,0,0
03,120249372509730229,ACTIVE,60,3.1799999999999997,91,1,0,0,0,0
03,120246145506950470,ACTIVE,80,3.17,97,0,0,0,0,0
03,120245824478080686,ACTIVE,80,3.16,67,4,4,0,0,0
03,120244837091050678,ACTIVE,40,3.16,68,2,4,1,0,0
03,120248793038950561,ACTIVE,60,3.14,95,2,2,0,0,0
03,120248534140900544,ACTIVE,70,3.13,69,0,1,0,0,0
03,120248836066690564,ACTIVE,80,3.12,79,0,1,0,0,0
03,120246754497550032,ACTIVE,100,3.11,81,0,1,1,0,0
03,120243843991710129,ACTIVE,80,3.07,80,2,2,0,0,0
03,120250623695570057,PAUSED,100,3.06,13,3,3,1,1,130.75
03,120252288360590054,ACTIVE,100,2.99,56,0,0,0,0,0
03,120249066785660389,ACTIVE,81,2.98,111,2,3,1,0,0
03,120246169445720320,ACTIVE,100,2.9699999999999998,109,1,2,0,0,0
03,120250501589950722,ACTIVE,80,2.94,61,5,5,0,0,0
03,120250037062790725,ACTIVE,100,2.93,84,1,2,0,0,0
03,120246250177610320,ACTIVE,100,2.85,90,4,3,0,0,0
03,120246300475250650,ACTIVE,100,2.82,59,1,1,0,0,0
03,120247901619920090,ACTIVE,102,2.8,52,1,1,0,0,0
03,120248539964810462,ACTIVE,60,2.8,67,1,0,0,0,0
03,120245469696060686,ACTIVE,100,2.79,41,1,3,0,0,0
03,120248848966480389,ACTIVE,56,2.75,86,2,4,0,0,0
03,120248774655740425,ACTIVE,200,2.7399999999999998,46,0,0,0,0,0
03,120248492410110561,ACTIVE,80,2.63,147,3,3,0,0,0
03,120247099045960674,ACTIVE,80,2.6199999999999997,150,2,4,0,0,0
03,120249748358150589,ACTIVE,100,2.6100000000000003,65,0,1,0,0,0
03,120252497503640210,ACTIVE,100,2.6100000000000003,75,1,3,0,0,0
03,120233399299810090,ACTIVE,170,2.61,88,1,3,0,0,0
03,120247757712490629,ACTIVE,129,2.49,43,0,1,0,0,0
03,120246922785400320,ACTIVE,110,2.48,96,1,2,0,0,0
03,120244758149140146,ACTIVE,100,2.43,72,2,2,0,0,0
03,120251659288280166,ACTIVE,10,2.39,73,1,1,0,0,0
03,120250466778820577,ACTIVE,100,2.2800000000000002,60,3,2,1,0,0
03,120248332304550642,ACTIVE,211,2.15,53,2,2,0,0,0
03,120246647909930752,ACTIVE,60,2.12,83,2,2,0,0,0
03,23857875546260799,ACTIVE,60,2.12,33,0,0,0,0,0
03,120257843668650586,ACTIVE,25,2.1,46,0,1,0,0,0
03,120246965285850032,ACTIVE,80,2.08,56,0,4,0,0,0
03,120247902130520509,ACTIVE,100,2.06,57,2,1,1,0,0
03,120235701428420210,ACTIVE,200,2.03,31,0,0,0,0,0
03,120249525957160319,ACTIVE,120,2.02,42,2,1,0,0,0
03,120245218353240788,ACTIVE,100,1.97,65,1,1,0,0,0
03,120258332094940586,ACTIVE,30,1.97,61,3,6,1,0,0
03,120249953762220100,ACTIVE,87,1.93,31,1,2,0,0,0
03,120251509396740651,ACTIVE,20,1.9100000000000001,43,1,1,1,0,0
03,120244860938970146,ACTIVE,100,1.87,76,0,0,0,0,0
03,120247547590960642,ACTIVE,129,1.81,41,2,3,0,0,0
03,120251868137370166,ACTIVE,20,1.79,27,0,1,0,0,0
03,120248952395190469,ACTIVE,80,1.79,49,0,0,0,0,0
03,120246297341700177,ACTIVE,100,1.76,65,2,5,0,0,0
03,120247763989870629,ACTIVE,100,1.71,24,1,1,0,0,0
03,120246309078080032,ACTIVE,100,1.66,47,1,2,0,0,0
03,120248922585490210,ACTIVE,200,1.63,67,0,0,0,0,0
03,120250011456500589,PAUSED,100,1.58,41,0,0,0,0,0
03,120243673094650146,ACTIVE,100,1.57,54,2,2,0,0,0
03,120248841975230455,ACTIVE,133,1.56,37,0,0,0,0,0
03,120251576447330651,ACTIVE,20,1.55,42,0,1,0,0,0
03,120247580456030167,PAUSED,80,1.51,5,0,0,0,0,0
03,120248383861080100,ACTIVE,100,1.48,40,1,0,0,0,0
03,120258403409550586,ACTIVE,30,1.48,48,1,1,0,0,0
03,6998537981626,ACTIVE,50,1.47,11,0,2,0,0,0
03,120247763951170629,ACTIVE,100,1.4400000000000002,43,0,0,0,0,0
03,120258265468100586,ACTIVE,30,1.43,47,0,0,0,0,0
03,120235701428400210,ACTIVE,200,1.4100000000000001,42,2,2,0,0,0
03,120252191525360210,ACTIVE,100,1.3599999999999999,67,1,1,0,0,0
03,120247770946170509,ACTIVE,100,1.34,68,0,0,0,0,0
03,120250466943310577,ACTIVE,100,1.34,38,1,1,0,0,0
03,120250769001000577,ACTIVE,88,1.26,50,4,2,0,0,0
03,120248832877240168,ACTIVE,50,1.25,30,0,0,0,0,0
03,120251173457590195,ACTIVE,80,1.24,34,0,0,0,0,0
03,120248982063050168,ACTIVE,90,1.23,15,0,0,0,0,0
03,120246470015580752,ACTIVE,28,1.2,36,0,1,0,0,0
03,120247757712530629,ACTIVE,129,1.13,17,0,0,0,0,0
03,120252411199200210,ACTIVE,85,1.12,33,0,2,1,0,0
03,120246145364940470,ACTIVE,80,1.04,34,0,0,0,0,0
03,120247240715200097,ACTIVE,90,1.03,46,0,0,0,0,0
03,120246145189280470,ACTIVE,80,1.02,57,0,1,0,0,0
03,120246526262050752,ACTIVE,60,1,31,0,2,0,0,0
03,120242847129030686,ACTIVE,100,0.98,22,1,2,0,0,0
03,120251360834810166,ACTIVE,20,0.98,34,0,0,0,0,0
03,120246849132070470,ACTIVE,10,0.97,26,0,1,0,0,0
03,120246787004190097,ACTIVE,63,0.8999999999999999,39,1,1,0,0,0
03,120249105110140210,ACTIVE,96,0.88,20,0,1,0,0,0
03,120244083558220146,ACTIVE,210,0.78,30,0,0,0,0,0
03,120251576134230651,ACTIVE,20,0.77,14,0,0,0,0,0
03,120246788794230752,ACTIVE,80,0.76,13,0,0,0,0,0
03,120258095185070586,ACTIVE,30,0.69,27,0,0,0,0,0
03,120252802852340054,ACTIVE,100,0.6799999999999999,29,0,0,0,0,0
03,120245136181480470,ACTIVE,10,0.66,29,0,0,0,0,0
03,120244251116110146,ACTIVE,100,0.66,22,0,0,0,0,0
03,120250554304290404,ACTIVE,100,0.65,7,0,0,0,0,0
03,120245241702630470,ACTIVE,10,0.64,19,1,1,0,0,0
03,120248893532100100,ACTIVE,100,0.54,47,0,0,0,0,0
03,120244535937630146,ACTIVE,100,0.5,31,0,0,0,0,0
03,120251023996480013,ACTIVE,80,0.5,13,0,0,0,0,0
03,120248795478810455,ACTIVE,100,0.5,14,0,0,0,0,0
03,120252045071910166,ACTIVE,30,0.47,14,0,0,0,0,0
03,120252198020010210,ACTIVE,80,0.46,12,0,0,0,0,0
03,120244451472500146,ACTIVE,100,0.43,4,0,0,0,0,0
03,120249146380180152,ACTIVE,135,0.4,29,0,0,0,0,0
03,120244470749040129,ACTIVE,80,0.38,16,0,0,0,0,0
03,120246997539560241,ACTIVE,100,0.38,16,0,0,0,0,0
03,120252191447820210,ACTIVE,100,0.33,10,0,0,0,0,0
03,120247770604660509,ACTIVE,100,0.3,8,0,0,0,0,0
03,120248304076570462,ACTIVE,73,0.28,5,0,0,0,0,0
03,120243063569770146,ACTIVE,147,0.28,16,0,2,0,0,0
03,120249372436120229,ACTIVE,80,0.28,3,1,1,0,0,0
03,120246990017630241,ACTIVE,126,0.27,23,0,0,0,0,0
03,120252337542810054,ACTIVE,93,0.26,9,0,0,0,0,0
03,120245099365240470,ACTIVE,10,0.24000000000000002,6,0,0,0,0,0
03,120247981166240090,ACTIVE,130,0.24,4,0,1,0,0,0
03,120251778959040404,ACTIVE,80,0.21,5,0,1,0,0,0
03,120249372436090229,ACTIVE,80,0.2,4,0,0,0,0,0
03,120248564072910455,ACTIVE,100,0.19,11,0,0,0,0,0
03,120246965285880032,ACTIVE,80,0.19,9,0,0,0,0,0
03,120244216235640630,ACTIVE,73,0.17,5,0,1,0,0,0
03,120248828412650561,ACTIVE,87,0.15,20,0,2,0,0,0
03,120252044915260166,ACTIVE,30,0.13999999999999999,10,0,0,0,0,0
03,120250857027130577,ACTIVE,87,0.13,1,0,0,0,0,0
03,120246493383140032,ACTIVE,100,0.12,5,0,0,0,0,0
03,120252724481080054,ACTIVE,109,0.12,5,1,1,0,0,0
03,120246243457080630,ACTIVE,85,0.12,4,0,0,0,0,0
03,120252072716270054,ACTIVE,40,0.12,3,0,0,0,0,0
03,120249066785690389,ACTIVE,81,0.12,7,0,0,0,0,0
03,120252045071990166,ACTIVE,30,0.11000000000000001,7,0,0,0,0,0
03,120249871750440100,ACTIVE,100,0.11,10,0,0,0,0,0
03,120244691564740146,ACTIVE,100,0.1,7,0,0,0,0,0
03,120245691728160470,ACTIVE,10,0.08,5,0,0,0,0,0
03,120244758149170146,ACTIVE,100,0.08,4,0,0,0,0,0
03,120248033886450090,ACTIVE,128,0.08,2,0,0,0,0,0
03,120248033886420090,ACTIVE,128,0.08,4,0,0,0,0,0
03,120245944457570630,ACTIVE,40,0.06,5,0,1,0,0,0
03,120249151139280057,PAUSED,100,0.06,3,0,1,0,0,0
03,120248891524550065,ACTIVE,100,0.05,7,0,2,0,0,0
03,120248765935040561,ACTIVE,99,0.05,5,0,0,0,0,0
03,120244164741820146,ACTIVE,112,0.04,5,0,0,0,0,0
03,120243593315080146,ACTIVE,206,0.03,2,0,0,0,0,0
03,120248828412720561,ACTIVE,87,0.03,12,0,1,0,0,0
03,120258403811420586,ACTIVE,30,0.02,2,0,0,0,0,0
03,120258403810880586,ACTIVE,30,0.02,2,0,0,0,0,0
03,120248781054270455,ACTIVE,128,0.02,3,0,0,0,0,0
03,120248101051760509,ACTIVE,80,0,0,0,0,0,0,0
03,6998743229226,ACTIVE,50,0,0,0,0,0,0,0
03,120246625681590172,ACTIVE,50,0,0,0,0,0,0,0
03,120246625681580172,ACTIVE,50,0,0,0,0,0,0,0
03,120248101193320509,ACTIVE,80,0,0,0,0,0,0,0
03,120248101193450509,ACTIVE,80,0,0,0,0,0,0,0
03,120248427381820564,PAUSED,100,0,0,0,1,0,0,0
03,120250941103690577,PAUSED,100,0,0,0,0,0,0,0
03,120248538756410561,PAUSED,60,0,0,0,0,0,0,0
03,120255319873560197,ACTIVE,60,0,0,0,0,0,0,0
03,120249959384170100,PAUSED,300,0,0,0,0,0,0,0
03,120245996028320179,ACTIVE,100,0,0,0,0,0,0,0
03,120250877852440057,ACTIVE,100,0,0,0,0,0,0,0
03,120245995754700179,ACTIVE,80,0,0,0,0,0,0,0
03,120248793038870561,PAUSED,60,0,0,0,0,0,0,0
03,120248801075450431,PAUSED,220,0,0,0,0,0,0,0
03,120258265887140586,PAUSED,45,0,0,0,0,0,0,0
03,120258330700000586,PAUSED,45,0,0,0,0,0,0,0
03,120245038624620436,PAUSED,100,0,0,0,0,0,0,0
03,120244884801280146,ACTIVE,100,0,0,0,0,0,0,0
03,120248840436810425,ACTIVE,100,0,0,0,0,0,0,0
03,120244884801230146,ACTIVE,100,0,0,0,0,0,0,0
03,120248896107110561,ACTIVE,198,0,0,0,1,0,0,0
03,120248935435060544,ACTIVE,80,0,0,0,0,0,0,0
03,120248935555890544,ACTIVE,80,0,0,0,0,0,0,0
03,120248935555950544,ACTIVE,80,0,0,0,0,0,0,0
03,120248935621940544,ACTIVE,80,0,0,0,0,0,0,0
03,120248936264260544,ACTIVE,80,0,0,0,0,0,0,0
03,120248936264740544,ACTIVE,80,0,0,0,0,0,0,0
03,23857922203410799,PAUSED,80,0,0,0,0,0,0,0
03,23857936779820799,PAUSED,80,0,0,0,0,0,0,0
03,23857936779830799,PAUSED,80,0,0,0,0,0,0,0
03,120248950484590389,PAUSED,100,0,0,0,1,0,0,0
03,120250288653250319,PAUSED,100,0,0,0,1,0,0,0
03,120248951282790469,PAUSED,80,0,0,0,0,0,0,0
03,120248952395230469,ACTIVE,80,0,0,0,3,0,0,0
03,6997681727026,PAUSED,50,0,0,0,1,0,0,0
03,6998537980426,ACTIVE,50,0,0,0,0,0,0,0
03,120249571030580116,PAUSED,100,0,0,0,1,0,0,0
03,120247208905110674,ACTIVE,80,0,0,0,0,0,0,0
03,120247208905180674,ACTIVE,80,0,0,0,0,0,0,0
03,120247144034520420,ACTIVE,80,0,0,0,3,1,0,0
03,120247144034420420,ACTIVE,80,0,0,0,2,0,0,0
03,120247137487440097,PAUSED,100,0,0,0,0,0,0,0
03,120247325002770564,ACTIVE,300,0,0,0,1,0,0,0
03,120247335070640389,PAUSED,100,0,0,0,1,0,0,0
03,120246984113600320,PAUSED,100,0,0,0,0,0,0,0
03,120246983939620320,ACTIVE,100,0,0,0,0,0,0,0
03,120246983939560320,ACTIVE,100,0,0,0,0,0,0,0
03,120246974821800032,PAUSED,100,0,0,0,0,0,0,0
03,120247820656740509,PAUSED,100,0,0,0,1,0,0,0
03,120251290936050195,ACTIVE,50,0,0,0,0,0,0,0
03,120246928447770752,ACTIVE,100,0,0,0,0,0,0,0
03,120246928304160752,ACTIVE,100,0,0,0,0,0,0,0
03,120247910668570509,PAUSED,70,0,0,0,0,0,0,0
03,120246856687770320,PAUSED,109,0,0,0,1,0,0,0
03,120251096601230013,ACTIVE,80,0,0,0,0,0,0,0
03,120246841342350173,ACTIVE,100,0,0,0,0,0,0,0
03,120246841342340173,ACTIVE,100,0,0,0,0,0,0,0
03,120251096575790013,ACTIVE,80,0,0,0,0,0,0,0
03,120247998931350564,ACTIVE,380,0,0,0,1,0,0,0
03,120248078229420043,ACTIVE,80,0,0,0,0,0,0,0
03,120248078229470043,ACTIVE,80,0,0,0,0,0,0,0
03,120248078229690043,ACTIVE,80,0,0,0,0,0,0,0
03,120246785226280564,ACTIVE,320,0,0,0,1,0,0,0
03,120248100918270509,ACTIVE,100,0,0,0,0,0,0,0
