hh,campaign_id,status,budget,spent,impressions,clicks,views,checkout,purchase,rev
00,120250857934900725,ACTIVE,1500,35.31,847,10,17,5,3,167.29999999999998
00,120249220581040455,ACTIVE,932,11.55,116,6,4,0,1,60.410000000000004
00,120250857934870725,ACTIVE,500,7.91,227,5,9,1,1,49.37
00,120250172561040389,ACTIVE,71,7.29,125,5,3,0,0,0
00,120250172561130389,ACTIVE,71,6.71,107,7,7,2,0,0
00,120250598501760229,ACTIVE,80,6.58,42,0,0,0,0,0
00,120249177863580455,ACTIVE,1682,6.36,143,4,8,0,0,0
00,120245854774890129,ACTIVE,200,6.32,131,3,5,1,1,41.98
00,120259515149350586,ACTIVE,300,6.11,79,0,4,0,0,0
00,120241066464020065,ACTIVE,1088,5.88,165,0,5,1,0,0
00,120247634863390564,ACTIVE,800,5.59,138,1,2,0,0,0
00,120244418309490436,ACTIVE,613,5.57,190,5,8,1,1,41.980000000000004
00,120249819353180455,ACTIVE,567,5.27,66,2,4,1,0,0
00,120250148796800065,ACTIVE,833,5.26,62,0,2,0,0,0
00,120245837898990436,ACTIVE,389,4.86,190,1,7,1,0,0
00,120248692777550175,ACTIVE,235,4.66,78,2,3,0,0,0
00,120245031811820436,ACTIVE,554,4.66,214,2,5,1,1,41.98
00,120249796859320455,ACTIVE,562,4.53,85,3,6,1,1,106.83999999999999
00,120251280416980589,ACTIVE,100,4.52,56,0,1,0,0,0
00,120250447195790100,ACTIVE,560,4.51,60,2,3,1,0,0
00,120248571162820214,ACTIVE,220,4.34,76,2,4,0,0,0
00,120251070317250589,ACTIVE,497,4.32,66,3,3,0,0,0
00,120249470867260126,ACTIVE,300,4.23,30,1,1,0,0,0
00,120253717969910054,ACTIVE,100,4.12,31,0,0,0,0,0
00,120249773521790455,ACTIVE,876,3.99,34,3,3,0,0,0
00,120248593499490629,ACTIVE,300,3.83,88,3,2,1,1,89.36999999999999
00,120248810047820509,ACTIVE,500,3.74,122,1,3,1,1,61.97
00,120249525081250564,ACTIVE,800,3.7,149,3,5,0,0,0
00,120247607295610752,ACTIVE,1000,3.7,70,3,7,0,0,0
00,120248800044910751,ACTIVE,1400,3.66,99,1,4,0,0,0
00,120249286008100751,ACTIVE,389,3.62,93,0,1,0,0,0
00,120246230106530436,ACTIVE,285,3.58,136,1,2,0,0,0
00,120250624117300100,ACTIVE,560,3.51,48,0,0,0,0,0
00,120249737694600455,ACTIVE,447,3.49,81,1,2,0,0,0
00,120247624307750032,ACTIVE,80,3.36,71,3,4,0,0,0
00,120250148796840065,ACTIVE,406,3.35,32,0,1,0,0,0
00,120246411234470686,ACTIVE,140,3.27,39,0,3,0,0,0
00,120247643854790590,ACTIVE,100,3.24,33,1,1,0,0,0
00,120245523851000129,ACTIVE,300,3.21,117,1,1,0,0,0
00,120255712681770771,ACTIVE,600,3.18,42,1,1,0,0,0
00,120246729148090125,ACTIVE,369,3.18,45,0,0,0,0,0
00,120250109955700695,ACTIVE,200,3.14,112,0,0,0,0,0
00,120248593499820629,ACTIVE,300,3.1,51,4,5,3,0,0
00,120249142031310564,ACTIVE,500,3.07,117,1,1,0,0,0
00,120246411339050686,ACTIVE,359,3.07,53,0,0,0,0,0
00,120249598081980216,ACTIVE,80,3.03,49,0,0,0,0,0
00,120247160080290630,ACTIVE,100,3,33,1,1,0,0,0
00,120248764599250589,ACTIVE,466,2.97,85,3,2,1,0,0
00,120246781906960179,ACTIVE,200,2.95,54,0,0,0,0,0
00,120246739474360179,ACTIVE,420,2.95,84,1,2,0,0,0
00,120247614409850674,ACTIVE,300,2.9,45,1,2,0,1,29.98
00,120244270293390320,ACTIVE,700,2.87,91,0,0,0,0,0
00,120252991682490709,ACTIVE,80,2.81,114,4,4,0,0,0
00,120248574839550695,ACTIVE,100,2.76,78,3,2,0,0,0
00,120248821149400090,ACTIVE,335,2.72,24,1,1,0,0,0
00,120248017943870097,ACTIVE,175,2.7,44,1,1,0,0,0
00,120249727768090216,ACTIVE,80,2.69,49,0,0,0,0,0
00,120245972443720177,ACTIVE,419,2.69,67,0,2,0,0,0
00,120250879849910392,ACTIVE,200,2.66,29,0,0,0,0,0
00,120249717905560469,ACTIVE,100,2.64,59,1,1,0,0,0
00,120245087420500146,ACTIVE,659,2.63,77,1,3,0,0,0
00,120249708537480561,ACTIVE,123,2.57,33,0,0,0,0,0
00,120247824573220241,ACTIVE,300,2.55,119,0,1,0,0,0
00,120250789469770586,ACTIVE,750,2.52,63,1,4,0,0,0
00,120248779196630731,ACTIVE,250,2.48,17,0,1,1,0,0
00,120246865117370320,ACTIVE,300,2.45,65,0,3,0,0,0
00,120252893633380450,ACTIVE,128,2.38,21,0,0,0,0,0
00,120249998355340389,ACTIVE,495,2.38,51,1,2,0,0,0
00,120245596108590129,ACTIVE,200,2.36,98,2,3,0,0,0
00,120244794017770320,ACTIVE,340,2.33,86,2,1,0,1,58.769999999999996
00,120246266385410436,ACTIVE,372,2.33,77,1,3,0,0,0
00,120249798237250455,ACTIVE,451,2.32,91,0,2,0,1,34.95
00,120246266411800436,ACTIVE,100,2.31,27,3,6,1,0,0
00,120250210018830100,ACTIVE,300,2.29,31,1,2,0,0,0
00,120246312788110126,ACTIVE,200,2.28,87,4,3,0,0,0
00,120246058017990436,ACTIVE,100,2.26,74,0,0,0,0,0
00,120247244150820650,ACTIVE,100,2.21,15,2,3,0,0,0
00,120247718478040320,ACTIVE,245,2.2,50,1,1,0,0,0
00,120245546721500146,ACTIVE,396,2.18,82,0,0,0,0,0
00,120248209648050559,ACTIVE,400,2.15,59,2,4,0,0,0
00,120249642397010425,ACTIVE,272,2.13,21,0,1,0,0,0
00,120247851477820707,ACTIVE,100,2.13,16,1,1,0,0,0
00,120252444275150368,ACTIVE,300,2.09,38,1,0,0,0,0
00,120249598082060216,ACTIVE,80,2.09,33,2,3,0,0,0
00,120245640145600146,ACTIVE,100,2.08,49,2,3,1,1,41.98
00,120250296535810100,ACTIVE,500,2.07,35,1,2,0,0,0
00,120245545452250146,ACTIVE,100,2.05,15,0,1,0,0,0
00,120247744471800241,ACTIVE,236,2.04,55,1,1,0,0,0
00,120248209632590559,ACTIVE,400,2,44,0,1,0,0,0
00,120247420555310752,ACTIVE,300,1.97,40,1,1,0,0,0
00,120245346459390436,ACTIVE,126,1.9,88,1,3,0,0,0
00,120249253674880462,ACTIVE,135,1.9,14,1,1,0,0,0
00,120248388520260291,ACTIVE,300,1.87,36,1,1,0,0,0
00,120249006967110708,ACTIVE,422,1.87,41,1,2,0,0,0
00,120246985309150320,ACTIVE,210,1.83,58,2,3,0,0,0
00,120253509292830054,ACTIVE,196,1.78,19,0,0,0,0,0
00,120249798276470455,ACTIVE,449,1.77,91,1,1,0,0,0
00,120249325405290389,ACTIVE,100,1.75,14,1,1,0,0,0
00,120248926854510090,ACTIVE,498,1.74,50,0,2,0,0,0
00,120246293141950436,ACTIVE,100,1.72,113,1,1,0,0,0
00,120246345569010686,ACTIVE,354,1.67,15,1,1,1,1,29.98
00,120253682244230210,ACTIVE,150,1.66,66,2,3,0,0,0
00,120247383199060533,ACTIVE,356,1.65,67,1,3,0,0,0
00,120250857475900725,ACTIVE,500,1.64,81,1,3,0,0,0
00,120249474155700642,ACTIVE,100,1.63,38,0,1,0,0,0
00,120247852317860677,ACTIVE,200,1.62,59,2,1,0,0,0
00,120250877852440057,ACTIVE,330,1.62,30,0,1,0,0,0
00,120253406029470054,ACTIVE,368,1.62,29,0,0,0,0,0
00,120245837521970436,ACTIVE,265,1.61,81,2,4,0,0,0
00,120248479510860214,ACTIVE,220,1.59,22,0,0,0,0,0
00,120249722156140561,ACTIVE,100,1.59,18,1,2,0,0,0
00,120249998355410389,ACTIVE,407,1.59,57,1,2,0,0,0
00,120247498633290172,ACTIVE,100,1.58,8,0,0,0,0,0
00,120246299672740751,ACTIVE,1300,1.58,25,0,1,0,0,0
00,120250010438780065,ACTIVE,155,1.57,20,1,1,0,0,0
00,120247476544590470,ACTIVE,10,1.57,12,0,0,0,0,0
00,120248503118740629,ACTIVE,110,1.56,50,0,0,0,0,0
00,120252565997380368,ACTIVE,80,1.55,39,0,0,0,0,0
00,120249286008110751,ACTIVE,229,1.49,33,0,0,0,0,0
00,120249461012860564,ACTIVE,100,1.48,36,1,2,0,0,0
00,120249515059370564,ACTIVE,100,1.48,23,1,2,0,0,0
00,120248022515170097,ACTIVE,562,1.48,70,2,2,0,0,0
00,120247384368960172,ACTIVE,600,1.46,45,1,1,0,0,0
00,120248609231900509,ACTIVE,200,1.46,34,0,0,0,0,0
00,120250722702450019,ACTIVE,150,1.42,21,2,2,0,0,0
00,120249470979850126,ACTIVE,200,1.41,28,0,0,0,0,0
00,120250483742610024,ACTIVE,200,1.41,11,0,0,0,0,0
00,120249525235920564,ACTIVE,80,1.4,42,0,0,0,0,0
00,120250409712310042,ACTIVE,100,1.39,19,0,1,0,0,0
00,120245468761950436,ACTIVE,367,1.39,64,2,2,0,0,0
00,120249932722130725,ACTIVE,100,1.38,23,0,0,0,0,0
00,120246710213410090,ACTIVE,332,1.37,32,0,0,0,0,0
00,120246791587200455,ACTIVE,522,1.36,21,0,1,0,0,0
00,120245306349070462,ACTIVE,300,1.35,20,0,0,0,0,0
00,120249325186850389,ACTIVE,393,1.35,64,1,2,1,0,0
00,120248630524990629,ACTIVE,130,1.35,35,0,0,0,0,0
00,120251997651590404,ACTIVE,100,1.34,24,0,1,0,0,0
00,120250164409580065,ACTIVE,100,1.33,16,0,0,0,0,0
00,120249597992500216,ACTIVE,80,1.33,35,1,3,0,0,0
00,120251047356610589,ACTIVE,330,1.32,13,1,1,0,0,0
00,120250992480940319,ACTIVE,200,1.3,29,1,1,0,0,0
00,120251109241560577,ACTIVE,502,1.28,29,1,1,0,0,0
00,120252522112930368,ACTIVE,240,1.27,39,1,1,0,0,0
00,120247347738320650,ACTIVE,295,1.27,16,0,1,0,0,0
00,120247380153090677,ACTIVE,100,1.24,35,0,0,0,0,0
00,120248764220530214,ACTIVE,100,1.24,15,0,0,0,0,0
00,120248866251460043,ACTIVE,240,1.22,21,2,2,0,0,0
00,120246506094720686,ACTIVE,329,1.21,16,0,1,1,1,51.21
00,120249595072340564,ACTIVE,80,1.2,26,1,1,0,0,0
00,120246901356730172,ACTIVE,200,1.19,19,2,2,0,0,0
00,120247660753630677,ACTIVE,180,1.18,45,0,0,0,0,0
00,120251071213050319,ACTIVE,100,1.15,33,1,2,0,0,0
00,120249470979790126,ACTIVE,500,1.14,20,1,1,0,0,0
00,120247460048670533,ACTIVE,200,1.14,31,0,0,0,0,0
00,120247498522010172,ACTIVE,200,1.13,12,0,0,0,0,0
00,120247680102270175,ACTIVE,225,1.1,68,0,0,0,0,0
00,120252301917290368,ACTIVE,200,1.09,54,1,0,1,0,0
00,120246037977820686,ACTIVE,479,1.08,19,0,0,0,0,0
00,120250690839020725,ACTIVE,100,1.07,19,0,0,1,1,68.56
00,120252601207340368,ACTIVE,200,1.05,21,1,1,0,0,0
00,120248475372230175,ACTIVE,277,1.04,35,0,1,0,0,0
00,120247924205270214,ACTIVE,85,1.02,17,0,0,0,0,0
00,120248526805630175,ACTIVE,225,1.02,22,1,3,1,0,0
00,120246457583950686,ACTIVE,421,1.02,28,2,3,2,2,122.43
00,120249484643470425,ACTIVE,100,1.02,13,0,0,0,0,0
00,120249597970000216,ACTIVE,80,1.01,16,0,0,0,0,0
00,120247225333460177,ACTIVE,386,1.01,30,0,0,0,0,0
00,120248019821520016,ACTIVE,80,1.01,28,1,1,1,0,0
00,120250016606030152,ACTIVE,200,1.01,54,1,0,0,0,0
00,120249747361920561,ACTIVE,267,0.99,27,2,4,0,0,0
00,120247160080840630,ACTIVE,100,0.97,24,0,0,0,0,0
00,120252570211110651,ACTIVE,100,0.96,34,0,0,0,0,0
00,120250518458320127,ACTIVE,100,0.96,6,2,2,0,0,0
00,120249794046460455,ACTIVE,187,0.95,1,0,0,0,0,0
00,120246901356650172,ACTIVE,400,0.95,16,1,0,0,0,0
00,120247902669740320,ACTIVE,109,0.94,26,0,0,0,0,0
00,120248562847610629,ACTIVE,100,0.94,34,0,0,0,0,0
00,120250337858370100,ACTIVE,405,0.93,21,1,2,1,0,0
00,120249535727510116,ACTIVE,178,0.93,35,0,1,1,1,69.72
00,120249253674820462,ACTIVE,200,0.93,13,0,0,0,0,0
00,120247583319740586,ACTIVE,300,0.92,13,0,0,0,0,0
00,120248716761170509,ACTIVE,255,0.91,22,1,2,1,0,0
00,120250943577470725,ACTIVE,100,0.91,34,0,0,0,0,0
00,120248209610170559,ACTIVE,140,0.91,30,0,0,0,0,0
00,120250528241360229,ACTIVE,60,0.9,11,2,2,0,0,0
00,120249350342560751,ACTIVE,80,0.9,16,0,1,0,0,0
00,120246729148030125,ACTIVE,342,0.89,29,0,0,0,0,0
00,120250908107470725,ACTIVE,100,0.88,27,0,0,0,0,0
00,120249669211920469,ACTIVE,100,0.88,44,0,2,0,0,0
00,120251465994660577,ACTIVE,100,0.86,15,0,0,0,0,0
00,120244924434950146,ACTIVE,100,0.86,28,1,1,1,0,0
00,120251025260210392,ACTIVE,100,0.86,16,1,2,0,0,0
00,120248722613960509,ACTIVE,180,0.84,14,1,1,1,0,0
00,120249761430210561,ACTIVE,80,0.82,21,1,1,1,1,57.94
00,120248616085540126,ACTIVE,300,0.81,26,3,2,0,0,0
00,120248464770270509,ACTIVE,200,0.81,22,0,0,0,0,0
00,120249350342530751,ACTIVE,80,0.8,13,1,2,0,0,0
00,120246505926190686,ACTIVE,100,0.79,7,1,3,0,0,0
00,120250730281520100,ACTIVE,300,0.78,30,0,2,1,1,38.17
00,120248806206860043,ACTIVE,200,0.77,23,0,1,1,0,0
00,120247160725050630,ACTIVE,100,0.77,5,0,0,0,0,0
00,120245284052330686,ACTIVE,298,0.76,30,0,0,0,0,0
00,120249597992420216,ACTIVE,50,0.76,17,0,1,1,1,107.42999999999999
00,120248914961690509,ACTIVE,105,0.75,23,0,1,0,0,0
00,120253717968900054,ACTIVE,100,0.75,13,0,0,0,0,0
00,120249447109280642,ACTIVE,136,0.73,17,1,1,0,0,0
00,120249848308660469,ACTIVE,100,0.73,27,0,0,0,0,0
00,120244349823030686,ACTIVE,680,0.71,15,0,0,0,0,0
00,120248623149560090,ACTIVE,181,0.71,8,0,0,0,0,0
00,120250330451160116,ACTIVE,244,0.71,12,0,0,0,0,0
00,120245942236800686,ACTIVE,149,0.69,3,0,2,1,1,29.98
00,120246935804970630,ACTIVE,100,0.69,14,1,2,0,0,0
00,120249231443520389,ACTIVE,210,0.69,29,0,1,0,0,0
00,120248559761950006,ACTIVE,60,0.69,27,0,1,0,0,0
00,120240258763950179,ACTIVE,120,0.68,19,0,1,0,0,0
00,120248277913750559,ACTIVE,100,0.67,12,0,0,0,0,0
00,120245815157520129,ACTIVE,100,0.67,26,0,1,0,0,0
00,120248277929780559,ACTIVE,100,0.67,10,0,1,0,0,0
00,120245906396800436,ACTIVE,148,0.66,36,0,0,0,0,0
00,120249737694570455,ACTIVE,457,0.66,27,0,0,0,0,0
00,120246715310580686,ACTIVE,80,0.66,15,0,2,1,1,29.98
00,120252495546580368,ACTIVE,80,0.66,20,1,2,0,0,0
00,120248808876980090,ACTIVE,492,0.65,16,0,0,0,0,0
00,120245946244180126,ACTIVE,100,0.65,25,0,0,0,0,0
00,120250290123180695,ACTIVE,160,0.65,19,4,3,1,1,37.980000000000004
00,120249523562880116,ACTIVE,250,0.64,16,0,0,0,0,0
00,120248648060210175,ACTIVE,100,0.64,28,0,0,0,0,0
00,120245044044870686,ACTIVE,365,0.63,13,0,1,0,0,0
00,120245859755050173,ACTIVE,100,0.63,17,0,0,0,0,0
00,120248539964750462,ACTIVE,100,0.63,17,0,1,0,0,0
00,120247317325280533,ACTIVE,202,0.63,31,2,3,0,0,0
00,120250822896400725,ACTIVE,100,0.62,25,0,0,0,0,0
00,120249584002100642,ACTIVE,124,0.62,15,0,0,0,0,0
00,120250857951500725,ACTIVE,100,0.61,25,1,4,0,0,0
00,120248681187360509,ACTIVE,500,0.61,43,0,0,0,0,0
00,120249626723800126,ACTIVE,100,0.59,12,0,0,0,0,0
00,120248338624550629,ACTIVE,100,0.59,20,2,2,0,0,0
00,120246457864390686,ACTIVE,498,0.59,2,0,0,0,0,0
00,120245557729330686,ACTIVE,435,0.59,17,0,0,0,0,0
00,120244486723120436,ACTIVE,284,0.59,45,1,0,0,0,0
00,120249880129790544,ACTIVE,80,0.58,20,0,0,0,0,0
00,120249497633180126,ACTIVE,100,0.56,4,0,0,0,0,0
00,120249584001200642,ACTIVE,124,0.56,9,0,0,0,0,0
00,120246918823320025,PAUSED,80,0.56,15,1,1,0,0,0
00,120246919904290533,ACTIVE,202,0.56,13,0,0,0,0,0
00,120252043483350057,ACTIVE,200,0.56,6,3,2,0,0,0
00,120247756760140032,ACTIVE,100,0.56,17,1,1,0,0,0
00,120247376442080650,ACTIVE,105,0.56,11,1,1,0,0,0
00,120248503550700175,ACTIVE,165,0.54,47,0,1,0,0,0
00,120244192282850358,ACTIVE,100,0.54,19,1,1,0,0,0
00,120249576123410425,ACTIVE,225,0.54,18,1,1,0,0,0
00,120247065556020630,ACTIVE,160,0.53,16,1,1,0,0,0
00,120249539339830561,ACTIVE,236,0.52,21,0,0,0,0,0
00,120251351605010589,ACTIVE,97,0.52,6,0,0,0,0,0
00,120248764094550214,ACTIVE,135,0.51,13,0,0,0,0,0
00,120251280416620589,ACTIVE,473,0.51,28,0,0,0,0,0
00,120249403467920642,ACTIVE,100,0.5,23,0,0,0,0,0
00,120251839629150577,ACTIVE,100,0.5,18,1,1,0,0,0
00,120247516592700470,ACTIVE,10,0.5,5,0,0,0,0,0
00,120253587305330054,ACTIVE,276,0.5,13,0,0,0,0,0
00,120250285289280319,ACTIVE,200,0.49,20,0,1,0,0,0
00,120250509772640725,ACTIVE,100,0.49,43,0,1,0,0,0
00,120244242496990780,ACTIVE,120,0.49,16,0,0,0,0,0
00,120250221243670695,ACTIVE,200,0.48,25,0,1,0,0,0
00,120248794643770214,ACTIVE,200,0.48,13,1,2,0,0,0
00,120245218353240788,ACTIVE,100,0.48,9,1,1,0,0,0
00,120251788791190404,ACTIVE,100,0.48,7,1,1,0,0,0
00,120247423085790533,ACTIVE,100,0.48,8,1,3,0,0,0
00,120249447109420642,ACTIVE,333,0.47,16,1,1,0,0,0
00,120247215908240172,ACTIVE,200,0.47,13,1,3,3,2,75.88000000000001
00,120248927739830303,ACTIVE,100,0.47,8,0,0,0,0,0
00,120247800928570707,ACTIVE,138,0.46,4,0,0,0,0,0
00,120247902667710320,ACTIVE,109,0.46,21,0,0,0,0,0
00,120247120490860177,ACTIVE,109,0.46,8,0,0,0,0,0
00,120249686339540425,ACTIVE,120,0.46,14,1,1,0,0,0
00,120249729041270065,ACTIVE,211,0.46,9,0,0,0,0,0
00,120246939922390780,ACTIVE,120,0.45,13,0,0,0,0,0
00,120247887851240707,ACTIVE,202.5,0.45,9,0,0,0,0,0
00,120247974923210032,ACTIVE,100,0.44,9,0,0,0,0,0
00,120246976043510780,ACTIVE,140,0.44,14,0,1,0,0,0
00,120249678070570564,ACTIVE,80,0.43,8,1,1,0,0,0
00,120249798265350455,ACTIVE,100,0.43,15,3,3,1,0,0
00,120252819687360404,ACTIVE,100,0.43,6,0,0,0,1,126.33000000000001
00,120251588323280577,ACTIVE,100,0.43,13,0,0,0,0,0
00,120251662445930577,ACTIVE,100,0.42,14,0,0,0,0,0
00,120249272919060455,ACTIVE,362,0.42,9,1,2,0,1,60.41
00,120248855168720455,ACTIVE,113,0.41,12,0,0,0,0,0
00,120255824409860771,ACTIVE,80,0.4,9,1,2,0,0,0
00,120246162660770788,ACTIVE,100,0.4,27,1,1,0,0,0
00,120246821645480179,ACTIVE,70,0.39,13,0,1,0,0,0
00,120248168760260420,ACTIVE,80,0.39,9,0,0,0,0,0
00,120247974902150032,ACTIVE,100,0.39,13,1,1,0,0,0
00,120250353178530351,ACTIVE,80,0.39,37,0,0,0,0,0
00,120250057126690389,ACTIVE,434,0.39,16,0,2,0,0,0
00,120251256015310577,ACTIVE,116,0.38,17,1,0,0,0,0
00,120249850554350544,ACTIVE,80,0.38,6,0,0,0,0,0
00,52512745632745,ACTIVE,100,0.38,11,0,0,0,0,0
00,120245205078130630,ACTIVE,100,0.37,16,0,0,0,0,0
00,120250195901640065,ACTIVE,100,0.37,7,0,0,0,0,0
00,120252819238020404,ACTIVE,100,0.35,7,0,0,0,0,0
00,120246229820550436,ACTIVE,100,0.35,16,1,1,0,0,0
00,120245516609390788,ACTIVE,50,0.35,10,0,0,0,0,0
00,120249875274900152,ACTIVE,80,0.35,13,0,0,0,0,0
00,120244430700860708,ACTIVE,225,0.35,5,0,0,0,0,0
00,120246253656250788,ACTIVE,30,0.34,12,0,0,0,0,0
00,120247290686180177,ACTIVE,100,0.34,3,0,0,0,0,0
00,120249855268710455,ACTIVE,210,0.34,6,1,0,0,0,0
00,120250908183030725,ACTIVE,100,0.34,23,2,2,0,0,0
00,120248049454550097,ACTIVE,100,0.34,12,0,0,0,0,0
00,120245545523930146,ACTIVE,150,0.33,10,0,0,0,0,0
00,120246613655870434,ACTIVE,99,0.33,3,0,0,0,0,0
00,120247884451100677,ACTIVE,122,0.33,3,0,0,0,0,0
00,120250649411990351,ACTIVE,80,0.32,6,0,0,0,0,0
00,120248416746740708,ACTIVE,332,0.32,11,0,0,0,0,0
00,120246471244780065,ACTIVE,100,0.32,7,0,0,0,0,0
00,120251025260150392,ACTIVE,100,0.32,14,2,3,1,1,66.02
00,120249135138590389,ACTIVE,193,0.31,18,0,0,0,0,0
00,120250990004350725,ACTIVE,100,0.31,8,0,0,0,0,0
00,120247974902740032,ACTIVE,100,0.3,11,0,1,0,0,0
00,120248967678300303,ACTIVE,120,0.3,6,0,0,0,0,0
00,120250940063730319,ACTIVE,170,0.3,21,0,1,0,0,0
00,120246054202590173,ACTIVE,150,0.29,10,0,0,0,0,0
00,120251071122160319,ACTIVE,320,0.29,9,0,0,0,0,0
00,120249569864510564,ACTIVE,80,0.29,17,1,1,0,0,0
00,120249545895050561,ACTIVE,200,0.29,47,1,1,0,0,0
00,120250623729250057,ACTIVE,200,0.28,10,0,0,0,0,0
00,120247704402520752,ACTIVE,83,0.28,9,1,1,0,0,0
00,120248819229080090,ACTIVE,80,0.27,6,0,0,0,0,0
00,120249709180330425,ACTIVE,132,0.27,7,0,0,0,0,0
00,120249620266300561,ACTIVE,100,0.27,13,0,0,0,0,0
00,120246362085040788,ACTIVE,85,0.26,5,0,0,0,0,0
00,120247412164970172,ACTIVE,300,0.26,7,0,0,0,0,0
00,120247498522100172,ACTIVE,100,0.26,11,0,0,0,0,0
00,120250110334530116,ACTIVE,80,0.26,6,0,0,0,0,0
00,120246767810560125,ACTIVE,120,0.25,6,0,1,0,0,0
00,120247476544490470,ACTIVE,10,0.25,1,0,0,0,0,0
00,120241671273870455,ACTIVE,100,0.25,15,0,1,0,0,0
00,120251847486640577,ACTIVE,100,0.24,4,0,0,0,0,0
00,120248895819210303,ACTIVE,120,0.24,8,0,0,0,0,0
00,120251351280060247,ACTIVE,100,0.24,3,0,0,0,0,0
00,120246178929760752,ACTIVE,100,0.24,7,0,0,0,0,0
00,120246544819180686,ACTIVE,262,0.23,8,0,0,0,0,0
00,120249506741180642,ACTIVE,335,0.23,9,0,0,0,0,0
00,120248320638830175,ACTIVE,259,0.23,7,0,0,0,0,0
00,120248530207740214,ACTIVE,110,0.23,9,0,0,0,0,0
00,120251851251150577,ACTIVE,100,0.23,5,0,0,0,0,0
00,120247120269160780,ACTIVE,120,0.22,4,0,0,0,0,0
00,120253102991860166,ACTIVE,50,0.22,7,0,0,0,0,0
00,6973002165426,ACTIVE,50,0.22,15,1,1,0,0,0
00,120248800208810303,ACTIVE,120,0.21,9,0,0,0,0,0
00,120250333032760695,ACTIVE,80,0.21,13,0,1,1,1,66.02000000000001
00,120249133489610303,ACTIVE,80,0.21,5,0,0,0,0,0
00,120246781907000179,ACTIVE,70,0.21,7,0,0,0,0,0
00,120249141973900564,ACTIVE,100,0.2,5,0,0,0,0,0
00,120249287169520455,ACTIVE,69,0.2,6,0,0,0,0,0
00,120249286765290368,ACTIVE,100,0.2,11,1,1,0,0,0
00,120250943649020725,ACTIVE,100,0.2,9,0,0,0,0,0
00,120245539332330436,ACTIVE,100,0.19,16,0,0,0,0,0
00,120243117326020544,ACTIVE,80,0.19,4,0,0,0,0,0
00,120246356000300788,ACTIVE,100,0.19,11,0,0,0,0,0
00,120249668731640469,ACTIVE,150,0.19,7,0,0,0,0,0
00,120249135138850389,ACTIVE,113,0.19,17,0,0,0,0,0
00,120249133489750303,ACTIVE,80,0.19,7,0,0,0,0,0
00,120248964166500090,ACTIVE,187,0.19,4,0,0,0,1,62.38999999999999
00,23858457619370799,ACTIVE,150,0.18,6,0,0,0,0,0
00,120249740598600469,ACTIVE,100,0.18,8,0,0,0,0,0
00,120247120200010780,ACTIVE,120,0.18,10,0,0,0,0,0
00,120249551591610126,ACTIVE,100,0.18,9,0,0,0,0,0
00,120250629224620319,ACTIVE,120,0.18,8,0,0,0,0,0
00,120248581577230549,ACTIVE,50,0.18,6,0,0,0,0,0
00,120246928447770752,ACTIVE,100,0.18,8,2,2,1,0,0
00,120247763049650707,ACTIVE,100,0.17,5,0,0,0,0,0
00,120248877589690509,ACTIVE,80,0.17,13,0,0,0,0,0
00,120246917117470025,PAUSED,80,0.17,4,0,0,0,0,0
00,120247114933330177,ACTIVE,101,0.17,7,0,1,0,0,0
00,120253753909230210,ACTIVE,100,0.17,5,0,1,0,0,0
00,120246243213280686,ACTIVE,224,0.16,1,0,1,0,0,0
00,120247412165010172,ACTIVE,200,0.16,5,0,0,0,0,0
00,120246623986130686,ACTIVE,357,0.16,2,0,1,0,0,0
00,120247210424610177,ACTIVE,201,0.15,8,1,2,1,1,51.220000000000006
00,120235701428400210,ACTIVE,100,0.15,8,1,1,0,0,0
00,120246276526570788,ACTIVE,30,0.15,3,0,0,0,0,0
00,120252911294540404,ACTIVE,112,0.15,9,0,0,0,0,0
00,120248692777600175,ACTIVE,121,0.15,4,0,0,0,0,0
00,120250990004380725,ACTIVE,100,0.14,10,0,0,0,0,0
00,120248794321220214,ACTIVE,80,0.14,2,0,0,0,0,0
00,120248857748500291,ACTIVE,80,0.14,2,0,0,0,0,0
00,120248452492430509,ACTIVE,200,0.13,6,1,1,0,0,0
00,120250528208790229,ACTIVE,60,0.13,7,0,0,0,0,0
00,120251997719170404,ACTIVE,100,0.12,5,1,1,0,0,0
00,120249847650660469,ACTIVE,150,0.12,2,1,1,0,0,0
00,120246715310330686,ACTIVE,80,0.12,4,0,0,0,0,0
00,120259636331450586,ACTIVE,100,0.12,6,0,0,0,0,0
00,120248877758790509,ACTIVE,80,0.11,6,0,0,0,0,0
00,120248601903060006,ACTIVE,60,0.11,25,0,0,0,0,0
00,120259587945310586,ACTIVE,30,0.11,4,0,0,0,0,0
00,120249481659380561,ACTIVE,180,0.11,4,0,0,0,0,0
00,120249709181720425,ACTIVE,132,0.11,6,0,0,0,0,0
00,120250674589680365,ACTIVE,60,0.11,4,0,0,0,0,0
00,120246356046500788,ACTIVE,85,0.1,5,0,0,0,0,0
00,120247131790900470,ACTIVE,200,0.09,24,0,0,0,0,0
00,120253455387470054,ACTIVE,98,0.09,6,0,0,0,0,0
00,120249687202530455,ACTIVE,100,0.09,6,0,0,0,0,0
00,120248598576010303,ACTIVE,150,0.09,6,0,0,0,0,0
00,23858591199930790,ACTIVE,80,0.09,9,0,0,0,0,0
00,120248915177030509,ACTIVE,91,0.08,5,0,1,0,0,0
00,120247291716580533,ACTIVE,200,0.08,8,1,1,0,0,0
00,120248723751180477,ACTIVE,86,0.08,2,0,0,0,0,0
00,120253041846750709,ACTIVE,150,0.08,9,0,0,0,0,0
00,120252819669530404,ACTIVE,100,0.08,1,0,0,0,0,0
00,120251628891720577,ACTIVE,202,0.08,8,0,0,0,0,0
00,120248581577290549,ACTIVE,85,0.07,3,0,0,0,0,0
00,120250989489220725,ACTIVE,100,0.07,6,0,1,0,0,0
00,120259543995950586,ACTIVE,100,0.07,9,0,1,0,0,0
00,120246023777450751,ACTIVE,300,0.07,3,0,0,0,0,0
00,120249875229220152,ACTIVE,80,0.07,4,0,0,0,0,0
00,120247476544900470,ACTIVE,10,0.07,1,1,1,0,0,0
00,120247120232940780,ACTIVE,120,0.07,7,0,0,0,0,0
00,120250565271380229,ACTIVE,64,0.07,2,0,0,0,0,0
00,120259636331520586,ACTIVE,100,0.06,5,0,0,0,0,0
00,120249796851720455,ACTIVE,153,0.05,5,0,0,0,0,0
00,120247893368430590,ACTIVE,80,0.05,2,0,0,0,0,0
00,120250635258910365,ACTIVE,60,0.05,4,0,0,0,0,0
00,120247692380200470,PAUSED,5,0.05,1,0,0,0,0,0
00,120248794643800214,ACTIVE,80,0.05,1,0,0,0,0,0
00,120247498910200172,ACTIVE,100,0.05,3,0,0,0,0,0
00,120249238447210751,ACTIVE,85,0.04,3,0,0,0,0,0
00,120246276296070788,PAUSED,100,0.04,3,0,0,0,0,0
00,120246858309510179,ACTIVE,100,0.04,4,0,0,0,0,0
00,120249510498660642,ACTIVE,122,0.04,2,0,1,1,0,0
00,120248377192890629,ACTIVE,100,0.03,7,0,0,0,0,0
00,120250489914960351,ACTIVE,80,0.03,2,0,0,0,0,0
00,120247692380410470,ACTIVE,5,0.03,1,0,0,0,0,0
00,120252598297590166,ACTIVE,30,0.03,1,0,0,0,0,0
00,120248795235810214,ACTIVE,100,0.02,1,0,0,0,0,0
00,120249511691710642,ACTIVE,262,0.02,2,0,0,0,0,0
00,120249166388190303,ACTIVE,40,0.02,2,1,1,0,0,0
00,120250016606060152,ACTIVE,100,0.02,2,0,0,0,0,0
00,120250659867470100,ACTIVE,200,0.02,1,0,0,0,0,0
00,120247516592890470,ACTIVE,10,0.02,1,0,0,0,0,0
00,120252819722330404,ACTIVE,100,0.02,3,0,0,0,0,0
00,120239930892250650,ACTIVE,200,0.02,2,0,0,0,0,0
00,120249166387850303,ACTIVE,40,0.01,2,0,1,0,0,0
00,120246024108390751,ACTIVE,300,0.01,1,0,0,1,1,117.92
00,120247898405530097,ACTIVE,160,0.01,1,0,1,0,0,0
00,120253753955930210,ACTIVE,115,0.01,1,0,0,0,0,0
00,120251035056900725,ACTIVE,100,0,0,0,0,0,0,0
00,120251035048590725,ACTIVE,100,0,0,0,0,0,0,0
00,120251035048130725,ACTIVE,100,0,0,0,0,0,0,0
00,120251034567350725,ACTIVE,100,0,0,0,0,0,0,0
00,120251034567170725,ACTIVE,100,0,0,0,0,0,0,0
00,120251034453560725,ACTIVE,100,0,0,0,0,0,0,0
00,120246957409960025,PAUSED,80,0,0,0,0,0,0,0
00,120251034453380725,ACTIVE,100,0,0,0,0,0,0,0
00,120251034205780725,ACTIVE,100,0,0,0,0,0,0,0
00,120251034204240725,ACTIVE,100,0,0,0,0,0,0,0
00,120246898860110179,ACTIVE,100,0,0,0,0,0,0,0
00,120248056938570016,ACTIVE,80,0,0,0,0,0,0,0
00,120246898858420179,ACTIVE,100,0,0,0,0,0,0,0
00,120248087317500097,ACTIVE,99,0,0,0,0,0,0,0
00,120248087317600097,ACTIVE,99,0,0,0,0,0,0,0
00,120248087329420097,ACTIVE,99,0,0,0,0,0,0,0
00,120246717696080686,ACTIVE,80,0,0,0,0,0,0,0
00,120246717694980686,ACTIVE,80,0,0,0,0,0,0,0
00,120248087329710097,ACTIVE,99,0,0,0,0,0,0,0
00,120248556665880647,ACTIVE,80,0,0,0,0,0,0,0
00,120250659742440100,ACTIVE,200,0,1,0,0,0,0,0
00,120252650634680368,ACTIVE,60,0,0,0,0,0,0,0
00,120252650643880368,ACTIVE,60,0,0,0,0,0,0,0
00,120252701455760651,ACTIVE,80,0,0,0,0,0,0,0
00,120252701668380651,ACTIVE,80,0,0,0,0,0,0,0
00,120252701670790651,ACTIVE,80,0,0,0,0,0,0,0
00,120252701821180651,ACTIVE,80,0,0,0,0,0,0,0
00,120248556669540647,ACTIVE,80,0,0,0,0,0,0,0
00,120248581577260549,ACTIVE,50,0,2,0,0,0,0,0
00,120246485397990125,ACTIVE,100,0,1,0,0,0,0,0
00,120252701595450651,PAUSED,80,0,0,0,0,0,0,0
00,120250532821700732,ACTIVE,100,0,0,0,1,0,0,0
00,120250532821460732,ACTIVE,100,0,0,0,0,0,0,0
00,120248632285220629,ACTIVE,100,0,0,0,0,0,0,0
00,120248632299250629,ACTIVE,100,0,0,0,0,0,0,0
00,120253095610850709,ACTIVE,80,0,0,0,0,0,0,0
00,120248632311170629,ACTIVE,100,0,0,0,0,0,0,0
00,120248632362950629,ACTIVE,100,0,0,0,0,0,0,0
00,120248632386890629,ACTIVE,100,0,0,0,0,0,0,0
00,120246717682110686,ACTIVE,80,0,0,0,0,0,0,0
00,120249937881090455,ACTIVE,137,0,1,0,0,0,0,0
00,120249912425350544,ACTIVE,80,0,0,0,0,0,0,0
00,120249912423820544,ACTIVE,80,0,0,0,0,0,0,0
00,120249912395440544,ACTIVE,80,0,0,0,0,0,0,0
00,120245819278990146,ACTIVE,100,0,5,0,0,0,0,0
00,120249912371240544,ACTIVE,80,0,0,0,0,0,0,0
00,120249912370390544,ACTIVE,80,0,0,0,0,0,0,0
00,120249912284000544,ACTIVE,80,0,0,0,0,0,0,0
00,120249912283930544,ACTIVE,80,0,0,0,0,0,0,0
00,120249912159720544,ACTIVE,80,0,0,0,0,0,0,0
00,120249912158470544,ACTIVE,80,0,0,0,0,0,0,0
00,120249912145920544,ACTIVE,80,0,0,0,0,0,0,0
00,23858653837560790,ACTIVE,80,0,0,0,0,0,0,0
00,23858653868460790,ACTIVE,80,0,0,0,0,0,0,0
00,120249912047160544,ACTIVE,80,0,0,0,0,0,0,0
00,52513093347945,ACTIVE,80,0,0,0,0,0,0,0
00,52513093370345,ACTIVE,80,0,0,0,0,0,0,0
00,120249880903670469,ACTIVE,80,0,0,0,0,0,0,0
00,120248646453990006,ACTIVE,60,0,0,0,0,0,0,0
00,120248646453960006,ACTIVE,60,0,0,0,0,0,0,0
00,120252701600890651,PAUSED,80,0,0,0,0,0,0,0
00,120249880853160469,ACTIVE,80,0,0,0,0,0,0,0
00,120246717682670686,ACTIVE,80,0,0,0,0,0,0,0
00,120249880887670469,PAUSED,80,0,0,0,0,0,0,0
00,120249880780960469,ACTIVE,80,0,0,0,0,0,0,0
00,120251035065720725,ACTIVE,100,0,0,0,0,0,0,0
00,120247160725690630,ACTIVE,100,0,0,0,0,0,0,0
00,120251035065680725,ACTIVE,100,0,0,0,0,0,0,0
00,120247160615700630,ACTIVE,100,0,0,0,0,0,0,0
00,120247160615490630,ACTIVE,100,0,0,0,0,0,0,0
00,120251035056930725,ACTIVE,100,0,0,0,0,0,0,0
01,120250857934900725,ACTIVE,1500,90.97,2417,44,58,6,3,167.29999999999998
01,120259515149350586,ACTIVE,300,28.35,362,12,13,2,1,28.979999999999997
01,120250148796800065,ACTIVE,833,24.330000000000002,363,9,11,0,0,0
01,120241066464020065,ACTIVE,1088,22.3,782,15,18,3,3,179.65
01,120249220581040455,ACTIVE,932,21.33,260,8,8,0,1,60.410000000000004
01,120249177863580455,ACTIVE,1682,20.34,502,10,18,1,1,34.95
01,120250857934870725,ACTIVE,500,17.729999999999997,652,20,21,3,3,127.71999999999998
01,120244349823030686,ACTIVE,680,14.4,223,4,6,1,1,51.22
01,120244418309490436,ACTIVE,613,12.8,525,13,16,1,1,41.980000000000004
01,120248800044910751,ACTIVE,1400,11.93,356,5,16,3,3,134.91
01,120245837898990436,ACTIVE,389,11.92,560,12,13,2,1,104.67
01,120244270293390320,ACTIVE,700,11.72,340,7,9,0,0,0
01,120251070317250589,ACTIVE,497,11.71,237,6,7,0,0,0
01,120246739474360179,ACTIVE,420,11.66,296,5,5,0,0,0
01,120249525081250564,ACTIVE,800,11.620000000000001,409,8,10,1,0,0
01,120249819353180455,ACTIVE,567,11.559999999999999,213,4,5,1,0,0
01,120247634863390564,ACTIVE,800,11.48,308,5,6,0,0,0
01,120250447195790100,ACTIVE,560,10.969999999999999,194,4,5,1,0,0
01,120249773521790455,ACTIVE,876,10.879999999999999,137,10,10,0,0,0
01,120247160615700630,ACTIVE,100,10.79,84,1,1,0,0,0
01,120249727768090216,ACTIVE,80,10.7,173,0,3,1,1,29.98
01,120249598082060216,ACTIVE,80,10.64,154,8,8,1,1,29.98
01,120248810047820509,ACTIVE,500,10.38,288,8,11,3,2,96.95000000000002
01,120249286008100751,ACTIVE,389,10.36,237,4,8,0,0,0
01,120249737694600455,ACTIVE,447,9.99,258,5,6,1,1,34.95
01,120247614409850674,ACTIVE,300,9.98,148,3,5,0,1,29.98
01,120249598081980216,ACTIVE,80,9.719999999999999,135,1,2,1,0,0
01,120245523851000129,ACTIVE,300,9.57,388,6,8,0,0,0
01,120245031811820436,ACTIVE,554,9.4,436,12,8,2,1,41.98
01,120248692777550175,ACTIVE,235,9.18,185,6,8,0,0,0
01,120245854774890129,ACTIVE,200,9.01,247,5,6,1,1,41.98
01,120255712681770771,ACTIVE,600,8.93,134,3,4,0,0,0
01,120246544819180686,ACTIVE,262,8.92,114,3,3,1,1,71.21
01,120250598501760229,ACTIVE,80,8.91,71,0,0,0,0,0
01,120253717969910054,ACTIVE,100,8.57,80,0,0,0,0,0
01,120246729148090125,ACTIVE,369,8.33,93,0,0,0,0,0
01,120245087420500146,ACTIVE,659,8.27,232,9,8,1,2,153.82
01,120252991682490709,ACTIVE,80,8.260000000000002,256,9,10,0,0,0
01,120249798276470455,ACTIVE,449,8.24,398,6,5,1,1,34.949999999999996
01,120249796859320455,ACTIVE,562,8.16,189,8,8,1,1,106.83999999999999
01,120247607295610752,ACTIVE,1000,8.06,192,6,12,0,0,0
01,120246230106530436,ACTIVE,285,7.99,338,5,4,0,0,0
01,120248571162820214,ACTIVE,220,7.859999999999999,171,6,6,0,0,0
01,120246266385410436,ACTIVE,372,7.84,330,6,8,0,0,0
01,120249780349790544,ACTIVE,80,7.84,103,2,2,0,0,0
01,120250172561040389,ACTIVE,71,7.81,156,5,3,0,0,0
01,120249470867260126,ACTIVE,300,7.71,80,2,3,0,0,0
01,120247643854790590,ACTIVE,100,7.65,83,1,1,0,0,0
01,120245596108590129,ACTIVE,200,7.619999999999999,342,8,10,0,0,0
01,120249100983530561,ACTIVE,200,7.61,166,2,3,1,0,0
01,120245972443720177,ACTIVE,419,7.46,185,4,4,0,0,0
01,120250172561130389,ACTIVE,71,7.42,121,8,9,4,1,59.919999999999995
01,120250857475900725,ACTIVE,500,7.34,377,7,7,0,0,0
01,120246411339050686,ACTIVE,359,7.22,141,1,2,0,0,0
01,120246623986130686,ACTIVE,357,7.13,84,0,4,0,0,0
01,120244218104220358,ACTIVE,100,7.1,69,1,2,0,0,0
01,120250109955700695,ACTIVE,200,7.1,223,3,3,0,0,0
01,120253509292830054,ACTIVE,196,7.09,73,1,1,0,0,0
01,120247824573220241,ACTIVE,300,7,373,6,6,0,0,0
01,120250597694970229,ACTIVE,80,6.99,63,1,1,0,0,0
01,120250598502330229,ACTIVE,80,6.9799999999999995,49,1,4,1,0,0
01,120249597970000216,ACTIVE,80,6.8500000000000005,119,2,2,0,0,0
01,120250624117300100,ACTIVE,560,6.83,172,3,4,0,0,0
01,120246312788110126,ACTIVE,200,6.82,218,5,5,0,0,0
01,120248593499490629,ACTIVE,300,6.7700000000000005,181,4,4,2,2,178.73999999999998
01,120250789469770586,ACTIVE,750,6.66,124,2,5,0,0,0
01,120250796170080100,ACTIVE,88,6.66,81,0,3,0,0,0
01,120248764599250589,ACTIVE,466,6.640000000000001,242,3,2,1,0,0
01,120245468761950436,ACTIVE,367,6.63,281,4,5,0,0,0
01,120249142031310564,ACTIVE,500,6.63,273,2,3,0,0,0
01,120246411234470686,ACTIVE,140,6.619999999999999,86,3,4,0,0,0
01,120247225333420177,ACTIVE,204,6.430000000000001,105,4,5,0,0,0
01,120246865117370320,ACTIVE,300,6.390000000000001,160,7,10,2,2,116.09
01,120249798237250455,ACTIVE,451,6.32,246,3,4,0,1,34.95
01,120247884451100677,ACTIVE,122,6.29,68,0,0,0,0,0
01,120249729041270065,ACTIVE,211,6.26,100,3,3,0,0,0
01,120249597992500216,ACTIVE,80,6.199999999999999,128,4,5,0,0,0
01,120246791587200455,ACTIVE,522,6.18,79,3,4,1,1,34.949999999999996
01,120249597992420216,ACTIVE,50,6.11,110,6,7,1,1,107.42999999999999
01,120245346459390436,ACTIVE,126,5.98,266,7,9,0,0,0
01,120249667450010126,ACTIVE,86,5.91,56,0,0,0,0,0
01,120247384368960172,ACTIVE,600,5.9,128,3,3,0,0,0
01,120249786479970065,ACTIVE,223,5.8999999999999995,69,1,3,1,1,53.220000000000006
01,120247160080290630,ACTIVE,100,5.83,71,2,4,0,0,0
01,120248593499820629,ACTIVE,300,5.83,140,7,7,3,0,0
01,120247718478040320,ACTIVE,245,5.8,153,3,6,1,1,103.82
01,120249006967110708,ACTIVE,422,5.8,111,1,2,0,0,0
01,120251280416980589,ACTIVE,100,5.78,82,1,2,0,0,0
01,120249717905560469,ACTIVE,100,5.72,115,1,1,0,0,0
01,120249551591610126,ACTIVE,100,5.699999999999999,66,3,2,0,0,0
01,120247624307750032,ACTIVE,80,5.65,125,5,5,0,0,0
01,120248926854510090,ACTIVE,498,5.65,134,4,6,2,1,62.39000000000001
01,120248209648050559,ACTIVE,400,5.640000000000001,173,4,6,0,0,0
01,120249325186850389,ACTIVE,393,5.62,221,2,2,1,0,0
01,120247852317860677,ACTIVE,200,5.4,146,3,2,0,0,0
01,120249584001200642,ACTIVE,124,5.33,93,4,5,1,0,0
01,120246098209220686,ACTIVE,100,5.31,35,1,2,1,0,0
01,120247160080840630,ACTIVE,100,5.3,76,0,0,0,0,0
01,120247383199060533,ACTIVE,356,5.22,195,3,5,0,0,0
01,120246781906960179,ACTIVE,200,5.16,116,1,1,0,0,0
01,120245837521970436,ACTIVE,265,5.09,180,5,8,0,0,0
01,120253717968900054,ACTIVE,100,5.09,71,0,1,1,1,53.22
01,120250879849910392,ACTIVE,200,5.08,120,4,4,0,0,0
01,120250148796840065,ACTIVE,406,5.03,69,2,2,0,0,0
01,120246058017990436,ACTIVE,100,5.02,213,2,3,1,1,129.44
01,120245855389320129,ACTIVE,100,4.96,63,1,1,1,0,0
01,120259543995950586,ACTIVE,100,4.88,62,2,3,0,0,0
01,120248999993500090,ACTIVE,127,4.87,54,3,2,0,0,0
01,120250245426520065,ACTIVE,96,4.86,82,1,2,1,1,73.19999999999999
01,120249998355410389,ACTIVE,407,4.859999999999999,174,5,4,0,0,0
01,120249912047160544,ACTIVE,80,4.859999999999999,59,0,1,1,0,0
01,23858653837560790,ACTIVE,80,4.79,53,1,1,1,0,0
01,120249709181720425,ACTIVE,132,4.79,75,4,5,2,2,160.39
01,120249792246420588,ACTIVE,80,4.78,47,0,0,0,0,0
01,120251071213050319,ACTIVE,100,4.78,92,4,3,0,0,0
01,120253682244230210,ACTIVE,150,4.779999999999999,184,7,7,0,0,0
01,120248630524930629,ACTIVE,130,4.66,62,2,2,0,0,0
01,120245640145600146,ACTIVE,100,4.65,112,4,4,1,1,41.98
01,120253406029470054,ACTIVE,368,4.65,87,1,0,0,0,0
01,120247851477820707,ACTIVE,100,4.6,57,1,2,0,0,0
01,120245545452250146,ACTIVE,100,4.5600000000000005,37,1,1,0,0,0
01,120246715310580686,ACTIVE,80,4.5600000000000005,65,3,3,1,1,29.98
01,120248821149400090,ACTIVE,335,4.56,68,2,3,0,0,0
01,120248632386890629,ACTIVE,100,4.52,29,1,1,0,0,0
01,120248616085540126,ACTIVE,300,4.48,74,8,7,1,0,0
01,120249419095480462,ACTIVE,105,4.48,51,7,4,0,0,0
01,120249470979850126,ACTIVE,200,4.45,79,3,2,0,0,0
01,120250877852440057,ACTIVE,330,4.41,78,1,4,1,1,73.42
01,120247160615490630,ACTIVE,100,4.409999999999999,57,1,1,0,0,0
01,120249998355340389,ACTIVE,495,4.4,137,1,2,0,0,0
01,120248556665880647,ACTIVE,80,4.38,45,0,1,0,0,0
01,120249708537480561,ACTIVE,123,4.37,74,0,0,0,0,0
01,120245546721500146,ACTIVE,396,4.37,195,0,0,0,0,0
01,120249474155700642,ACTIVE,100,4.32,91,1,3,0,0,0
01,120248479510860214,ACTIVE,220,4.3,60,0,1,0,0,0
01,120247120490860177,ACTIVE,109,4.29,55,1,1,0,0,0
01,120246299672740751,ACTIVE,1300,4.28,80,2,4,0,0,0
01,120248574839550695,ACTIVE,100,4.27,138,4,2,0,0,0
01,120248895819210303,ACTIVE,120,4.25,55,3,3,1,1,42.97
01,120248017943870097,ACTIVE,175,4.25,83,3,1,0,0,0
01,120250409713470042,ACTIVE,100,4.23,45,2,2,0,0,0
01,120248779196630731,ACTIVE,250,4.13,41,2,1,1,0,0
01,120248630524990629,ACTIVE,130,4.1,77,2,2,0,0,0
01,120249912284000544,ACTIVE,80,4.09,65,0,0,0,0,0
01,120249286008110751,ACTIVE,229,4.09,82,0,1,1,0,0
01,120249350342560751,ACTIVE,80,4.08,36,0,1,0,0,0
01,120249912395440544,ACTIVE,80,4.08,68,0,1,0,0,0
01,120249626723800126,ACTIVE,100,4.07,49,1,1,0,0,0
01,120247244150820650,ACTIVE,100,4.07,42,4,4,0,0,0
01,120252444275150368,ACTIVE,300,4.0600000000000005,93,1,1,0,0,0
01,120247744471800241,ACTIVE,236,4.02,112,4,6,0,0,0
01,120248632362950629,ACTIVE,100,4.02,60,1,1,0,0,0
01,120250690839020725,ACTIVE,100,4,64,4,3,1,2,98.73
01,120247160725690630,ACTIVE,100,4,81,1,1,1,0,0
01,120247420555310752,ACTIVE,300,3.9800000000000004,108,1,2,0,0,0
01,120249709180330425,ACTIVE,132,3.96,66,2,3,0,0,0
01,120251351605010589,ACTIVE,97,3.95,62,3,4,1,1,29.98
01,120248388520260291,ACTIVE,300,3.94,100,3,4,0,0,0
01,120250796171200100,ACTIVE,88,3.89,96,0,0,0,0,0
01,120248209632590559,ACTIVE,400,3.88,113,1,2,0,0,0
01,120247160725050630,ACTIVE,100,3.8600000000000003,68,1,1,0,0,0
01,120248022515170097,ACTIVE,562,3.85,172,3,4,0,0,0
01,120246985309150320,ACTIVE,210,3.83,114,4,4,0,0,0
01,120244486723120436,ACTIVE,284,3.8200000000000003,191,4,3,1,1,68.22
01,120250164409580065,ACTIVE,100,3.81,62,0,0,0,0,0
01,120248556669540647,ACTIVE,80,3.8,38,0,1,0,0,0
01,120246266411800436,ACTIVE,100,3.74,82,7,8,2,1,68.23
01,120249515059370564,ACTIVE,100,3.6799999999999997,92,2,2,0,0,0
01,120251997651590404,ACTIVE,100,3.67,59,0,2,0,0,0
01,120250597696800229,ACTIVE,80,3.67,52,0,1,0,0,0
01,120259636331520586,ACTIVE,100,3.66,80,3,3,0,0,0
01,120259589623770586,ACTIVE,100,3.64,48,0,0,0,0,0
01,120251588323280577,ACTIVE,100,3.62,43,2,3,0,0,0
01,120249912145920544,ACTIVE,80,3.62,67,0,1,0,0,0
01,120249584002100642,ACTIVE,124,3.6,92,0,0,0,0,0
01,120248681187360509,ACTIVE,500,3.58,139,2,2,0,0,0
01,120242444643470544,ACTIVE,80,3.56,54,2,2,0,0,0
01,120252565997380368,ACTIVE,80,3.55,92,1,1,0,0,0
01,120247974902740032,ACTIVE,100,3.54,73,5,4,0,0,0
01,120248866251460043,ACTIVE,240,3.5300000000000002,69,2,3,1,1,27.98
01,120247680102270175,ACTIVE,225,3.5,224,4,4,1,0,0
01,120249847095270561,ACTIVE,90,3.5,85,1,1,0,0,0
01,120249792246470588,ACTIVE,80,3.49,62,1,1,0,0,0
01,120250296535810100,ACTIVE,500,3.4800000000000004,78,2,4,0,0,0
01,120249912158470544,ACTIVE,80,3.48,73,0,1,0,0,0
01,120247486299210533,ACTIVE,90,3.41,71,1,3,0,0,0
01,120245815157520129,ACTIVE,100,3.41,108,7,7,1,1,41.980000000000004
01,120250016606030152,ACTIVE,200,3.37,143,4,0,0,0,0
01,120248999993570090,ACTIVE,127,3.37,72,2,2,0,0,0
01,120248087329710097,ACTIVE,99,3.33,72,1,2,0,0,0
01,120247460048670533,ACTIVE,200,3.33,67,1,1,0,0,0
01,120247756760140032,ACTIVE,100,3.3200000000000003,101,2,3,0,0,0
01,120248087329420097,ACTIVE,99,3.32,64,1,3,0,0,0
01,120249642397010425,ACTIVE,272,3.2800000000000002,42,2,2,1,1,36.98
01,120248914961690509,ACTIVE,105,3.2800000000000002,76,2,4,0,0,0
01,120248915177030509,ACTIVE,91,3.27,100,2,3,0,0,0
01,120248718980500175,ACTIVE,90,3.26,77,4,5,0,0,0
01,120248475372230175,ACTIVE,277,3.25,91,2,2,0,0,0
01,120246229820550436,ACTIVE,100,3.25,134,2,2,1,0,0
01,120247902667710320,ACTIVE,109,3.24,85,1,1,0,0,0
01,120245906396800436,ACTIVE,148,3.2199999999999998,139,0,0,0,0,0
01,120249535727510116,ACTIVE,178,3.2199999999999998,106,3,6,1,1,69.72
01,120252522112930368,ACTIVE,240,3.19,96,3,4,0,0,0
01,120247974902150032,ACTIVE,100,3.19,82,2,2,1,1,24.98
01,120250245427110065,ACTIVE,96,3.18,61,0,0,0,0,0
01,120248338624550629,ACTIVE,100,3.18,79,4,3,0,0,0
01,120249667449910126,ACTIVE,86,3.17,70,1,3,0,0,0
01,120250722702450019,ACTIVE,150,3.1500000000000004,62,2,2,0,0,0
01,120247884451060677,ACTIVE,122,3.14,78,0,0,0,0,0
01,120246293141950436,ACTIVE,100,3.13,179,3,5,0,0,0
01,120250210018830100,ACTIVE,300,3.13,64,2,3,0,0,0
01,120248648060210175,ACTIVE,100,3.12,136,1,0,1,1,24.959999999999997
01,120247660753630677,ACTIVE,180,3.09,94,0,0,0,0,0
01,120247347738320650,ACTIVE,295,3.08,46,1,4,0,0,0
01,120249481659380561,ACTIVE,180,3.0700000000000003,140,4,3,0,0,0
01,120251025260210392,ACTIVE,100,3.07,63,1,4,1,0,0
01,120248609231900509,ACTIVE,200,3.0599999999999996,86,0,0,0,0,0
01,120248723751180477,ACTIVE,86,3.04,50,2,1,0,0,0
01,120250409712310042,ACTIVE,100,3.04,49,1,1,0,0,0
01,120250992480940319,ACTIVE,200,2.96,74,2,2,0,0,0
01,120252642974760368,ACTIVE,80,2.96,57,0,0,0,0,0
01,120244794017770320,ACTIVE,340,2.95,159,2,1,0,1,58.769999999999996
01,120251662445930577,ACTIVE,100,2.9499999999999997,63,2,2,0,0,0
01,120252301917290368,ACTIVE,200,2.94,105,1,0,1,0,0
01,120249937881090455,ACTIVE,137,2.94,79,0,2,0,0,0
01,120249253674880462,ACTIVE,135,2.93,32,2,2,0,0,0
01,120247974923210032,ACTIVE,100,2.9299999999999997,83,0,0,0,0,0
01,120246682690700686,ACTIVE,100,2.9,47,0,0,0,0,0
01,120246935804970630,ACTIVE,100,2.9,65,2,2,0,0,0
01,120245306349070462,ACTIVE,300,2.9,44,3,4,1,1,49.980000000000004
01,120246901356730172,ACTIVE,200,2.8899999999999997,60,2,2,0,0,0
01,120245819278990146,ACTIVE,100,2.8899999999999997,66,1,1,0,0,0
01,120248764094550214,ACTIVE,135,2.8899999999999997,64,2,3,0,0,0
01,120249912423820544,ACTIVE,80,2.88,73,0,0,0,0,0
01,120252893633380450,ACTIVE,128,2.86,28,0,0,0,0,0
01,52513093370345,ACTIVE,80,2.85,29,0,3,0,0,0
01,120247902669740320,ACTIVE,109,2.82,75,0,1,0,0,0
01,120247704402520752,ACTIVE,83,2.8000000000000003,69,3,3,0,0,0
01,120247290686110177,ACTIVE,100,2.79,52,3,4,0,1,51.21
01,120249484643470425,ACTIVE,100,2.7800000000000002,38,1,1,0,0,0
01,120246188701000686,ACTIVE,106,2.76,51,1,2,0,0,0
01,120248019821520016,ACTIVE,80,2.75,83,2,2,1,0,0
01,120250509772640725,ACTIVE,100,2.75,104,2,2,0,0,0
01,120251465994660577,ACTIVE,100,2.73,59,2,1,0,0,0
01,120247932007700707,ACTIVE,90,2.7199999999999998,52,0,0,0,0,0
01,120253754022930210,ACTIVE,115,2.7199999999999998,45,2,4,0,0,0
01,120249669211920469,ACTIVE,100,2.6900000000000004,124,2,3,0,0,0
01,120250943577470725,ACTIVE,100,2.69,96,3,3,0,0,0
01,120250857951500725,ACTIVE,100,2.69,93,3,5,0,0,0
01,120248209610170559,ACTIVE,140,2.68,86,0,0,0,0,0
01,120247763049650707,ACTIVE,100,2.68,53,1,1,0,0,0
01,120259589623590586,ACTIVE,100,2.67,49,0,0,0,0,0
01,120248503118740629,ACTIVE,110,2.66,88,1,1,0,0,0
01,120246710213410090,ACTIVE,332,2.66,75,1,4,0,0,0
01,120248499418070453,ACTIVE,80,2.66,10,0,0,0,0,0
01,120248526805630175,ACTIVE,225,2.65,50,1,4,1,0,0
01,120249932722130725,ACTIVE,100,2.64,94,2,4,0,0,0
01,120250635258910365,ACTIVE,60,2.63,29,0,0,0,0,0
01,120248632285220629,ACTIVE,100,2.63,65,2,3,1,1,113.33
01,120249461012860564,ACTIVE,100,2.6100000000000003,91,1,3,0,0,0
01,120249880129790544,ACTIVE,80,2.6,68,1,3,1,1,47.510000000000005
01,120250110334530116,ACTIVE,80,2.6,51,1,1,0,0,0
01,120251351604750589,ACTIVE,97,2.5900000000000003,56,2,2,0,0,0
01,120247486299200533,ACTIVE,90,2.59,96,1,3,0,0,0
01,120248632299250629,ACTIVE,100,2.58,44,0,1,0,0,0
01,120253753955930210,ACTIVE,115,2.5799999999999996,52,1,1,0,0,0
01,120249525235920564,ACTIVE,80,2.5700000000000003,73,4,4,0,0,0
01,120249912159720544,ACTIVE,80,2.57,55,1,1,0,0,0
01,120247476544590470,ACTIVE,10,2.56,26,1,1,0,0,0
01,120247498633290172,ACTIVE,100,2.5599999999999996,33,1,0,0,0,0
01,120247583319740586,ACTIVE,300,2.55,42,1,1,0,0,0
01,120246345569010686,ACTIVE,354,2.54,32,2,2,1,1,29.98
01,120246037977820686,ACTIVE,479,2.53,66,0,0,0,0,0
01,52512745632745,ACTIVE,100,2.53,59,1,3,0,0,0
01,120250195901640065,ACTIVE,100,2.5199999999999996,64,1,2,0,0,0
01,120247205366420177,ACTIVE,280,2.51,45,2,1,0,0,0
01,120245284052330686,ACTIVE,298,2.51,71,1,2,0,0,0
01,120250908107470725,ACTIVE,100,2.49,87,1,1,0,0,0
01,120240258763950179,ACTIVE,120,2.4899999999999998,62,1,1,0,0,0
01,120250374522140365,ACTIVE,60,2.48,29,1,2,0,0,0
01,120249747361920561,ACTIVE,267,2.4699999999999998,61,4,6,1,1,41.97
01,120247290686180177,ACTIVE,100,2.45,37,1,1,1,0,0
01,120252601207340368,ACTIVE,200,2.43,56,2,2,0,0,0
01,120251839629150577,ACTIVE,100,2.4299999999999997,69,5,3,0,0,0
01,120248277929780559,ACTIVE,100,2.4,33,0,1,0,0,0
01,120248915178090509,ACTIVE,91,2.39,80,5,5,0,0,0
01,120249253674820462,ACTIVE,200,2.38,46,0,1,0,0,0
01,120246781907000179,ACTIVE,70,2.37,67,0,1,0,0,0
01,120245539332330436,ACTIVE,100,2.37,89,0,2,0,0,0
01,120249737694570455,ACTIVE,457,2.3600000000000003,72,0,0,0,0,0
01,120245557729330686,ACTIVE,435,2.36,46,0,1,0,0,0
01,120249848308660469,ACTIVE,100,2.36,73,2,2,1,1,28.98
01,120245946244180126,ACTIVE,100,2.35,81,1,1,0,0,0
01,120249937881250455,ACTIVE,137,2.3499999999999996,70,1,1,0,0,0
01,120252570211110651,ACTIVE,100,2.34,100,0,0,0,0,0
01,120250483742610024,ACTIVE,200,2.33,41,0,0,0,0,0
01,120248087317500097,ACTIVE,99,2.32,91,1,0,0,0,0
01,120252495546580368,ACTIVE,80,2.3,97,3,4,0,0,0
01,120247225333460177,ACTIVE,386,2.2800000000000002,58,2,1,0,0,0
01,120246901356650172,ACTIVE,400,2.28,55,1,1,0,0,0
01,120251109241560577,ACTIVE,502,2.27,53,1,1,0,0,0
01,120248855168720455,ACTIVE,113,2.27,44,1,1,0,0,0
01,120246054202590173,ACTIVE,150,2.2399999999999998,45,0,0,0,0,0
01,120249325405290389,ACTIVE,100,2.21,38,1,1,0,0,0
01,120243117326020544,ACTIVE,80,2.2,39,1,1,0,0,0
01,120253753907380210,ACTIVE,100,2.19,47,1,1,0,0,0
01,120247380153090677,ACTIVE,100,2.18,95,1,1,0,0,0
01,120248806206860043,ACTIVE,200,2.18,59,1,1,1,0,0
01,120250221243670695,ACTIVE,200,2.17,95,2,2,0,0,0
01,120249722156140561,ACTIVE,100,2.16,30,1,2,0,0,0
01,120246715310330686,ACTIVE,80,2.14,58,0,0,0,0,0
01,120249912283930544,ACTIVE,80,2.12,60,0,0,0,0,0
01,120253753909230210,ACTIVE,100,2.11,48,3,3,0,0,0
01,120246505926190686,ACTIVE,100,2.1,19,4,4,0,0,0
01,120249668731640469,ACTIVE,100,2.0999999999999996,26,1,1,0,0,0
01,120253587305330054,ACTIVE,276,2.09,41,1,1,1,1,31.98
01,120247498522010172,ACTIVE,200,2.06,46,1,1,0,0,0
01,120248416746740708,ACTIVE,332,2.05,44,1,1,0,0,0
01,120250337858370100,ACTIVE,405,2.03,55,3,3,1,0,0
01,120250518458320127,ACTIVE,100,2.02,25,2,2,0,0,0
01,120248632978500629,ACTIVE,100,2.02,28,0,1,0,0,0
01,120246457583950686,ACTIVE,421,2.0100000000000002,61,3,3,2,2,122.43
01,120250674589680365,ACTIVE,60,2.01,26,2,2,0,0,0
01,120250532821460732,ACTIVE,100,2,28,1,1,0,0,0
01,120248764220530214,ACTIVE,100,1.98,34,2,2,0,0,0
01,120247932007430707,ACTIVE,90,1.95,45,0,0,0,0,0
01,120250822896400725,ACTIVE,100,1.9499999999999997,65,0,0,0,0,0
01,120249595072340564,ACTIVE,80,1.94,44,1,1,0,0,0
01,120248464770270509,ACTIVE,200,1.9100000000000001,62,1,1,0,0,0
01,120250940063730319,ACTIVE,170,1.9000000000000001,85,2,3,0,0,0
01,120245942236800686,ACTIVE,149,1.8900000000000001,11,1,2,1,1,29.98
01,120253455387470054,ACTIVE,98,1.89,23,0,0,0,0,0
01,120246682690720686,ACTIVE,100,1.87,56,3,3,0,0,0
01,120249576123410425,ACTIVE,225,1.86,56,2,2,0,0,0
01,120247317325280533,ACTIVE,202,1.8599999999999999,65,4,4,0,0,0
01,120248503550700175,ACTIVE,165,1.8599999999999999,112,2,2,0,0,0
01,120249912425350544,ACTIVE,80,1.85,28,0,1,0,0,0
01,120249470979790126,ACTIVE,500,1.84,30,1,1,0,0,0
01,120248808876980090,ACTIVE,492,1.8399999999999999,50,0,1,0,0,0
01,120245855389350129,ACTIVE,100,1.82,34,0,0,0,0,0
01,120250908183030725,ACTIVE,100,1.81,68,2,2,0,0,0
01,120248087317600097,ACTIVE,99,1.81,68,0,1,0,0,0
01,120248559761950006,ACTIVE,60,1.8,108,0,1,0,0,0
01,120246729148030125,ACTIVE,342,1.8,63,1,2,0,0,0
01,120246939922390780,ACTIVE,120,1.79,31,0,1,0,0,0
01,120244924434950146,ACTIVE,100,1.79,71,1,1,1,0,0
01,120250990004350725,ACTIVE,100,1.78,26,0,1,0,0,0
01,120245859755050173,ACTIVE,100,1.78,60,0,1,0,0,0
01,120246356000300788,ACTIVE,100,1.7799999999999998,56,0,0,0,0,0
01,120248623149560090,ACTIVE,181,1.77,24,0,0,0,0,0
01,120250532821700732,ACTIVE,100,1.77,34,2,2,0,0,0
01,120246355915360788,ACTIVE,85,1.77,21,0,0,0,0,0
01,120245044044870686,ACTIVE,365,1.75,35,1,1,0,0,0
01,120246919904290533,ACTIVE,202,1.73,59,2,3,2,1,41.97
01,120247924205270214,ACTIVE,85,1.71,35,0,0,0,0,0
01,120249847095210561,ACTIVE,90,1.7000000000000002,51,1,1,1,0,0
01,120250010438780065,ACTIVE,155,1.6900000000000002,28,1,1,0,0,0
01,120249403467920642,ACTIVE,100,1.69,60,2,2,0,0,0
01,120246346915640686,ACTIVE,217,1.68,30,3,4,0,0,0
01,120244242496990780,ACTIVE,120,1.6500000000000001,49,1,1,0,0,0
01,120235701428400210,ACTIVE,100,1.63,47,3,4,0,0,0
01,120247376442080650,ACTIVE,105,1.62,23,1,1,0,0,0
01,23858457619370799,ACTIVE,150,1.58,29,0,0,0,0,0
01,6973002165426,ACTIVE,50,1.58,49,2,2,1,0,0
01,120248716761170509,ACTIVE,255,1.56,45,1,3,1,0,0
01,120250623729250057,ACTIVE,200,1.56,37,0,0,0,0,0
01,120249447109280642,ACTIVE,136,1.55,43,1,1,0,0,0
01,120250943649020725,ACTIVE,100,1.54,47,0,1,0,0,0
01,120248927739830303,ACTIVE,100,1.53,32,0,0,0,0,0
01,120244430700860708,ACTIVE,225,1.53,19,0,0,0,0,0
01,120251788791190404,ACTIVE,100,1.5,23,1,1,0,0,0
01,120250376646100695,ACTIVE,80,1.5,55,2,3,0,0,0
01,120251047356610589,ACTIVE,330,1.4500000000000002,20,1,2,0,0,0
01,120248967678300303,ACTIVE,120,1.45,35,2,3,1,0,0
01,120246506094720686,ACTIVE,329,1.45,26,0,1,1,1,51.21
01,120250285289280319,ACTIVE,200,1.45,74,1,2,0,0,0
01,120245855293450129,ACTIVE,100,1.42,43,0,0,0,0,0
01,120248632311170629,ACTIVE,100,1.42,26,0,1,0,0,0
01,120250990004380725,ACTIVE,100,1.41,50,1,2,0,0,0
01,120250353178530351,ACTIVE,80,1.34,98,2,1,0,0,0
01,120245855501060129,ACTIVE,100,1.34,41,1,1,0,0,0
01,120250057126690389,ACTIVE,434,1.3399999999999999,56,2,3,0,0,0
01,120250290123180695,ACTIVE,160,1.32,43,4,4,1,1,37.980000000000004
01,120251280416620589,ACTIVE,473,1.31,72,0,0,0,0,0
01,120252669244990404,ACTIVE,280,1.28,8,1,3,0,0,0
01,120246162660770788,ACTIVE,100,1.2799999999999998,48,1,1,0,0,0
01,120241671273870455,ACTIVE,100,1.26,56,1,3,0,0,0
01,120249875274900152,ACTIVE,80,1.26,40,0,0,0,0,0
01,120252664163220722,ACTIVE,100,1.25,40,0,2,0,0,0
01,120253041846750709,ACTIVE,150,1.24,22,0,0,0,0,0
01,120249231443520389,ACTIVE,210,1.22,69,0,1,0,0,0
01,120249350342530751,ACTIVE,80,1.22,26,1,2,0,0,0
01,120248794643800214,ACTIVE,80,1.21,16,0,0,0,0,0
01,120251071122160319,ACTIVE,320,1.21,31,1,3,0,0,0
01,120246976043510780,ACTIVE,140,1.21,32,2,2,0,0,0
01,120247498522100172,ACTIVE,100,1.19,36,1,1,0,0,0
01,120250330451160116,ACTIVE,244,1.19,25,0,0,0,0,0
01,120247423085790533,ACTIVE,100,1.1800000000000002,38,2,4,0,0,0
01,120248722613960509,ACTIVE,180,1.17,27,2,1,1,0,0
01,120247215908240172,ACTIVE,200,1.17,42,1,4,3,2,75.88000000000001
01,120250730281520100,ACTIVE,300,1.17,67,1,2,1,1,38.17
01,120246821645480179,ACTIVE,70,1.1600000000000001,32,1,1,0,0,0
01,120247223966660470,ACTIVE,10,1.1600000000000001,9,0,0,0,0,0
01,120247120200010780,ACTIVE,120,1.16,33,0,1,1,0,0
01,120248530207740214,ACTIVE,110,1.1400000000000001,36,0,0,0,0,0
01,120249523562880116,ACTIVE,250,1.1300000000000001,41,1,2,1,0,0
01,120248819229080090,ACTIVE,80,1.13,23,0,1,0,0,0
01,120249740598600469,ACTIVE,100,1.11,45,0,1,0,0,0
01,52513093347945,ACTIVE,80,1.11,15,1,1,0,0,0
01,120247065556020630,ACTIVE,160,1.1099999999999999,38,1,1,0,0,0
01,120247476544900470,ACTIVE,10,1.1,5,1,1,0,0,0
01,120249686339540425,ACTIVE,120,1.09,48,1,1,0,0,0
01,120249850554350544,ACTIVE,80,1.09,18,0,1,0,0,0
01,120248539964750462,ACTIVE,100,1.09,25,1,1,0,0,0
01,120249794046460455,ACTIVE,187,1.08,6,0,0,0,0,0
01,120259351556840586,ACTIVE,100,1.08,51,0,1,0,0,0
01,120249497633180126,ACTIVE,100,1.06,10,0,0,0,0,0
01,120248168760260420,ACTIVE,80,1.04,13,0,0,0,0,0
01,120248794643770214,ACTIVE,200,1.01,21,2,3,0,0,0
01,120249545895050561,ACTIVE,200,1.01,111,1,1,0,0,0
01,120248277913750559,ACTIVE,100,1.01,27,0,0,0,0,0
01,120249761430210561,ACTIVE,80,1,33,3,1,1,1,57.94
01,120246928447770752,ACTIVE,100,0.99,17,2,2,1,0,0
01,120251847486640577,ACTIVE,100,0.99,20,0,0,0,0,0
01,120249539339830561,ACTIVE,236,0.98,53,1,2,0,0,0
01,120249569864510564,ACTIVE,80,0.98,40,1,1,0,0,0
01,120248562847610629,ACTIVE,100,0.97,38,0,0,0,0,0
01,120249272919060455,ACTIVE,362,0.97,27,1,2,0,1,60.41
01,120250528241360229,ACTIVE,60,0.9500000000000001,44,2,2,0,0,0
01,120259636331450586,ACTIVE,100,0.9400000000000001,24,0,0,0,0,0
01,120249847650660469,ACTIVE,150,0.9400000000000001,16,1,1,0,0,0
01,120246178929760752,ACTIVE,100,0.9299999999999999,16,0,0,0,0,0
01,120244643680750544,ACTIVE,80,0.92,21,0,0,0,0,0
01,120249447109420642,ACTIVE,333,0.9199999999999999,32,1,1,0,0,0
01,120246457864390686,ACTIVE,498,0.89,12,0,0,0,0,0
01,120254936965650012,ACTIVE,80,0.89,20,0,0,0,0,0
01,120247412164970172,ACTIVE,300,0.85,25,1,1,0,0,0
01,120249506741180642,ACTIVE,335,0.84,24,0,0,0,0,0
01,120252664163100722,ACTIVE,100,0.84,28,0,0,0,0,0
01,120249133489610303,ACTIVE,80,0.84,12,1,1,0,0,0
01,120251256015310577,ACTIVE,116,0.8300000000000001,47,1,0,0,0,0
01,120248598576010303,ACTIVE,150,0.8300000000000001,22,1,1,0,0,0
01,120246100582600173,ACTIVE,100,0.8300000000000001,10,0,0,0,0,0
01,120250333032760695,ACTIVE,80,0.8200000000000001,34,2,2,1,1,66.02000000000001
01,120245855294230129,ACTIVE,100,0.81,28,0,0,0,0,0
01,120247210424610177,ACTIVE,201,0.8,25,1,3,2,1,51.220000000000006
01,120246355899960788,ACTIVE,85,0.79,25,0,0,0,0,0
01,120244192282850358,ACTIVE,100,0.79,30,1,1,0,0,0
01,120245855499240129,ACTIVE,100,0.79,28,2,2,0,0,0
01,120246299672680751,ACTIVE,115,0.79,15,0,0,0,0,0
01,120247120269160780,ACTIVE,120,0.79,17,0,0,0,0,0
01,120247412165010172,ACTIVE,200,0.79,35,0,0,0,0,0
01,23858653868460790,ACTIVE,80,0.79,34,0,1,0,0,0
01,120252911294540404,ACTIVE,112,0.78,18,0,0,0,0,0
01,120249286765290368,ACTIVE,100,0.77,37,3,3,0,1,101.32
01,23858632359610799,ACTIVE,100,0.77,10,0,0,0,0,0
01,120252819238020404,ACTIVE,100,0.77,14,1,1,0,0,0
01,120255824409860771,ACTIVE,80,0.75,13,1,2,0,0,0
01,120246471244780065,ACTIVE,100,0.75,14,0,0,0,0,0
01,120246276526570788,ACTIVE,30,0.74,11,1,1,0,0,0
01,120246253656250788,ACTIVE,30,0.73,19,0,0,0,0,0
01,120248320638830175,ACTIVE,259,0.73,25,0,1,0,0,0
01,120245218353240788,ACTIVE,100,0.7200000000000001,18,2,2,0,0,0
01,120247893368430590,ACTIVE,80,0.7100000000000001,10,0,0,0,0,0
01,120249688929650544,ACTIVE,80,0.7100000000000001,23,0,0,0,0,0
01,120248877758790509,ACTIVE,80,0.7100000000000001,25,0,0,0,0,0
01,120248601903060006,ACTIVE,60,0.7,45,0,0,0,0,0
01,120245545523930146,ACTIVE,150,0.69,23,0,0,0,0,0
01,120251351280060247,ACTIVE,100,0.69,8,1,1,0,0,0
01,120250649411990351,ACTIVE,80,0.66,17,0,0,0,0,0
01,120250629224620319,ACTIVE,120,0.6599999999999999,59,0,0,0,0,0
01,120251025260150392,ACTIVE,100,0.6599999999999999,24,4,4,1,1,66.02
01,120252043483350057,ACTIVE,200,0.65,11,3,2,0,0,0
01,120247114933330177,ACTIVE,101,0.63,26,1,1,0,0,0
01,120248692777600175,ACTIVE,121,0.63,15,1,1,0,0,0
01,120245516609390788,ACTIVE,50,0.63,18,2,1,0,0,0
01,120253169727490166,ACTIVE,30,0.61,8,0,0,0,0,0
01,120245205078130630,ACTIVE,100,0.61,27,1,1,0,0,0
01,120248800208810303,ACTIVE,120,0.61,25,2,2,0,0,0
01,120246918823320025,PAUSED,80,0.6,16,1,1,0,0,0
01,120250528208790229,ACTIVE,60,0.6,19,0,0,0,0,0
01,120259676866470586,ACTIVE,30,0.56,14,0,0,0,0,0
01,120247800928570707,ACTIVE,138,0.56,9,0,0,0,0,0
01,120247131790900470,ACTIVE,200,0.56,57,0,0,0,0,0
01,120247516592700470,ACTIVE,10,0.55,7,0,0,0,0,0
01,120249798265350455,ACTIVE,100,0.55,28,3,3,1,0,0
01,120248877589690509,ACTIVE,80,0.54,39,0,1,0,0,0
01,120249135138850389,ACTIVE,113,0.54,36,1,1,0,0,0
01,120249141973900564,ACTIVE,100,0.53,19,0,0,0,0,0
01,120252819687360404,ACTIVE,100,0.52,11,1,1,0,1,126.33000000000001
01,120250989489220725,ACTIVE,100,0.52,30,1,1,0,0,0
01,120247887851240707,ACTIVE,202.5,0.5,12,1,1,0,0,0
01,120246243213280686,ACTIVE,224,0.5,6,2,2,0,0,0
01,120248049454550097,ACTIVE,100,0.5,21,1,1,0,0,0
01,120249678070570564,ACTIVE,80,0.49,12,1,1,0,0,0
01,120250489914960351,ACTIVE,80,0.49,15,0,0,0,0,0
01,120248964166500090,ACTIVE,187,0.48,10,1,1,0,1,62.38999999999999
01,120247898405530097,ACTIVE,160,0.47000000000000003,21,2,2,0,0,0
01,120249855268710455,ACTIVE,210,0.47,20,1,0,0,0,0
01,120249796851720455,ACTIVE,153,0.47,22,0,0,0,0,0
01,120248377192890629,ACTIVE,100,0.47,26,0,0,0,0,0
01,120249511691710642,ACTIVE,262,0.44999999999999996,16,0,0,0,0,0
01,120248794321220214,ACTIVE,80,0.44,10,0,0,0,0,0
01,120249135138590389,ACTIVE,193,0.43000000000000005,34,0,0,0,0,0
01,120251628891720577,ACTIVE,202,0.43,25,0,0,0,0,0
01,120259676867480586,ACTIVE,30,0.42,17,0,0,0,0,0
01,120249620266300561,ACTIVE,100,0.41000000000000003,21,0,0,0,0,0
01,120246767810560125,ACTIVE,120,0.41000000000000003,11,1,1,0,0,0
01,120247291716580533,ACTIVE,200,0.4,26,1,1,0,0,0
01,120249287169520455,ACTIVE,100,0.39,20,0,0,0,0,0
01,120247120232940780,ACTIVE,120,0.39,30,1,1,0,0,0
01,120246613655870434,ACTIVE,99,0.38,8,0,0,0,0,0
01,120248581577290549,ACTIVE,85,0.36,25,0,0,0,0,0
01,120249133489750303,ACTIVE,80,0.33,15,1,1,0,0,0
01,120239930892250650,ACTIVE,200,0.32,5,0,0,0,0,0
01,120253102991860166,ACTIVE,50,0.31,10,0,1,0,0,0
01,120249166387850303,ACTIVE,40,0.31,19,1,1,0,0,0
01,120248857748500291,ACTIVE,80,0.30000000000000004,13,2,3,0,0,0
01,120246347471430686,ACTIVE,100,0.3,6,0,0,0,0,0
01,120246362085040788,ACTIVE,85,0.3,8,0,0,0,0,0
01,120249687202530455,ACTIVE,100,0.3,16,0,1,0,0,0
01,120248581577230549,ACTIVE,50,0.29000000000000004,10,0,0,0,0,0
01,120248452492430509,ACTIVE,200,0.27,16,1,2,0,0,0
01,120247498910200172,ACTIVE,100,0.27,15,0,0,0,0,0
01,120247476544490470,ACTIVE,10,0.26,2,0,0,0,0,0
01,120247410623510470,ACTIVE,10,0.26,2,0,0,0,0,0
01,120251851251150577,ACTIVE,100,0.25,9,0,0,0,0,0
01,120246411190320686,ACTIVE,110,0.24000000000000002,14,0,1,0,0,0
01,120247476544560470,ACTIVE,10,0.23,4,0,0,0,0,0
01,120250635175100365,ACTIVE,60,0.23,2,0,0,0,0,0
01,120251997719170404,ACTIVE,100,0.22,8,1,1,0,0,0
01,120249875229220152,ACTIVE,80,0.21,12,0,0,0,0,0
01,23858591199930790,ACTIVE,80,0.2,25,0,0,0,0,0
01,120246858309510179,ACTIVE,100,0.2,15,1,1,0,0,0
01,120250202122870116,ACTIVE,198,0.2,2,0,1,0,0,0
01,120246023777450751,ACTIVE,300,0.19999999999999998,6,0,0,0,0,0
01,120246356046500788,ACTIVE,85,0.18,11,0,0,0,0,0
01,120249238447210751,ACTIVE,85,0.18,10,0,0,0,0,0
01,120246917117470025,PAUSED,80,0.17,4,0,0,0,0,0
01,120246652396420686,ACTIVE,493,0.17,1,0,0,0,0,0
01,120252819669530404,ACTIVE,100,0.16,2,0,0,0,0,0
01,120249011925760303,ACTIVE,80,0.14,4,0,0,0,0,0
01,120247840016240032,ACTIVE,100,0.13,6,0,0,0,0,0
01,120250563904960365,ACTIVE,60,0.12,6,0,0,0,0,0
01,120259587945310586,ACTIVE,30,0.11,4,0,0,0,0,0
01,120252819722330404,ACTIVE,100,0.11,6,0,0,0,0,0
01,120246485397990125,ACTIVE,100,0.11,4,0,0,0,0,0
01,120249793088660168,ACTIVE,100,0.11,5,0,0,0,0,0
01,120249510498660642,ACTIVE,122,0.1,7,0,1,1,0,0
01,120247043007240177,ACTIVE,133,0.1,4,0,0,0,0,0
01,120246024108390751,ACTIVE,300,0.09,4,0,0,1,1,117.92
01,120253168906120166,ACTIVE,30,0.08,1,0,0,0,0,0
01,120250659742440100,ACTIVE,200,0.08,3,0,0,0,0,0
01,120246180858520686,ACTIVE,448,0.08,6,0,0,0,0,0
01,120250565271380229,ACTIVE,64,0.07,2,0,0,0,0,0
01,120250016606060152,ACTIVE,100,0.07,8,0,0,0,0,0
01,120248581577260549,ACTIVE,50,0.06,6,0,0,0,0,0
01,120246134152350173,ACTIVE,100,0.06,1,0,0,0,0,0
01,120247692380200470,PAUSED,5,0.05,1,0,0,0,0,0
01,120246500280680686,ACTIVE,328,0.04,1,1,1,1,1,71.21000000000001
01,120246276296070788,PAUSED,100,0.04,3,0,0,0,0,0
01,120253585833660210,ACTIVE,120,0.04,5,0,1,0,0,0
01,120252598297590166,ACTIVE,30,0.03,1,0,0,0,0,0
01,120246291786110686,ACTIVE,140,0.03,2,0,0,0,0,0
01,120249166388190303,ACTIVE,40,0.03,9,1,1,0,0,0
01,120248795235810214,ACTIVE,100,0.03,3,0,0,0,0,0
01,120247692380410470,ACTIVE,5,0.03,1,0,0,0,0,0
01,120252043483420057,ACTIVE,100,0.02,4,0,0,0,0,0
01,120250659867470100,ACTIVE,200,0.02,2,0,1,0,0,0
01,120253132489050166,ACTIVE,30,0.02,1,0,0,0,0,0
01,120247516592890470,ACTIVE,10,0.02,2,0,0,0,0,0
01,120246652396390686,ACTIVE,175,0.01,2,0,0,0,0,0
01,120253169342360166,ACTIVE,30,0.01,1,0,0,0,0,0
01,120248796130660214,ACTIVE,80,0.01,1,0,0,0,0,0
01,6998743229226,ACTIVE,50,0.01,1,0,0,0,0,0
01,120246299721450751,ACTIVE,195,0.01,3,0,1,0,0,0
01,120248632978360629,ACTIVE,100,0,0,0,0,0,0,0
01,120252650634680368,ACTIVE,60,0,0,0,0,0,0,0
01,120252650643880368,ACTIVE,60,0,0,0,0,0,0,0
01,120248646453960006,ACTIVE,60,0,0,0,0,0,0,0
01,120246898860110179,ACTIVE,100,0,0,0,0,0,0,0
01,120246898858420179,ACTIVE,100,0,0,0,0,0,0,0
01,120252701455760651,ACTIVE,80,0,0,0,0,0,0,0
01,120252701668380651,ACTIVE,80,0,0,0,0,0,0,0
01,120252701670790651,ACTIVE,80,0,0,0,0,0,0,0
01,120252701821180651,ACTIVE,80,0,0,0,0,0,0,0
01,120248646453990006,ACTIVE,60,0,0,0,0,0,0,0
01,120248726902710477,ACTIVE,100,0,0,0,0,0,0,0
01,120248726941010477,ACTIVE,100,0,0,0,0,0,0,0
01,120248870720810084,ACTIVE,50,0,0,0,0,0,0,0
01,120248870729060084,ACTIVE,50,0,0,0,0,0,0,0
01,120246717696080686,PAUSED,80,0,0,0,0,0,0,0
01,120253095610850709,ACTIVE,80,0,0,0,0,0,0,0
01,120248870748470084,ACTIVE,50,0,0,0,0,0,0,0
01,120249912370390544,PAUSED,80,0,0,0,0,0,0,0
01,120246717694980686,PAUSED,80,0,0,0,0,0,0,0
01,120248870748800084,ACTIVE,50,0,0,0,0,0,0,0
01,120248870780680084,ACTIVE,50,0,0,0,0,0,0,0
01,120248870785840084,ACTIVE,50,0,0,0,0,0,0,0
01,120248918373480509,ACTIVE,100,0,0,0,0,0,0,0
01,120248918374020509,ACTIVE,100,0,0,0,0,0,0,0
01,120248918507510509,ACTIVE,100,0,0,0,0,0,0,0
01,120248918508150509,ACTIVE,100,0,0,0,0,0,0,0
01,120250456533180116,ACTIVE,100,0,0,0,0,0,0,0
01,120250456531050116,ACTIVE,100,0,0,0,0,0,0,0
01,120249672281700126,ACTIVE,80,0,0,0,0,0,0,0
01,120249672282540126,ACTIVE,80,0,0,0,0,0,0,0
01,120249912371240544,PAUSED,80,0,0,0,0,0,0,0
01,120250249763860065,ACTIVE,80,0,0,0,0,0,0,0
01,120250249763030065,ACTIVE,80,0,0,0,0,0,0,0
01,120250249669600065,ACTIVE,80,0,0,0,0,0,0,0
01,120250249668660065,ACTIVE,80,0,0,0,0,0,0,0
01,23858539868480794,ACTIVE,100,0,0,0,0,0,0,0
01,23858539868880794,ACTIVE,100,0,0,0,0,0,0,0
01,120250249523830065,ACTIVE,80,0,0,0,0,0,0,0
01,120250249523140065,ACTIVE,80,0,0,0,0,0,0,0
01,120249672329980126,ACTIVE,80,0,0,0,0,0,0,0
01,120246717682110686,PAUSED,80,0,0,0,0,0,0,0
01,23858726940290799,ACTIVE,80,0,0,0,0,0,0,0
01,23858726941040799,ACTIVE,80,0,0,0,0,0,0,0
01,120249672330000126,ACTIVE,80,0,0,0,0,0,0,0
01,120249880780960469,ACTIVE,80,0,0,0,0,0,0,0
01,120249880853160469,ACTIVE,80,0,0,0,0,0,0,0
01,120249880903670469,ACTIVE,80,0,0,0,0,0,0,0
01,120250456622110116,ACTIVE,100,0,0,0,0,0,0,0
01,120252701600890651,PAUSED,80,0,0,0,0,0,0,0
01,120249672404580126,ACTIVE,80,0,0,0,0,0,0,0
01,120246717682670686,PAUSED,80,0,0,0,0,0,0,0
01,120250456622780116,ACTIVE,100,0,0,0,0,0,0,0
01,120249880887670469,PAUSED,80,0,0,0,0,0,0,0
01,120252701595450651,PAUSED,80,0,0,0,0,0,0,0
01,120251165323110127,ACTIVE,100,0,0,0,1,0,0,0
01,120251165253540127,ACTIVE,100,0,0,0,0,0,0,0
01,120251165392890127,ACTIVE,100,0,0,0,0,0,0,0
01,120248010240770032,ACTIVE,80,0,0,0,0,0,0,0
01,120248010256780032,ACTIVE,80,0,0,0,0,0,0,0
01,120248010334700032,ACTIVE,100,0,0,0,0,0,0,0
01,120248010334860032,ACTIVE,100,0,0,0,0,0,0,0
01,120251035065720725,ACTIVE,100,0,0,0,0,0,0,0
01,120251035065680725,ACTIVE,100,0,0,0,0,0,0,0
01,120251035056930725,ACTIVE,100,0,0,0,0,0,0,0
01,120251035056900725,ACTIVE,100,0,0,0,0,0,0,0
01,120251035048590725,ACTIVE,100,0,0,0,0,0,0,0
01,120251035048130725,ACTIVE,100,0,0,0,0,0,0,0
01,120251034567350725,ACTIVE,100,0,0,0,0,0,0,0
01,120247410623640470,ACTIVE,10,0,1,0,0,0,0,0
01,120251034567170725,ACTIVE,100,0,0,0,0,0,0,0
01,120251034453560725,ACTIVE,100,0,0,0,0,0,0,0
01,120251034453380725,ACTIVE,100,0,0,0,0,0,0,0
01,120251034205780725,ACTIVE,100,0,0,0,0,0,0,0
01,120251034204240725,ACTIVE,100,0,0,0,0,0,0,0
01,120248056938570016,ACTIVE,80,0,0,0,0,0,0,0
01,120248563890830642,PAUSED,100,0,0,0,1,0,0,0
01,120246957409960025,PAUSED,80,0,0,0,0,0,0,0
02,120250857934900725,ACTIVE,1500,176.01,5034,110,121,14,6,295.02
02,120249177863580455,ACTIVE,1093,70.28,1842,46,49,1,1,34.95
02,120241066464020065,ACTIVE,1088,66.06,2320,34,37,6,4,289.09
02,120250148796800065,ACTIVE,833,62.06,1106,25,32,4,2,106.44
02,120249220581040455,ACTIVE,932,45.96,638,20,26,1,2,167.25
02,120250857934870725,ACTIVE,500,36.95,1562,34,42,5,5,245.64999999999998
02,120244349823030686,ACTIVE,680,35.08,459,15,15,2,2,81.2
02,120251070317250589,ACTIVE,497,34.12,694,13,18,1,0,0
02,120248800044910751,ACTIVE,1400,33.02,891,11,25,3,3,134.91
02,120249773521790455,ACTIVE,876,29.36,391,22,22,4,2,188.22000000000003
02,120259515149350586,ACTIVE,300,29.2,396,12,13,2,1,28.979999999999997
02,120244418309490436,ACTIVE,613,28.98,1201,29,32,3,2,141.69
02,120245972443720177,ACTIVE,419,28.78,566,14,14,4,2,61.2
02,120246739474360179,ACTIVE,420,27.43,732,12,13,3,1,48.17
02,120249796859320455,ACTIVE,562,26.7,688,14,18,1,1,106.83999999999999
02,120247634863390564,ACTIVE,800,26.21,687,11,11,1,0,0
02,120244270293390320,ACTIVE,700,25.13,748,17,18,1,0,0
02,120245837898990436,ACTIVE,389,24.86,1179,17,20,3,1,104.67
02,120249525081250564,ACTIVE,800,24.72,871,13,19,2,0,0
02,120245087420500146,ACTIVE,659,24.119999999999997,618,17,20,2,2,153.82
02,120253717969910054,ACTIVE,100,23.889999999999997,196,3,3,0,0,0
02,120249598082060216,ACTIVE,80,23.82,344,10,15,2,2,59.959999999999994
02,120249737694600455,ACTIVE,447,22.96,537,10,11,1,1,34.95
02,120250447195790100,ACTIVE,560,22.880000000000003,515,11,12,1,0,0
02,120249819353180455,ACTIVE,567,22.720000000000002,509,5,9,1,0,0
02,120255712681770771,ACTIVE,600,22.4,332,8,14,1,0,0
02,120246411339050686,ACTIVE,359,21.89,386,6,11,1,0,0
02,120246299672740751,ACTIVE,1300,21.17,317,7,13,2,2,106.93
02,120245031811820436,ACTIVE,554,20.869999999999997,938,18,23,3,1,41.98
02,120245523851000129,ACTIVE,300,20.78,840,19,21,1,0,0
02,120249727768090216,ACTIVE,80,20.72,346,8,10,2,2,59.959999999999994
02,120246623986130686,ACTIVE,357,20.42,244,8,12,1,1,71.21000000000001
02,120250624117300100,ACTIVE,560,20.39,535,10,11,0,0,0
02,120249597992500216,ACTIVE,80,19.869999999999997,348,9,12,1,1,51.22
02,120245854774890129,ACTIVE,200,19.759999999999998,613,18,18,4,2,110.21
02,120249252046510229,PAUSED,358,19.63,369,8,6,0,0,0
02,120249100983530561,ACTIVE,200,19.5,394,8,12,2,1,86.92
02,120247160615700630,ACTIVE,100,19.38,202,2,2,0,0,0
02,120250857475900725,ACTIVE,500,19.33,874,14,19,2,0,0
02,120246266385410436,ACTIVE,372,19.18,801,17,16,1,0,0
02,120250245426520065,ACTIVE,96,19.12,239,6,5,1,1,73.19999999999999
02,120249325186850389,ACTIVE,393,19.1,620,19,22,2,0,0
02,120246791587200455,ACTIVE,522,18.69,257,11,10,2,1,34.949999999999996
02,120253509292830054,ACTIVE,196,18.490000000000002,209,4,4,0,0,0
02,120249798276470455,ACTIVE,449,18.35,956,9,14,1,1,34.949999999999996
02,120248692777550175,ACTIVE,235,18.32,447,14,15,0,0,0
02,120246312788110126,ACTIVE,200,18.299999999999997,568,15,14,2,1,28.98
02,120249598081980216,PAUSED,80,18.14,227,8,7,2,0,0
02,120250148796840065,ACTIVE,406,17.73,235,6,8,2,0,0
02,120249286008100751,ACTIVE,389,17.71,424,8,9,0,0,0
02,120249597970000216,ACTIVE,80,17.53,290,10,10,1,1,29.98
02,120249780349790544,PAUSED,80,17.4,210,4,4,1,1,47.52
02,120248526805630175,ACTIVE,225,17.369999999999997,428,16,22,2,0,0
02,120248810047820509,ACTIVE,500,17.36,504,18,19,3,2,96.95000000000002
02,120247614409850674,ACTIVE,300,16.99,295,6,11,0,1,29.98
02,120245468761950436,ACTIVE,367,16.810000000000002,770,16,16,0,0,0
02,120246544819180686,ACTIVE,262,16.78,224,6,8,3,2,161.16
02,120248726902710477,ACTIVE,100,16.540000000000003,117,6,5,3,2,81.2
02,120249786479970065,ACTIVE,223,16.54,188,9,8,2,1,53.220000000000006
02,120249798237250455,ACTIVE,451,16.47,733,6,7,0,1,34.95
02,120249729041270065,ACTIVE,211,16.23,236,7,5,0,0,0
02,120249470867260126,ACTIVE,300,16.23,211,5,4,0,0,0
02,120246411234470686,ACTIVE,140,16.229999999999997,209,6,8,0,0,0
02,120246230106530436,ACTIVE,285,16,707,6,9,0,0,0
02,120247607295610752,ACTIVE,1000,15.68,386,15,21,4,2,69.94999999999999
02,120250597694970229,ACTIVE,80,15.309999999999999,178,3,4,1,1,123.64999999999999
02,120249006967110708,ACTIVE,422,15.14,290,4,10,2,1,51.14
02,120249597992420216,ACTIVE,80,14.97,255,13,17,3,3,167.39
02,120249142031310564,ACTIVE,500,14.62,580,5,8,2,0,0
02,120245557729330686,ACTIVE,435,14.430000000000001,220,4,9,1,0,0
02,120248723751180477,ACTIVE,86,14.33,122,5,3,1,0,0
02,120250597696800229,ACTIVE,80,14.27,155,5,5,0,0,0
02,120250598501760229,PAUSED,80,14.2,140,2,1,0,0,0
02,120248764599250589,ACTIVE,466,14.12,469,5,7,2,1,29.98
02,120250598502330229,ACTIVE,80,14.01,147,5,7,1,0,0
02,23858726940290799,ACTIVE,80,13.950000000000001,92,4,5,1,1,27.98
02,120244218104220358,ACTIVE,100,13.76,167,3,3,0,0,0
02,120247160080840630,ACTIVE,100,13.7,182,2,4,1,0,0
02,120247384368960172,ACTIVE,600,13.58,353,8,9,0,0,0
02,120252991682490709,ACTIVE,80,13.51,448,16,15,1,0,0
02,120245596108590129,ACTIVE,200,13.450000000000001,670,14,16,0,0,0
02,120248571162820214,ACTIVE,220,13.45,273,8,11,0,0,0
02,120250172561130389,ACTIVE,71,13.45,269,13,12,5,2,119.83999999999997
02,120249709181720425,ACTIVE,132,13.409999999999998,212,6,7,2,2,160.39
02,120245284052330686,ACTIVE,298,13.38,286,3,5,1,1,51.209999999999994
02,120247225333420177,ACTIVE,204,13.33,224,8,9,0,0,0
02,120253717968900054,ACTIVE,100,13.25,149,1,2,2,1,53.22
02,120247383199060533,ACTIVE,356,13.07,489,7,9,0,0,0
02,120247160080290630,ACTIVE,100,12.969999999999999,213,4,5,0,0,0
02,120247824573220241,ACTIVE,300,12.84,684,11,12,0,0,0
02,120250245427110065,ACTIVE,96,12.8,204,1,1,0,0,0
02,120248556669540647,ACTIVE,80,12.780000000000001,91,4,5,0,0,0
02,120249912425350544,ACTIVE,80,12.71,148,1,2,0,0,0
02,120250249523140065,ACTIVE,80,12.68,171,8,8,0,0,0
02,120250172561040389,ACTIVE,71,12.66,258,9,6,1,1,49.83
02,120247884451100677,ACTIVE,122,12.61,231,1,2,0,0,0
02,120249667450010126,ACTIVE,86,12.43,160,3,3,0,0,0
02,120247680102270175,ACTIVE,225,12.39,586,5,6,2,1,41.93
02,120250789469770586,PAUSED,750,12.370000000000001,275,4,6,0,0,0
02,120244486723120436,ACTIVE,284,12.25,528,11,7,1,1,68.22
02,120246715310330686,ACTIVE,80,12.229999999999999,171,5,6,2,1,51.22
02,120249937881090455,ACTIVE,137,12.21,250,5,10,2,1,84.36999999999999
02,120246781906960179,ACTIVE,200,12.040000000000001,271,4,4,0,0,0
02,23858726941040799,ACTIVE,80,12.01,102,8,8,1,1,27.98
02,120246865117370320,ACTIVE,300,11.91,330,13,15,2,2,116.09
02,120253682244230210,ACTIVE,150,11.629999999999999,395,13,15,0,0,0
02,120249419095480462,ACTIVE,105,11.629999999999999,160,9,8,0,0,0
02,120249709180330425,ACTIVE,132,11.559999999999999,168,8,9,0,0,0
02,120246715310580686,ACTIVE,80,11.55,173,5,6,2,1,29.98
02,120250877852440057,ACTIVE,330,11.51,175,5,8,1,1,73.42
02,120247160725050630,ACTIVE,100,11.5,165,1,1,0,0,0
02,120247704402520752,ACTIVE,83,11.44,210,4,4,0,0,0
02,120252664163220722,ACTIVE,100,11.43,200,6,6,1,1,57.96
02,120248593499490629,ACTIVE,300,11.350000000000001,329,5,5,2,2,178.73999999999998
02,23858653837560790,ACTIVE,80,11.35,211,4,4,2,1,26.98
02,120248999993500090,ACTIVE,127,11.27,195,6,3,0,0,0
02,120249792246420588,ACTIVE,80,11.25,152,1,2,0,0,0
02,120246729148090125,ACTIVE,369,11.15,168,1,1,0,0,0
02,120250409713470042,ACTIVE,100,11.120000000000001,120,3,4,0,0,0
02,120250879849910392,ACTIVE,200,11.09,360,12,13,0,0,0
02,120249708537480561,ACTIVE,123,11.07,188,4,3,2,2,83.94
02,120250109955700695,ACTIVE,200,10.99,364,4,5,0,0,0
02,120245685031760146,ACTIVE,1478,10.96,183,0,3,0,0,0
02,120249481659380561,ACTIVE,180,10.870000000000001,366,11,6,0,0,0
02,120254936965650012,ACTIVE,80,10.86,113,0,0,0,0,0
02,120247643854790590,ACTIVE,100,10.850000000000001,148,3,4,0,0,0
02,120245044044870686,ACTIVE,365,10.81,161,6,4,1,0,0
02,120248388520260291,ACTIVE,300,10.79,237,8,6,1,1,88.16000000000001
02,120249792246470588,ACTIVE,80,10.77,148,5,5,1,1,89.94
02,120250796170080100,ACTIVE,88,10.76,192,7,7,0,0,0
02,120249626723800126,ACTIVE,100,10.51,169,3,3,0,0,0
02,120249470979850126,ACTIVE,200,10.459999999999999,177,5,4,0,0,0
02,120248209648050559,ACTIVE,400,10.45,384,7,9,1,1,39.94
02,120250374522140365,ACTIVE,60,10.36,97,4,5,0,0,0
02,120246346915640686,ACTIVE,217,10.26,139,5,5,0,0,0
02,120248718980500175,ACTIVE,90,10.23,220,10,12,0,0,0
02,120247852317860677,ACTIVE,200,10.16,279,5,4,0,0,0
02,120248632362950629,ACTIVE,100,10.16,137,1,1,0,0,0
02,120247851477820707,ACTIVE,100,10.12,150,3,3,0,0,0
02,120249584001200642,ACTIVE,124,10.049999999999999,185,7,6,1,0,0
02,120247244150820650,ACTIVE,100,10.01,106,5,6,0,0,0
02,120245546721500146,ACTIVE,396,10,409,5,5,0,0,0
02,120249717905560469,ACTIVE,100,9.76,186,5,4,2,0,0
02,120251662445930577,ACTIVE,100,9.75,178,11,9,0,1,79.35000000000001
02,120245837521970436,ACTIVE,265,9.709999999999999,353,8,10,0,0,0
02,120248593499820629,ACTIVE,300,9.7,252,9,11,3,0,0
02,120249551591610126,ACTIVE,100,9.62,145,3,2,0,0,0
02,120249667449910126,ACTIVE,86,9.61,178,5,6,0,0,0
02,120247932007430707,ACTIVE,90,9.590000000000002,147,3,2,0,0,0
02,120251351605010589,ACTIVE,97,9.56,178,7,7,2,2,59.96
02,120248632285220629,ACTIVE,100,9.56,135,3,4,1,1,113.33
02,120248999993570090,ACTIVE,127,9.56,213,5,5,0,0,0
02,120248866251460043,ACTIVE,240,9.52,155,5,7,1,2,55.96
02,120249998355340389,ACTIVE,495,9.45,269,11,11,0,0,0
02,120248616085540126,ACTIVE,300,9.440000000000001,179,10,10,1,0,0
02,23858653868460790,ACTIVE,80,9.44,173,2,3,1,1,26.98
02,120253406029470054,ACTIVE,368,9.43,196,3,2,0,0,0
02,120247718478040320,ACTIVE,245,9.42,275,6,6,1,1,103.82
02,120245346459390436,ACTIVE,126,9.36,467,9,10,0,0,0
02,120247160615490630,ACTIVE,100,9.35,141,3,3,0,0,0
02,120252444275150368,ACTIVE,300,9.3,222,3,3,0,0,0
02,120251280416980589,ACTIVE,100,9.260000000000002,155,4,5,0,0,0
02,120248915177030509,ACTIVE,91,9.25,276,5,5,1,1,36.980000000000004
02,120248926854510090,ACTIVE,498,9.25,259,9,10,2,1,62.39000000000001
02,120248022515170097,ACTIVE,562,9.22,377,7,10,0,0,0
02,120247160725690630,ACTIVE,100,9.14,179,6,5,1,1,132.41
02,120246058017990436,ACTIVE,100,9.13,438,10,12,2,2,258.88
02,120246037977820686,ACTIVE,479,9.12,249,5,4,1,0,0
02,120248681187360509,ACTIVE,500,9.12,322,4,4,0,0,0
02,120249880129790544,ACTIVE,80,9.11,181,4,5,1,1,47.510000000000005
02,120247902667710320,ACTIVE,109,9.1,195,4,5,0,0,0
02,120248479510860214,ACTIVE,220,9.08,170,4,5,1,0,0
02,120251351604750589,ACTIVE,97,9.079999999999998,188,7,9,0,0,0
02,120247205366420177,ACTIVE,280,9.040000000000001,150,6,5,0,0,0
02,120251588323280577,ACTIVE,100,9.04,140,4,4,1,0,0
02,120247757162930032,ACTIVE,100,9.04,266,9,9,1,0,0
02,120248209632590559,ACTIVE,400,9.03,293,6,7,1,1,39.94
02,120249848308660469,ACTIVE,100,9.02,167,3,5,1,1,28.98
02,120250249523830065,ACTIVE,80,8.91,123,7,7,1,1,53.22
02,120249912423820544,ACTIVE,80,8.9,203,2,3,1,0,0
02,120247624307750032,ACTIVE,80,8.84,205,5,8,0,0,0
02,120250249763860065,ACTIVE,80,8.79,106,3,2,1,1,53.21
02,120245855389320129,ACTIVE,100,8.76,189,2,2,1,0,0
02,120249912159720544,ACTIVE,80,8.719999999999999,184,5,5,0,0,0
02,120249912158470544,ACTIVE,80,8.68,185,5,5,0,0,0
02,120246054202590173,ACTIVE,100,8.66,155,3,4,0,0,0
02,120245855294230129,ACTIVE,100,8.58,223,3,3,0,0,0
02,120248821149400090,ACTIVE,335,8.54,161,2,5,0,0,0
02,120248895819210303,ACTIVE,120,8.53,126,4,6,1,1,42.97
02,120247884451060677,ACTIVE,122,8.52,234,0,0,0,0,0
02,120247932007700707,ACTIVE,90,8.49,142,2,2,0,0,0
02,120250164409580065,ACTIVE,100,8.43,118,2,3,0,0,0
02,120246457583950686,ACTIVE,421,8.4,197,5,7,2,2,122.43
02,120251165253540127,ACTIVE,100,8.39,80,4,4,0,0,0
02,120250409712310042,ACTIVE,100,8.379999999999999,134,2,4,0,0,0
02,120247898405530097,ACTIVE,160,8.33,148,3,4,0,0,0
02,120249847095210561,ACTIVE,90,8.31,168,4,4,2,0,0
02,120247583319740586,ACTIVE,300,8.27,136,3,3,0,0,0
02,120246345569010686,ACTIVE,354,8.23,108,6,8,1,1,29.98
02,120249998355410389,ACTIVE,407,8.219999999999999,251,9,8,0,0,0
02,120250623729250057,ACTIVE,200,8.21,102,4,4,1,1,41.980000000000004
02,120259589623770586,ACTIVE,100,8.209999999999999,134,1,2,0,0,0
02,120248855168720455,ACTIVE,113,8.209999999999999,111,2,2,0,1,173.23
02,120248087317500097,ACTIVE,99,8.17,211,3,2,0,0,0
02,120250796171200100,ACTIVE,88,8.16,204,3,1,0,0,0
02,120251165392890127,ACTIVE,100,8.15,86,5,8,1,1,106.95
02,120252642974760368,ACTIVE,80,8.15,172,3,3,0,0,0
02,120248556665880647,ACTIVE,80,8.129999999999999,99,2,2,0,0,0
02,120245819278990146,ACTIVE,100,8.11,191,4,4,0,0,0
02,120248915178090509,ACTIVE,91,8.05,266,6,6,0,0,0
02,120248632299250629,ACTIVE,100,8.04,96,1,1,0,0,0
02,120246098209220686,ACTIVE,100,7.949999999999999,80,3,2,1,0,0
02,120259589623590586,ACTIVE,100,7.92,135,1,1,0,0,0
02,52513093370345,ACTIVE,80,7.92,107,3,3,0,0,0
02,120246901356730172,ACTIVE,200,7.9,152,7,7,1,1,65.94
02,120248630524930629,PAUSED,130,7.89,95,3,3,0,0,0
02,120250249763030065,ACTIVE,80,7.88,109,3,1,0,0,0
02,120249937881250455,ACTIVE,137,7.879999999999999,278,3,3,1,0,0
02,120252664163100722,ACTIVE,100,7.85,224,3,4,0,0,0
02,120248764094550214,ACTIVE,135,7.82,149,5,7,0,0,0
02,120249515059370564,ACTIVE,100,7.779999999999999,204,4,3,0,0,0
02,120248914961690509,ACTIVE,105,7.77,209,7,8,0,0,0
02,120251071122160319,ACTIVE,320,7.720000000000001,153,4,5,0,0,0
02,120248574839550695,ACTIVE,100,7.72,239,4,3,0,0,0
02,120249584002100642,ACTIVE,124,7.71,166,5,4,0,0,0
02,120249535727510116,ACTIVE,178,7.7,249,6,12,2,1,69.72
02,120247756760140032,ACTIVE,100,7.65,238,6,6,1,0,0
02,120246682690700686,ACTIVE,100,7.619999999999999,102,3,4,3,3,167.38
02,120247290686110177,ACTIVE,100,7.61,140,8,7,0,1,51.21
02,120249737694570455,ACTIVE,457,7.6000000000000005,231,2,5,0,0,0
02,120248087329710097,ACTIVE,99,7.57,197,5,4,1,1,34.980000000000004
02,120253754022930210,ACTIVE,115,7.5600000000000005,182,10,11,1,0,0
02,120249932722130725,ACTIVE,100,7.5,272,4,5,0,0,0
02,120249668731640469,ACTIVE,100,7.5,108,3,4,0,0,0
02,120249912283930544,ACTIVE,80,7.460000000000001,167,3,4,0,0,0
02,120250992480940319,ACTIVE,200,7.450000000000001,185,4,4,0,0,0
02,120251465994660577,ACTIVE,100,7.449999999999999,174,5,4,0,0,0
02,120243117326020544,ACTIVE,80,7.44,123,5,5,0,0,0
02,120249912047160544,PAUSED,80,7.43,119,1,1,1,0,0
02,120259636331520586,ACTIVE,100,7.41,177,7,8,0,0,0
02,120250016606030152,ACTIVE,200,7.37,283,6,4,0,0,0
02,120250195901640065,ACTIVE,100,7.35,147,6,5,1,0,0
02,120246355899960788,ACTIVE,30,7.3,130,2,3,0,0,0
02,120245545452250146,ACTIVE,100,7.2299999999999995,71,2,1,0,0,0
02,120245640145600146,ACTIVE,100,7.22,205,6,5,1,1,41.98
02,120253753955930210,ACTIVE,115,7.22,160,4,4,0,0,0
02,120246935804970630,ACTIVE,100,7.210000000000001,135,4,6,1,1,29.98
02,120246682690720686,ACTIVE,100,7.1899999999999995,121,6,6,0,0,0
02,120245906396800436,ACTIVE,148,7.1899999999999995,326,2,4,0,0,0
02,120245855293450129,ACTIVE,100,7.18,244,2,2,0,0,0
02,120248087317600097,ACTIVE,99,7.17,234,4,2,0,0,0
02,120248087329420097,ACTIVE,99,7.140000000000001,193,5,6,1,1,34.98
02,120246355915360788,ACTIVE,30,7.14,103,1,2,0,0,0
02,120247902669740320,ACTIVE,109,7.109999999999999,178,5,8,1,1,58.769999999999996
02,120250376646100695,ACTIVE,80,7.109999999999999,151,7,6,0,0,0
02,120249847095270561,ACTIVE,90,7.1,174,5,5,0,0,0
02,120247567940750752,ACTIVE,100,7.09,112,3,2,0,0,0
02,120247974923210032,ACTIVE,100,7.07,187,3,4,0,0,0
02,120249912145920544,PAUSED,80,7.0200000000000005,139,2,2,0,0,0
02,120249286008110751,ACTIVE,229,7,164,0,2,1,0,0
02,120250210018830100,ACTIVE,300,6.989999999999999,157,3,5,0,0,0
02,120251997651590404,ACTIVE,100,6.93,133,5,4,0,0,0
02,120248967678300303,ACTIVE,120,6.91,127,4,8,1,0,0
02,120250483742610024,ACTIVE,200,6.9,106,3,3,0,0,0
02,120246901356650172,ACTIVE,400,6.89,172,5,3,0,0,0
02,120244924434950146,ACTIVE,100,6.869999999999999,183,4,4,1,0,0
02,120248630524990629,PAUSED,130,6.83,91,2,2,0,0,0
02,120253753907380210,ACTIVE,100,6.779999999999999,183,3,3,0,0,0
02,120247744471800241,ACTIVE,236,6.76,221,6,6,0,0,0
02,52512745632745,ACTIVE,100,6.73,140,4,4,1,0,0
02,120246188701000686,ACTIVE,106,6.71,123,3,3,0,0,0
02,120253753909230210,ACTIVE,100,6.7,119,6,5,1,0,0
02,120252522112930368,ACTIVE,240,6.699999999999999,233,6,6,0,0,0
02,120246710213410090,ACTIVE,332,6.699999999999999,193,12,13,0,0,0
02,120251071213050319,ACTIVE,100,6.6899999999999995,139,5,3,0,0,0
02,120242444643470544,ACTIVE,80,6.68,136,2,2,0,0,0
02,120250249669600065,ACTIVE,80,6.68,150,4,6,0,0,0
02,120248632386890629,ACTIVE,100,6.6499999999999995,71,1,1,0,0,0
02,120248017943870097,ACTIVE,175,6.619999999999999,198,5,4,0,0,0
02,120250249668660065,ACTIVE,80,6.57,122,5,5,0,0,0
02,120259543995950586,ACTIVE,100,6.55,125,2,3,0,0,0
02,120248338624550629,ACTIVE,100,6.51,165,6,5,0,0,0
02,120250532821460732,ACTIVE,100,6.48,125,2,2,0,0,0
02,120248648060210175,ACTIVE,100,6.48,321,4,3,1,1,24.959999999999997
02,120247763049650707,ACTIVE,100,6.470000000000001,132,2,4,0,0,0
02,120247974902740032,ACTIVE,100,6.4399999999999995,156,6,5,0,0,0
02,120247486299200533,ACTIVE,90,6.4399999999999995,227,8,8,1,0,0
02,120247486299210533,ACTIVE,90,6.43,172,5,3,0,0,0
02,120248726941010477,ACTIVE,100,6.42,80,2,2,1,1,51.22
02,120246293141950436,ACTIVE,100,6.42,336,4,6,0,0,0
02,120249912395440544,PAUSED,80,6.41,104,1,2,0,0,0
02,120252301917290368,ACTIVE,200,6.389999999999999,230,1,0,1,0,0
02,120245855389350129,ACTIVE,100,6.36,148,3,3,0,0,0
02,120250221243670695,ACTIVE,200,6.33,236,3,4,0,0,0
02,120248779196630731,ACTIVE,250,6.319999999999999,94,2,2,1,0,0
02,120250296535810100,ACTIVE,500,6.300000000000001,168,4,8,0,0,0
02,120250509772640725,ACTIVE,100,6.290000000000001,239,3,3,0,0,0
02,120248918508150509,ACTIVE,100,6.26,129,3,3,1,0,0
02,120251165323110127,ACTIVE,100,6.25,84,2,2,0,0,0
02,120246229820550436,ACTIVE,100,6.25,279,5,6,1,0,0
02,120248609231900509,ACTIVE,200,6.25,178,3,4,0,0,0
02,120250690839020725,ACTIVE,100,6.2299999999999995,137,4,3,1,2,98.73
02,120248010334700032,ACTIVE,100,6.22,156,4,3,1,0,0
02,120250456531050116,ACTIVE,100,6.19,74,1,1,0,0,0
02,120248475372230175,ACTIVE,277,6.1899999999999995,189,4,4,0,0,0
02,120251839629150577,ACTIVE,100,6.18,192,7,5,0,0,0
02,120249912284000544,PAUSED,80,6.17,106,1,1,0,0,0
02,120250722702450019,ACTIVE,150,6.17,120,5,5,0,0,0
02,52513093347945,ACTIVE,80,6.15,85,2,2,1,1,82.64999999999999
02,120248632978360629,ACTIVE,100,6.140000000000001,101,2,4,0,0,0
02,120249474155700642,ACTIVE,100,6.14,153,4,5,0,0,0
02,120247420555310752,ACTIVE,300,6.1,161,3,2,0,0,0
02,120250822896400725,ACTIVE,100,6.1,197,3,5,1,1,28.98
02,120251280416620589,ACTIVE,473,6.1,197,2,2,0,0,0
02,120247290686180177,ACTIVE,100,6.08,106,2,4,2,1,71.21
02,120247225333460177,ACTIVE,386,6.08,143,8,7,0,0,0
02,120244794017770320,ACTIVE,340,6.050000000000001,329,6,4,0,1,58.769999999999996
02,120235701428400210,ACTIVE,100,6.0200000000000005,154,4,5,0,0,0
02,120246919904290533,ACTIVE,202,5.98,180,8,12,2,1,41.97
02,120248632978500629,ACTIVE,100,5.97,75,2,2,0,0,0
02,120246985309150320,ACTIVE,210,5.93,222,4,5,0,0,0
02,120246266411800436,ACTIVE,100,5.92,165,8,9,2,1,68.23
02,120250635258910365,ACTIVE,60,5.92,82,2,3,0,0,0
02,120249669211920469,ACTIVE,100,5.890000000000001,249,3,5,0,0,0
02,120246347471430686,ACTIVE,100,5.89,59,2,3,1,1,71.21
02,120247974902150032,ACTIVE,100,5.84,158,7,7,1,1,24.98
02,120245815157520129,ACTIVE,100,5.82,199,10,11,2,1,41.980000000000004
02,120250110334530116,ACTIVE,80,5.81,123,2,3,0,0,0
02,120250857951500725,ACTIVE,100,5.78,202,3,6,0,0,0
02,120253587305330054,ACTIVE,276,5.77,88,3,1,1,1,31.98
02,23858457619370799,ACTIVE,150,5.75,52,4,4,0,0,0
02,120250943577470725,ACTIVE,100,5.67,247,4,8,1,0,0
02,120248464770270509,ACTIVE,200,5.66,161,3,5,1,1,64.8
02,120246781907000179,ACTIVE,70,5.66,173,1,1,0,0,0
02,120248632311170629,ACTIVE,100,5.65,96,1,2,0,0,0
02,120249642397010425,ACTIVE,272,5.63,89,5,5,2,1,36.98
02,120245539332330436,ACTIVE,100,5.59,252,3,4,0,0,0
02,120248806206860043,ACTIVE,200,5.52,151,5,5,1,0,0
02,120251025260210392,ACTIVE,100,5.52,138,2,7,1,0,0
02,120250285289280319,ACTIVE,200,5.51,215,1,2,0,0,0
02,120246506094720686,ACTIVE,329,5.5,94,1,2,1,1,51.21
02,120250456622110116,ACTIVE,100,5.49,55,0,2,0,0,0
02,120249253674820462,ACTIVE,200,5.459999999999999,106,3,3,0,0,0
02,120250456533180116,ACTIVE,100,5.42,86,2,2,0,0,0
02,120249740598600469,ACTIVE,100,5.42,139,2,3,0,0,0
02,120250940063730319,ACTIVE,170,5.41,225,4,5,0,0,0
02,120250057126690389,ACTIVE,434,5.390000000000001,171,7,7,2,0,0
02,120248019821520016,ACTIVE,80,5.390000000000001,160,4,5,2,1,44.980000000000004
02,120250908183030725,ACTIVE,100,5.38,156,4,3,0,0,0
02,120250990004350725,ACTIVE,100,5.38,98,7,6,1,0,0
02,120248209610170559,ACTIVE,140,5.34,187,4,5,1,0,0
02,120248416746740708,ACTIVE,332,5.34,124,3,3,0,0,0
02,120247120490860177,ACTIVE,109,5.33,80,1,1,0,0,0
02,120245855499240129,ACTIVE,100,5.289999999999999,206,7,5,0,0,0
02,120250990004380725,ACTIVE,100,5.27,184,2,2,0,0,0
02,120252565997380368,ACTIVE,80,5.27,142,4,3,0,0,0
02,120248808876980090,ACTIVE,492,5.26,131,2,2,0,0,0
02,120247857369820674,ACTIVE,100,5.26,77,1,1,0,0,0
02,120250532821700732,ACTIVE,100,5.15,91,3,4,0,0,0
02,120249525235920564,ACTIVE,80,5.11,130,5,5,0,0,0
02,120244643680750544,ACTIVE,80,5.11,122,1,1,1,0,0
02,120249287169520455,ACTIVE,100,5.1,92,4,5,1,1,84.36999999999999
02,120252601207340368,ACTIVE,200,5.07,123,3,2,0,0,0
02,120247347738320650,ACTIVE,295,5.01,85,3,4,0,0,0
02,120247660753630677,ACTIVE,180,4.99,186,0,0,0,0,0
02,120248735036530642,ACTIVE,210,4.97,84,0,1,0,0,0
02,120245855501060129,ACTIVE,100,4.95,193,4,4,0,0,0
02,120249461012860564,ACTIVE,100,4.949999999999999,181,2,3,0,0,0
02,120245859755050173,ACTIVE,100,4.9399999999999995,152,2,3,0,0,0
02,120248010256780032,ACTIVE,80,4.93,132,4,4,0,0,0
02,120246356000300788,ACTIVE,30,4.9,108,2,2,0,0,0
02,120245306349070462,ACTIVE,300,4.87,90,4,5,1,1,49.980000000000004
02,120246729148030125,ACTIVE,342,4.869999999999999,139,5,10,2,2,137.67
02,120240258763950179,ACTIVE,120,4.83,134,1,2,0,0,0
02,120250659742440100,ACTIVE,200,4.8,143,4,5,2,1,102.11999999999999
02,120248377192890629,ACTIVE,100,4.8,157,2,5,0,0,0
02,120249253674880462,ACTIVE,135,4.7700000000000005,71,2,2,0,0,0
02,120249688929650544,ACTIVE,80,4.74,102,0,1,0,0,0
02,120244430700860708,ACTIVE,225,4.710000000000001,64,1,2,1,1,29.94
02,120247498633290172,ACTIVE,100,4.71,74,1,0,0,0,0
02,120252570211110651,ACTIVE,100,4.7,208,0,1,0,0,0
02,120247498522010172,ACTIVE,200,4.68,120,3,4,0,0,0
02,120252495546580368,ACTIVE,80,4.67,199,5,6,0,0,0
02,120246858309510179,ACTIVE,100,4.640000000000001,118,4,4,0,0,0
02,120248503118740629,ACTIVE,110,4.64,145,2,2,0,0,0
02,120249350342560751,ACTIVE,80,4.58,53,0,1,0,0,0
02,120249576123410425,ACTIVE,225,4.57,121,6,8,1,0,0
02,120250456622780116,ACTIVE,100,4.55,69,1,1,0,0,0
02,120249595072340564,ACTIVE,80,4.53,110,4,4,0,0,0
02,120248010240770032,ACTIVE,80,4.35,125,1,1,0,0,0
02,120248010334860032,ACTIVE,100,4.35,120,1,2,0,0,0
02,120250251254290065,ACTIVE,80,4.33,69,0,2,1,0,0
02,120246276526570788,ACTIVE,30,4.33,74,2,3,0,0,0
02,120247924205270214,ACTIVE,85,4.300000000000001,72,1,1,0,0,0
02,120247460048670533,ACTIVE,200,4.28,97,2,2,0,0,0
02,120248530207740214,ACTIVE,110,4.2700000000000005,99,2,2,0,0,0
02,120249747361920561,ACTIVE,267,4.26,118,4,7,1,1,41.97
02,120250908107470725,ACTIVE,100,4.2,163,1,1,0,0,0
02,120252893633380450,ACTIVE,128,4.2,62,0,0,0,0,0
02,120250674589680365,ACTIVE,60,4.199999999999999,61,6,5,1,0,0
02,120249350342530751,ACTIVE,80,4.18,57,2,4,0,0,0
02,120247412164970172,ACTIVE,300,4.18,86,3,4,0,0,0
02,120249484643470425,ACTIVE,100,4.17,79,2,2,0,0,0
02,120249325405290389,ACTIVE,100,4.15,112,5,5,0,0,0
02,120248277929780559,ACTIVE,100,4.15,58,1,2,1,0,0
02,120248499418070453,ACTIVE,80,4.08,30,0,0,0,0,0
02,120248764220530214,ACTIVE,100,4.07,63,4,4,0,0,0
02,23858539868480794,ACTIVE,100,4.05,40,0,0,0,0,0
02,120246976043510780,ACTIVE,140,4,77,5,5,0,0,0
02,120247317325280533,ACTIVE,202,3.99,148,5,6,0,0,0
02,120250565271410229,ACTIVE,81,3.93,126,0,1,0,0,0
02,120247380153090677,ACTIVE,100,3.92,198,2,3,0,0,0
02,120246939922390780,ACTIVE,120,3.92,95,2,5,0,0,0
02,120247210424610177,ACTIVE,201,3.8900000000000006,117,3,4,2,1,51.220000000000006
02,120246505926190686,ACTIVE,100,3.8899999999999997,54,4,4,0,0,0
02,120253585833660210,ACTIVE,120,3.81,181,6,6,0,0,0
02,120253455387470054,ACTIVE,98,3.8099999999999996,55,0,0,0,0,0
02,120250943649020725,ACTIVE,100,3.7199999999999998,111,1,3,0,0,0
02,120259636331450586,ACTIVE,100,3.69,68,2,1,0,0,0
02,120259676866470586,ACTIVE,30,3.68,87,2,2,1,1,28.979999999999997
02,120249847650660469,ACTIVE,150,3.65,72,2,3,1,0,0
02,120250337858370100,ACTIVE,405,3.59,131,3,4,1,0,0
02,120248716761170509,ACTIVE,255,3.56,119,4,6,2,1,61.970000000000006
02,120251109241560577,ACTIVE,502,3.51,101,2,4,2,2,77.15
02,120247376442080650,ACTIVE,105,3.49,51,1,1,0,0,0
02,120249523562880116,ACTIVE,250,3.45,94,1,2,1,0,0
02,120250659867470100,ACTIVE,200,3.42,80,0,4,1,1,66.14999999999999
02,120248503550700175,ACTIVE,165,3.4,221,2,2,0,0,0
02,120241671273870455,ACTIVE,100,3.4,150,6,8,0,0,0
02,120247291716580533,ACTIVE,200,3.35,83,4,5,1,0,0
02,120252911294540404,ACTIVE,112,3.3499999999999996,32,0,1,1,0,0
02,120246243213280686,ACTIVE,224,3.32,64,4,6,1,1,29.98
02,120249447109280642,ACTIVE,136,3.32,98,1,2,0,0,0
02,120248559761950006,ACTIVE,60,3.2700000000000005,260,1,3,0,0,0
02,120249272919060455,ACTIVE,362,3.2700000000000005,76,2,4,0,1,60.41
02,120246411190320686,ACTIVE,110,3.27,48,1,1,0,0,0
02,120248794643770214,ACTIVE,200,3.27,66,3,5,0,0,0
02,120250290123180695,ACTIVE,160,3.2199999999999998,107,6,6,1,1,37.980000000000004
02,120247215908240172,ACTIVE,200,3.1799999999999997,114,2,5,3,2,75.88000000000001
02,120251047356610589,ACTIVE,330,3.16,53,3,3,0,0,0
02,120246299672680751,ACTIVE,115,3.1500000000000004,59,1,2,1,0,0
02,120249403467920642,ACTIVE,100,3.1500000000000004,103,2,2,0,0,0
02,120248277913750559,ACTIVE,100,3.14,83,2,2,0,0,0
02,120250989489220725,ACTIVE,100,3.12,74,3,6,1,1,103.34
02,120249722156140561,ACTIVE,100,3.1199999999999997,57,1,3,0,0,0
02,120249231443520389,ACTIVE,210,3.1,179,1,2,0,0,0
02,120247120269160780,ACTIVE,120,3.0300000000000002,71,2,3,0,0,0
02,120250730281520100,ACTIVE,300,3,159,1,2,1,1,38.17
02,120248870729060084,ACTIVE,50,2.95,51,0,0,0,0,0
02,120249875274900152,ACTIVE,80,2.93,73,2,2,1,1,86.55
02,120249882033050469,ACTIVE,100,2.89,123,3,3,0,0,0
02,120248320638830175,ACTIVE,259,2.89,86,2,4,0,0,0
02,120251256015310577,ACTIVE,116,2.87,90,2,1,0,0,0
02,120248722613960509,ACTIVE,180,2.8499999999999996,55,3,2,1,0,0
02,120248794643800214,ACTIVE,80,2.84,44,1,1,1,0,0
02,120246162660770788,ACTIVE,100,2.83,105,2,3,0,0,0
02,120247412165010172,ACTIVE,200,2.83,82,0,1,0,0,0
02,120250518458320127,ACTIVE,100,2.76,47,2,2,0,0,0
02,23858539868880794,ACTIVE,100,2.74,41,0,1,0,0,0
02,120245946244180126,ACTIVE,100,2.73,98,4,6,0,0,0
02,120245218353240788,ACTIVE,100,2.7,48,3,3,0,0,0
02,120252669244990404,ACTIVE,280,2.7,39,4,4,0,0,0
02,6973002165426,ACTIVE,50,2.69,81,2,2,1,0,0
02,120259351556840586,ACTIVE,100,2.6799999999999997,99,1,1,0,0,0
02,120248918507510509,ACTIVE,100,2.66,83,1,2,0,0,0
02,120253041846750709,ACTIVE,150,2.63,60,0,0,0,0,0
02,120247476544590470,ACTIVE,10,2.63,27,1,1,0,0,0
02,120245942236800686,ACTIVE,149,2.63,27,1,3,1,1,29.98
02,120244242496990780,ACTIVE,120,2.62,92,1,3,1,0,0
02,120249793088660168,ACTIVE,100,2.61,66,1,2,0,0,0
02,120249286765290368,ACTIVE,100,2.59,86,5,4,0,1,101.32
02,120248870785840084,ACTIVE,50,2.56,51,4,4,0,0,0
02,120249569864510564,ACTIVE,80,2.55,101,4,6,1,1,42.98
02,120251025260150392,ACTIVE,100,2.54,85,9,10,2,1,66.02
02,120249506741180642,ACTIVE,335,2.5300000000000002,66,2,4,0,0,0
02,23858632359610799,ACTIVE,100,2.51,31,1,2,0,0,0
02,120247498522100172,ACTIVE,100,2.4899999999999998,72,3,4,0,0,0
02,120250330451160116,ACTIVE,244,2.48,48,2,3,0,0,0
02,120249470979790126,ACTIVE,500,2.47,46,2,2,0,0,0
02,120259676867480586,ACTIVE,30,2.45,75,1,1,0,0,0
02,120249686339540425,ACTIVE,120,2.38,108,2,3,1,0,0
02,120249545895050561,ACTIVE,200,2.3600000000000003,231,3,3,0,0,0
02,120245205078130630,ACTIVE,100,2.36,79,1,1,0,0,0
02,120247065556020630,ACTIVE,160,2.3499999999999996,121,1,1,0,0,0
02,120249135138590389,ACTIVE,193,2.3,87,2,2,2,0,0
02,120250251218110065,ACTIVE,80,2.3,68,0,0,0,0,0
02,120248049454550097,ACTIVE,100,2.28,73,2,2,0,0,0
02,120245545523930146,ACTIVE,150,2.27,54,1,2,0,0,0
02,120249794046460455,ACTIVE,187,2.2699999999999996,15,0,0,0,0,0
02,120247120200010780,ACTIVE,120,2.26,71,1,5,1,0,0
02,120249141973900564,ACTIVE,100,2.25,52,0,0,0,0,0
02,120247423085790533,ACTIVE,100,2.2,61,2,4,0,0,0
02,120248623149560090,ACTIVE,181,2.2,57,0,0,0,0,0
02,120248819229080090,ACTIVE,80,2.18,41,1,2,0,0,0
02,120250565271380229,ACTIVE,64,2.17,7,0,0,0,0,0
02,120247498910200172,ACTIVE,100,2.0900000000000003,71,0,2,0,0,0
02,120250333032760695,ACTIVE,80,2.08,87,4,3,1,1,66.02000000000001
02,120252819238020404,ACTIVE,100,2.0700000000000003,30,1,1,0,0,0
02,120253169727490166,ACTIVE,20,2.0700000000000003,41,1,1,0,0,0
02,120246024108390751,ACTIVE,300,2.07,38,1,4,2,1,117.92
02,120253168906120166,ACTIVE,20,2.0300000000000002,32,1,1,0,0,0
02,120247114933330177,ACTIVE,101,1.98,74,1,1,0,0,0
02,120249447109420642,ACTIVE,333,1.96,58,3,5,0,0,0
02,120250010438780065,ACTIVE,155,1.9400000000000002,46,1,1,0,0,0
02,120249539339830561,ACTIVE,236,1.9000000000000001,121,1,2,0,0,0
02,120248598576010303,ACTIVE,150,1.9,40,1,3,1,1,56.94
02,120248877758790509,ACTIVE,80,1.8900000000000001,68,0,0,0,0,0
02,120248452492430509,ACTIVE,200,1.88,79,2,5,0,0,0
02,120246260582710436,ACTIVE,132,1.85,84,0,4,0,0,0
02,120248870780680084,ACTIVE,50,1.83,32,1,1,0,0,0
02,120244192282850358,ACTIVE,100,1.8200000000000003,77,2,3,1,1,72.94999999999999
02,120251788791190404,ACTIVE,100,1.81,30,3,2,0,0,0
02,120246362085040788,ACTIVE,85,1.79,68,2,2,0,0,0
02,120248678284680175,ACTIVE,100,1.79,52,0,2,0,0,0
02,120249511691710642,ACTIVE,262,1.78,39,1,1,0,0,0
02,120252589978050166,ACTIVE,30,1.78,15,0,0,0,0,0
02,120248927739830303,ACTIVE,100,1.73,39,0,0,0,0,0
02,120255824409860771,ACTIVE,80,1.73,32,2,2,1,1,51.22
02,120247476544900470,ACTIVE,10,1.73,13,1,2,0,0,0
02,120250353178530351,ACTIVE,80,1.7000000000000002,153,3,1,0,0,0
02,120250629224620319,ACTIVE,120,1.6900000000000002,145,0,0,0,0,0
02,120252598297590166,ACTIVE,30,1.66,30,1,2,0,0,0
02,120251351280060247,ACTIVE,100,1.62,26,1,2,0,0,0
02,120248870748470084,ACTIVE,50,1.61,36,1,2,0,0,0
02,120249850554350544,ACTIVE,80,1.59,36,2,1,0,0,0
02,120251847486640577,ACTIVE,100,1.5899999999999999,36,0,0,0,0,0
02,120248562847610629,ACTIVE,100,1.58,68,1,1,0,0,0
02,120249796851720455,ACTIVE,153,1.58,71,0,0,0,0,0
02,120252819687360404,ACTIVE,100,1.56,32,2,2,0,1,126.33000000000001
02,120246928447770752,ACTIVE,100,1.54,36,2,3,1,0,0
02,120248168760260420,ACTIVE,80,1.53,23,0,0,0,0,0
02,120246100582600173,ACTIVE,100,1.51,19,0,0,0,0,0
02,120246471244780065,ACTIVE,100,1.51,35,0,0,0,0,0
02,120248870720810084,ACTIVE,50,1.49,34,0,2,0,0,0
02,120249761430210561,ACTIVE,80,1.49,60,3,1,1,1,57.94
02,120246610839630125,ACTIVE,236,1.49,36,0,0,0,0,0
02,120247790939340320,ACTIVE,159,1.43,39,1,1,0,0,0
02,120248539964750462,ACTIVE,100,1.41,37,1,1,0,0,0
02,120248692777600175,ACTIVE,121,1.4,37,2,2,0,0,0
02,120246457864390686,ACTIVE,498,1.38,20,0,0,0,0,0
02,120248877589690509,ACTIVE,80,1.37,90,3,3,0,0,0
02,120253169342360166,ACTIVE,30,1.36,36,1,1,1,0,0
02,120248581577290549,ACTIVE,85,1.31,75,0,0,0,0,0
02,120249497633180126,ACTIVE,100,1.3,22,0,0,0,0,0
02,120247223966660470,ACTIVE,10,1.26,10,0,0,0,0,0
02,120248601903060006,ACTIVE,60,1.25,67,0,0,0,0,0
02,120249133489610303,ACTIVE,80,1.24,17,1,1,0,0,0
02,120246821645480179,ACTIVE,70,1.24,40,1,1,0,0,0
02,120252043483350057,ACTIVE,200,1.24,18,3,2,0,0,0
02,120250528241360229,ACTIVE,60,1.23,85,2,2,0,0,0
02,120249166387850303,ACTIVE,40,1.19,56,2,2,0,0,0
02,120248387124610175,ACTIVE,100,1.19,24,0,0,0,0,0
02,120246178929760752,ACTIVE,100,1.17,28,0,0,0,0,0
02,120249678070570564,ACTIVE,80,1.1500000000000001,22,1,2,0,0,0
02,120247120232940780,ACTIVE,120,1.15,65,1,2,0,0,0
02,120249620266300561,ACTIVE,100,1.15,35,0,0,0,0,0
02,120249135138850389,ACTIVE,113,1.14,66,1,1,0,0,0
02,120250528208790229,ACTIVE,60,1.12,53,0,0,0,0,0
02,120248800208810303,ACTIVE,120,1.1,45,2,2,0,0,0
02,120248857748500291,ACTIVE,80,1.1,23,3,3,0,0,0
02,120246613655870434,ACTIVE,99,1.09,26,0,2,0,0,0
02,120247893368430590,ACTIVE,80,1.07,21,1,1,0,0,0
02,120246253656250788,ACTIVE,30,1.0499999999999998,23,0,0,0,0,0
02,120250649411990351,ACTIVE,80,1.04,41,1,1,0,0,0
02,120248794321220214,ACTIVE,80,1.04,22,0,0,0,0,0
02,120249855268710455,ACTIVE,210,1.03,57,1,0,0,0,0
02,120246023777450751,ACTIVE,300,1.0299999999999998,29,1,1,1,0,0
02,120249798265350455,ACTIVE,100,1,54,3,3,1,0,0
02,120248361160970477,ACTIVE,100,1,49,0,0,0,0,0
02,120246652396420686,ACTIVE,493,0.99,14,0,2,0,0,0
02,120246500280680686,ACTIVE,328,0.98,10,1,1,1,1,71.21000000000001
02,120248964166500090,ACTIVE,187,0.97,33,1,1,0,1,62.38999999999999
02,120245516609390788,ACTIVE,50,0.94,25,2,1,0,0,0
02,120247800928570707,ACTIVE,138,0.9199999999999999,25,0,0,0,0,0
02,120249875229220152,ACTIVE,80,0.9199999999999999,28,0,0,0,0,0
02,120251628891720577,ACTIVE,202,0.91,49,0,0,0,0,0
02,120248581577230549,ACTIVE,50,0.91,37,1,1,0,0,0
02,120244480112510436,ACTIVE,230,0.91,40,0,0,0,0,0
02,120247840321450032,ACTIVE,100,0.9099999999999999,73,0,1,0,0,0
02,23858591199930790,ACTIVE,80,0.9,51,0,0,0,0,0
02,120247131790900470,ACTIVE,200,0.8999999999999999,77,0,0,0,0,0
02,120247887851240707,ACTIVE,202.5,0.8099999999999999,23,2,3,0,0,0
02,120253102991860166,ACTIVE,50,0.79,21,1,1,0,0,0
02,120247066173290752,ACTIVE,100,0.74,29,0,0,0,0,0
02,120249842842440168,ACTIVE,100,0.72,18,0,0,0,0,0
02,120249238447180751,ACTIVE,50,0.69,14,0,0,0,0,0
02,120250489914960351,ACTIVE,80,0.69,23,0,0,0,0,0
02,120249687202530455,ACTIVE,100,0.67,30,2,1,0,0,0
02,120249133489750303,ACTIVE,80,0.66,29,1,1,0,0,0
02,120247840016240032,ACTIVE,100,0.66,44,0,0,0,0,0
02,120247516592700470,ACTIVE,10,0.64,12,0,0,0,0,0
02,120247410623640470,ACTIVE,10,0.63,4,0,0,0,0,0
02,120239930892250650,ACTIVE,200,0.62,13,0,0,0,0,0
02,120247756970630032,ACTIVE,100,0.61,28,2,3,0,0,0
02,120246918823320025,PAUSED,80,0.6,16,1,1,0,0,0
02,120246180858520686,ACTIVE,448,0.6,17,1,1,0,0,0
02,120246299721450751,ACTIVE,195,0.5900000000000001,14,0,3,0,0,0
02,120250202122870116,ACTIVE,198,0.59,8,1,2,0,0,0
02,120250587581590100,ACTIVE,281,0.57,18,0,1,0,0,0
02,6998743229226,ACTIVE,50,0.54,11,0,0,0,0,0
02,120247852317700677,ACTIVE,100,0.5,12,0,0,0,0,0
02,120249510498660642,ACTIVE,122,0.49,12,0,1,1,0,0
02,120246408526190686,ACTIVE,197,0.49,5,0,0,0,0,0
02,120246767810560125,ACTIVE,120,0.48000000000000004,18,1,1,0,0,0
02,120246652396390686,ACTIVE,175,0.48,10,0,1,0,0,0
02,120244761869100436,ACTIVE,100,0.46,21,0,4,0,0,0
02,120247476544490470,ACTIVE,10,0.44,7,0,0,0,0,0
02,120259587945310586,ACTIVE,30,0.44,12,0,0,0,0,0
02,120247763073680707,ACTIVE,100,0.43,7,0,1,0,0,0
02,120248795235810214,ACTIVE,100,0.4,13,0,0,0,0,0
02,120251997719170404,ACTIVE,100,0.38,11,1,1,0,0,0
02,120248796130660214,ACTIVE,80,0.37,14,0,1,0,0,0
02,120252819722330404,ACTIVE,100,0.37,16,0,0,0,0,0
02,120251851251150577,ACTIVE,100,0.35,17,0,0,0,0,0
02,120246266385280436,ACTIVE,100,0.35,6,0,0,0,0,0
02,120247410623510470,ACTIVE,10,0.34,4,0,0,0,0,0
02,120245279091880436,ACTIVE,148,0.33,14,0,0,0,0,0
02,120250134725340389,ACTIVE,100,0.33,15,1,2,0,0,0
02,120249238447210751,ACTIVE,85,0.32999999999999996,18,0,0,0,0,0
02,120248173193470420,ACTIVE,80,0.29000000000000004,3,0,0,0,0,0
02,120249817512640544,ACTIVE,80,0.29,11,0,0,0,0,0
02,120246356046500788,ACTIVE,85,0.27,16,0,0,0,0,0
02,120246403619590436,ACTIVE,100,0.27,10,0,1,0,0,0
02,120246224052810436,ACTIVE,105,0.26,21,0,1,0,0,0
02,120252819669530404,ACTIVE,100,0.25,5,1,1,0,0,0
02,120250016606060152,ACTIVE,100,0.25,21,0,0,0,0,0
02,120250635175100365,ACTIVE,60,0.25,4,0,0,0,0,0
02,120249011925760303,ACTIVE,80,0.24000000000000002,9,1,0,0,0,0
02,120246754801740509,ACTIVE,150,0.24,12,1,2,0,0,0
02,120250563904960365,ACTIVE,60,0.24,8,0,0,0,0,0
02,120247584490940320,ACTIVE,111,0.24,9,1,1,0,0,0
02,120247476544560470,ACTIVE,10,0.23,4,0,0,0,0,0
02,120248870748800084,ACTIVE,50,0.22,14,0,1,0,0,0
02,120246485397990125,ACTIVE,100,0.21000000000000002,10,0,0,0,0,0
02,120247319362190032,ACTIVE,100,0.21000000000000002,13,0,1,0,0,0
02,120250134725280389,ACTIVE,100,0.2,2,0,0,0,0,0
02,120247778101050674,ACTIVE,200,0.18,9,0,0,0,0,0
02,120244618043630436,ACTIVE,100,0.18,10,0,1,0,0,0
02,120246917117470025,PAUSED,80,0.17,4,0,0,0,0,0
02,120252043483420057,ACTIVE,100,0.16,5,0,0,0,0,0
02,120248581577260549,ACTIVE,50,0.14,13,0,0,0,0,0
02,120250216921880100,ACTIVE,400,0.14,8,0,0,0,0,0
02,120247043007240177,ACTIVE,133,0.12000000000000001,5,0,0,0,0,0
02,120249166388190303,ACTIVE,40,0.12,13,1,1,0,0,0
02,120248690643620090,ACTIVE,100,0.1,2,0,2,0,0,0
02,120242694742870146,ACTIVE,100,0.1,5,0,0,0,0,0
02,120247516592800470,ACTIVE,10,0.09,7,0,0,0,0,0
02,120247516592890470,ACTIVE,10,0.08,4,0,0,0,0,0
02,120247753430830320,ACTIVE,100,0.07,5,0,0,0,0,0
02,120250759563590100,ACTIVE,100,0.07,3,0,0,0,0,0
02,120246134152350173,ACTIVE,100,0.06999999999999999,2,0,0,0,0,0
02,120247692380200470,PAUSED,5,0.05,1,0,0,0,0,0
02,120253132489050166,ACTIVE,30,0.05,2,0,0,0,0,0
02,120247692380260470,ACTIVE,5,0.05,1,0,0,0,0,0
02,120249448254690642,ACTIVE,100,0.05,2,0,0,0,0,0
02,120246276296070788,PAUSED,100,0.04,3,0,0,0,0,0
02,120247692380410470,ACTIVE,5,0.03,1,0,0,0,0,0
02,120249563397690389,ACTIVE,100,0.03,3,0,0,0,0,0
02,120246291786110686,ACTIVE,140,0.03,2,0,0,0,0,0
02,120248484683390090,ACTIVE,100,0.02,2,0,0,0,0,0
02,120248563890830642,ACTIVE,100,0.02,2,0,1,0,0,0
02,120247200503920320,ACTIVE,1,0.01,1,0,0,0,0,0
02,120253582875810210,ACTIVE,100,0.01,1,0,0,0,0,0
02,120252650634680368,ACTIVE,60,0,0,0,0,0,0,0
02,120250251254500065,ACTIVE,80,0,0,0,4,0,0,0
02,120250251218160065,ACTIVE,80,0,0,0,2,1,0,0
02,120250251197330065,ACTIVE,80,0,0,0,7,1,0,0
02,120250251196940065,ACTIVE,80,0,0,0,0,0,0,0
02,120246898858420179,ACTIVE,100,0,0,0,0,0,0,0
02,120246957409960025,PAUSED,80,0,0,0,0,0,0,0
02,120247065531140133,ACTIVE,80,0,0,0,0,0,0,0
02,120250457173150116,ACTIVE,100,0,0,0,0,0,0,0
02,120250457173170116,ACTIVE,100,0,0,0,0,0,0,0
02,120246717696080686,PAUSED,80,0,0,0,0,0,0,0
02,120247065534800133,ACTIVE,80,0,0,0,0,0,0,0
02,120246717694980686,PAUSED,80,0,0,0,0,0,0,0
02,120248646453990006,ACTIVE,60,0,0,0,0,0,0,0
02,120246717682670686,PAUSED,80,0,0,0,0,0,0,0
02,120246717682110686,PAUSED,80,0,0,0,0,0,0,0
02,120249917799830544,ACTIVE,80,0,0,0,0,0,0,0
02,120249912371240544,PAUSED,80,0,0,0,0,0,0,0
02,120249912370390544,PAUSED,80,0,0,0,0,0,0,0
02,120249880903670469,ACTIVE,80,0,0,0,0,0,0,0
02,120249880887670469,PAUSED,80,0,0,0,0,0,0,0
02,120249880853160469,ACTIVE,80,0,0,0,0,0,0,0
02,120249880780960469,ACTIVE,80,0,0,0,0,0,0,0
02,120249796872860455,PAUSED,246,0,0,0,0,0,0,0
02,120251034204240725,ACTIVE,100,0,0,0,0,0,0,0
02,120251034205780725,ACTIVE,100,0,0,0,0,0,0,0
02,120251034453380725,ACTIVE,100,0,0,0,0,0,0,0
02,120251034453560725,ACTIVE,100,0,0,0,0,0,0,0
02,120251034567170725,ACTIVE,100,0,0,0,0,0,0,0
02,120251034567350725,ACTIVE,100,0,0,0,0,0,0,0
02,120251035048130725,ACTIVE,100,0,0,0,0,0,0,0
02,120251035048590725,ACTIVE,100,0,0,0,0,0,0,0
02,120251035056900725,ACTIVE,100,0,0,0,0,0,0,0
02,120251035056930725,ACTIVE,100,0,0,0,0,0,0,0
02,120251035065680725,ACTIVE,100,0,0,0,0,0,0,0
02,120251035065720725,ACTIVE,100,0,0,0,0,0,0,0
02,120249673389040126,ACTIVE,80,0,0,0,0,0,0,0
02,120249673388760126,ACTIVE,80,0,0,0,0,0,0,0
02,120249672818850126,ACTIVE,80,0,0,0,0,0,0,0
02,120249672818820126,ACTIVE,80,0,0,0,0,0,0,0
02,120249672651270126,ACTIVE,80,0,0,0,0,0,0,0
02,120249672650990126,ACTIVE,80,0,0,0,0,0,0,0
02,120249672467660126,ACTIVE,80,0,0,0,0,0,0,0
02,120251949511390769,ACTIVE,80,0,0,0,0,0,0,0
02,120251949511430769,ACTIVE,80,0,0,0,0,0,0,0
02,120249672457980126,ACTIVE,80,0,0,0,0,0,0,0
02,120249672441170126,ACTIVE,80,0,0,0,0,0,0,0
02,120249672422120126,ACTIVE,80,0,0,0,0,0,0,0
02,120249672404580126,ACTIVE,80,0,0,0,0,0,0,0
02,120249672330000126,ACTIVE,80,0,0,0,0,0,0,0
02,120249672329980126,ACTIVE,80,0,0,0,0,0,0,0
02,120249672282540126,ACTIVE,80,0,0,0,0,0,0,0
02,120249672281700126,ACTIVE,80,0,0,0,0,0,0,0
02,120246898860110179,ACTIVE,100,0,0,0,0,0,0,0
02,120252650643880368,ACTIVE,60,0,0,0,0,0,0,0
02,120252701455760651,ACTIVE,80,0,0,0,0,0,0,0
02,120252701595450651,PAUSED,80,0,0,0,0,0,0,0
02,120252701600890651,PAUSED,80,0,0,0,0,0,0,0
02,120252701668380651,ACTIVE,80,0,0,0,0,0,0,0
02,120252701670790651,ACTIVE,80,0,0,0,0,0,0,0
02,120252701821180651,ACTIVE,80,0,0,0,0,0,0,0
02,120248052315980674,ACTIVE,80,0,0,0,0,0,0,0
02,120253095610850709,ACTIVE,80,0,0,0,0,0,0,0
02,120248052316140674,ACTIVE,80,0,0,0,0,0,0,0
02,120248056938570016,ACTIVE,80,0,0,0,0,0,0,0
02,120245685031800146,ACTIVE,100,0,0,0,0,0,0,0
02,120245642520350129,PAUSED,100,0,0,0,1,0,0,0
02,120248442735500509,PAUSED,80,0,0,0,1,0,0,0
02,120254995038100211,ACTIVE,85,0,0,0,0,0,0,0
02,120254995038120211,ACTIVE,85,0,0,0,0,0,0,0
02,120248918374020509,ACTIVE,100,0,0,0,0,0,0,0
02,120248918373480509,ACTIVE,100,0,0,0,0,0,0,0
02,120248854598290455,PAUSED,325,0,0,0,1,1,1,60.410000000000004
02,23858541227290794,ACTIVE,100,0,0,0,0,0,0,0
02,23858541227510794,ACTIVE,100,0,0,0,0,0,0,0
02,23858541253260794,ACTIVE,100,0,0,0,0,0,0,0
02,23858541253940794,ACTIVE,100,0,0,0,0,0,0,0
02,120248635320160629,ACTIVE,100,0,0,0,0,0,0,0
02,120248635320580629,ACTIVE,100,0,0,0,0,0,0,0
02,120248646453960006,ACTIVE,60,0,0,0,0,0,0,0
