hh,campaign_id,status,budget,spent,impressions,clicks,views,checkout,purchase,rev
00,120245400596270686,ACTIVE,200,14.96,1543,41,49,5,2,101.19000000000001
00,120244431777030751,ACTIVE,800,14.12,229,3,9,1,1,24.98
00,120245031811820436,ACTIVE,100,9.55,279,7,10,1,1,68.23
00,120249533797640152,ACTIVE,80,9.43,161,6,8,1,0,0
00,23858191024100794,ACTIVE,100,8.65,80,0,0,0,0,0
00,120248416747190708,ACTIVE,662,8.28,173,4,4,1,1,29.94
00,120245891909090125,ACTIVE,500,7.85,86,1,3,0,0,0
00,120246828454030629,ACTIVE,683,7.62,120,6,6,0,0,0
00,120245941415570686,ACTIVE,700,7.56,87,3,4,1,1,29.98
00,120252064052550709,ACTIVE,500,7.11,87,1,3,1,0,0
00,120249110988580455,ACTIVE,681,6.76,240,6,10,1,1,106.84
00,120246273720740455,ACTIVE,883,6.34,148,1,4,0,0,0
00,120244164741820146,ACTIVE,598,6,146,3,5,1,0,0
00,120248734905220544,ACTIVE,150,5.85,140,3,3,0,0,0
00,120243986668280589,ACTIVE,1200,5.53,103,3,4,0,0,0
00,23858191063980794,ACTIVE,100,5.36,54,2,2,0,0,0
00,120244430700860708,ACTIVE,1255,5.24,92,3,4,1,1,51.14
00,120246832758790677,ACTIVE,456,5.2,133,2,2,1,0,0
00,120250216921880100,ACTIVE,500,5.06,85,1,2,1,1,113.31
00,120245179332800129,ACTIVE,150,5.05,65,2,4,1,1,66.47999999999999
00,120243276755660065,ACTIVE,500,4.9,105,4,4,1,1,29.98
00,120248059117540214,ACTIVE,300,4.66,54,3,4,1,1,21.98
00,120249231443520389,ACTIVE,535,4.42,133,5,10,1,0,0
00,7000061165970,ACTIVE,250,4.34,109,0,1,0,0,0
00,120245334049540065,ACTIVE,510,4.29,37,1,1,0,1,29.98
00,120246297341700177,ACTIVE,501,4.19,52,0,1,0,0,0
00,120244823852300686,ACTIVE,771,3.97,44,1,2,0,0,0
00,120248721372440425,ACTIVE,122,3.95,76,0,0,0,0,0
00,120250300134890725,ACTIVE,100,3.91,69,1,2,0,0,0
00,120244928009900146,ACTIVE,306,3.82,92,4,4,0,0,0
00,120248308537530509,ACTIVE,300,3.81,91,0,1,0,0,0
00,120248444259380455,ACTIVE,100,3.57,26,1,1,0,0,0
00,120249177863610455,ACTIVE,1250,3.55,105,3,4,0,0,0
00,120246808388750320,ACTIVE,270,3.45,105,1,2,0,0,0
00,120245201694370686,ACTIVE,100,3.41,45,0,0,0,0,0
00,120241671273870455,ACTIVE,729,3.22,86,4,6,0,0,0
00,120246985309150320,ACTIVE,280,3.16,36,0,0,0,0,0
00,120246040085600751,ACTIVE,300,3.13,51,0,0,0,0,0
00,120251425264570709,ACTIVE,500,3.04,51,1,3,0,0,0
00,120248320516200509,ACTIVE,200,3.02,24,1,2,1,1,29.98
00,120251701953330054,ACTIVE,100,3.01,75,2,1,0,0,0
00,120251778959040404,ACTIVE,94,2.92,27,0,0,0,0,0
00,120249286765290368,ACTIVE,200,2.92,45,1,1,0,0,0
00,120249999663760100,ACTIVE,375,2.91,55,2,3,0,0,0
00,120248722531060455,ACTIVE,240,2.9,64,1,1,0,0,0
00,120246928620620752,ACTIVE,300,2.89,91,2,4,1,0,0
00,120244794017770320,ACTIVE,120,2.88,64,1,2,0,0,0
00,120249935914370589,ACTIVE,335,2.86,43,0,1,0,0,0
00,120245400790120686,ACTIVE,500,2.84,43,0,0,0,0,0
00,120248274792600090,ACTIVE,198,2.8,35,0,1,0,0,0
00,120244761869100436,ACTIVE,100,2.76,124,0,0,0,0,0
00,120247296233710320,ACTIVE,170,2.69,28,0,0,0,0,0
00,120249325186790389,ACTIVE,300,2.67,63,0,0,0,0,0
00,120250014496850229,ACTIVE,80,2.64,41,2,2,0,0,0
00,120249361802360487,ACTIVE,80,2.63,32,2,2,0,0,0
00,120247066173290752,ACTIVE,100,2.62,61,2,0,0,0,0
00,120247085686420320,ACTIVE,100,2.61,103,4,2,0,0,0
00,120247449223630097,ACTIVE,400,2.59,85,2,4,0,0,0
00,120245539332330436,ACTIVE,500,2.57,132,2,2,0,0,0
00,120235336090360210,ACTIVE,200,2.56,46,1,1,0,0,0
00,120247325002770564,ACTIVE,500,2.55,101,2,3,0,0,0
00,120248563890830642,ACTIVE,400,2.52,95,1,1,0,0,0
00,120245694161990686,ACTIVE,257,2.51,23,1,1,0,0,0
00,120246919904290533,ACTIVE,100,2.48,92,2,5,0,0,0
00,120245339157220686,ACTIVE,100,2.35,24,0,1,0,0,0
00,120241066464020065,ACTIVE,470,2.35,84,0,0,0,0,0
00,120247073165120090,ACTIVE,921,2.33,77,1,1,0,0,0
00,120248688541650751,ACTIVE,40,2.33,13,0,0,0,0,0
00,120248286769360214,ACTIVE,80,2.28,32,0,0,0,0,0
00,120247209323410032,ACTIVE,100,2.25,29,1,1,0,0,0
00,120250296395520100,ACTIVE,500,2.23,44,2,2,0,0,0
00,120244963676310686,ACTIVE,80,2.22,28,1,1,0,0,0
00,120250946852160368,ACTIVE,170,2.22,70,2,2,0,0,0
00,120245557729330686,ACTIVE,100,2.18,29,0,1,0,0,0
00,120247935278530175,ACTIVE,425,2.12,53,2,1,0,0,0
00,120247775015280090,ACTIVE,132,2.11,28,5,5,0,0,0
00,120246299672700751,ACTIVE,300,2.08,38,2,2,1,0,0
00,120244349823030686,ACTIVE,100,2.04,30,0,1,0,0,0
00,120248249737920509,ACTIVE,200,2.02,47,0,0,0,0,0
00,120253122370210054,ACTIVE,137,2.01,9,0,0,0,0,0
00,120245279293750436,ACTIVE,100,2,71,0,1,0,0,0
00,120246506835670630,ACTIVE,198,2,38,0,1,0,0,0
00,23858073029630799,ACTIVE,150,1.99,12,1,1,1,0,0
00,120249325405290389,ACTIVE,300,1.98,82,3,4,0,0,0
00,120250296535810100,ACTIVE,100,1.91,40,1,2,1,0,0
00,120247547590960642,ACTIVE,229,1.86,31,1,3,0,0,0
00,120242031621370065,ACTIVE,229,1.85,40,0,1,0,0,0
00,120250014495990229,ACTIVE,80,1.83,38,2,2,0,0,0
00,120250300183610725,ACTIVE,200,1.82,45,0,2,0,0,0
00,120249529043470152,ACTIVE,80,1.78,31,0,0,0,0,0
00,120248072969470389,ACTIVE,118,1.77,51,4,5,0,0,0
00,120244761091850146,ACTIVE,500,1.76,34,1,3,2,1,41.980000000000004
00,120246678174190630,ACTIVE,80,1.75,30,1,2,0,0,0
00,120245334049460065,ACTIVE,680,1.73,31,0,0,0,0,0
00,120249276093860168,ACTIVE,202,1.71,44,1,1,1,1,37.98
00,120244813077130146,ACTIVE,500,1.69,35,1,1,0,0,0
00,120249819292400663,ACTIVE,100,1.67,15,1,3,1,0,0
00,120249468033340389,ACTIVE,205,1.66,39,0,2,0,0,0
00,120246309078080032,ACTIVE,100,1.66,29,0,0,0,0,0
00,120249361972230487,ACTIVE,80,1.65,15,1,3,0,0,0
00,120246209510180125,ACTIVE,100,1.61,17,0,0,0,0,0
00,120249285560020695,ACTIVE,80,1.59,40,0,0,0,0,0
00,120249871401270725,ACTIVE,500,1.59,40,0,0,0,0,0
00,120247136451350725,ACTIVE,1000,1.57,29,1,1,0,0,0
00,120247377722540477,ACTIVE,136,1.57,17,2,1,0,0,0
00,120247380152830677,ACTIVE,150,1.56,54,1,1,0,0,0
00,120248563890890642,ACTIVE,400,1.56,54,1,2,1,0,0
00,120246037977820686,ACTIVE,80,1.53,26,0,0,0,0,0
00,120247762435840509,ACTIVE,200,1.52,18,1,1,0,0,0
00,120251294132620577,ACTIVE,200,1.51,28,0,0,0,0,0
00,120239930892250650,ACTIVE,300,1.5,31,5,4,0,0,0
00,120249361680490487,ACTIVE,80,1.49,15,1,1,0,0,0
00,120246841363130474,ACTIVE,80,1.48,29,1,1,0,0,0
00,120245980788570752,ACTIVE,100,1.47,34,1,1,0,0,0
00,120251660169230722,ACTIVE,50,1.45,13,2,2,0,0,0
00,120246479356190133,ACTIVE,100,1.44,11,2,2,1,0,0
00,120250877852440057,ACTIVE,300,1.43,16,2,2,0,0,0
00,120240258763950179,ACTIVE,200,1.41,51,0,0,0,0,0
00,120247902130520509,ACTIVE,100,1.39,56,1,2,0,0,0
00,120249020749560065,ACTIVE,50,1.38,32,1,1,0,0,0
00,120248492307150090,ACTIVE,80,1.38,11,0,0,0,0,0
00,120247519982390097,ACTIVE,220,1.38,34,0,0,0,0,0
00,120250270342280100,ACTIVE,133,1.37,29,1,1,1,1,22.98
00,120246808176070320,ACTIVE,120,1.35,31,0,0,0,0,0
00,120251412553340368,ACTIVE,150,1.35,33,0,0,0,0,0
00,120249730950860229,ACTIVE,300,1.34,52,0,1,0,0,0
00,120258018921720586,ACTIVE,100,1.34,38,0,0,0,0,0
00,120246397978120533,ACTIVE,100,1.33,62,0,0,0,0,0
00,120244079033450320,ACTIVE,120,1.33,49,1,1,0,0,0
00,120249196455930425,ACTIVE,170,1.3,12,1,0,0,0,0
00,120250299563240725,ACTIVE,100,1.27,44,1,1,0,0,0
00,120249861202960589,ACTIVE,100,1.25,11,1,0,0,0,0
00,120258018661030586,ACTIVE,100,1.25,22,1,2,0,0,0
00,120246330272670320,ACTIVE,150,1.25,38,0,2,0,0,0
00,120248850201850065,ACTIVE,100,1.23,27,0,0,0,0,0
00,120246470015580752,ACTIVE,28,1.22,12,0,0,0,0,0
00,120248373179450509,ACTIVE,100,1.2,54,1,1,0,0,0
00,120251997719170404,ACTIVE,100,1.16,9,0,2,0,0,0
00,120248889381040455,ACTIVE,209,1.15,75,0,0,0,0,0
00,120246680736770533,ACTIVE,100,1.15,42,0,0,0,0,0
00,120248317954560509,ACTIVE,100,1.13,48,0,0,0,0,0
00,120248732700550455,ACTIVE,240,1.12,47,0,0,0,0,0
00,120248089703400629,ACTIVE,152,1.11,39,1,1,1,1,36.949999999999996
00,120245282912580630,ACTIVE,100,1.09,16,1,1,0,0,0
00,120248977397730642,ACTIVE,205,1.08,15,0,0,0,0,0
00,120258937221380586,ACTIVE,100,1.08,25,0,0,0,0,0
00,120245514271740065,ACTIVE,195,1.08,18,0,0,0,0,0
00,23858075865830799,ACTIVE,160,1.07,14,0,0,0,0,0
00,120247956894360629,ACTIVE,100,1.07,33,0,0,0,0,0
00,120248249192300509,ACTIVE,200,1.06,45,0,1,0,0,0
00,120249020782530389,ACTIVE,300,1.05,29,1,1,0,0,0
00,120248332283150708,ACTIVE,322,1.03,26,0,0,0,0,0
00,120248899610300065,ACTIVE,40,1.01,12,0,0,0,0,0
00,120242301213170065,ACTIVE,300,1,20,0,0,0,0,0
00,120248493682120090,ACTIVE,80,0.97,20,1,3,0,0,0
00,120248613615540642,ACTIVE,210,0.96,17,0,1,1,0,0
00,120249776872540116,ACTIVE,300,0.96,22,0,0,0,0,0
00,120248141448610214,ACTIVE,130,0.91,17,0,0,0,0,0
00,120246145189280470,ACTIVE,80,0.91,30,1,1,0,0,0
00,120252072716270054,ACTIVE,100,0.9,8,1,1,0,0,0
00,120246979308680533,ACTIVE,159,0.89,39,1,4,0,0,0
00,120249128119020564,ACTIVE,80,0.89,15,0,1,0,0,0
00,120251142479090019,ACTIVE,50,0.89,20,0,0,0,0,0
00,120245087420500146,ACTIVE,100,0.87,28,1,1,0,0,0
00,120242301213710065,ACTIVE,550,0.87,21,0,0,0,0,0
00,120248735036530642,ACTIVE,151,0.87,19,0,0,0,0,0
00,120247448991990590,ACTIVE,100,0.86,13,0,0,0,0,0
00,120251354404600722,ACTIVE,80,0.86,11,0,0,0,0,0
00,120248166981820509,ACTIVE,105,0.85,24,1,1,1,0,0
00,120250519148850127,ACTIVE,100,0.85,11,0,4,0,0,0
00,120246676754100650,ACTIVE,100,0.84,9,0,0,0,0,0
00,120248012782330065,ACTIVE,146,0.84,32,0,0,0,0,0
00,120251210329350057,ACTIVE,300,0.83,13,0,0,0,0,0
00,120249666979560695,ACTIVE,100,0.83,16,0,0,0,0,0
00,120249580311700695,ACTIVE,100,0.82,24,0,0,0,0,0
00,120247380153090677,ACTIVE,126,0.81,31,0,0,0,0,0
00,120246382556450462,ACTIVE,289,0.81,20,1,1,0,0,0
00,120247405391800674,ACTIVE,136,0.8,17,1,2,1,1,46.230000000000004
00,120249172433610425,ACTIVE,334,0.8,23,0,0,0,0,0
00,120246733876960065,ACTIVE,80,0.79,4,0,0,0,0,0
00,120247608644690175,ACTIVE,120,0.78,10,0,0,0,0,0
00,120243753190540054,ACTIVE,101,0.78,22,0,0,0,0,0
00,120248287670430214,ACTIVE,130,0.78,18,0,0,0,0,0
00,120245514271720065,ACTIVE,115,0.77,5,0,0,0,0,0
00,120253854653760211,ACTIVE,120,0.75,10,0,0,0,0,0
00,23858191024040794,ACTIVE,100,0.75,4,0,0,0,0,0
00,120246733901990065,ACTIVE,80,0.74,8,0,0,0,0,0
00,120245251316060477,ACTIVE,100,0.74,7,0,0,0,0,0
00,120239823911920241,ACTIVE,168,0.73,30,1,3,0,0,0
00,120247253400970320,ACTIVE,100,0.72,34,0,2,0,0,0
00,120246024108390751,ACTIVE,300,0.71,11,0,0,0,0,0
00,120248064986340303,ACTIVE,80,0.7,21,1,2,1,1,43.97
00,120247383567310320,ACTIVE,107,0.7,23,0,0,0,0,0
00,120249100983530561,ACTIVE,150,0.69,13,1,0,0,0,0
00,120248074108720509,ACTIVE,150,0.69,17,0,0,0,0,0
00,120251181205120577,ACTIVE,101,0.67,12,0,0,0,0,0
00,120248082904030663,ACTIVE,150,0.66,17,0,0,0,0,0
00,120249287169520455,ACTIVE,200,0.66,18,1,0,0,0,0
00,120249020245670065,ACTIVE,50,0.66,6,0,0,0,0,0
00,120247957196080629,ACTIVE,100,0.65,17,0,0,0,0,0
00,120251181923790577,ACTIVE,500,0.64,41,2,2,0,0,0
00,120250466943310577,ACTIVE,500,0.64,17,0,1,0,0,0
00,120246210137720125,ACTIVE,100,0.64,9,1,2,0,0,0
00,120247583319740586,ACTIVE,100,0.64,17,0,1,0,0,0
00,120249810423640431,ACTIVE,220,0.63,25,0,0,0,0,0
00,120245346459390436,ACTIVE,100,0.62,36,0,1,0,0,0
00,120246997356490752,ACTIVE,180,0.61,24,0,1,0,0,0
00,120252920297380210,ACTIVE,120,0.61,16,0,0,0,0,0
00,120248885568260126,ACTIVE,80,0.61,16,0,0,0,0,0
00,120248385748060043,ACTIVE,200,0.6,11,0,0,0,0,0
00,120245327669090320,ACTIVE,120,0.6,17,0,0,0,0,0
00,120249232068930561,ACTIVE,100,0.58,19,0,0,0,0,0
00,120248842978890462,ACTIVE,230,0.57,12,1,1,0,0,0
00,120247307584620032,ACTIVE,100,0.57,17,0,0,0,0,0
00,120245535358130788,ACTIVE,100,0.57,23,0,0,0,0,0
00,120252069258880722,ACTIVE,40,0.56,3,0,0,0,0,0
00,120249900602730431,ACTIVE,80,0.56,20,1,1,0,0,0
00,120248492307240090,ACTIVE,80,0.56,11,0,0,0,0,0
00,120253854767370211,ACTIVE,120,0.55,11,1,1,0,0,0
00,120258694716360586,ACTIVE,100,0.55,17,1,1,0,0,0
00,120249983687590565,PAUSED,100,0.53,4,0,0,0,0,0
00,120244813153430146,ACTIVE,100,0.53,17,0,0,0,0,0
00,120244242496990780,ACTIVE,100,0.53,12,0,0,0,0,0
00,120245044044870686,ACTIVE,100,0.52,11,0,0,0,0,0
00,120248304056930090,ACTIVE,70,0.52,13,0,0,0,0,0
00,120244163991370436,ACTIVE,106,0.51,24,0,1,0,0,0
00,120246865117370320,ACTIVE,100,0.51,10,0,0,1,1,82.02
00,120246180858540686,ACTIVE,126,0.49,9,1,1,0,0,0
00,120249238610320065,ACTIVE,80,0.49,5,1,1,1,1,49.519999999999996
00,120251051147810019,ACTIVE,50,0.49,16,2,2,1,1,51.22
00,120248598654680561,ACTIVE,76,0.49,5,1,0,0,0,0
00,120249020804570126,ACTIVE,100,0.49,19,0,0,0,0,0
00,120249529930250152,ACTIVE,80,0.49,7,0,0,0,0,0
00,120235701428400210,ACTIVE,200,0.48,10,0,0,0,0,0
00,120252158322580651,ACTIVE,150,0.48,16,0,0,0,0,0
00,120248493683100090,ACTIVE,80,0.48,8,0,1,0,0,0
00,120248204610010425,ACTIVE,100,0.47,14,0,1,0,0,0
00,120246023777450751,ACTIVE,300,0.47,21,1,2,0,0,0
00,120246931507190320,ACTIVE,120,0.47,16,0,0,0,0,0
00,120249694269820695,ACTIVE,50,0.46,14,1,1,0,0,0
00,120250210018830100,ACTIVE,500,0.45,19,0,3,0,0,0
00,120245530294730678,ACTIVE,100,0.45,12,0,0,0,0,0
00,120242694742870146,ACTIVE,110,0.45,15,1,1,0,0,0
00,120245868868910788,ACTIVE,50,0.45,6,0,0,0,0,0
00,120250429792780057,ACTIVE,100,0.43,5,0,0,0,0,0
00,120246376824850630,ACTIVE,136,0.42,18,0,1,0,0,0
00,120248760611910469,ACTIVE,100,0.42,19,0,0,0,0,0
00,120244302719050146,ACTIVE,100,0.42,11,0,0,0,0,0
00,120250285289280319,ACTIVE,200,0.39,10,0,1,0,0,0
00,120246983939560320,ACTIVE,100,0.39,15,1,1,0,0,0
00,120249553547110663,ACTIVE,200,0.38,10,0,0,0,0,0
00,6998743229226,ACTIVE,50,0.37,21,0,0,0,0,0
00,120250014656120229,ACTIVE,80,0.37,23,0,0,0,0,0
00,120249433591590100,ACTIVE,500,0.37,19,0,0,0,0,0
00,120252256329710450,ACTIVE,100,0.37,6,0,0,0,0,0
00,120251141863680019,ACTIVE,50,0.36,3,1,1,0,0,0
00,120246188701000686,ACTIVE,80,0.35,9,0,0,0,0,0
00,120250394007940064,ACTIVE,50,0.35,18,0,0,0,0,0
00,120248416746740708,ACTIVE,355,0.35,16,1,1,1,1,107.27000000000001
00,120246178929760752,ACTIVE,100,0.34,8,0,0,0,0,0
00,120245899907890065,ACTIVE,115,0.33,4,0,0,1,1,29.979999999999997
00,120244689533970708,ACTIVE,525,0.32,10,0,0,0,0,0
00,23858191064040794,ACTIVE,100,0.31,3,0,0,0,0,0
00,120250629224470319,ACTIVE,100,0.3,7,0,0,0,0,0
00,120247431629500707,ACTIVE,80,0.3,5,0,0,0,0,0
00,120248304803930065,ACTIVE,50,0.3,5,0,0,0,0,0
00,120250200295760589,ACTIVE,107,0.3,16,0,0,0,0,0
00,120248492410110561,ACTIVE,280,0.3,9,0,1,0,0,0
00,120250518458320127,ACTIVE,200,0.3,6,0,0,0,0,0
00,120248539964810462,ACTIVE,100,0.29,11,0,1,0,0,0
00,120251280446770722,ACTIVE,80,0.29,10,1,2,0,0,0
00,120246678174130630,ACTIVE,80,0.29,3,0,1,0,0,0
00,120247680102270175,ACTIVE,225,0.29,41,1,2,0,0,0
00,120245306349070462,ACTIVE,100,0.29,5,0,0,0,0,0
00,120246658595190780,ACTIVE,80,0.29,15,0,0,0,0,0
00,120246479174050133,ACTIVE,100,0.28,7,0,0,0,0,0
00,120245172485300146,ACTIVE,100,0.28,4,0,0,0,0,0
00,120246809754490177,ACTIVE,133,0.28,8,0,0,0,0,0
00,120250011342400589,ACTIVE,330,0.28,13,0,0,0,0,0
00,120245689540550436,ACTIVE,100,0.28,15,0,1,0,0,0
00,120248800044910751,ACTIVE,135,0.28,6,1,1,0,0,0
00,120245530294750678,ACTIVE,100,0.28,15,0,0,0,0,0
00,120244270293390320,ACTIVE,120,0.28,16,0,0,0,0,0
00,120246479062780133,ACTIVE,100,0.28,3,0,0,0,0,0
00,120245257768380146,ACTIVE,100,0.28,11,0,0,0,0,0
00,120258788750520586,ACTIVE,30,0.27,4,0,0,0,0,0
00,120249299930660544,ACTIVE,80,0.26,6,1,1,0,0,0
00,120246620204590630,ACTIVE,80,0.25,7,0,0,0,0,0
00,120250079096940127,ACTIVE,200,0.25,9,0,1,1,1,36.47
00,120245838343090436,ACTIVE,100,0.25,15,1,2,1,0,0
00,120249238610510065,ACTIVE,80,0.25,7,0,0,0,0,0
00,23858146922500799,ACTIVE,80,0.24,6,0,0,0,0,0
00,120249777339790229,ACTIVE,55,0.24,23,0,0,0,0,0
00,120252191525360210,ACTIVE,100,0.24,5,0,0,0,0,0
00,120250014656210229,ACTIVE,80,0.24,6,0,0,0,0,0
00,120246471244780065,ACTIVE,229,0.24,10,0,0,0,0,0
00,120235701428420210,ACTIVE,200,0.24,11,0,1,1,1,71.71000000000001
00,120244643680750544,ACTIVE,200,0.23,7,1,1,1,1,27.98
00,120251944302720368,ACTIVE,80,0.23,5,0,0,0,0,0
00,120249141691480564,ACTIVE,300,0.22,8,0,0,0,0,0
00,120246299721450751,ACTIVE,195,0.22,4,0,0,0,0,0
00,120250403419350725,ACTIVE,100,0.22,7,0,0,0,0,0
00,120246440557020780,ACTIVE,80,0.21,6,0,0,0,0,0
00,120250602380270653,PAUSED,80,0.21,3,1,1,0,0,0
00,120247131790900470,ACTIVE,50,0.21,6,0,0,0,0,0
00,120249375752300152,ACTIVE,90,0.2,16,0,0,0,0,0
00,120248336280930090,ACTIVE,227,0.2,7,0,0,0,0,0
00,120249533872170152,ACTIVE,140,0.2,11,0,0,0,0,0
00,120246513499500780,ACTIVE,80,0.19,5,1,0,0,0,0
00,120247983277080167,ACTIVE,80,0.19,4,0,0,0,0,0
00,120251827078290368,ACTIVE,80,0.18,3,0,0,0,0,0
00,23858190995890794,ACTIVE,100,0.18,2,0,0,0,0,0
00,120247253373540320,ACTIVE,100,0.18,13,1,1,0,0,0
00,120249258523200469,ACTIVE,100,0.18,7,0,0,0,0,0
00,120246808108970320,ACTIVE,120,0.18,13,0,0,0,0,0
00,120249474040160389,ACTIVE,100,0.18,7,0,0,0,0,0
00,120250629224620319,ACTIVE,100,0.18,5,0,0,0,0,0
00,120248598576010303,ACTIVE,40,0.17,3,0,0,0,0,0
00,120246299672740751,ACTIVE,300,0.17,9,0,0,0,0,0
00,120248308559800509,ACTIVE,100,0.17,4,0,0,0,0,0
00,120249915477060431,ACTIVE,80,0.16,7,0,0,0,0,0
00,120248924408910544,ACTIVE,74,0.16,9,0,0,0,0,0
00,120247105534220320,ACTIVE,100,0.15,7,0,0,0,0,0
00,120247313991580561,ACTIVE,150,0.15,20,0,1,0,0,0
00,120249983688340565,ACTIVE,100,0.14,1,0,0,0,0,0
00,120248287670480214,ACTIVE,190,0.14,7,0,0,0,0,0
00,120249300729750589,ACTIVE,100,0.14,10,0,0,0,0,0
00,120250092640150663,ACTIVE,80,0.14,4,1,1,0,0,0
00,120246733877000065,ACTIVE,80,0.13,6,0,0,0,0,0
00,120245782585560678,ACTIVE,237,0.13,7,0,0,0,0,0
00,120245518803430436,ACTIVE,100,0.12,6,0,0,0,0,0
00,120258922417790586,ACTIVE,30,0.12,3,0,0,0,0,0
00,120247322092240241,ACTIVE,100,0.12,6,0,0,0,0,0
00,120248911416770577,ACTIVE,501,0.11,9,0,0,0,0,0
00,120247189109490707,ACTIVE,80,0.1,2,0,0,0,0,0
00,120246121072780125,PAUSED,300,0.1,3,0,0,0,0,0
00,120246440355140780,ACTIVE,80,0.1,4,0,0,0,0,0
00,6973002165426,ACTIVE,50,0.1,8,0,1,0,0,0
00,120249020749590065,ACTIVE,50,0.1,3,0,0,0,0,0
00,120246928447770752,ACTIVE,100,0.09,3,0,0,0,0,0
00,120247924205270214,ACTIVE,50,0.09,4,1,1,0,0,0
00,120249141869160564,ACTIVE,80,0.09,10,0,0,0,0,0
00,120245380137820707,ACTIVE,120,0.09,3,0,0,0,0,0
00,120245481989400065,ACTIVE,40,0.09,9,0,0,0,0,0
00,120249107449180469,ACTIVE,100,0.09,6,0,0,0,0,0
00,120248077222780477,ACTIVE,100,0.08,4,0,0,0,0,0
00,120248304803400065,ACTIVE,50,0.08,3,0,0,0,0,0
00,120246733902040065,ACTIVE,80,0.08,2,0,0,0,0,0
00,120246402943010533,ACTIVE,100,0.08,6,1,1,0,0,0
00,120246471244730065,ACTIVE,229,0.08,8,0,0,0,0,0
00,120258936627410586,ACTIVE,100,0.07,9,0,0,0,0,0
00,120247383567000320,ACTIVE,107,0.07,3,0,0,0,0,0
00,120245899907660065,ACTIVE,115,0.07,1,0,0,0,0,0
00,120245279091880436,ACTIVE,100,0.07,8,0,0,0,0,0
00,23858146922430799,ACTIVE,80,0.07,4,0,0,0,0,0
00,120248899388140065,ACTIVE,40,0.07,2,0,0,0,0,0
00,120246299672680751,ACTIVE,115,0.06,4,0,0,0,0,0
00,120247131790930470,ACTIVE,50,0.06,8,0,0,0,0,0
00,120242746886630788,ACTIVE,30,0.05,3,0,0,0,0,0
00,120250270945270663,ACTIVE,35,0.05,1,0,0,0,0,0
00,120245905867350436,ACTIVE,100,0.05,4,0,0,0,0,0
00,120249468033420389,ACTIVE,78,0.04,2,0,1,0,0,0
00,120249473727060389,ACTIVE,100,0.04,2,0,0,0,0,0
00,120248539964750462,ACTIVE,60,0.04,4,0,0,0,0,0
00,120251979136820210,ACTIVE,100,0.04,3,0,0,0,0,0
00,120246465900910677,PAUSED,100,0.04,1,0,0,0,0,0
00,120248130116260214,ACTIVE,130,0.04,2,0,0,0,0,0
00,120250623729250057,ACTIVE,100,0.03,1,0,0,0,0,0
00,120249020245640065,ACTIVE,50,0.03,2,0,0,0,0,0
00,120248184540550090,ACTIVE,325,0.03,3,0,0,0,0,0
00,120252090042790210,ACTIVE,94,0.03,3,0,0,0,0,0
00,120249474040130389,ACTIVE,100,0.03,2,0,1,0,0,0
00,120248304056960090,ACTIVE,70,0.03,2,0,0,0,0,0
00,120247983232350167,ACTIVE,80,0.02,1,0,0,0,0,0
00,120248899657010065,ACTIVE,40,0.02,2,0,0,0,0,0
00,120249252046510229,ACTIVE,100,0.02,8,0,0,0,0,0
00,120252205063890166,ACTIVE,10,0.02,1,0,0,0,0,0
00,120252205832760166,ACTIVE,10,0.02,1,0,0,0,0,0
00,120246843188440752,ACTIVE,100,0.02,4,0,0,0,0,0
00,120245889270610065,ACTIVE,40,0.01,1,0,0,0,0,0
00,120245889270720065,ACTIVE,40,0.01,3,0,0,0,0,0
00,120250656662350589,ACTIVE,142,0.01,6,0,0,0,0,0
00,120251789041250404,ACTIVE,100,0.01,3,0,0,0,0,0
00,120250445767170166,ACTIVE,15,0.01,1,0,0,0,0,0
00,120247238049750752,ACTIVE,83,0.01,1,0,0,0,0,0
00,120250307526160100,ACTIVE,100,0.01,1,0,1,0,0,0
00,120250403343510725,ACTIVE,100,0.01,1,0,0,0,0,0
00,120245266852860146,ACTIVE,100,0,0,0,0,0,0,0
00,120245266852790146,ACTIVE,100,0,0,0,0,0,0,0
00,120245266827060146,ACTIVE,100,0,0,0,0,0,0,0
00,120245241486300129,ACTIVE,80,0,0,0,0,0,0,0
00,120245241485180129,ACTIVE,80,0,0,0,0,0,0,0
00,120244686931590705,ACTIVE,80,0,0,0,0,0,0,0
00,120244686931560705,ACTIVE,80,0,0,0,0,0,0,0
00,120244034916020436,ACTIVE,426,0,1,0,0,0,0,0
00,120249447976780374,ACTIVE,80,0,0,0,0,0,0,0
00,120249447976690374,ACTIVE,80,0,0,0,0,0,0,0
00,120249447976520374,ACTIVE,80,0,0,0,0,0,0,0
00,23858233581730790,PAUSED,80,0,0,0,0,0,0,0
00,120249447976460374,ACTIVE,80,0,0,0,0,0,0,0
00,120245266826770146,ACTIVE,100,0,0,0,0,0,0,0
00,120249446864100374,ACTIVE,80,0,0,0,0,0,0,0
00,120249446863960374,ACTIVE,80,0,0,0,0,0,0,0
00,120249446863940374,ACTIVE,80,0,0,0,0,0,0,0
00,120249446863910374,ACTIVE,80,0,0,0,0,0,0,0
00,120249385716130544,ACTIVE,80,0,0,0,0,0,0,0
00,120249334344390632,ACTIVE,80,0,0,0,0,0,0,0
00,120249334344330632,ACTIVE,80,0,0,0,0,0,0,0
00,120248922585490210,ACTIVE,200,0,1,0,0,0,0,0
00,120250072676600565,ACTIVE,100,0,0,0,0,0,0,0
00,120247480459470590,ACTIVE,80,0,0,0,0,0,0,0
00,120247480459120590,ACTIVE,80,0,0,0,0,0,0,0
00,120247480374340590,ACTIVE,80,0,0,0,0,0,0,0
00,120247480374230590,ACTIVE,80,0,0,0,0,0,0,0
00,120247480238410590,ACTIVE,80,0,0,0,0,0,0,0
00,120247480238110590,ACTIVE,80,0,0,0,0,0,0,0
00,120247389999270241,ACTIVE,100,0,0,0,0,0,0,0
00,120247389874330241,ACTIVE,100,0,0,0,0,0,0,0
00,120247389724220241,ACTIVE,100,0,0,0,0,0,0,0
00,120247389154910241,ACTIVE,100,0,0,0,0,0,0,0
00,120247389154890241,ACTIVE,100,0,0,0,0,0,0,0
00,120247388947230241,ACTIVE,100,0,0,0,0,0,0,0
00,120250509772640725,ACTIVE,100,0,0,0,0,0,0,0
00,120250509772850725,ACTIVE,100,0,0,0,0,0,0,0
00,120250509840740725,ACTIVE,100,0,0,0,0,0,0,0
00,120250509929260725,ACTIVE,100,0,0,0,0,0,0,0
00,120250509929300725,ACTIVE,100,0,0,0,0,0,0,0
00,120250510051110725,ACTIVE,100,0,0,0,0,0,0,0
00,120250510089030725,ACTIVE,100,0,0,0,0,0,0,0
00,120250510217580725,ACTIVE,100,0,0,0,0,0,0,0
00,120250510217700725,ACTIVE,100,0,0,0,0,0,0,0
00,120250510276530725,ACTIVE,100,0,0,0,0,0,0,0
00,120250510276600725,ACTIVE,100,0,0,0,0,0,0,0
00,120247046369790533,ACTIVE,100,0,0,0,0,0,0,0
00,120247046282150533,ACTIVE,100,0,0,0,0,0,0,0
00,120247044373590533,ACTIVE,68,0,1,0,0,0,0,0
00,120246286289450125,ACTIVE,100,0,0,0,0,0,0,0
00,120246245620730686,ACTIVE,80,0,0,0,0,0,0,0
00,120246245620660686,ACTIVE,80,0,0,0,0,0,0,0
00,120246245073360686,ACTIVE,80,0,0,0,0,0,0,0
00,120246245073330686,ACTIVE,80,0,0,0,0,0,0,0
00,120246245031330686,ACTIVE,80,0,0,0,0,0,0,0
00,120246245031290686,ACTIVE,80,0,0,0,0,0,0,0
00,120246245009930686,ACTIVE,80,0,0,0,0,0,0,0
00,120246245009890686,ACTIVE,80,0,0,0,0,0,0,0
00,120246244988860686,ACTIVE,80,0,0,0,0,0,0,0
00,120246244958270686,ACTIVE,80,0,0,0,0,0,0,0
00,120246244937140686,ACTIVE,80,0,0,0,0,0,0,0
00,120246244810270686,ACTIVE,80,0,0,0,0,0,0,0
00,120252401926860709,ACTIVE,80,0,0,0,0,0,0,0
00,120252401981500709,ACTIVE,80,0,0,0,0,0,0,0
00,120252460811520404,ACTIVE,80,0,0,0,0,0,0,0
00,120252460811580404,ACTIVE,80,0,0,0,0,0,0,0
00,120252598297590166,ACTIVE,30,0,0,0,0,0,0,0
00,120253194882220054,ACTIVE,100,0,0,0,0,0,0,0
00,120253195270800054,ACTIVE,100,0,0,0,0,0,0,0
00,120253195554740054,ACTIVE,100,0,0,0,0,0,0,0
00,120253547301770348,ACTIVE,80,0,0,0,0,0,0,0
00,120245481989440065,ACTIVE,40,0,2,0,0,0,0,0
01,120244431777030751,ACTIVE,800,36.11,630,19,23,4,2,77.95
01,120248416747190708,ACTIVE,220,23.189999999999998,440,11,12,1,1,29.94
01,120245941415570686,ACTIVE,700,20.92,238,9,8,1,1,29.98
01,120246832758790677,ACTIVE,456,19.45,408,4,4,1,0,0
01,120249177863610455,ACTIVE,1250,19.15,449,12,13,1,0,0
01,120245400596270686,ACTIVE,200,18.759999999999998,1723,54,57,6,2,101.19000000000001
01,120246273720740455,ACTIVE,883,18.3,422,8,12,1,0,0
01,120249110988580455,ACTIVE,681,17.48,648,19,19,2,2,167.25
01,120246828454030629,ACTIVE,683,17.310000000000002,268,7,8,0,0,0
01,120245891909090125,ACTIVE,500,15.84,202,6,8,2,2,137.69
01,120252064052550709,ACTIVE,500,15.14,165,5,6,1,1,46.37
01,120241671273870455,ACTIVE,729,14.76,323,7,11,1,0,0
01,120244823852300686,ACTIVE,771,14.65,151,3,5,0,0,0
01,120243986668280589,ACTIVE,1200,14.32,272,10,12,0,0,0
01,120244430700860708,ACTIVE,425,14.27,246,7,10,2,1,51.14
01,120244164741820146,ACTIVE,598,13.9,319,11,15,1,0,0
01,120249231443520389,ACTIVE,535,13.89,439,17,17,1,0,0
01,120249533797640152,ACTIVE,80,13.8,271,9,10,1,0,0
01,120245031811820436,ACTIVE,100,12.79,411,9,11,1,1,68.23
01,120246299672700751,ACTIVE,300,11.5,262,6,6,2,0,0
01,120245179332800129,ACTIVE,150,10.8,196,8,9,1,1,66.47999999999999
01,120245539332330436,ACTIVE,500,10.06,364,4,6,1,1,68.23
01,120248722531060455,ACTIVE,240,10.05,171,1,1,0,0,0
01,120244686931590705,ACTIVE,80,9.4,72,5,4,1,0,0
01,7000061165970,ACTIVE,250,9.379999999999999,255,3,5,2,2,81.2
01,120248059117540214,ACTIVE,300,9.370000000000001,136,4,5,1,1,21.98
01,23858191024100794,ACTIVE,100,9.32,93,0,0,0,0,0
01,120250216921880100,ACTIVE,500,9.27,220,3,3,1,1,113.31
01,120244928009900146,ACTIVE,306,9.03,216,6,6,1,1,41.98
01,120247325002770564,ACTIVE,500,8.86,275,6,6,0,0,0
01,120245557729330686,ACTIVE,100,8.84,112,5,5,0,0,0
01,120245201694370686,ACTIVE,100,8.78,96,0,0,0,0,0
01,120246040085600751,ACTIVE,300,8.54,173,5,4,1,1,47.129999999999995
01,120247449223630097,ACTIVE,400,8.510000000000002,242,5,5,0,0,0
01,120251425264570709,ACTIVE,500,8.47,126,4,7,0,0,0
01,120246808388750320,ACTIVE,270,8.38,248,4,4,0,0,0
01,120243276755660065,ACTIVE,500,8.33,270,6,9,2,2,59.96
01,120249871401270725,ACTIVE,500,8.27,104,4,5,1,0,0
01,120245334049540065,ACTIVE,510,8.23,114,5,4,0,1,29.98
01,120250300134890725,ACTIVE,100,8.18,145,3,3,0,0,0
01,120248308537530509,ACTIVE,300,8.05,210,1,2,0,0,0
01,120244349823030686,ACTIVE,100,7.950000000000001,96,1,1,0,0,0
01,120245750135860686,ACTIVE,100,7.95,83,5,7,0,1,51.22
01,120249217383010544,ACTIVE,250,7.79,186,2,4,0,0,0
01,120241066464020065,ACTIVE,470,7.75,249,5,5,3,2,79.5
01,120249935914370589,ACTIVE,335,7.75,139,2,2,1,1,29.98
01,120248320516200509,ACTIVE,200,7.63,93,3,3,1,1,29.98
01,120249325405290389,ACTIVE,300,7.6,273,11,11,1,0,0
01,120247073165120090,ACTIVE,921,7.59,188,3,6,0,0,0
01,23858191063980794,ACTIVE,100,7.42,77,4,3,0,0,0
01,120244761869100436,ACTIVE,100,7.29,266,3,3,1,0,0
01,120249276093860168,ACTIVE,202,7.23,101,3,3,1,1,37.98
01,120248734905220544,ACTIVE,150,7.1,163,3,3,0,0,0
01,120235336090360210,ACTIVE,200,7.029999999999999,115,2,2,0,0,0
01,120253192598020054,ACTIVE,118,7,35,1,1,0,0,0
01,120245694161990686,ACTIVE,257,6.97,72,1,2,0,0,0
01,120248721372440425,ACTIVE,122,6.91,144,1,1,0,0,0
01,120250014496850229,ACTIVE,80,6.6899999999999995,76,2,2,0,0,0
01,120248563890830642,ACTIVE,400,6.59,203,4,4,0,0,0
01,120246928620620752,ACTIVE,300,6.5600000000000005,218,6,6,2,0,0
01,120245334049460065,ACTIVE,680,6.55,125,2,3,0,0,0
01,120249334344390632,ACTIVE,80,6.42,44,0,1,0,0,0
01,120249433591590100,ACTIVE,500,6.27,134,2,6,0,0,0
01,120248249737920509,ACTIVE,200,6.27,139,2,5,0,0,0
01,120243753190540054,ACTIVE,101,6.09,65,2,3,0,0,0
01,120245400790120686,ACTIVE,500,5.99,102,2,2,0,0,0
01,120249999663760100,ACTIVE,375,5.95,145,4,6,0,0,0
01,120246297341700177,ACTIVE,101,5.8,92,2,3,0,0,0
01,120248732700550455,ACTIVE,240,5.779999999999999,175,2,2,0,0,0
01,120251778959040404,ACTIVE,94,5.75,64,4,4,0,0,0
01,120244079033450320,ACTIVE,120,5.72,162,1,3,0,0,0
01,120253122370210054,ACTIVE,137,5.72,38,2,2,1,0,0
01,120253547301770348,ACTIVE,80,5.680000000000001,57,2,2,0,0,0
01,120248089703400629,ACTIVE,152,5.640000000000001,162,2,3,1,1,36.949999999999996
01,120247085686420320,ACTIVE,100,5.63,198,4,2,0,0,0
01,120250299563240725,ACTIVE,100,5.57,147,2,2,0,0,0
01,120249172433610425,ACTIVE,334,5.5600000000000005,64,0,0,0,0,0
01,120247762435840509,ACTIVE,200,5.45,92,1,2,0,0,0
01,120245339157220686,ACTIVE,100,5.41,58,3,4,0,0,0
01,120247935278530175,ACTIVE,425,5.35,138,8,7,0,0,0
01,120248563890890642,ACTIVE,400,5.33,147,2,2,1,0,0
01,120250946852160368,ACTIVE,170,5.3,176,6,6,0,0,0
01,120248613615540642,ACTIVE,210,5.3,68,2,2,1,0,0
01,120244686931560705,ACTIVE,80,5.26,72,2,2,0,0,0
01,120249325186790389,ACTIVE,300,5.25,153,3,2,0,0,0
01,120250300183610725,ACTIVE,200,5.24,109,4,3,1,0,0
01,120258018921720586,ACTIVE,100,5.17,130,3,6,0,0,0
01,120248492307240090,PAUSED,80,5.11,53,1,1,0,0,0
01,120245279293750436,ACTIVE,100,5.09,184,1,3,0,0,0
01,120250296395520100,ACTIVE,300,5.029999999999999,128,4,5,1,1,52.56
01,120246678174130630,ACTIVE,80,5.01,69,1,3,0,0,0
01,120246878248760177,ACTIVE,87,4.970000000000001,40,0,0,0,0,0
01,120250270342280100,ACTIVE,133,4.96,96,1,1,1,1,22.98
01,120247380152830677,ACTIVE,150,4.93,162,3,5,1,1,41.98
01,120246330272670320,ACTIVE,150,4.88,110,2,3,0,0,0
01,120248493682120090,ACTIVE,80,4.87,51,3,4,0,0,0
01,120247519982390097,ACTIVE,220,4.859999999999999,107,1,1,0,0,0
01,120240258763950179,ACTIVE,200,4.859999999999999,166,1,1,0,0,0
01,120246878248820177,ACTIVE,87,4.85,45,2,2,0,0,0
01,120244761091850146,ACTIVE,500,4.8100000000000005,99,3,5,2,1,41.980000000000004
01,120249730950860229,ACTIVE,300,4.77,117,1,1,0,0,0
01,120249286765290368,ACTIVE,200,4.75,92,1,3,1,0,0
01,120248444259380455,ACTIVE,100,4.71,52,1,1,0,0,0
01,120248249192300509,ACTIVE,200,4.6899999999999995,162,3,4,0,0,0
01,120250296535810100,ACTIVE,100,4.68,92,4,2,1,0,0
01,120246506835670630,ACTIVE,198,4.66,88,0,1,0,0,0
01,120247296233710320,ACTIVE,170,4.66,86,1,3,0,0,0
01,120242031621370065,ACTIVE,229,4.66,111,2,2,0,0,0
01,120247377722540477,ACTIVE,136,4.640000000000001,64,2,1,0,0,0
01,120249468033340389,ACTIVE,205,4.62,121,3,6,0,0,0
01,120246985309150320,ACTIVE,280,4.58,113,0,0,0,0,0
01,120258018661030586,ACTIVE,100,4.5600000000000005,85,5,4,0,0,0
01,120248286769360214,ACTIVE,80,4.55,66,0,0,0,0,0
01,120250014656210229,ACTIVE,80,4.54,52,2,0,0,0,0
01,120248889381040455,ACTIVE,209,4.51,207,1,0,0,0,0
01,120245882219820678,ACTIVE,105,4.48,26,0,2,0,0,0
01,120248274792600090,ACTIVE,198,4.42,82,3,4,0,0,0
01,120246919904290533,ACTIVE,100,4.37,178,6,7,0,0,0
01,120251997719170404,ACTIVE,100,4.37,42,3,3,0,0,0
01,120247136451350725,ACTIVE,1000,4.34,94,1,1,0,0,0
01,120249020782530389,ACTIVE,300,4.31,112,3,2,0,0,0
01,120245980788570752,ACTIVE,100,4.26,73,1,2,0,0,0
01,120245257768380146,ACTIVE,100,4.26,79,1,2,1,0,0
01,120258694716360586,ACTIVE,100,4.25,57,1,1,0,0,0
01,120244813077130146,ACTIVE,500,4.23,103,3,2,0,0,0
01,120258591556320586,ACTIVE,30,4.13,55,1,0,0,0,0
01,120251701953330054,ACTIVE,100,4.12,99,5,4,0,0,0
01,120247209323410032,ACTIVE,100,4.1,81,2,4,1,0,0
01,120248072969470389,ACTIVE,118,4.1,124,6,5,0,0,0
01,120247046369790533,ACTIVE,100,4.07,110,1,1,0,0,0
01,120248287670430214,ACTIVE,130,4.06,42,0,0,0,0,0
01,120246884110080177,ACTIVE,100,4.03,73,1,1,0,0,0
01,120250394007940064,ACTIVE,50,4.02,73,0,1,0,0,0
01,120246309078080032,ACTIVE,100,3.9699999999999998,93,1,3,0,0,0
01,120247380153090677,ACTIVE,126,3.83,121,0,0,0,0,0
01,120244963676310686,ACTIVE,80,3.8,51,1,1,0,0,0
01,120245266827060146,ACTIVE,100,3.8,50,3,2,0,0,0
01,120242301213710065,ACTIVE,550,3.79,131,1,2,0,0,0
01,120248332283150708,ACTIVE,322,3.74,85,0,0,0,0,0
01,120249861202960589,ACTIVE,100,3.6,39,2,1,0,0,0
01,120249141691480564,ACTIVE,300,3.5900000000000003,76,2,3,0,0,0
01,120248493683100090,ACTIVE,80,3.5700000000000003,40,1,1,0,0,0
01,120248012782330065,ACTIVE,146,3.54,115,0,0,0,0,0
01,120249553547110663,ACTIVE,200,3.54,58,0,1,0,0,0
01,120251354404600722,ACTIVE,80,3.51,27,1,1,2,2,45.959999999999994
01,120248735036530642,ACTIVE,151,3.5,50,1,1,1,0,0
01,120249385779270544,ACTIVE,80,3.49,56,0,0,0,0,0
01,120251412553340368,ACTIVE,150,3.4699999999999998,85,0,0,0,0,0
01,120249100983530561,ACTIVE,150,3.44,54,2,1,0,0,0
01,120247066173290752,ACTIVE,100,3.42,83,3,1,0,0,0
01,120247775015280090,ACTIVE,132,3.41,58,5,5,0,0,0
01,120247547590960642,ACTIVE,229,3.4099999999999997,61,4,4,0,0,0
01,120248850201850065,ACTIVE,100,3.4000000000000004,70,0,0,0,0,0
01,120246382556450462,ACTIVE,289,3.4,54,3,3,1,1,57.98
01,120248166981820509,ACTIVE,105,3.38,62,1,1,1,0,0
01,120248373179450509,ACTIVE,100,3.32,112,1,1,0,0,0
01,120250014495990229,ACTIVE,80,3.29,69,3,2,0,0,0
01,120248158101890629,ACTIVE,126,3.23,35,0,0,0,0,0
01,120250466943310577,ACTIVE,101,3.18,43,3,3,0,0,0
01,120248492307150090,ACTIVE,80,3.1799999999999997,40,1,1,0,0,0
01,120245044044870686,ACTIVE,100,3.14,38,0,0,0,0,0
01,120245346459390436,ACTIVE,100,3.1100000000000003,118,1,3,0,0,0
01,120249533872170152,ACTIVE,140,3.05,55,2,2,0,0,0
01,120244794017770320,ACTIVE,120,3.04,92,2,2,0,0,0
01,120250072676600565,ACTIVE,100,3.0399999999999996,51,2,3,0,0,0
01,120246660415710177,ACTIVE,100,3.02,68,2,3,0,0,0
01,120245266852860146,ACTIVE,100,3.01,55,1,1,0,0,0
01,120249385716130544,ACTIVE,80,3,64,0,0,0,0,0
01,120244643680750544,ACTIVE,200,2.98,74,5,6,2,2,75.5
01,120239930892250650,ACTIVE,300,2.96,63,6,5,0,0,0
01,120248082904030663,ACTIVE,150,2.94,61,1,3,0,0,0
01,120246979308680533,ACTIVE,159,2.94,102,4,8,0,0,0
01,120251142479090019,ACTIVE,50,2.92,49,0,0,0,0,0
01,120245282912580630,ACTIVE,100,2.92,46,2,1,0,0,0
01,120249111979930065,ACTIVE,100,2.8899999999999997,85,0,0,0,0,0
01,120251294132620577,ACTIVE,101,2.8499999999999996,64,0,0,0,0,0
01,23858073029630799,ACTIVE,150,2.79,20,1,2,1,0,0
01,120246397978120533,ACTIVE,100,2.79,127,3,3,0,0,0
01,120245327669090320,ACTIVE,120,2.7800000000000002,61,2,2,1,0,0
01,120247448991990590,ACTIVE,100,2.76,71,0,0,0,0,0
01,120253854653760211,ACTIVE,120,2.76,28,4,4,1,0,0
01,120249285560020695,ACTIVE,80,2.76,87,1,1,0,0,0
01,120245266852790146,ACTIVE,100,2.75,58,1,0,0,0,0
01,120251722976530368,ACTIVE,100,2.75,73,1,3,0,0,0
01,120249819292400663,ACTIVE,100,2.71,40,3,3,1,0,0
01,120246678174190630,ACTIVE,80,2.71,53,2,3,0,0,0
01,120251181923790577,ACTIVE,101,2.7,93,4,4,0,0,0
01,120244689533970708,ACTIVE,525,2.6900000000000004,38,2,1,0,0,0
01,120251280446770722,ACTIVE,80,2.67,43,4,3,1,0,0
01,120248385748060043,ACTIVE,200,2.66,29,1,1,0,0,0
01,120247253400970320,ACTIVE,100,2.65,120,2,3,0,0,0
01,120246209510180125,ACTIVE,100,2.63,33,0,0,0,0,0
01,120249361802360487,PAUSED,80,2.63,32,2,2,0,0,0
01,120244163991370436,ACTIVE,106,2.6100000000000003,121,4,3,0,0,0
01,120247046282150533,ACTIVE,100,2.6,73,1,1,0,0,0
01,120246680736770533,ACTIVE,100,2.59,119,2,3,0,0,0
01,120250519148850127,ACTIVE,100,2.58,33,3,5,0,0,0
01,120246145189280470,ACTIVE,80,2.5599999999999996,107,1,1,0,0,0
01,120249501538580065,ACTIVE,94,2.55,23,0,0,0,0,0
01,120250014656120229,ACTIVE,80,2.5300000000000002,63,0,0,0,0,0
01,120249529043470152,ACTIVE,80,2.5,52,1,0,0,0,0
01,120239823911920241,ACTIVE,168,2.48,97,2,4,0,0,0
01,120252072716270054,ACTIVE,100,2.48,34,1,1,0,0,0
01,120251181205120577,ACTIVE,101,2.47,52,2,1,0,0,0
01,120246841363130474,ACTIVE,80,2.46,56,2,2,0,0,0
01,120245266826770146,ACTIVE,100,2.46,42,1,1,0,0,0
01,120247238049750752,ACTIVE,83,2.4299999999999997,55,4,7,1,1,56.94
01,120247431629500707,ACTIVE,80,2.42,33,1,1,0,0,0
01,120249344116270065,ACTIVE,94,2.4,38,1,1,0,0,0
01,120248688541650751,ACTIVE,40,2.39,15,0,0,0,0,0
01,120253194321230054,ACTIVE,100,2.38,29,2,2,1,0,0
01,120249020804570126,ACTIVE,100,2.36,50,0,0,0,0,0
01,120246023777450751,ACTIVE,300,2.34,57,2,2,0,0,0
01,120253195270800054,ACTIVE,100,2.34,30,0,0,0,0,0
01,120245838343090436,ACTIVE,100,2.2800000000000002,81,5,5,1,0,0
01,120250210018830100,ACTIVE,500,2.26,67,3,5,0,0,0
01,120247431629840707,ACTIVE,80,2.26,21,2,2,0,0,0
01,120245987269690436,ACTIVE,124,2.25,61,2,2,1,1,68.22999999999999
01,120249666979560695,ACTIVE,100,2.25,57,4,3,0,0,0
01,120249776872540116,ACTIVE,101,2.21,46,1,1,0,0,0
01,120246470015580752,ACTIVE,28,2.21,38,0,0,0,0,0
01,120245514271740065,ACTIVE,195,2.16,43,0,1,0,0,0
01,120248204610010425,ACTIVE,100,2.11,43,3,2,0,0,0
01,120248317954560509,ACTIVE,100,2.1,93,0,0,0,0,0
01,120250354465080603,ACTIVE,80,2.09,21,0,1,0,0,0
01,120245518803430436,ACTIVE,100,2.0500000000000003,104,4,4,0,0,0
01,120246037977820686,ACTIVE,80,2.05,45,1,1,1,0,0
01,120247307584620032,ACTIVE,100,2.02,48,2,1,0,0,0
01,120252920297380210,ACTIVE,120,2.02,46,1,2,0,0,0
01,120248911416770577,ACTIVE,102,2,19,1,1,1,1,50.31
01,120248760611910469,ACTIVE,100,2,50,0,0,0,0,0
01,120252158322580651,ACTIVE,150,1.99,52,1,1,0,0,0
01,120247680102270175,ACTIVE,225,1.97,93,1,3,0,0,0
01,120245535358130788,ACTIVE,50,1.9500000000000002,55,1,2,0,0,0
01,120247957196080629,ACTIVE,100,1.95,49,0,0,0,0,0
01,120245469696060686,ACTIVE,100,1.95,21,0,0,0,0,0
01,120247956894360629,ACTIVE,100,1.94,58,0,2,0,0,0
01,120258937221380586,ACTIVE,100,1.94,48,0,1,0,0,0
01,120248064986340303,ACTIVE,80,1.93,44,3,4,1,1,43.97
01,120258095185070586,ACTIVE,100,1.92,45,0,0,0,0,0
01,120248141448610214,ACTIVE,130,1.89,37,0,0,0,0,0
01,120249020749560065,ACTIVE,50,1.8800000000000001,42,1,1,0,0,0
01,120250877852440057,ACTIVE,100,1.88,28,2,2,0,0,0
01,120252256329710450,ACTIVE,100,1.88,29,0,0,0,0,0
01,120247383567310320,ACTIVE,107,1.8599999999999999,66,0,1,0,0,0
01,120246479356190133,ACTIVE,100,1.85,18,2,2,1,0,0
01,120250354465180603,ACTIVE,80,1.85,18,2,1,0,0,0
01,120249258523200469,ACTIVE,100,1.8399999999999999,31,0,1,0,0,0
01,120244034916020436,ACTIVE,426,1.81,75,3,4,0,0,0
01,120249196455930425,ACTIVE,170,1.8099999999999998,25,1,0,0,0,0
01,120252052705250368,ACTIVE,80,1.8,16,0,1,0,0,0
01,120249810423640431,ACTIVE,220,1.8,57,0,0,0,0,0
01,120246479062780133,ACTIVE,100,1.7999999999999998,16,0,1,0,0,0
01,120249128119020564,ACTIVE,80,1.79,35,2,2,0,0,0
01,120250200295760589,ACTIVE,107,1.79,56,0,0,0,0,0
01,120250270945240663,ACTIVE,35,1.77,10,0,0,0,0,0
01,120246376824850630,ACTIVE,136,1.77,56,3,3,0,0,0
01,120245087420500146,ACTIVE,100,1.76,49,1,1,0,0,0
01,120248074108720509,ACTIVE,150,1.76,46,1,1,0,0,0
01,120253854767370211,ACTIVE,120,1.7599999999999998,41,1,2,0,0,0
01,120248977397730642,ACTIVE,205,1.75,33,1,1,0,0,0
01,120250518458320127,ACTIVE,200,1.7400000000000002,23,0,0,0,0,0
01,23858075865830799,ACTIVE,160,1.74,27,0,0,0,0,0
01,120246620204590630,ACTIVE,80,1.7399999999999998,34,0,0,0,0,0
01,120245530294750678,ACTIVE,100,1.73,69,0,0,0,0,0
01,120252052705460368,ACTIVE,80,1.72,40,0,1,0,0,0
01,120246983939560320,ACTIVE,100,1.72,61,2,5,1,0,0
01,120246808108970320,ACTIVE,120,1.71,59,0,0,0,0,0
01,120249304487320561,ACTIVE,90,1.71,28,0,1,0,0,0
01,120251051147810019,ACTIVE,50,1.7,50,2,2,1,1,51.22
01,120246808176070320,ACTIVE,120,1.6900000000000002,54,1,0,0,0,0
01,120245905867350436,ACTIVE,100,1.69,50,1,2,0,0,0
01,120249580311700695,ACTIVE,100,1.6800000000000002,60,1,0,0,0,0
01,120251109575920577,ACTIVE,101,1.67,44,0,1,1,1,48.17
01,120247608644690175,ACTIVE,120,1.67,27,0,0,0,0,0
01,120247405391800674,ACTIVE,136,1.67,36,2,2,1,1,46.230000000000004
01,120249361680490487,PAUSED,80,1.65,17,1,1,0,0,0
01,120249361972230487,PAUSED,80,1.65,15,3,3,0,0,0
01,120246931507190320,ACTIVE,120,1.65,47,0,0,0,0,0
01,120246676754100650,ACTIVE,100,1.65,25,0,0,0,0,0
01,120244813153430146,ACTIVE,100,1.65,51,0,0,0,0,0
01,120235701428400210,ACTIVE,200,1.6400000000000001,37,0,0,0,0,0
01,120248308559800509,ACTIVE,100,1.64,47,0,0,0,0,0
01,120247583319740586,ACTIVE,100,1.63,35,1,2,0,0,0
01,120249777339790229,ACTIVE,55,1.63,62,1,1,0,0,0
01,120247383567000320,ACTIVE,107,1.58,28,0,0,0,0,0
01,120250011342400589,ACTIVE,330,1.57,43,2,3,0,0,0
01,120248899610300065,ACTIVE,40,1.57,18,1,0,0,0,0
01,120247044373590533,ACTIVE,68,1.54,41,2,2,0,0,0
01,120249694269820695,ACTIVE,50,1.54,26,1,1,0,0,0
01,120250307526160100,ACTIVE,100,1.53,50,0,2,0,0,0
01,120249107449180469,ACTIVE,100,1.52,38,2,2,0,0,0
01,120248416746740708,ACTIVE,155,1.52,57,1,1,1,1,107.27000000000001
01,120251660169230722,ACTIVE,50,1.52,16,3,2,0,0,0
01,120246809754490177,ACTIVE,133,1.52,31,0,0,0,0,0
01,120242694742870146,ACTIVE,110,1.5,53,2,3,0,0,0
01,120247253373540320,ACTIVE,100,1.48,77,1,3,0,0,0
01,120242389399980544,ACTIVE,80,1.47,32,2,2,0,0,0
01,120250789469770586,ACTIVE,100,1.4600000000000002,41,1,3,0,0,0
01,120246178929760752,ACTIVE,100,1.46,23,0,0,0,0,0
01,120246733901990065,ACTIVE,80,1.45,18,0,1,0,0,0
01,120251979136820210,ACTIVE,100,1.4400000000000002,13,0,0,0,0,0
01,120245987269630436,ACTIVE,124,1.44,53,1,0,0,0,0
01,120248842978890462,ACTIVE,230,1.43,31,3,3,1,0,0
01,120249287169520455,ACTIVE,200,1.4100000000000001,49,1,0,0,0,0
01,120247902130520509,PAUSED,100,1.4,57,2,2,0,0,0
01,120246990149220650,ACTIVE,107,1.36,25,0,0,0,0,0
01,120252069258880722,ACTIVE,40,1.35,12,0,0,0,0,0
01,120249501538610065,ACTIVE,94,1.35,25,0,1,0,0,0
01,120244270293390320,ACTIVE,120,1.34,57,1,2,0,0,0
01,120251789041250404,ACTIVE,100,1.3399999999999999,20,3,3,0,0,0
01,120246479174050133,ACTIVE,100,1.33,18,0,0,0,0,0
01,120248885568260126,ACTIVE,80,1.29,30,0,0,0,0,0
01,120251357877470577,ACTIVE,100,1.29,12,0,1,0,0,0
01,120249232068930561,ACTIVE,100,1.28,42,0,0,0,0,0
01,120250623729250057,ACTIVE,100,1.2799999999999998,12,0,0,0,0,0
01,120246471244730065,ACTIVE,229,1.27,36,2,3,0,0,0
01,120253195554740054,ACTIVE,100,1.27,23,1,1,0,0,0
01,120249900602730431,ACTIVE,80,1.26,45,2,3,0,0,0
01,120245689540550436,ACTIVE,100,1.25,63,3,4,2,1,41.98
01,120249111980100065,ACTIVE,100,1.23,50,1,1,0,0,0
01,120246997356490752,ACTIVE,180,1.22,45,2,3,0,0,0
01,120246471244780065,ACTIVE,229,1.22,27,2,2,1,0,0
01,120245514271720065,ACTIVE,115,1.21,18,0,0,0,0,0
01,120251210329350057,ACTIVE,100,1.2000000000000002,20,0,0,0,0,0
01,120245306349070462,ACTIVE,100,1.19,23,0,0,0,0,0
01,120246865117370320,ACTIVE,100,1.1800000000000002,29,0,0,1,1,82.02
01,120246440355140780,ACTIVE,80,1.18,15,1,1,0,0,0
01,120249299930660544,ACTIVE,80,1.17,17,1,1,0,0,0
01,120252119065460427,ACTIVE,100,1.16,28,2,2,0,0,0
01,120248158101820629,ACTIVE,126,1.16,31,0,0,0,0,0
01,120244242496990780,ACTIVE,100,1.13,26,0,0,0,0,0
01,120248539964810462,ACTIVE,100,1.12,33,1,2,0,0,0
01,120249141869160564,ACTIVE,80,1.1,34,1,1,0,0,0
01,120242301213170065,ACTIVE,300,1.09,27,0,0,0,0,0
01,120250429792780057,ACTIVE,100,1.08,16,1,0,0,0,0
01,120249535727510116,ACTIVE,100,1.07,20,0,0,0,0,0
01,120245251316060477,ACTIVE,100,1.06,16,0,0,0,0,0
01,120245899907890065,ACTIVE,115,1.06,19,0,1,1,1,29.979999999999997
01,120246299672740751,ACTIVE,300,1.06,34,0,0,0,0,0
01,120250285289280319,ACTIVE,200,1.0499999999999998,34,0,1,0,0,0
01,120252119065410427,ACTIVE,100,1.03,26,0,1,0,0,0
01,120245530294730678,ACTIVE,100,1.02,31,0,0,0,0,0
01,120249059132600642,ACTIVE,120,1.01,20,0,1,1,1,37.95
01,120245868868910788,ACTIVE,50,1.01,14,0,0,0,0,0
01,120248598654680561,ACTIVE,76,1,7,1,0,0,0,0
01,120248287670480214,ACTIVE,190,0.9700000000000001,18,0,0,0,0,0
01,120246210137720125,ACTIVE,100,0.97,17,3,3,0,0,0
01,120249238610320065,ACTIVE,80,0.97,20,1,1,1,1,49.519999999999996
01,120250393756120064,PAUSED,50,0.97,24,0,0,0,0,0
01,120249300729750589,ACTIVE,100,0.96,27,1,1,0,0,0
01,120253458760070348,ACTIVE,80,0.96,2,0,0,0,0,0
01,120246733876960065,ACTIVE,80,0.9400000000000001,10,0,0,0,0,0
01,120251051307340019,ACTIVE,30,0.93,18,0,0,0,0,0
01,120250092640150663,ACTIVE,80,0.92,12,1,1,0,0,0
01,120248304056930090,ACTIVE,70,0.8899999999999999,23,1,0,0,0,0
01,120248910639180462,ACTIVE,106,0.88,11,0,0,0,0,0
01,120248492410110561,ACTIVE,280,0.8799999999999999,31,0,1,0,0,0
01,120251827078290368,ACTIVE,80,0.8699999999999999,13,0,0,0,0,0
01,120248336280930090,ACTIVE,227,0.8500000000000001,18,1,0,0,0,0
01,120245279091880436,ACTIVE,100,0.8500000000000001,31,0,0,0,0,0
01,120244302719050146,ACTIVE,100,0.85,23,0,0,0,0,0
01,120246733877000065,ACTIVE,80,0.8400000000000001,20,1,1,0,0,0
01,120246658595190780,ACTIVE,80,0.8400000000000001,35,0,1,0,0,0
01,120247105534220320,ACTIVE,100,0.84,30,0,1,0,0,0
01,120248924408910544,ACTIVE,74,0.8300000000000001,24,0,0,0,0,0
01,120246180858540686,ACTIVE,126,0.8300000000000001,20,1,1,0,0,0
01,120250079096940127,ACTIVE,200,0.8200000000000001,21,2,2,1,1,36.47
01,120248304056960090,ACTIVE,70,0.81,15,0,0,0,0,0
01,120246024108390751,ACTIVE,300,0.8099999999999999,24,0,0,0,0,0
01,120249529930250152,ACTIVE,80,0.8,13,1,2,1,1,28.98
01,120245782585560678,ACTIVE,237,0.78,27,0,0,0,0,0
01,120249375752300152,ACTIVE,90,0.78,28,0,0,0,0,0
01,120251351288870577,ACTIVE,88,0.78,13,0,0,0,0,0
01,120246243213280686,ACTIVE,80,0.75,13,0,0,0,0,0
01,23858191024040794,ACTIVE,100,0.75,4,0,0,0,0,0
01,120249238610510065,ACTIVE,80,0.75,18,0,0,0,0,0
01,120248304803930065,ACTIVE,50,0.75,15,0,0,0,0,0
01,120248598576010303,ACTIVE,68,0.75,11,1,0,0,0,0
01,120252069258690722,ACTIVE,40,0.74,11,0,0,0,0,0
01,120251141863680019,ACTIVE,50,0.72,9,1,1,0,0,0
01,120245942236800686,ACTIVE,100,0.7,21,0,0,0,0,0
01,120251063106910166,ACTIVE,30,0.7,22,0,0,0,0,0
01,120249474040160389,ACTIVE,100,0.7,19,0,0,0,0,0
01,120249020245670065,ACTIVE,50,0.66,7,0,0,0,0,0
01,120250629224470319,ACTIVE,100,0.66,19,1,0,0,0,0
01,120235701428420210,ACTIVE,200,0.6599999999999999,29,0,1,1,1,71.71000000000001
01,6973002165426,ACTIVE,50,0.65,18,1,1,0,0,0
01,120249573023870116,ACTIVE,100,0.65,9,0,0,0,0,0
01,23858190995890794,ACTIVE,100,0.65,7,0,0,0,0,0
01,120245380137820707,ACTIVE,120,0.6499999999999999,23,0,0,0,0,0
01,120247983277080167,ACTIVE,80,0.64,14,0,0,0,0,0
01,120250508133710064,ACTIVE,50,0.64,4,0,0,0,0,0
01,120250629224620319,ACTIVE,100,0.64,19,0,0,0,0,0
01,120249247871220425,ACTIVE,90,0.64,10,0,0,0,0,0
01,120246513499500780,ACTIVE,80,0.63,13,1,0,0,0,0
01,23858146922430799,ACTIVE,80,0.62,15,0,0,0,0,0
01,120245899907660065,ACTIVE,115,0.62,16,0,0,0,0,0
01,120252182229950450,ACTIVE,100,0.61,14,0,0,0,0,0
01,120247189109490707,ACTIVE,80,0.6,16,1,1,0,0,0
01,6998743229226,ACTIVE,50,0.6,32,1,1,0,0,0
01,120258931690100586,ACTIVE,30,0.6,18,0,0,0,0,0
01,120246440557020780,ACTIVE,80,0.6,16,0,0,0,0,0
01,120250722702450019,ACTIVE,50,0.58,11,1,2,0,0,0
01,120247131790930470,ACTIVE,50,0.57,31,3,2,0,0,0
01,120249107649200126,ACTIVE,89,0.57,12,0,0,0,0,0
01,120252090042790210,ACTIVE,94,0.55,16,0,0,0,0,0
01,120247313991580561,ACTIVE,150,0.54,36,1,2,0,0,0
01,120249983687590565,PAUSED,100,0.53,4,0,0,0,0,0
01,120249474040130389,ACTIVE,100,0.53,9,1,1,0,0,0
01,120248881081710126,ACTIVE,80,0.53,15,1,2,0,0,0
01,120249983688340565,ACTIVE,100,0.52,9,0,0,0,0,0
01,120245172485300146,ACTIVE,100,0.52,12,0,0,0,0,0
01,120253146865300054,ACTIVE,100,0.51,5,0,0,0,0,0
01,120247924205270214,ACTIVE,50,0.51,14,1,1,0,0,0
01,120246188701000686,ACTIVE,80,0.51,15,0,0,0,0,0
01,120249334344330632,ACTIVE,80,0.5,4,0,0,0,0,0
01,120251944302720368,ACTIVE,80,0.5,11,0,0,0,0,0
01,120248130116260214,ACTIVE,130,0.47,8,0,0,0,0,0
01,120246219468190177,ACTIVE,100,0.47,10,0,0,0,0,0
01,120246299672680751,ACTIVE,115,0.46,24,0,0,0,0,0
01,120252191525360210,ACTIVE,100,0.46,10,0,0,0,0,0
01,120252108066570427,ACTIVE,100,0.45,27,1,1,0,0,0
01,23858146922500799,ACTIVE,80,0.43999999999999995,13,0,0,0,0,0
01,120249915477060431,ACTIVE,80,0.43,15,0,0,0,0,0
01,120242709811040544,ACTIVE,80,0.43,20,0,1,0,0,0
01,120248800044910751,ACTIVE,135,0.42,21,1,1,0,0,0
01,120249120674110404,ACTIVE,250,0.41000000000000003,13,0,0,0,0,0
01,120247131790900470,ACTIVE,50,0.4,16,0,0,0,0,0
01,120249020245640065,ACTIVE,50,0.4,8,0,0,0,0,0
01,120245481989400065,ACTIVE,40,0.39,21,0,0,0,0,0
01,120248159544200477,ACTIVE,90,0.39,6,0,1,0,0,0
01,120248899388140065,ACTIVE,40,0.39,10,0,0,0,0,0
01,120248539964750462,ACTIVE,60,0.38999999999999996,10,0,0,0,0,0
01,120245218353240788,ACTIVE,85,0.38,13,0,0,0,0,0
01,120249968225360116,ACTIVE,90,0.38,12,0,0,0,0,0
01,120249020749590065,ACTIVE,50,0.37,10,0,0,0,0,0
01,120242746886630788,ACTIVE,30,0.36,4,0,0,0,0,0
01,120249252046510229,ACTIVE,100,0.35000000000000003,16,0,0,0,0,0
01,120246733902040065,ACTIVE,80,0.35,9,1,1,0,0,0
01,23858191064040794,ACTIVE,100,0.33,4,0,0,0,0,0
01,120245868869560788,ACTIVE,50,0.32,6,0,0,0,0,0
01,120249236418490561,ACTIVE,90,0.31000000000000005,7,0,0,0,0,0
01,120250403419350725,ACTIVE,100,0.31,13,0,1,0,0,0
01,120258788750520586,ACTIVE,30,0.30000000000000004,5,1,0,0,0,0
01,120251109241560577,ACTIVE,100,0.3,34,1,1,0,0,0
01,120250602380270653,PAUSED,80,0.3,4,1,1,0,0,0
01,120246299721450751,ACTIVE,195,0.29000000000000004,8,0,0,0,0,0
01,120247322092240241,ACTIVE,100,0.28,13,0,0,0,0,0
01,120245257768630146,ACTIVE,100,0.27,7,0,0,0,0,0
01,120248184540550090,ACTIVE,325,0.27,17,1,1,0,0,0
01,120250270945270663,ACTIVE,35,0.26,4,0,0,0,0,0
01,120258936627410586,ACTIVE,100,0.26,17,0,0,0,0,0
01,120249730950240229,ACTIVE,100,0.25,12,1,1,0,0,0
01,120250656662350589,ACTIVE,142,0.22,20,0,1,0,0,0
01,120248440316140509,ACTIVE,99,0.22,12,0,0,0,0,0
01,120248899657010065,ACTIVE,40,0.22,9,0,0,0,0,0
01,120250790045220586,ACTIVE,100,0.22,6,0,0,0,0,0
01,120249754760810019,ACTIVE,50,0.21,8,0,1,0,0,0
01,120251210404530057,ACTIVE,100,0.21,3,0,0,0,0,0
01,120246402943010533,ACTIVE,100,0.2,21,1,1,0,0,0
01,120249468033420389,ACTIVE,78,0.19,3,0,1,0,0,0
01,120244164847370788,ACTIVE,30,0.18,8,2,2,0,0,0
01,120250942814310577,ACTIVE,100,0.17,3,0,0,0,0,0
01,120258789196360586,ACTIVE,30,0.17,2,0,0,0,0,0
01,120248899656950065,ACTIVE,40,0.16,2,0,0,0,0,0
01,120245889270720065,ACTIVE,40,0.16,10,0,0,0,0,0
01,120245889270610065,ACTIVE,40,0.16,10,0,0,0,0,0
01,120248688541680751,ACTIVE,40,0.15,3,0,0,0,0,0
01,120247223966660470,ACTIVE,30,0.15,7,0,0,0,0,0
01,120248899610230065,ACTIVE,40,0.14,3,0,0,0,0,0
01,120252102856020404,ACTIVE,56,0.13999999999999999,2,0,0,0,0,0
01,120248899388190065,ACTIVE,40,0.13,4,3,2,0,0,0
01,120250508133810064,ACTIVE,50,0.13,4,0,0,0,0,0
01,120248935435060544,ACTIVE,80,0.13,6,0,0,0,0,0
01,120258922417790586,ACTIVE,30,0.13,5,0,0,0,0,0
01,120246928447770752,ACTIVE,100,0.12000000000000001,5,1,1,0,0,0
01,120246452282830177,ACTIVE,100,0.12,3,0,0,0,0,0
01,120248484683480090,ACTIVE,124,0.11,5,0,0,0,0,0
01,120248304803400065,ACTIVE,50,0.11,6,0,0,0,0,0
01,120250355851210064,ACTIVE,50,0.11,1,0,0,0,0,0
01,120246121072780125,PAUSED,300,0.1,3,0,0,0,0,0
01,120252595965290166,ACTIVE,30,0.1,1,0,0,0,0,0
01,120248077222780477,ACTIVE,100,0.09999999999999999,6,0,0,0,0,0
01,120250508133730064,ACTIVE,50,0.09,6,0,0,0,0,0
01,120246843188440752,ACTIVE,100,0.09,22,0,0,0,0,0
01,120251788791190404,ACTIVE,100,0.08,1,0,0,0,0,0
01,120243117326020544,ACTIVE,80,0.08,4,0,0,0,0,0
01,120252205832760166,ACTIVE,10,0.08,3,0,0,0,0,0
01,120249304487120561,ACTIVE,90,0.07,8,0,0,0,0,0
01,120250445767170166,ACTIVE,15,0.060000000000000005,5,2,2,0,0,0
01,120249473727060389,ACTIVE,100,0.06,4,0,0,0,0,0
01,120246921246130533,ACTIVE,100,0.05,5,0,0,0,0,0
01,120252108066520427,ACTIVE,100,0.05,3,0,0,0,0,0
01,120252594940370166,ACTIVE,30,0.05,2,0,0,0,0,0
01,120248922585490210,ACTIVE,200,0.04,10,0,0,0,0,0
01,120246465900910677,PAUSED,100,0.04,1,0,0,0,0,0
01,120245481989440065,ACTIVE,40,0.04,4,0,0,0,0,0
01,120251868137060166,ACTIVE,10,0.04,2,0,0,0,0,0
01,120251788886810404,ACTIVE,100,0.03,1,0,0,0,0,0
01,120247983232350167,ACTIVE,80,0.02,1,0,0,0,0,0
01,120250403343510725,ACTIVE,100,0.02,2,0,0,0,0,0
01,120252205063890166,ACTIVE,10,0.02,1,0,0,0,0,0
01,120249344116310065,ACTIVE,94,0.02,1,0,0,0,0,0
01,120249222252410065,ACTIVE,350,0.02,2,0,0,0,0,0
01,120252590102520166,ACTIVE,30,0.01,1,0,0,0,0,0
01,120245516609390788,ACTIVE,30,0.01,1,0,0,0,0,0
01,120247480238110590,PAUSED,80,0,0,0,0,0,0,0
01,120247480238410590,PAUSED,80,0,0,0,0,0,0,0
01,120246244937140686,ACTIVE,80,0,0,0,0,0,0,0
01,120247389154890241,ACTIVE,100,0,0,0,0,0,0,0
01,120249469635130487,ACTIVE,80,0,0,0,0,0,0,0
01,120249469635100487,ACTIVE,80,0,0,0,0,0,0,0
01,120251674854700195,ACTIVE,100,0,0,0,0,0,0,0
01,120251674854730195,ACTIVE,100,0,0,0,0,0,0,0
01,120249469549460487,ACTIVE,80,0,0,0,0,0,0,0
01,120249469549380487,ACTIVE,80,0,0,0,0,0,0,0
01,120246244958270686,ACTIVE,80,0,0,0,0,0,0,0
01,120247388947230241,ACTIVE,100,0,0,0,0,0,0,0
01,120246244988860686,ACTIVE,80,0,0,0,0,0,0,0
01,120246245009890686,ACTIVE,80,0,0,0,0,0,0,0
01,120249469433590487,ACTIVE,80,0,0,0,1,0,0,0
01,120246245009930686,ACTIVE,80,0,0,0,0,0,0,0
01,120249469433520487,ACTIVE,80,0,0,0,0,0,0,0
01,120246245031290686,ACTIVE,80,0,0,0,0,0,0,0
01,120247480374230590,PAUSED,80,0,0,0,0,0,0,0
01,120249447976780374,ACTIVE,80,0,0,0,0,0,0,0
01,120249447976690374,ACTIVE,80,0,0,0,0,0,0,0
01,120249447976520374,ACTIVE,80,0,0,0,0,0,0,0
01,120249447976460374,ACTIVE,80,0,0,0,0,0,0,0
01,120249446864100374,PAUSED,80,0,0,0,0,0,0,0
01,120249446863960374,PAUSED,80,0,0,0,0,0,0,0
01,120250159337130351,ACTIVE,50,0,0,0,0,0,0,0
01,120246245031330686,ACTIVE,80,0,0,0,0,0,0,0
01,120249446863940374,PAUSED,80,0,0,0,0,0,0,0
01,120249446863910374,PAUSED,80,0,0,0,0,0,0,0
01,120247480374340590,PAUSED,80,0,0,0,0,0,0,0
01,120246245073330686,ACTIVE,80,0,0,0,0,0,0,0
01,120249385779290544,ACTIVE,80,0,0,0,0,0,0,0
01,120247480459120590,PAUSED,80,0,0,0,0,0,0,0
01,6997456214233,ACTIVE,80,0,0,0,0,0,0,0
01,120246245073360686,ACTIVE,80,0,0,0,0,0,0,0
01,120247480459470590,PAUSED,80,0,0,0,0,0,0,0
01,120252401926860709,ACTIVE,80,0,0,0,0,0,0,0
01,120252401981500709,ACTIVE,80,0,0,0,0,0,0,0
01,120252460811520404,ACTIVE,80,0,0,0,0,0,0,0
01,120252460811580404,ACTIVE,80,0,0,0,0,0,0,0
01,120250510276600725,ACTIVE,100,0,0,0,0,0,0,0
01,120250510276530725,ACTIVE,100,0,0,0,0,0,0,0
01,120252598297590166,ACTIVE,30,0,0,0,0,0,0,0
01,120247483363530590,ACTIVE,80,0,0,0,0,0,0,0
01,120247483364160590,ACTIVE,80,0,0,0,0,0,0,0
01,120247483547220590,ACTIVE,80,0,0,0,0,0,0,0
01,120246392026150179,ACTIVE,80,0,0,0,0,0,0,0
01,120247483547270590,ACTIVE,80,0,0,0,0,0,0,0
01,120253194882220054,ACTIVE,100,0,0,0,0,0,0,0
01,120247569390530674,ACTIVE,100,0,0,0,0,0,0,0
01,120246286289450125,ACTIVE,100,0,0,0,0,0,0,0
01,120250510217700725,ACTIVE,100,0,0,0,0,0,0,0
01,120245241486300129,ACTIVE,80,0,0,0,0,0,0,0
01,120245241485180129,ACTIVE,80,0,0,0,0,0,0,0
01,120250510217580725,ACTIVE,100,0,0,0,0,0,0,0
01,120254328143480012,ACTIVE,80,0,0,0,0,0,0,0
01,120254328143540012,ACTIVE,80,0,0,0,0,0,0,0
01,120249272919060455,PAUSED,528,0,0,0,1,0,0,0
01,120245161781490129,PAUSED,60,0,0,0,0,0,0,0
01,120244978756050678,ACTIVE,100,0,2,0,0,0,0,0
01,120246245620730686,ACTIVE,80,0,0,0,0,0,0,0
01,120250510089030725,ACTIVE,100,0,0,0,0,0,0,0
01,120248311770270509,PAUSED,100,0,0,0,1,0,0,0
01,120250510051110725,ACTIVE,100,0,0,0,0,0,0,0
01,120250509929300725,ACTIVE,100,0,0,0,0,0,0,0
01,120248383155080084,ACTIVE,50,0,0,0,0,0,0,0
01,120248383155230084,ACTIVE,50,0,0,0,0,0,0,0
01,120250509929260725,ACTIVE,100,0,0,0,0,0,0,0
01,120250509840740725,ACTIVE,100,0,0,0,0,0,0,0
01,120248383199430084,ACTIVE,50,0,0,0,0,0,0,0
01,120248383199500084,ACTIVE,50,0,0,0,0,0,0,0
01,120248452492430509,ACTIVE,100,0,0,0,0,0,0,0
01,120248452492510509,ACTIVE,100,0,0,0,0,0,0,0
01,120248484683390090,ACTIVE,124,0,1,0,0,0,0,0
01,120250509772850725,ACTIVE,100,0,0,0,0,0,0,0
01,120250509772640725,ACTIVE,100,0,0,0,0,0,0,0
01,120246245620660686,ACTIVE,80,0,0,0,0,0,0,0
01,23858233581730790,PAUSED,80,0,0,0,0,0,0,0
01,120246392026370179,ACTIVE,80,0,0,0,0,0,0,0
01,6997456213633,ACTIVE,80,0,0,0,0,0,0,0
01,120247389154910241,ACTIVE,100,0,0,0,0,0,0,0
01,120247389724220241,ACTIVE,100,0,0,0,0,0,0,0
01,120247389874330241,ACTIVE,100,0,0,0,0,0,0,0
01,120246244810270686,ACTIVE,80,0,0,0,0,0,0,0
01,120247389999270241,ACTIVE,100,0,0,0,0,0,0,0
02,120249177863610455,ACTIVE,812,67.09,1614,40,46,3,0,0
02,120244431777030751,ACTIVE,800,59.83,1185,35,37,6,4,218.63
02,120245941415570686,ACTIVE,700,46.89,540,15,16,2,2,59.96000000000001
02,120244823852300686,ACTIVE,771,45.64,474,12,19,1,1,51.22
02,120246273720740455,ACTIVE,883,45.06,997,20,27,4,1,84.37
02,120244430700860708,ACTIVE,425,44.94,701,19,20,4,2,122.24
02,120249110988580455,ACTIVE,681,44.029999999999994,1389,38,36,5,4,286.57000000000005
02,120241671273870455,ACTIVE,729,38.96,939,18,23,1,1,60.41
02,120249217383010544,ACTIVE,250,36.61,542,12,12,1,1,27.98
02,120248416747190708,ACTIVE,220,35.97,698,17,19,1,1,29.94
02,120246299672700751,ACTIVE,300,35.15,772,12,13,3,0,0
02,120246832758790677,ACTIVE,456,34.31,875,7,8,1,0,0
02,120249231443520389,ACTIVE,535,31.42,1088,34,31,3,2,56.05
02,120244164741820146,ACTIVE,598,30.049999999999997,724,18,22,1,0,0
02,120246828454030629,ACTIVE,683,29.950000000000003,466,17,17,1,1,89.37
02,120243986668280589,ACTIVE,1200,28.619999999999997,598,16,19,2,1,49.519999999999996
02,120252064052550709,ACTIVE,500,26.509999999999998,365,8,13,2,2,75.49
02,120245400596270686,ACTIVE,200,26.38,1827,58,62,9,3,131.17000000000002
02,120243276755660065,ACTIVE,500,25.35,779,17,18,4,3,89.94
02,120245891909090125,ACTIVE,500,23.81,365,9,11,3,3,177.67
02,120245882219820678,ACTIVE,105,22.06,214,3,3,0,0,0
02,120246040085600751,ACTIVE,300,21.81,436,8,10,2,2,89.1
02,120253192598020054,ACTIVE,118,21.44,251,2,2,0,0,0
02,120245539332330436,ACTIVE,500,21.439999999999998,782,15,14,1,1,68.23
02,120245334049540065,ACTIVE,510,21.21,365,9,10,0,1,29.98
02,120244928009900146,ACTIVE,306,20.57,512,12,10,1,1,41.98
02,120247136451350725,ACTIVE,1000,19.87,485,5,10,1,1,49.37
02,120249433591590100,ACTIVE,500,19.84,493,12,12,1,1,66.15
02,120247325002770564,ACTIVE,500,19.77,558,12,11,0,0,0
02,120250216921880100,ACTIVE,500,19.200000000000003,487,9,10,1,1,113.31
02,120248059117540214,ACTIVE,300,18.189999999999998,372,10,13,1,1,21.98
02,120249325405290389,ACTIVE,300,18.15,632,17,19,3,0,0
02,120245694161990686,ACTIVE,257,18.09,166,6,7,1,1,71.21000000000001
02,120245179332800129,ACTIVE,150,17.77,385,14,16,1,1,66.47999999999999
02,120241066464020065,ACTIVE,470,17.54,641,11,12,4,2,79.5
02,120245557729330686,ACTIVE,100,17.509999999999998,228,6,5,0,0,0
02,120247449223630097,ACTIVE,400,17.43,547,10,14,1,1,61.97
02,120251425264570709,ACTIVE,500,17.39,270,7,12,0,0,0
02,120248722531060455,ACTIVE,240,17.34,382,9,10,1,0,0
02,120249533797640152,ACTIVE,80,17.23,331,11,11,1,0,0
02,120245334049460065,ACTIVE,680,17.16,333,6,14,1,0,0
02,7000061165970,ACTIVE,250,17.14,489,10,18,3,3,171.15
02,120248320516200509,ACTIVE,200,17.02,206,4,7,2,1,29.98
02,120245031811820436,ACTIVE,100,16.68,556,11,13,1,1,68.23
02,120249754760810019,ACTIVE,50,16.34,159,7,8,0,0,0
02,120247073165120090,ACTIVE,921,15.52,381,12,15,1,0,0
02,120253194321230054,ACTIVE,100,15.510000000000002,187,2,2,1,0,0
02,120246808388750320,ACTIVE,270,15.44,455,8,9,0,0,0
02,120242301213710065,ACTIVE,550,15.36,602,9,12,1,1,29.98
02,120248158101890629,ACTIVE,126,15.35,152,3,3,0,0,0
02,120244349823030686,ACTIVE,100,14.98,204,6,8,3,1,29.98
02,120245257768630146,ACTIVE,100,14.82,289,9,8,1,1,75.22
02,120244813077130146,ACTIVE,500,14.719999999999999,244,4,4,0,0,0
02,120247762435840509,ACTIVE,100,14.6,222,5,6,0,0,0
02,120245400790120686,ACTIVE,500,14.4,259,2,3,0,0,0
02,120248308537530509,ACTIVE,300,14.13,471,6,9,1,1,34.980000000000004
02,120248732700550455,ACTIVE,240,14.129999999999999,375,5,5,0,0,0
02,120246928620620752,ACTIVE,300,14.07,393,11,12,2,0,0
02,120248159544200477,ACTIVE,90,14.01,165,4,4,0,0,0
02,120249020782530389,ACTIVE,300,13.71,377,7,9,0,0,0
02,120248274792600090,ACTIVE,198,13.67,265,8,8,0,0,0
02,120253122370210054,ACTIVE,137,13.61,139,4,5,3,0,0
02,120249999663760100,ACTIVE,375,13.58,358,10,9,0,0,0
02,120246243213280686,ACTIVE,80,13.56,170,10,9,0,0,0
02,120244689533970708,ACTIVE,525,13.55,229,8,11,1,1,29.94
02,120244761091850146,ACTIVE,500,13.540000000000001,300,11,13,3,1,41.980000000000004
02,23858191063980794,ACTIVE,100,13.5,135,4,3,0,0,0
02,120249935914370589,ACTIVE,335,13.26,279,4,5,1,1,29.98
02,120248332283150708,ACTIVE,322,13.169999999999998,308,1,3,1,0,0
02,120248563890890642,ACTIVE,400,13.11,364,7,8,1,0,0
02,120244034916020436,ACTIVE,426,13.09,463,13,14,3,1,104.67
02,120247935278530175,ACTIVE,425,13.01,295,11,10,1,1,57.900000000000006
02,120246878248760177,ACTIVE,87,12.93,185,4,6,0,0,0
02,120248889381040455,ACTIVE,209,12.92,526,5,5,0,0,0
02,120248563890830642,ACTIVE,400,12.89,381,5,5,0,0,0
02,120248484683480090,ACTIVE,124,12.65,165,7,4,0,0,0
02,120235336090360210,ACTIVE,200,12.46,234,3,4,1,0,0
02,120248721372440425,ACTIVE,122,12.439999999999998,216,2,2,1,1,69.66999999999999
02,120249501538580065,ACTIVE,94,12.350000000000001,171,3,4,0,0,0
02,120249871401270725,ACTIVE,500,12.34,207,6,7,1,0,0
02,120244761869100436,ACTIVE,100,12.280000000000001,469,6,5,1,0,0
02,23858191024100794,ACTIVE,100,12.18,133,0,2,0,0,0
02,120244686931590705,ACTIVE,80,12.16,126,5,4,1,0,0
02,120248910639180462,ACTIVE,106,12.09,133,3,4,0,0,0
02,120248416746740708,ACTIVE,155,12.07,254,6,6,1,1,107.27000000000001
02,120247380152830677,ACTIVE,150,11.989999999999998,427,6,8,1,1,41.98
02,120247377722540477,ACTIVE,136,11.98,136,4,4,1,1,71.21
02,120250014656210229,ACTIVE,80,11.96,140,3,3,0,0,0
02,120249276093860168,ACTIVE,202,11.94,180,5,6,1,1,37.98
02,120242031621370065,ACTIVE,229,11.77,273,3,3,0,0,0
02,120244686931560705,ACTIVE,80,11.71,114,5,6,0,0,0
02,120250296395520100,ACTIVE,300,11.679999999999998,304,11,9,2,2,90.73
02,120246297341700177,ACTIVE,101,11.64,205,6,6,0,0,0
02,120248089703400629,ACTIVE,152,11.58,277,5,5,1,1,36.949999999999996
02,120248249737920509,ACTIVE,200,11.51,307,6,8,0,0,0
02,120246023777450751,ACTIVE,300,11.43,246,6,7,1,0,0
02,120249304487320561,ACTIVE,90,11.36,157,1,1,0,0,0
02,120251701953330054,ACTIVE,100,11.35,226,9,7,1,1,73.2
02,120249468033340389,ACTIVE,205,11.3,320,14,15,2,0,0
02,120244079033450320,ACTIVE,120,11.27,356,8,9,1,0,0
02,120250877852440057,ACTIVE,100,11.23,109,6,5,1,1,73.42
02,120245218353240788,ACTIVE,30,11.209999999999999,113,2,4,0,0,0
02,120249334344390632,ACTIVE,80,11.16,95,2,2,0,0,0
02,120249730950860229,ACTIVE,300,11.02,286,6,6,1,0,0
02,120249325186790389,ACTIVE,300,10.68,374,7,6,0,1,34.86
02,120248012782330065,ACTIVE,146,10.68,308,6,6,2,2,59.96
02,120245339157220686,ACTIVE,100,10.64,118,5,5,0,0,0
02,120249286765290368,ACTIVE,200,10.61,168,3,4,1,0,0
02,120251778959040404,ACTIVE,94,10.6,127,5,8,0,0,0
02,120246878248820177,ACTIVE,87,10.59,135,3,3,1,0,0
02,120250466943310577,ACTIVE,101,10.54,155,9,10,0,0,0
02,120246243213310686,ACTIVE,80,10.54,152,4,3,0,0,0
02,120245266852860146,ACTIVE,100,10.45,198,4,4,0,0,0
02,120251357877470577,ACTIVE,100,10.42,114,3,3,1,0,0
02,120244643680750544,ACTIVE,200,10.309999999999999,252,7,9,2,2,75.5
02,120245279293750436,ACTIVE,100,10.25,413,8,8,1,0,0
02,120249107649200126,ACTIVE,89,10.2,144,5,6,1,1,49.52
02,120258018921720586,ACTIVE,100,10.2,262,7,8,0,0,0
02,120247431629840707,ACTIVE,80,10.18,164,2,2,0,0,0
02,120246678174130630,ACTIVE,80,10.06,165,4,5,0,0,0
02,120250014496850229,ACTIVE,80,10.049999999999999,119,3,3,0,0,0
02,120250300183610725,ACTIVE,200,9.969999999999999,237,8,7,1,0,0
02,120253547301770348,ACTIVE,80,9.91,108,4,4,0,0,0
02,120248192187930175,ACTIVE,88,9.91,115,1,3,1,0,0
02,120258018661030586,ACTIVE,100,9.89,208,8,7,0,0,0
02,120245868868910788,ACTIVE,30,9.87,111,0,1,0,0,0
02,120248484683390090,ACTIVE,124,9.84,168,7,3,1,1,113.87
02,120245201694370686,ACTIVE,100,9.780000000000001,105,0,0,0,0,0
02,120249501538610065,ACTIVE,94,9.719999999999999,195,4,6,1,0,0
02,120244963676310686,ACTIVE,80,9.7,139,1,1,0,0,0
02,120243753190540054,ACTIVE,101,9.69,144,3,3,0,0,0
02,120248249192300509,ACTIVE,200,9.629999999999999,338,5,8,0,0,0
02,120247431629500707,ACTIVE,80,9.580000000000002,148,2,2,0,0,0
02,120247296233710320,ACTIVE,170,9.44,194,4,7,0,0,0
02,120250300134890725,ACTIVE,100,9.34,177,4,5,1,0,0
02,120247519982390097,ACTIVE,220,9.3,266,6,8,0,0,0
02,120246506835670630,ACTIVE,198,9.280000000000001,183,0,3,0,0,0
02,120247380153090677,ACTIVE,126,9.16,218,3,2,1,1,96.41
02,120249172433610425,ACTIVE,334,9.079999999999998,128,2,3,1,0,0
02,120253195270800054,ACTIVE,100,9.05,94,0,0,0,0,0
02,120251181923790577,ACTIVE,101,8.99,234,7,7,1,1,28.98
02,120253195554740054,ACTIVE,100,8.84,103,2,2,0,0,0
02,120248082904030663,ACTIVE,150,8.76,144,3,5,0,1,92.41
02,120250014495990229,ACTIVE,80,8.63,160,4,4,0,0,0
02,120249553547110663,ACTIVE,200,8.62,152,2,2,0,0,0
02,120250270342280100,ACTIVE,133,8.61,234,4,5,1,1,22.98
02,120240258763950179,ACTIVE,200,8.600000000000001,299,2,3,0,0,0
02,120247209323410032,ACTIVE,100,8.59,180,6,6,1,0,0
02,120248493682120090,ACTIVE,80,8.58,85,3,5,0,0,0
02,120250296535810100,ACTIVE,100,8.54,180,6,4,1,0,0
02,120258694716360586,ACTIVE,100,8.52,146,2,2,0,0,0
02,23858190995890794,ACTIVE,100,8.49,82,1,2,0,0,0
02,120246990149220650,ACTIVE,107,8.48,125,4,5,0,0,0
02,120248492307240090,ACTIVE,80,8.46,88,1,3,0,0,0
02,120248308559800509,ACTIVE,100,8.379999999999999,205,0,2,0,0,0
02,120247483363530590,ACTIVE,80,8.28,159,1,1,0,0,0
02,120249385779270544,ACTIVE,80,8.26,159,0,0,0,0,0
02,120252052705250368,ACTIVE,80,8.2,157,5,4,0,0,0
02,120246884110080177,ACTIVE,100,8.17,128,1,1,0,0,0
02,120252357241480450,ACTIVE,100,8.15,72,3,3,0,0,0
02,120248734905220544,ACTIVE,150,8.120000000000001,201,3,3,0,0,0
02,120248072969470389,ACTIVE,118,8.11,254,10,9,1,0,0
02,120239823911920241,ACTIVE,168,8.07,261,6,7,0,0,0
02,120250946852160368,ACTIVE,170,8.07,284,10,9,0,0,0
02,120245750135860686,ACTIVE,100,8.07,87,5,7,0,1,51.22
02,120247046369790533,ACTIVE,100,8.07,239,6,6,1,0,0
02,120250354465180603,ACTIVE,80,7.8100000000000005,122,6,5,0,0,0
02,120246330272670320,ACTIVE,150,7.76,213,3,4,0,0,0
02,120246919904290533,ACTIVE,100,7.76,343,7,8,0,0,0
02,120249334344330632,ACTIVE,80,7.629999999999999,94,4,4,0,0,0
02,120247085686420320,ACTIVE,100,7.589999999999999,258,6,3,0,0,0
02,120244794017770320,ACTIVE,120,7.5600000000000005,245,5,6,0,0,0
02,120247383567000320,ACTIVE,107,7.540000000000001,182,3,3,0,0,0
02,120250329792710100,ACTIVE,89,7.54,99,2,3,0,0,0
02,120248158101820629,ACTIVE,126,7.53,131,4,3,0,0,0
02,120248440316140509,ACTIVE,99,7.53,168,3,4,0,0,0
02,120247483521280674,ACTIVE,80,7.51,125,4,4,2,1,46.22
02,120248613615540642,ACTIVE,210,7.48,126,3,3,1,0,0
02,120246660415710177,ACTIVE,100,7.48,138,3,3,0,0,0
02,120248492307150090,PAUSED,80,7.470000000000001,83,2,2,0,0,0
02,120246985309150320,ACTIVE,280,7.42,236,2,3,0,0,0
02,120246680736770533,ACTIVE,100,7.4,237,7,10,0,0,0
02,120248911416770577,ACTIVE,102,7.39,120,3,5,1,1,50.31
02,120245987269630436,ACTIVE,124,7.380000000000001,215,4,1,0,0,0
02,120246979308680533,ACTIVE,159,7.370000000000001,247,8,10,0,0,0
02,120248850201850065,ACTIVE,100,7.359999999999999,169,1,1,1,0,0
02,120249059132600642,ACTIVE,120,7.35,148,4,5,2,1,37.95
02,120245044044870686,ACTIVE,100,7.35,82,0,1,0,0,0
02,120247238049750752,ACTIVE,83,7.33,179,8,8,1,1,56.94
02,120252119065460427,ACTIVE,100,7.29,102,2,3,1,0,0
02,120247775015280090,ACTIVE,132,7.279999999999999,146,7,7,0,0,0
02,120250072676600565,ACTIVE,100,7.2700000000000005,104,6,6,0,0,0
02,120245266826770146,ACTIVE,100,7.25,136,5,4,0,0,0
02,120245469696060686,ACTIVE,100,7.25,107,1,2,0,0,0
02,120249385716130544,ACTIVE,80,7.23,163,1,1,1,0,0
02,120249141691480564,ACTIVE,300,7.22,215,3,4,0,0,0
02,120250011342400589,ACTIVE,330,7.1899999999999995,131,11,6,0,0,0
02,120245257768380146,ACTIVE,100,7.16,174,3,4,1,0,0
02,120252119065410427,ACTIVE,100,7.15,126,2,4,1,1,63.46999999999999
02,120251294132620577,ACTIVE,101,7.14,141,4,3,1,1,28.98
02,120248935435060544,ACTIVE,80,7.12,175,3,3,1,0,0
02,120249533872170152,ACTIVE,140,7.109999999999999,142,4,5,0,0,0
02,120251351288690577,ACTIVE,88,7.09,190,4,5,0,0,0
02,120249776872540116,ACTIVE,101,7.07,111,5,5,1,0,0
02,120250354465080603,ACTIVE,80,7.07,101,3,3,1,0,0
02,120246382556450462,ACTIVE,289,7.029999999999999,133,9,8,1,1,57.98
02,120249968225360116,ACTIVE,90,7.0200000000000005,89,3,4,0,0,0
02,120251210329350057,ACTIVE,100,7.010000000000001,96,2,3,0,0,0
02,120248444259380455,ACTIVE,100,6.99,129,4,4,0,0,0
02,120246678174190630,ACTIVE,80,6.99,125,4,4,0,0,0
02,120250299563240725,ACTIVE,100,6.950000000000001,203,2,3,0,0,0
02,120249247871220425,ACTIVE,90,6.92,122,2,4,0,0,0
02,120251351288870577,ACTIVE,88,6.9,160,11,8,0,0,0
02,120246309078080032,ACTIVE,100,6.88,172,5,6,0,0,0
02,120245514271740065,ACTIVE,195,6.88,154,2,2,0,0,0
02,120245987269690436,ACTIVE,124,6.859999999999999,173,5,3,1,1,68.22999999999999
02,120251109575920577,ACTIVE,101,6.82,208,4,2,1,2,77.15
02,120249469635100487,ACTIVE,80,6.81,69,3,3,0,0,0
02,120247383567310320,ACTIVE,107,6.800000000000001,176,2,4,0,0,0
02,120248287670430214,ACTIVE,130,6.779999999999999,79,1,1,0,0,0
02,120247448991990590,ACTIVE,100,6.720000000000001,157,0,2,0,0,0
02,120245266827060146,ACTIVE,100,6.6899999999999995,154,5,5,0,0,0
02,120250789469770586,ACTIVE,100,6.639999999999999,152,2,5,0,0,0
02,120239930892250650,ACTIVE,300,6.61,125,9,6,0,0,0
02,120251722976530368,ACTIVE,100,6.6,167,3,3,0,0,0
02,120249819292400663,ACTIVE,100,6.5,102,5,5,1,0,0
02,120247046282150533,ACTIVE,100,6.47,176,2,2,0,0,0
02,120249469635130487,ACTIVE,80,6.45,80,1,0,0,0,0
02,120252052705460368,ACTIVE,80,6.41,173,3,3,0,0,0
02,120248735036530642,ACTIVE,151,6.26,121,1,1,1,0,0
02,120249304487120561,ACTIVE,90,6.23,131,0,2,0,0,0
02,120245530294730678,ACTIVE,100,6.23,146,2,1,0,0,0
02,120248192187960175,ACTIVE,88,6.22,100,0,1,0,0,0
02,120250519148850127,ACTIVE,100,6.2,58,5,8,0,0,0
02,120247307584620032,ACTIVE,100,6.110000000000001,142,4,3,0,0,0
02,120251674854700195,ACTIVE,100,6.09,155,5,5,0,0,0
02,120248286769360214,ACTIVE,80,6.07,98,1,1,0,0,0
02,120244163991370436,ACTIVE,106,6.029999999999999,266,7,7,0,0,0
02,120249020804570126,ACTIVE,100,6.010000000000001,130,2,3,0,0,0
02,120246397978120533,ACTIVE,100,5.98,247,9,9,0,0,0
02,120252107365970427,ACTIVE,100,5.95,129,1,1,0,0,0
02,120251997719170404,ACTIVE,100,5.94,70,4,5,0,0,0
02,120248373179450509,ACTIVE,100,5.92,223,3,3,0,0,0
02,120249666979560695,ACTIVE,100,5.91,134,4,3,0,0,0
02,120253854767370211,ACTIVE,120,5.890000000000001,89,3,3,0,0,0
02,120250285289280319,ACTIVE,200,5.88,144,0,7,0,0,0
02,120253854653760211,ACTIVE,120,5.8500000000000005,81,5,5,1,0,0
02,120245980788570752,ACTIVE,100,5.82,117,2,3,0,0,0
02,120250014656120229,ACTIVE,80,5.77,118,1,1,0,0,0
02,120249100983530561,ACTIVE,150,5.77,109,4,4,0,0,0
02,120246376824850630,ACTIVE,136,5.74,159,5,7,2,1,49.97
02,120247483547220590,ACTIVE,80,5.72,147,3,3,0,0,0
02,120249111979930065,ACTIVE,100,5.67,133,1,1,0,0,0
02,120249469433590487,ACTIVE,80,5.66,59,3,3,1,1,37.94
02,120246299672740751,ACTIVE,300,5.6499999999999995,148,0,2,0,0,0
02,120251354404600722,ACTIVE,80,5.6000000000000005,56,2,2,3,3,68.94
02,120247044373590533,ACTIVE,68,5.5600000000000005,183,2,3,0,0,0
02,120258591556320586,ACTIVE,30,5.55,87,2,1,0,0,0
02,120248166981820509,ACTIVE,105,5.51,113,2,2,1,0,0
02,120246865117370320,ACTIVE,100,5.48,103,0,0,1,1,82.02
02,120245518803430436,ACTIVE,100,5.46,244,8,7,0,0,0
02,120258095185070586,ACTIVE,100,5.4399999999999995,64,1,0,0,0,0
02,120250394007940064,ACTIVE,50,5.43,106,1,1,0,0,0
02,120249469433520487,ACTIVE,80,5.42,67,0,0,0,0,0
02,120249469549380487,ACTIVE,80,5.42,65,0,0,0,0,0
02,120249469549460487,ACTIVE,80,5.41,41,1,1,0,0,0
02,120251412553340368,ACTIVE,150,5.390000000000001,170,0,1,0,0,0
02,120253122295100210,ACTIVE,80,5.37,121,1,4,0,0,0
02,120247547590960642,ACTIVE,229,5.35,100,5,8,0,0,0
02,120246808108970320,ACTIVE,120,5.18,184,0,0,0,0,0
02,120246145189280470,ACTIVE,80,5.18,231,1,1,0,0,0
02,120244270293390320,ACTIVE,120,5.08,155,4,6,1,0,0
02,120250394007920064,ACTIVE,50,5.08,100,1,3,0,0,0
02,120258937221380586,ACTIVE,100,5.07,101,1,1,0,0,0
02,120251142479090019,ACTIVE,50,5.07,88,0,0,0,0,0
02,120250210018830100,ACTIVE,500,5,136,4,6,0,0,0
02,120250518458320127,ACTIVE,100,4.9799999999999995,65,1,3,1,0,0
02,120246471244730065,ACTIVE,229,4.95,111,5,5,0,0,0
02,120246037977820686,ACTIVE,80,4.95,105,1,1,1,0,0
02,120245327669090320,ACTIVE,120,4.92,122,3,3,1,0,0
02,120245266852790146,ACTIVE,100,4.92,106,2,2,0,0,0
02,120248493683100090,PAUSED,80,4.9,47,1,1,0,0,0
02,120249385779290544,ACTIVE,80,4.88,109,1,1,1,0,0
02,120251051147810019,ACTIVE,50,4.869999999999999,112,4,6,2,1,51.22
02,120245868869560788,ACTIVE,50,4.84,74,0,0,0,0,0
02,120247483364160590,ACTIVE,80,4.81,91,2,2,1,0,0
02,120247608644690175,ACTIVE,120,4.7700000000000005,76,3,3,0,0,0
02,120249861202960589,ACTIVE,100,4.7700000000000005,79,4,2,0,0,0
02,120250307526160100,ACTIVE,100,4.73,127,2,4,0,0,0
02,120249810423640431,ACTIVE,220,4.720000000000001,130,1,3,1,1,28.98
02,120245899907660065,ACTIVE,115,4.71,69,5,5,0,0,0
02,120248074108720509,ACTIVE,150,4.7,110,2,2,0,0,0
02,120249111980100065,ACTIVE,100,4.699999999999999,123,2,3,0,0,0
02,120247066173290752,ACTIVE,100,4.66,129,4,2,0,0,0
02,120247253373540320,ACTIVE,100,4.57,154,4,4,0,0,0
02,120249285560020695,ACTIVE,80,4.56,134,2,2,0,0,0
02,120251674854730195,ACTIVE,100,4.54,107,5,4,1,0,0
02,120250200295760589,ACTIVE,107,4.48,127,2,2,1,0,0
02,23858075865830799,ACTIVE,160,4.4799999999999995,59,0,0,0,0,0
02,120252256329710450,ACTIVE,100,4.45,66,0,2,0,0,0
02,120248064986340303,ACTIVE,80,4.449999999999999,97,3,5,1,1,43.97
02,120248317954560509,ACTIVE,100,4.43,174,2,4,1,0,0
02,120251280446770722,ACTIVE,80,4.4,74,6,4,1,0,0
02,120247253400970320,ACTIVE,100,4.38,208,3,4,0,0,0
02,120252108066520427,ACTIVE,100,4.38,93,1,1,0,0,0
02,120245282912580630,ACTIVE,100,4.34,84,3,2,0,0,0
02,120252072716270054,ACTIVE,100,4.32,74,2,1,0,0,0
02,120245346459390436,ACTIVE,100,4.32,152,2,3,0,0,0
02,120246983939560320,ACTIVE,100,4.3100000000000005,136,7,5,1,0,0
02,120246841363130474,ACTIVE,80,4.3,102,2,2,0,0,0
02,120252108066570427,ACTIVE,100,4.3,113,1,1,0,0,0
02,120245838343090436,ACTIVE,100,4.279999999999999,178,6,6,1,0,0
02,120245905867350436,ACTIVE,100,4.26,153,5,6,1,0,0
02,120247583319740586,ACTIVE,100,4.25,78,1,2,0,0,0
02,120246470015580752,ACTIVE,28,4.25,67,2,2,0,0,0
02,120252357630990450,ACTIVE,100,4.21,44,0,1,1,0,0
02,120248204610010425,ACTIVE,100,4.19,87,3,4,0,0,0
02,120246180858540686,ACTIVE,126,4.16,55,1,1,0,0,0
02,120248447904790043,ACTIVE,80,4.13,62,1,1,0,0,0
02,23858073029630799,ACTIVE,150,4.13,34,3,2,1,0,0
02,120247956894360629,ACTIVE,100,4.09,118,3,3,0,0,0
02,120250329792700100,ACTIVE,89,4.05,96,4,6,0,0,0
02,120249287169520455,ACTIVE,200,4.02,114,3,1,0,0,0
02,120249580311700695,ACTIVE,100,4.02,118,5,2,0,0,0
02,120246178929760752,ACTIVE,100,4,52,0,0,0,0,0
02,120250722702450019,ACTIVE,50,3.98,54,2,3,0,0,0
02,120249529043470152,ACTIVE,80,3.9699999999999998,63,1,0,0,0,0
02,120248454804160509,ACTIVE,80,3.93,54,0,3,1,0,0
02,120252107366000427,ACTIVE,100,3.9299999999999997,118,0,0,0,0,0
02,120246809754490177,ACTIVE,133,3.8899999999999997,72,1,3,0,0,0
02,120252158322580651,ACTIVE,150,3.87,119,1,1,0,0,0
02,120248842978890462,ACTIVE,230,3.86,64,7,5,1,0,0
02,120242746886630788,ACTIVE,30,3.8400000000000003,46,0,0,0,0,0
02,120248383199430084,ACTIVE,50,3.84,29,0,1,0,0,0
02,120247405391800674,ACTIVE,136,3.8,61,2,2,1,1,46.230000000000004
02,120250079096940127,ACTIVE,100,3.7800000000000002,57,2,2,1,1,36.47
02,120248385748060043,ACTIVE,200,3.77,53,1,1,0,0,0
02,120247762435760509,ACTIVE,100,3.76,45,2,3,0,0,0
02,120245689540550436,ACTIVE,100,3.75,164,6,9,2,1,41.98
02,120245087420500146,ACTIVE,100,3.7300000000000004,106,2,2,0,0,0
02,120248977397730642,ACTIVE,205,3.6499999999999995,67,2,2,0,0,0
02,120249447976690374,ACTIVE,80,3.63,52,1,4,1,1,29.98
02,120251109241560577,ACTIVE,100,3.58,146,7,7,0,0,0
02,120242694742870146,ACTIVE,110,3.58,110,4,4,0,0,0
02,120247957196080629,ACTIVE,100,3.5700000000000003,86,0,1,0,0,0
02,120250623625120057,ACTIVE,100,3.5700000000000003,20,1,1,0,0,0
02,120246209510180125,ACTIVE,100,3.54,54,1,1,0,0,0
02,120250508133810064,ACTIVE,50,3.5300000000000002,58,0,0,0,0,0
02,120250337858370100,ACTIVE,100,3.53,87,1,2,0,0,0
02,120249107449180469,ACTIVE,100,3.5199999999999996,103,2,2,0,0,0
02,120246733902040065,ACTIVE,80,3.51,57,1,1,0,0,0
02,120248760611910469,ACTIVE,100,3.5,110,1,1,0,0,0
02,120246733901990065,ACTIVE,80,3.5,61,3,4,0,0,0
02,120247483547270590,ACTIVE,80,3.5,169,0,0,0,0,0
02,120245899907890065,ACTIVE,115,3.4999999999999996,54,5,5,1,1,29.979999999999997
02,120244813153430146,ACTIVE,100,3.45,119,1,1,0,0,0
02,120235701428400210,ACTIVE,200,3.36,82,0,0,0,0,0
02,120247680102270175,ACTIVE,225,3.29,177,2,3,0,0,0
02,120245535358130788,ACTIVE,50,3.29,75,3,3,0,0,0
02,120248447974370043,ACTIVE,80,3.28,31,0,3,1,1,45.81999999999999
02,120249344116270065,ACTIVE,94,3.27,62,2,2,0,0,0
02,120246620204590630,ACTIVE,80,3.26,68,2,2,0,0,0
02,120250337858340100,ACTIVE,100,3.24,75,0,0,0,0,0
02,120250508133710064,ACTIVE,50,3.21,38,1,1,1,0,0
02,120248336280930090,ACTIVE,227,3.21,37,1,0,0,0,0
02,120252920297380210,ACTIVE,120,3.2,90,3,2,1,0,0
02,120246733877000065,ACTIVE,80,3.2,58,2,3,0,0,0
02,120251181205120577,ACTIVE,101,3.1599999999999997,78,2,2,0,0,0
02,120245081768920146,ACTIVE,100,3.15,57,0,2,0,0,0
02,120249447976780374,ACTIVE,80,3.15,42,1,2,2,1,29.979999999999997
02,120249258523200469,ACTIVE,100,3.13,58,1,1,0,0,0
02,120248598576010303,ACTIVE,68,3.11,39,2,2,0,0,0
02,120250623729250057,ACTIVE,100,3.08,26,0,0,0,0,0
02,120248924408910544,ACTIVE,74,3.0599999999999996,63,1,1,0,0,0
02,120247569390530674,ACTIVE,100,3.05,65,2,2,0,0,0
02,120250429792780057,ACTIVE,100,3.0000000000000004,34,1,0,0,0,0
02,120248141448610214,ACTIVE,130,3,58,1,1,1,0,0
02,120248452492510509,ACTIVE,100,2.97,76,2,2,1,1,61.97
02,120249535727510116,ACTIVE,100,2.9699999999999998,56,1,1,0,0,0
02,120249777339790229,ACTIVE,55,2.92,123,2,2,0,0,0
02,120246471244780065,ACTIVE,229,2.9000000000000004,65,5,6,2,1,49.52
02,120251051307340019,ACTIVE,30,2.9,62,4,3,0,0,0
02,120249232068930561,ACTIVE,100,2.87,85,0,0,0,0,0
02,120246931507190320,ACTIVE,120,2.87,85,0,0,0,0,0
02,120246808176070320,ACTIVE,120,2.8600000000000003,95,1,0,0,0,0
02,120258931690100586,ACTIVE,30,2.86,52,0,3,2,0,0
02,120246479062780133,ACTIVE,100,2.8499999999999996,31,1,1,0,0,0
02,120248764599250589,ACTIVE,100,2.83,53,2,2,0,0,0
02,120244164847370788,ACTIVE,30,2.81,51,3,3,0,0,0
02,120248383155230084,ACTIVE,50,2.78,35,3,3,0,0,0
02,6997456213633,ACTIVE,80,2.77,70,1,4,0,0,0
02,120244242496990780,ACTIVE,100,2.77,66,0,0,0,0,0
02,120249128119020564,ACTIVE,80,2.77,70,2,2,0,0,0
02,120248688541650751,ACTIVE,40,2.7399999999999998,27,0,0,0,0,0
02,120252069258880722,ACTIVE,40,2.73,38,0,0,0,0,0
02,120242389399980544,ACTIVE,80,2.7199999999999998,61,2,2,0,0,0
02,120246676754100650,ACTIVE,100,2.7,50,0,0,0,0,0
02,120249447976460374,ACTIVE,80,2.7,43,0,1,0,0,0
02,120250508133680064,ACTIVE,50,2.67,53,0,0,0,0,0
02,120251063106910166,ACTIVE,10,2.67,53,1,1,0,0,0
02,120246299672680751,ACTIVE,115,2.65,65,1,1,0,0,0
02,120248885568260126,ACTIVE,80,2.6399999999999997,68,0,0,0,0,0
02,120246997356490752,ACTIVE,180,2.63,91,4,3,0,0,0
02,120259048667380586,ACTIVE,30,2.63,53,1,1,0,0,0
02,120249020749560065,ACTIVE,50,2.63,61,1,1,0,0,0
02,120249361802360487,PAUSED,80,2.63,32,2,2,0,0,0
02,120245530294750678,ACTIVE,100,2.63,103,0,0,0,0,0
02,120248539964810462,ACTIVE,100,2.58,58,3,3,0,0,0
02,120251979136820210,ACTIVE,100,2.56,25,1,0,0,0,0
02,120250355851210064,ACTIVE,50,2.5300000000000002,39,0,0,0,0,0
02,120247572218440674,ACTIVE,80,2.53,48,0,2,0,0,0
02,120248383155080084,ACTIVE,50,2.52,13,0,0,0,0,0
02,120249238610320065,ACTIVE,80,2.5,54,1,1,1,1,49.519999999999996
02,120251210404530057,ACTIVE,100,2.5,17,0,0,0,0,0
02,120247189109490707,ACTIVE,80,2.46,37,2,2,0,0,0
02,120246733876960065,ACTIVE,80,2.45,54,1,1,0,0,0
02,120248330641110509,ACTIVE,100,2.44,72,1,2,0,0,0
02,120249141869160564,ACTIVE,80,2.4299999999999997,58,2,2,0,0,0
02,120245942236800686,ACTIVE,100,2.42,27,0,0,0,0,0
02,120248899610300065,ACTIVE,40,2.3899999999999997,35,2,2,0,0,0
02,120249196455930425,ACTIVE,170,2.38,43,1,0,0,0,0
02,120235701428420210,ACTIVE,200,2.38,83,0,1,1,1,71.71000000000001
02,120245514271720065,ACTIVE,115,2.38,51,0,1,0,0,0
02,120248320516160509,ACTIVE,50,2.36,23,1,2,1,1,29.979999999999997
02,120250159337130351,ACTIVE,50,2.34,44,0,0,0,0,0
02,120248383861080100,ACTIVE,100,2.32,72,0,1,0,0,0
02,120247400111930032,ACTIVE,80,2.32,55,2,2,1,0,0
02,120248304056930090,ACTIVE,70,2.29,48,1,0,0,0,0
02,120245172485300146,ACTIVE,100,2.29,35,3,2,0,0,0
02,120250629224470319,ACTIVE,100,2.27,52,1,1,0,0,0
02,120246479356190133,ACTIVE,100,2.25,30,2,2,1,0,0
02,120249238610510065,ACTIVE,80,2.2399999999999998,38,1,1,0,0,0
02,120246440355140780,ACTIVE,80,2.23,45,2,2,0,0,0
02,120245689540450436,ACTIVE,100,2.23,101,0,2,0,0,0
02,120248228345780043,ACTIVE,100,2.21,56,1,1,0,0,0
02,120245241486300129,ACTIVE,80,2.21,48,0,2,0,0,0
02,120258936627410586,ACTIVE,100,2.21,74,0,0,0,0,0
02,120247105534220320,ACTIVE,100,2.17,67,6,4,0,0,0
02,120242301213170065,ACTIVE,300,2.17,81,0,0,0,0,0
02,120246479174050133,ACTIVE,100,2.16,34,0,0,0,0,0
02,6997456214233,ACTIVE,80,2.16,67,2,2,0,0,0
02,120246024108390751,ACTIVE,300,2.1500000000000004,56,0,2,0,0,0
02,120251827078290368,ACTIVE,80,2.14,39,2,2,0,0,0
02,120250445767170166,ACTIVE,15,2.1399999999999997,46,4,4,1,1,41.17
02,120251660169230722,ACTIVE,50,2.13,31,3,2,0,0,0
02,120250270945240663,ACTIVE,35,2.11,18,2,1,1,0,0
02,120245782585560678,ACTIVE,237,2.09,54,1,1,0,0,0
02,120250092640150663,ACTIVE,80,2.08,34,1,3,1,1,66.02
02,120246658595190780,ACTIVE,80,2.07,67,2,2,0,0,0
02,120259048667470586,ACTIVE,30,2.04,59,0,0,0,0,0
02,120248492410110561,ACTIVE,280,2.02,74,1,2,0,0,0
02,120246440557020780,ACTIVE,80,2.01,39,0,1,0,0,0
02,120247400497760032,ACTIVE,100,2.01,38,0,1,0,0,0
02,120249573023870116,ACTIVE,100,1.98,27,0,3,0,0,0
02,120244302719050146,ACTIVE,100,1.9500000000000002,54,0,0,0,0,0
02,120248893532100100,ACTIVE,100,1.95,61,0,0,0,0,0
02,120248800044910751,ACTIVE,135,1.95,65,3,4,0,0,0
02,120248452492430509,ACTIVE,100,1.94,69,0,2,0,0,0
02,120249300729750589,ACTIVE,100,1.9300000000000002,59,2,1,0,0,0
02,120246210137720125,ACTIVE,100,1.8900000000000001,42,4,5,1,0,0
02,6973002165426,ACTIVE,50,1.8900000000000001,48,2,2,0,0,0
02,120249900602730431,ACTIVE,80,1.8899999999999997,62,4,4,0,0,0
02,120247223966660470,ACTIVE,30,1.85,27,0,0,0,0,0
02,23858146922430799,ACTIVE,80,1.85,31,0,0,0,0,0
02,120249447976520374,ACTIVE,80,1.84,44,0,0,0,0,0
02,120246188701000686,ACTIVE,80,1.83,43,0,0,0,0,0
02,23858146922500799,ACTIVE,80,1.82,46,1,1,0,0,0
02,120245279091880436,ACTIVE,100,1.8199999999999998,82,0,0,0,0,0
02,120245306349070462,ACTIVE,100,1.81,46,2,2,0,0,0
02,120249983688340565,ACTIVE,100,1.79,39,0,0,0,0,0
02,120252069258690722,ACTIVE,40,1.78,38,2,2,0,0,0
02,120248881081710126,ACTIVE,80,1.76,39,4,3,0,0,0
02,120246219468190177,ACTIVE,100,1.75,39,1,0,1,0,0
02,120247313991580561,ACTIVE,150,1.74,75,1,2,0,0,0
02,120248381419940043,ACTIVE,200,1.73,38,1,4,0,0,0
02,120249694269820695,ACTIVE,50,1.73,35,1,1,0,0,0
02,120248287670480214,ACTIVE,190,1.7200000000000002,49,0,0,0,0,0
02,120249361972230487,PAUSED,80,1.65,15,3,3,0,0,0
02,120249361680490487,PAUSED,80,1.65,17,1,1,0,0,0
02,120243117326020544,ACTIVE,80,1.63,16,0,0,0,0,0
02,120250656662350589,ACTIVE,142,1.61,61,1,1,0,0,0
02,6998743229226,ACTIVE,50,1.6099999999999999,56,1,1,0,0,0
02,120247572218630674,ACTIVE,80,1.58,43,0,0,0,0,0
02,120245251316060477,ACTIVE,100,1.56,23,1,1,0,0,0
02,120248598654680561,ACTIVE,76,1.55,27,1,0,0,0,0
02,120246402943010533,ACTIVE,100,1.5099999999999998,56,3,3,0,0,0
02,120248304803930065,ACTIVE,50,1.4700000000000002,41,0,0,0,0,0
02,120247319362190032,ACTIVE,100,1.46,32,0,3,0,0,0
02,120249299930660544,ACTIVE,80,1.46,26,1,1,0,0,0
02,120250629224620319,ACTIVE,100,1.45,43,0,0,0,0,0
02,120246754801740509,ACTIVE,101,1.44,9,0,0,0,0,0
02,120248304056960090,ACTIVE,70,1.41,30,0,0,0,0,0
02,120247902130520509,PAUSED,100,1.4,57,2,2,0,0,0
02,120246381767620032,ACTIVE,80,1.38,34,0,1,0,0,0
02,120250508133730064,ACTIVE,50,1.37,34,0,0,0,0,0
02,120251789041250404,ACTIVE,100,1.3699999999999999,22,4,3,0,0,0
02,120242709811040544,ACTIVE,80,1.35,48,1,1,0,0,0
02,120248899657010065,ACTIVE,40,1.34,38,1,1,0,0,0
02,120249474040160389,ACTIVE,100,1.28,48,0,0,0,0,0
02,120253146865300054,ACTIVE,100,1.26,9,0,0,0,0,0
02,120249375752300152,ACTIVE,90,1.26,53,1,1,0,0,0
02,120245481989400065,ACTIVE,40,1.25,52,1,1,0,0,0
02,120248899388190065,ACTIVE,40,1.1500000000000001,23,5,4,1,1,29.98
02,120249915477060431,ACTIVE,80,1.12,22,0,0,0,0,0
02,120251944302720368,ACTIVE,80,1.11,38,0,1,0,0,0
02,120248383199500084,ACTIVE,50,1.11,17,1,2,1,0,0
02,120249020749590065,ACTIVE,50,1.1,29,0,0,0,0,0
02,120245031641620146,ACTIVE,100,1.09,27,0,1,0,0,0
02,120245380137820707,ACTIVE,120,1.08,42,0,0,0,0,0
02,120246452282830177,ACTIVE,100,1.08,18,0,0,0,0,0
02,120248899388140065,ACTIVE,40,1.07,21,0,0,0,0,0
02,120246299721450751,ACTIVE,195,1.06,33,0,2,0,0,0
02,120248899610230065,ACTIVE,40,1.05,21,1,1,0,0,0
02,120246513499500780,ACTIVE,80,1.03,26,1,0,0,0,0
02,120249529930250152,ACTIVE,80,1.02,23,2,2,1,1,28.98
02,120247983277080167,ACTIVE,80,0.99,24,1,1,0,0,0
02,120252090042790210,ACTIVE,94,0.98,36,0,1,0,0,0
02,120250393756120064,PAUSED,50,0.97,24,0,0,0,0,0
02,120253458760070348,ACTIVE,80,0.96,2,0,0,0,0,0
02,120248077222780477,ACTIVE,100,0.94,26,1,1,0,0,0
02,120250270945270663,ACTIVE,35,0.9299999999999999,22,1,1,0,0,0
02,120251141863680019,ACTIVE,50,0.91,18,1,1,0,0,0
02,120249474040130389,ACTIVE,100,0.8600000000000001,18,1,1,0,0,0
02,120248304803400065,ACTIVE,50,0.8400000000000001,28,0,2,0,0,0
02,120245481989440065,ACTIVE,40,0.84,17,0,0,0,0,0
02,120249730950240229,ACTIVE,100,0.82,29,1,1,0,0,0
02,120245889270720065,ACTIVE,40,0.81,39,0,0,0,0,0
02,120248130116260214,ACTIVE,130,0.81,22,0,0,0,0,0
02,120248539964750462,ACTIVE,60,0.79,15,2,2,0,0,0
02,120249352848540469,ACTIVE,100,0.77,22,0,1,0,0,0
02,120247131790900470,ACTIVE,50,0.76,38,0,0,0,0,0
02,120252182229950450,ACTIVE,100,0.76,18,0,0,0,0,0
02,120249020245670065,ACTIVE,50,0.76,10,0,0,0,0,0
02,120249236418490561,ACTIVE,90,0.76,14,1,1,0,0,0
02,23858191024040794,ACTIVE,100,0.75,4,0,0,0,0,0
02,120247131790930470,ACTIVE,50,0.72,43,3,3,0,0,0
02,120252102856020404,ACTIVE,56,0.72,13,0,0,0,0,0
02,120249020245640065,ACTIVE,50,0.71,19,1,1,0,0,0
02,120248899656950065,ACTIVE,40,0.7000000000000001,7,0,0,1,0,0
02,120247924205270214,ACTIVE,50,0.6900000000000001,21,1,3,0,0,0
02,120248688541620751,ACTIVE,40,0.68,6,1,1,0,0,0
02,120248184540550090,ACTIVE,325,0.67,31,1,2,0,0,0
02,120250401823370725,ACTIVE,100,0.59,10,0,0,0,0,0
02,120245889270610065,ACTIVE,40,0.5800000000000001,32,0,0,0,0,0
02,120250156416670100,ACTIVE,100,0.56,36,0,1,0,0,0
02,120249252046510229,ACTIVE,100,0.55,35,0,0,0,0,0
02,120245241485180129,ACTIVE,80,0.54,18,0,1,0,0,0
02,120258788750520586,ACTIVE,30,0.54,11,2,1,0,0,0
02,120249983687590565,PAUSED,100,0.53,4,0,0,0,0,0
02,120248688541680751,ACTIVE,40,0.53,12,0,0,0,0,0
02,120246180858520686,ACTIVE,80,0.5,2,0,0,0,0,0
02,120249498266450589,ACTIVE,100,0.49,13,0,0,0,0,0
02,120252191525360210,ACTIVE,100,0.46,11,0,0,0,0,0
02,120250403343510725,ACTIVE,100,0.46,10,0,0,0,0,0
02,120246843188440752,ACTIVE,100,0.46,33,0,0,0,0,0
02,120249473727060389,ACTIVE,100,0.44,10,0,0,0,0,0
02,120250942814310577,ACTIVE,100,0.42000000000000004,10,0,0,0,0,0
02,120244480112510436,ACTIVE,100,0.42,19,0,0,0,0,0
02,120249120674110404,ACTIVE,250,0.41000000000000003,13,0,0,0,0,0
02,120250790045220586,ACTIVE,100,0.37,10,0,0,0,0,0
02,120249128118780564,ACTIVE,80,0.36,4,0,1,0,0,0
02,120248922585490210,ACTIVE,200,0.36,18,0,0,0,0,0
02,120250403419350725,ACTIVE,100,0.35,18,0,1,0,0,0
02,120246737185780177,ACTIVE,133,0.35,6,0,2,1,1,71.21
02,120249468033420389,ACTIVE,78,0.33999999999999997,7,0,1,0,0,0
02,23858191064040794,ACTIVE,100,0.33,4,0,0,0,0,0
02,120250602380270653,PAUSED,80,0.3,4,1,1,0,0,0
02,120247322092240241,ACTIVE,100,0.29000000000000004,14,0,0,0,0,0
02,120244860107220146,ACTIVE,100,0.28,7,0,0,0,0,0
02,120247983232350167,ACTIVE,80,0.27,7,0,0,0,0,0
02,120244978756050678,ACTIVE,100,0.27,10,0,0,0,0,0
02,120248336280980090,ACTIVE,298,0.26,4,0,0,0,0,0
02,120247245979210389,ACTIVE,100,0.26,6,0,1,1,0,0
02,120251788791190404,ACTIVE,100,0.25,3,0,0,0,0,0
02,120250355851310064,ACTIVE,50,0.24,8,0,0,0,0,0
02,120246928447770752,ACTIVE,100,0.24,6,1,1,0,0,0
02,120258789196360586,ACTIVE,30,0.23,7,0,0,0,0,0
02,120247400306070032,ACTIVE,80,0.23,10,2,2,1,0,0
02,120258922417790586,ACTIVE,30,0.19999999999999998,9,0,0,0,0,0
02,120246921246130533,ACTIVE,100,0.19,14,0,0,0,0,0
02,120242883956790544,ACTIVE,80,0.19,10,0,0,0,0,0
02,120246755850270533,ACTIVE,100,0.18,13,0,0,0,0,0
02,120250941148110577,ACTIVE,100,0.18,10,0,0,0,0,0
02,120249222252410065,ACTIVE,350,0.16999999999999998,10,0,0,0,0,0
02,120251254946790722,ACTIVE,50,0.16,1,0,0,0,0,0
02,120252598297590166,ACTIVE,30,0.15,2,0,0,0,0,0
02,120247333375690674,ACTIVE,50,0.14,5,0,1,0,0,0
02,120245516609390788,ACTIVE,30,0.14,3,0,0,0,0,0
02,120247405294490674,ACTIVE,100,0.13,5,0,0,0,0,0
02,120252590102520166,ACTIVE,30,0.12,10,0,0,0,0,0
02,120252595965290166,ACTIVE,30,0.1,1,0,0,0,0,0
02,120246121072780125,PAUSED,300,0.1,3,0,0,0,0,0
02,120247307817110032,ACTIVE,80,0.09,2,0,1,0,0,0
02,120252205832760166,ACTIVE,10,0.08,3,0,0,0,0,0
02,120248227096110465,ACTIVE,11,0.07,1,0,0,0,0,0
02,120248977397800642,ACTIVE,121,0.06,4,0,0,0,0,0
02,120251868137060166,ACTIVE,10,0.06,3,0,0,0,0,0
02,120252594940370166,ACTIVE,30,0.05,2,0,0,0,0,0
02,120246465900910677,PAUSED,100,0.04,1,0,0,0,0,0
02,120252589978110166,ACTIVE,30,0.03,1,0,0,0,0,0
02,120245081768890146,ACTIVE,100,0.03,2,0,0,0,0,0
02,120251788886810404,ACTIVE,100,0.03,1,0,0,0,0,0
02,120249344116310065,ACTIVE,94,0.02,1,0,0,0,0,0
02,120248243632310509,ACTIVE,200,0.02,2,0,0,0,0,0
02,120252589978050166,ACTIVE,30,0.02,2,0,0,0,0,0
02,120252205063890166,ACTIVE,10,0.02,1,0,0,0,0,0
02,120249871750440100,ACTIVE,120,0.01,3,0,1,0,0,0
02,120249217032280544,ACTIVE,100,0.01,1,0,0,0,0,0
02,120247388947230241,ACTIVE,100,0,0,0,0,0,0,0
02,120246245009890686,ACTIVE,80,0,0,0,0,0,0,0
02,120246245009930686,ACTIVE,80,0,0,0,0,0,0,0
02,120249272919060455,PAUSED,528,0,0,0,1,0,0,0
02,120248331315260509,PAUSED,100,0,0,0,0,0,0,0
02,120249446863910374,PAUSED,80,0,0,0,0,0,0,0
02,120249446863940374,PAUSED,80,0,0,0,0,0,0,0
02,120249446863960374,PAUSED,80,0,0,0,0,0,0,0
02,120249446864100374,PAUSED,80,0,0,0,0,0,0,0
02,120246245031290686,ACTIVE,80,0,0,0,0,0,0,0
02,120246245031330686,ACTIVE,80,0,0,0,0,0,0,0
02,120246245073330686,ACTIVE,80,0,0,0,0,0,0,0
02,120246245073360686,ACTIVE,80,0,0,0,0,0,0,0
02,120248170232840041,ACTIVE,80,0,0,0,0,0,0,0
02,120248170232750041,ACTIVE,80,0,0,0,0,0,0,0
02,120246245620660686,ACTIVE,80,0,0,0,0,0,0,0
02,120246245620730686,ACTIVE,80,0,0,0,0,0,0,0
02,120246286289450125,ACTIVE,100,0,0,0,0,0,0,0
02,120249193426010564,ACTIVE,80,0,0,0,0,0,0,0
02,120249193425970564,ACTIVE,80,0,0,0,0,0,0,0
02,120246244958270686,ACTIVE,80,0,0,0,0,0,0,0
02,120247571950230674,ACTIVE,80,0,0,0,0,0,0,0
02,120250211391680717,ACTIVE,80,0,0,0,0,0,0,0
02,120250211391750717,ACTIVE,80,0,0,0,0,0,0,0
02,120247571950210674,ACTIVE,80,0,0,0,0,0,0,0
02,120250224179000100,ACTIVE,100,0,1,0,0,0,0,0
02,120246392026150179,ACTIVE,80,0,0,0,0,0,0,0
02,120247487456420442,ACTIVE,100,0,0,0,0,0,0,0
02,120247487456360442,ACTIVE,100,0,0,0,0,0,0,0
02,120246392026370179,ACTIVE,80,0,0,0,0,0,0,0
02,120247480459470590,PAUSED,80,0,0,0,0,0,0,0
02,120247480459120590,PAUSED,80,0,0,0,0,0,0,0
02,120247480374340590,PAUSED,80,0,0,0,0,0,0,0
02,120245161781490129,PAUSED,60,0,0,0,0,0,0,0
02,120247480374230590,PAUSED,80,0,0,0,0,0,0,0
02,120247480238410590,PAUSED,80,0,0,0,0,0,0,0
02,120247480238110590,PAUSED,80,0,0,0,0,0,0,0
02,120250480128780392,ACTIVE,100,0,0,0,0,0,0,0
02,120250480129310392,ACTIVE,100,0,0,0,0,0,0,0
02,120246244937140686,ACTIVE,80,0,0,0,0,0,0,0
02,120246244810270686,ACTIVE,80,0,0,0,0,0,0,0
02,120250509772640725,ACTIVE,100,0,0,0,0,0,0,0
02,120250509772850725,ACTIVE,100,0,0,0,0,0,0,0
02,120250509840740725,ACTIVE,100,0,0,0,0,0,0,0
02,120250509929260725,ACTIVE,100,0,0,0,0,0,0,0
02,120250509929300725,ACTIVE,100,0,0,0,0,0,0,0
02,120250510051110725,ACTIVE,100,0,0,0,0,0,0,0
02,120250510089030725,ACTIVE,100,0,0,0,0,0,0,0
02,120250510217580725,ACTIVE,100,0,0,0,0,0,0,0
02,120250510217700725,ACTIVE,100,0,0,0,0,0,0,0
02,120250510276530725,ACTIVE,100,0,0,0,0,0,0,0
02,120250510276600725,ACTIVE,100,0,0,0,0,0,0,0
02,120247426861250031,ACTIVE,80,0,0,0,0,0,0,0
02,120247426861210031,ACTIVE,80,0,0,0,0,0,0,0
02,120247389999270241,ACTIVE,100,0,0,0,0,0,0,0
02,120247389874330241,ACTIVE,100,0,0,0,0,0,0,0
02,120247389724220241,ACTIVE,100,0,0,0,0,0,0,0
02,120251214911160279,ACTIVE,80,0,0,0,0,0,0,0
02,120251214911170279,ACTIVE,80,0,0,0,0,0,0,0
02,120247389154910241,ACTIVE,100,0,0,0,0,0,0,0
02,120247389154890241,ACTIVE,100,0,0,0,0,0,0,0
02,120248311770270509,PAUSED,100,0,0,0,1,0,0,0
02,120252401926860709,ACTIVE,80,0,0,0,0,0,0,0
02,120252401981500709,ACTIVE,80,0,0,0,0,0,0,0
02,120252460811520404,ACTIVE,80,0,0,0,0,0,0,0
02,120252460811580404,ACTIVE,80,0,0,0,0,0,0,0
02,120248452868840509,ACTIVE,100,0,0,0,0,0,0,0
02,120248452868900509,ACTIVE,100,0,0,0,0,0,0,0
02,120248454804220509,ACTIVE,80,0,0,0,0,0,0,0
02,120253194882220054,ACTIVE,100,0,0,0,0,0,0,0
02,120254248547210012,PAUSED,80,0,0,0,1,0,0,0
02,120254328143480012,ACTIVE,80,0,0,0,0,0,0,0
02,120254328143540012,ACTIVE,80,0,0,0,0,0,0,0
02,23858233581730790,PAUSED,80,0,0,0,0,0,0,0
02,120246244988860686,ACTIVE,80,0,0,0,0,0,0,0
03,120249177863610455,ACTIVE,812,116.21,2939,88,80,3,1,84.37
03,120245941415570686,ACTIVE,700,114.4,1402,37,42,9,5,209.86999999999998
03,120244431777030751,ACTIVE,800,108.78999999999999,2436,59,69,11,5,260.6
03,120246135738040630,ACTIVE,416,91.86,3489,0,100,8,5,234.85000000000002
03,120246273720740455,ACTIVE,574,91.27000000000001,2227,56,59,6,2,119.32
03,120244823852300686,ACTIVE,540,89.38,1086,38,43,4,3,152.41
03,120243986668280589,ACTIVE,1200,85.21000000000001,1992,43,42,7,4,139.46
03,120249110988580455,ACTIVE,681,78.11999999999999,2712,66,65,6,4,286.57
03,120241671273870455,ACTIVE,474,73.1,1778,39,38,3,1,60.41
03,120244430700860708,ACTIVE,425,69.31,1135,28,33,6,4,224.51
03,120249231443520389,ACTIVE,374,63.93000000000001,2298,68,63,6,3,103.82
03,120246299672700751,ACTIVE,300,63.37,1427,27,28,6,0,0
03,120245334049540065,ACTIVE,510,63.08,1072,31,37,3,3,89.94
03,120243276755660065,ACTIVE,500,60.339999999999996,1905,42,51,11,9,424.77
03,120245334049460065,ACTIVE,680,60.31,1012,35,43,7,2,117.41999999999999
03,120244689533970708,ACTIVE,525,59.739999999999995,976,28,31,2,2,81.08
03,120248416747190708,ACTIVE,220,59.26,1078,27,25,1,1,29.94
03,120247136451350725,ACTIVE,1000,57.87,1625,29,36,5,2,117.93
03,120246832758790677,ACTIVE,456,57.04,1659,14,16,1,0,0
03,120244164741820146,ACTIVE,598,55.17,1519,38,48,2,1,41.980000000000004
03,120249217383010544,PAUSED,250,54.29,738,18,19,3,2,55.96
03,120252064052550709,ACTIVE,500,52.55,835,26,26,3,2,75.49
03,120242301213710065,ACTIVE,550,49.92,1907,23,29,2,1,29.98
03,120248288633070389,ACTIVE,144,48.55,709,1,35,4,0,0
03,120246828454030629,ACTIVE,683,46.99,883,27,29,3,2,126.32000000000001
03,120249433591590100,ACTIVE,500,43.510000000000005,1240,23,23,2,2,118.71000000000001
03,120241066464020065,ACTIVE,470,41.46,1718,24,26,7,5,246.44
03,120248332283150708,ACTIVE,322,39.97,881,11,16,4,1,51.14
03,120245400790120686,ACTIVE,500,39.89,786,11,15,2,1,29.98
03,120244928009900146,ACTIVE,306,39.78,942,30,20,1,2,120.58999999999999
03,120247449223630097,ACTIVE,400,39.64,1267,23,23,1,1,61.97
03,120245891909090125,ACTIVE,500,38.31,716,14,15,3,3,177.67
03,120247073165120090,ACTIVE,921,37.86,1064,37,43,1,0,0
03,120250216921880100,ACTIVE,500,37.79,1024,20,23,1,1,113.31
03,120251425264570709,ACTIVE,300,37.730000000000004,597,13,17,1,1,46.37
03,120248059117540214,ACTIVE,300,37.43,807,20,30,3,2,68.69999999999999
03,120246040085600751,ACTIVE,300,37.33,814,19,21,2,2,89.1
03,120245539332330436,ACTIVE,500,37.19,1472,30,33,1,1,68.23
03,120244813077130146,ACTIVE,500,36.8,583,20,15,2,2,83.96
03,120249999663760100,ACTIVE,375,36.66,1034,25,28,4,3,143.29000000000002
03,120247325002770564,ACTIVE,500,36.64,1128,19,17,0,0,0
03,120245750135860686,ACTIVE,100,35.25,358,6,12,0,1,51.22
03,120248722531060455,ACTIVE,240,34.23,820,19,17,1,1,60.410000000000004
03,120245400596270686,ACTIVE,200,34.099999999999994,1951,62,64,10,4,161.15
03,120249935914370589,ACTIVE,335,33.66,748,13,15,1,1,29.98
03,120249325405290389,ACTIVE,300,33.54,1226,46,47,6,1,34.86
03,120253192598020054,ACTIVE,118,33.06,413,2,3,0,0,0
03,120244761091850146,ACTIVE,500,32.1,654,19,20,4,2,117.19
03,120244761233710455,ACTIVE,436,31.68,653,0,14,0,0,0
03,120245694161990686,ACTIVE,257,31.66,309,7,8,1,1,71.21000000000001
03,23858191063980794,ACTIVE,100,31.479999999999997,341,8,8,0,0,0
03,120249020782530389,ACTIVE,300,31.439999999999998,899,19,18,3,2,106.16999999999999
03,120245469696060686,ACTIVE,100,30.19,482,7,9,0,0,0
03,120248563890890642,ACTIVE,400,30.129999999999995,726,11,11,1,0,0
03,120248274792600090,ACTIVE,198,29.75,490,20,18,2,1,62.39
03,120246023777450751,ACTIVE,300,29.66,638,21,22,5,0,0
03,120245882219820678,ACTIVE,105,28.66,289,4,4,0,0,0
03,120244034916020436,ACTIVE,426,28.630000000000003,1123,28,25,4,1,104.67
03,23858191024100794,ACTIVE,100,28.04,349,5,9,0,0,0
03,120246928620620752,ACTIVE,300,27.650000000000002,727,19,22,3,0,0
03,7000061165970,ACTIVE,250,27.56,791,20,25,3,3,171.15
03,120248308537530509,ACTIVE,300,27.430000000000003,953,14,14,1,1,34.980000000000004
03,120253194321230054,ACTIVE,100,27.13,381,7,6,1,0,0
03,120249111980100065,ACTIVE,100,27,662,14,16,1,0,0
03,120242301213170065,ACTIVE,300,26.869999999999997,1140,9,13,3,2,59.96
03,120248854598290455,ACTIVE,586,26.52,674,0,16,3,2,120.82000000000001
03,120249730950860229,ACTIVE,300,26.28,626,14,18,2,1,49.97
03,120248320516200509,ACTIVE,200,26.1,391,14,15,2,1,29.98
03,120251997719170404,ACTIVE,100,25.89,316,16,18,1,0,0
03,120245201694370686,ACTIVE,100,25.810000000000002,357,3,5,0,0,0
03,120249754760810019,PAUSED,50,25.37,333,11,12,1,1,29.979999999999997
03,23858190995890794,ACTIVE,100,25.29,323,9,12,0,0,0
03,120249325186790389,ACTIVE,300,25.21,914,15,11,1,1,34.86
03,120247935278530175,ACTIVE,425,25.160000000000004,610,20,19,2,1,57.900000000000006
03,120248416746740708,ACTIVE,155,25.15,588,16,14,1,1,107.27000000000001
03,120245179332800129,ACTIVE,150,24.97,597,24,23,3,1,66.47999999999999
03,120246299672740751,ACTIVE,300,24.810000000000002,666,13,17,2,2,60.67
03,120250296395520100,ACTIVE,300,24.680000000000003,618,16,17,3,3,156.88000000000002
03,120246808388750320,ACTIVE,270,24.68,796,14,13,0,0,0
03,120248563890830642,ACTIVE,400,24.630000000000003,692,13,17,0,0,0
03,120249871401270725,ACTIVE,500,24.160000000000004,505,10,10,1,0,0
03,120253122370210054,ACTIVE,137,23.83,298,7,6,3,0,0
03,120248158101890629,ACTIVE,126,23.76,257,7,8,0,0,0
03,120253195270800054,ACTIVE,100,23.549999999999997,258,2,4,0,0,0
03,120253195554740054,ACTIVE,100,23.25,254,6,8,0,0,0
03,120248732700550455,ACTIVE,240,23.189999999999998,587,14,13,0,0,0
03,120245514271740065,ACTIVE,195,23.04,407,6,9,1,1,67.91
03,120248734905220544,ACTIVE,80,22.89,521,9,9,2,1,27.98
03,120249468033340389,ACTIVE,205,22.54,690,22,24,2,0,0
03,120247762435840509,ACTIVE,100,22.45,361,10,10,0,0,0
03,120244643680750544,ACTIVE,200,22.310000000000002,527,9,11,2,2,75.5
03,120245557729330686,PAUSED,100,22.28,294,7,6,0,0,0
03,120242031621370065,ACTIVE,229,22.25,587,9,8,0,0,0
03,120258018921720586,ACTIVE,100,21.41,482,12,16,0,1,49.37
03,120248889381040455,ACTIVE,209,21.369999999999997,860,12,8,0,0,0
03,120249344116270065,ACTIVE,94,20.990000000000002,334,12,13,0,0,0
03,120248484683390090,ACTIVE,124,20.990000000000002,376,10,7,2,1,113.87
03,120244963676310686,ACTIVE,80,20.97,260,5,9,3,2,122.42000000000002
03,120246024108390751,ACTIVE,300,20.729999999999997,360,9,13,1,1,24.98
03,120249111979930065,ACTIVE,100,20.62,428,10,9,1,0,0
03,120248484683480090,ACTIVE,124,20.56,364,12,10,0,0,0
03,120244349823030686,ACTIVE,100,20.55,315,11,11,3,1,29.98
03,120245257768630146,ACTIVE,100,20.52,450,15,14,1,1,75.22
03,120248159544200477,ACTIVE,90,20.490000000000002,274,5,5,0,0,0
03,120247377722540477,ACTIVE,136,20.33,235,12,9,1,1,71.21
03,120248012782330065,ACTIVE,146,20.29,522,9,9,3,3,89.94
03,120235336090360210,ACTIVE,200,20.080000000000002,406,10,10,1,0,0
03,120247380152830677,ACTIVE,150,20.02,740,12,17,1,1,41.98
03,120248910639180462,ACTIVE,106,19.889999999999997,263,7,9,0,0,0
03,120245031811820436,ACTIVE,100,19.869999999999997,707,13,18,2,1,68.23
03,120244761869100436,ACTIVE,100,19.759999999999998,751,9,6,1,0,0
03,120250877852440057,ACTIVE,100,19.720000000000002,214,7,7,1,1,73.42
03,120248416194170455,ACTIVE,454,19.63,532,0,11,2,0,0
03,120248249737920509,ACTIVE,200,19.590000000000003,526,10,12,0,0,0
03,120249553547110663,ACTIVE,200,19.57,391,8,12,1,0,0
03,120247775015280090,ACTIVE,132,19.57,416,11,12,0,0,0
03,120250014656210229,ACTIVE,80,19.55,258,6,4,0,0,0
03,120249141691480564,ACTIVE,300,19.439999999999998,559,7,8,1,1,39.98
03,120244079033450320,ACTIVE,120,19.32,669,14,12,1,0,0
03,120249501538580065,ACTIVE,94,19.31,311,7,7,0,0,0
03,120248082904030663,ACTIVE,150,19.24,315,5,11,0,1,92.41
03,120248574839550695,ACTIVE,243,19.1,382,5,9,3,2,199.66
03,120251701953330054,ACTIVE,100,19.009999999999998,385,11,10,1,1,73.2
03,120239930892250650,ACTIVE,300,18.93,300,12,12,0,0,0
03,120247519982390097,ACTIVE,220,18.919999999999998,509,9,13,1,0,0
03,120249286765290368,ACTIVE,200,18.8,342,5,6,1,0,0
03,120249533797640152,ACTIVE,80,18.75,372,11,11,1,0,0
03,120252119065460427,ACTIVE,100,18.740000000000002,286,6,5,2,0,0
03,120246878248760177,ACTIVE,87,18.66,279,8,9,0,0,0
03,120252119065410427,ACTIVE,100,18.44,316,7,8,2,2,126.94000000000001
03,120243753190540054,ACTIVE,101,18.26,392,8,7,1,1,53.22
03,120246297341700177,ACTIVE,101,18.22,320,7,9,0,0,0
03,120246243213310686,ACTIVE,80,18.12,240,6,6,0,0,0
03,120244686931590705,ACTIVE,80,17.98,226,6,5,1,0,0
03,120246660415710177,ACTIVE,100,17.8,318,7,12,1,1,29.98
03,120246878248820177,ACTIVE,87,17.759999999999998,248,6,9,1,0,0
03,120250270342280100,ACTIVE,133,17.58,479,9,11,1,1,22.98
03,120250466943310577,ACTIVE,101,17.4,291,17,14,0,0,0
03,120246243213280686,ACTIVE,80,17.38,243,13,12,0,0,0
03,120250014496850229,ACTIVE,80,17.299999999999997,220,5,6,1,1,67.46
03,120248911416770577,ACTIVE,102,17.28,250,10,9,2,1,50.31
03,120258018661030586,ACTIVE,100,17.27,406,12,14,0,0,0
03,120245339157220686,ACTIVE,100,17.150000000000002,196,6,7,0,1,29.980000000000004
03,120251778959040404,ACTIVE,94,17.049999999999997,255,11,13,0,0,0
03,120249304487320561,ACTIVE,90,17.04,282,5,6,1,0,0
03,120253547301770348,ACTIVE,80,17.01,194,8,8,1,0,0
03,120249107649200126,ACTIVE,89,17,278,10,11,2,2,79.5
03,120248089703400629,ACTIVE,152,16.89,416,6,7,1,1,36.949999999999996
03,120252357241480450,ACTIVE,100,16.880000000000003,178,7,8,0,0,0
03,120250011342400589,ACTIVE,330,16.87,347,15,11,0,0,0
03,120249501538610065,ACTIVE,94,16.83,376,7,8,1,1,29.979999999999997
03,120245279293750436,ACTIVE,100,16.8,692,11,11,2,0,0
03,120249334344390632,ACTIVE,80,16.689999999999998,141,2,2,0,0,0
03,120250014495990229,ACTIVE,80,16.6,301,6,9,1,1,49.97
03,120246919904290533,ACTIVE,100,16.38,713,14,22,2,0,0
03,120245942236800686,ACTIVE,100,16.35,187,5,7,1,1,71.21
03,120249334344330632,ACTIVE,80,16.31,177,5,5,0,0,0
03,120248721372440425,ACTIVE,122,16.299999999999997,289,3,3,1,1,69.66999999999999
03,120248735036530642,ACTIVE,151,16.13,343,3,6,1,0,0
03,120251210329350057,ACTIVE,100,16.1,179,4,8,0,0,0
03,120246506835670630,ACTIVE,198,16.080000000000002,329,6,7,0,0,0
03,120245266826770146,ACTIVE,100,16.07,259,10,11,1,0,0
03,120248192187930175,ACTIVE,88,16.03,243,6,5,1,0,0
03,120249172433610425,ACTIVE,334,16,242,4,4,1,0,0
03,120249276093860168,ACTIVE,202,15.950000000000001,284,8,9,2,2,97.36
03,120247209323410032,ACTIVE,100,15.9,374,11,11,1,0,0
03,120258483603970586,ACTIVE,100,15.89,371,6,6,1,0,0
03,120245218353240788,ACTIVE,30,15.87,174,5,5,0,0,0
03,120250210018830100,ACTIVE,500,15.84,473,12,17,2,1,52.56
03,120244794017770320,ACTIVE,120,15.78,526,13,11,2,0,0
03,120247431629500707,ACTIVE,80,15.759999999999998,282,8,9,0,0,0
03,120249247871220425,ACTIVE,90,15.75,214,7,8,1,1,90.72
03,120247296233710320,ACTIVE,170,15.749999999999998,390,7,8,0,0,0
03,120249469433590487,ACTIVE,80,15.729999999999999,135,3,3,1,1,37.94
03,120247431629840707,ACTIVE,80,15.709999999999999,285,4,4,2,2,45.96
03,120246979308680533,ACTIVE,159,15.67,614,18,20,1,0,0
03,120246309078080032,ACTIVE,100,15.64,362,10,11,0,0,0
03,120248249192300509,ACTIVE,200,15.629999999999999,571,11,14,0,0,0
03,120239823911920241,ACTIVE,168,15.48,574,12,13,0,0,0
03,120252198020010210,ACTIVE,100,15.41,274,1,7,0,0,0
03,120251181923790577,ACTIVE,101,15.399999999999999,406,9,11,1,1,28.98
03,120246382556450462,ACTIVE,289,15.29,298,9,11,2,1,57.98
03,120250285289280319,ACTIVE,200,15.139999999999999,418,13,15,2,0,0
03,120247380153090677,ACTIVE,126,15.010000000000002,384,5,3,1,1,96.41
03,120250300183610725,ACTIVE,200,14.98,412,15,12,1,0,0
03,120245346459390436,ACTIVE,100,14.92,543,8,16,0,0,0
03,120248072969470389,ACTIVE,118,14.91,491,17,19,1,0,0
03,120246678174130630,ACTIVE,80,14.86,327,5,5,0,0,0
03,120248158101820629,ACTIVE,126,14.760000000000002,283,7,5,0,0,0
03,120244686931560705,ACTIVE,80,14.579999999999998,162,8,11,0,0,0
03,120248613615540642,ACTIVE,210,14.48,257,6,7,1,0,0
03,120249059132600642,ACTIVE,120,14.379999999999999,296,6,8,2,1,37.95
03,120248444259380455,ACTIVE,100,14.370000000000001,351,5,5,0,0,0
03,120245266852860146,ACTIVE,100,14.370000000000001,303,6,6,0,0,0
03,120251210404530057,ACTIVE,100,14.350000000000001,97,3,4,0,0,0
03,120250354465180603,ACTIVE,80,14.34,219,8,8,0,0,0
03,120248493682120090,ACTIVE,80,14.34,152,7,9,2,2,130.66
03,120247383567000320,ACTIVE,107,14.310000000000002,407,9,9,1,0,0
03,120240258763950179,ACTIVE,200,14.24,515,4,4,0,0,0
03,120248492307240090,ACTIVE,80,14.18,177,4,5,0,0,0
03,120245689540450436,ACTIVE,100,14.16,514,6,6,1,1,129.44
03,120258694716360586,ACTIVE,100,14.15,307,4,6,0,1,49.37
03,120252357630990450,ACTIVE,100,14.1,159,2,1,1,0,0
03,120248192187960175,ACTIVE,88,14.089999999999998,250,5,4,0,0,0
03,120251109241560577,ACTIVE,100,14.05,379,7,15,0,0,0
03,120246299672680751,ACTIVE,115,14.04,310,3,3,0,0,0
03,120250518458320127,ACTIVE,100,14.02,180,10,12,3,1,106.95
03,120247872407610477,ACTIVE,100,14,307,9,10,2,2,81.2
03,120250211391750717,ACTIVE,80,13.940000000000001,159,4,4,0,0,0
03,120247001920940477,ACTIVE,100,13.93,251,9,10,0,0,0
03,120252107365970427,ACTIVE,100,13.920000000000002,259,2,2,0,0,0
03,120250946852160368,ACTIVE,170,13.87,421,10,11,0,0,0
03,120245018376450146,ACTIVE,188,13.850000000000001,526,9,10,2,0,0
03,120245257768380146,ACTIVE,100,13.85,350,5,6,1,0,0
03,120250296535810100,ACTIVE,100,13.780000000000001,317,9,5,2,1,22.98
03,120246245009890686,ACTIVE,80,13.74,233,3,7,1,1,29.979999999999997
03,120249469549460487,ACTIVE,80,13.71,108,3,3,0,0,0
03,120249968225360116,ACTIVE,90,13.59,190,6,7,1,1,74.97
03,120244761352230455,ACTIVE,495,13.53,240,0,14,0,0,0
03,120245987269690436,ACTIVE,124,13.48,376,9,11,2,1,68.22999999999999
03,120245266827060146,ACTIVE,100,13.47,265,8,9,0,0,0
03,120251357877470577,ACTIVE,100,13.469999999999999,166,4,5,1,0,0
03,120247383567310320,ACTIVE,107,13.45,380,6,8,1,0,0
03,120249020804570126,ACTIVE,100,13.4,274,9,8,0,0,0
03,120246985309150320,ACTIVE,280,13.370000000000001,478,5,6,0,0,0
03,120245987269630436,ACTIVE,124,13.35,409,5,2,0,0,0
03,120245266852790146,ACTIVE,100,13.32,296,6,7,0,0,0
03,120249385779290544,ACTIVE,80,13.25,255,4,6,2,1,47.510000000000005
03,120248308559800509,ACTIVE,100,13.200000000000001,348,5,4,1,1,34.98
03,120245518803430436,ACTIVE,100,13.2,530,11,9,0,0,0
03,120248850201850065,ACTIVE,100,13.18,371,3,4,1,0,0
03,120246245031290686,ACTIVE,80,13.16,103,0,1,0,0,0
03,120246990149220650,ACTIVE,107,13.14,202,6,7,0,0,0
03,120245044044870686,ACTIVE,100,13.100000000000001,163,2,3,0,0,0
03,120247583319740586,ACTIVE,100,13.1,203,2,3,0,0,0
03,120250354465080603,ACTIVE,80,13.080000000000002,208,5,6,1,0,0
03,120246376824850630,ACTIVE,136,13.06,328,7,8,2,1,49.97
03,120245172037470146,ACTIVE,100,13.02,182,5,4,1,1,41.980000000000004
03,120249776872540116,ACTIVE,101,13.02,242,9,8,1,0,0
03,120250329792710100,ACTIVE,89,13,272,4,5,0,0,0
03,120251294132620577,ACTIVE,101,12.92,253,8,5,1,1,28.98
03,120246680736770533,ACTIVE,100,12.86,421,12,15,1,1,41.97
03,120245530294730678,ACTIVE,100,12.84,284,5,3,0,0,0
03,120245868868910788,ACTIVE,30,12.84,157,2,2,0,0,0
03,120246884110080177,ACTIVE,100,12.84,198,4,4,0,0,0
03,120245049415260032,ACTIVE,100,12.780000000000001,287,4,4,0,0,0
03,120251351288690577,ACTIVE,88,12.760000000000002,379,12,12,1,1,48.169999999999995
03,120249810423640431,ACTIVE,220,12.71,341,7,9,2,1,28.98
03,120250014656120229,ACTIVE,80,12.709999999999999,245,5,5,1,0,0
03,120249304487120561,ACTIVE,90,12.67,246,3,4,0,0,0
03,120258095185070586,ACTIVE,100,12.66,236,5,4,0,0,0
03,120246219468190177,ACTIVE,100,12.559999999999999,177,5,5,2,1,51.22
03,120246330272670320,ACTIVE,150,12.54,411,6,10,0,0,0
03,120251351288870577,ACTIVE,88,12.54,323,13,12,0,0,0
03,120245514271720065,ACTIVE,115,12.52,222,7,8,0,0,0
03,120245782585560678,ACTIVE,237,12.499999999999998,153,5,4,1,1,49.980000000000004
03,120251979136820210,ACTIVE,100,12.4,235,7,5,1,1,71.72
03,120246244958270686,ACTIVE,80,12.4,157,5,5,1,1,71.21
03,120246397978120533,ACTIVE,100,12.4,460,15,15,1,0,0
03,120245260305260146,ACTIVE,100,12.39,143,1,1,0,0,0
03,120247046369790533,ACTIVE,100,12.35,376,7,8,1,0,0
03,120247547590960642,ACTIVE,229,12.35,224,11,13,1,0,0
03,120245282912580630,ACTIVE,100,12.35,214,7,7,2,2,79.94999999999999
03,120252052705250368,ACTIVE,80,12.32,280,8,8,0,0,0
03,120248893450790642,ACTIVE,319,12.280000000000001,195,3,4,0,0,0
03,120249469549380487,ACTIVE,80,12.25,119,1,2,0,0,0
03,120246245009930686,ACTIVE,80,12.24,158,1,4,0,0,0
03,120247046282150533,ACTIVE,100,12.23,326,3,5,1,0,0
03,120247483364160590,ACTIVE,80,12.219999999999999,183,7,7,1,0,0
03,120246471244730065,ACTIVE,229,12.16,319,9,12,0,0,0
03,120246678174190630,ACTIVE,80,12.07,239,6,7,0,0,0
03,120244758149170146,ACTIVE,100,12.059999999999999,177,5,5,1,0,0
03,120253854767370211,ACTIVE,120,12.030000000000001,154,4,5,0,0,0
03,120244270293390320,ACTIVE,120,12,426,11,11,1,0,0
03,120248440316140509,ACTIVE,99,11.98,277,4,4,0,0,0
03,120250307526160100,ACTIVE,100,11.98,318,5,6,0,0,0
03,120246245620730686,ACTIVE,80,11.96,120,3,2,1,0,0
03,120250789469770586,ACTIVE,100,11.95,274,4,8,0,0,0
03,120246754801740509,ACTIVE,101,11.93,141,6,4,2,3,150.67
03,120248893532100100,ACTIVE,100,11.83,252,5,4,0,0,0
03,120248383861080100,ACTIVE,100,11.82,300,2,5,0,0,0
03,120250623625120057,ACTIVE,100,11.77,81,1,2,0,0,0
03,120247608644690175,ACTIVE,120,11.77,238,7,8,1,0,0
03,120251674854700195,ACTIVE,100,11.74,313,6,5,0,0,0
03,120243508760940146,ACTIVE,100,11.739999999999998,235,2,1,0,0,0
03,120250329792700100,ACTIVE,89,11.719999999999999,286,10,12,1,0,0
03,120246037977820686,ACTIVE,80,11.64,197,2,4,2,1,71.21
03,120248764599250589,ACTIVE,100,11.61,165,4,3,0,0,0
03,120247448991990590,ACTIVE,100,11.54,247,4,5,0,0,0
03,120245980788570752,ACTIVE,100,11.48,263,6,8,1,0,0
03,120249469433520487,ACTIVE,80,11.469999999999999,130,0,1,0,0,0
03,120258937221380586,ACTIVE,100,11.45,202,4,5,1,0,0
03,120249469635100487,ACTIVE,80,11.45,108,3,3,0,0,0
03,120247483363530590,PAUSED,80,11.43,247,2,1,0,0,0
03,120247238049750752,ACTIVE,83,11.43,269,14,13,1,1,56.94
03,120246841363130474,ACTIVE,80,11.41,247,3,4,0,0,0
03,120250072676600565,ACTIVE,100,11.41,181,11,12,1,0,0
03,120247307584620032,ACTIVE,100,11.39,268,6,5,0,0,0
03,120249533872170152,ACTIVE,140,11.38,287,8,10,1,0,0
03,120248170232750041,ACTIVE,80,11.38,71,2,0,0,0,0
03,120250300134890725,ACTIVE,100,11.36,225,8,7,1,0,0
03,120245868869560788,ACTIVE,50,11.35,201,1,1,0,0,0
03,120244480112510436,ACTIVE,100,11.3,347,8,7,1,0,0
03,120250429792780057,ACTIVE,100,11.299999999999999,100,3,3,0,0,0
03,120247085686420320,ACTIVE,100,11.29,406,9,8,0,0,0
03,120249287169520455,ACTIVE,200,11.27,302,5,2,0,0,0
03,120248286769360214,ACTIVE,80,11.26,187,5,5,0,0,0
03,120242709811040544,ACTIVE,80,11.2,317,2,5,1,0,0
03,120246733901990065,ACTIVE,80,11.11,162,4,5,0,0,0
03,120245899907890065,ACTIVE,115,11.09,182,9,8,2,1,29.979999999999997
03,120246997356490752,ACTIVE,180,11.09,324,5,4,1,0,0
03,120251722976530368,ACTIVE,100,11.059999999999999,302,4,5,0,0,0
03,120246299721450751,ACTIVE,195,11.04,204,7,7,1,0,0
03,120248447974370043,ACTIVE,120,11.04,250,8,10,1,1,45.81999999999999
03,120253854653760211,ACTIVE,120,11.01,184,6,8,1,0,0
03,120250394007920064,ACTIVE,50,10.989999999999998,212,4,4,0,0,0
03,120246245620660686,ACTIVE,80,10.98,142,1,2,0,0,0
03,120249447976780374,ACTIVE,80,10.92,181,3,3,2,1,29.979999999999997
03,120249819292400663,ACTIVE,100,10.89,205,8,10,1,0,0
03,120246145189280470,ACTIVE,80,10.88,497,6,10,0,0,0
03,120247569390530674,ACTIVE,100,10.85,212,7,11,2,0,0
03,120258591556320586,ACTIVE,30,10.82,243,5,4,0,0,0
03,120247976949780477,ACTIVE,100,10.82,127,2,2,1,1,51.209999999999994
03,120250519148850127,ACTIVE,100,10.809999999999999,121,8,10,0,0,0
03,120252072716270054,ACTIVE,100,10.809999999999999,221,2,5,0,0,0
03,120250079096940127,ACTIVE,100,10.780000000000001,150,5,7,1,1,36.47
03,120251280446770722,ACTIVE,80,10.77,201,12,10,1,0,0
03,120247572218440674,ACTIVE,80,10.760000000000002,181,7,7,0,0,0
03,120245899907660065,ACTIVE,115,10.729999999999999,196,8,7,0,0,0
03,120253122295100210,ACTIVE,80,10.67,270,5,5,0,0,0
03,120248141448610214,ACTIVE,130,10.65,221,5,7,3,0,0
03,120251109575920577,ACTIVE,101,10.61,324,5,5,1,2,77.15
03,120248454804220509,ACTIVE,80,10.600000000000001,198,4,3,0,0,0
03,120252052705460368,ACTIVE,80,10.58,288,3,6,2,0,0
03,120249447976460374,ACTIVE,80,10.52,165,4,5,0,0,0
03,120251412553340368,ACTIVE,150,10.469999999999999,332,3,3,1,0,0
03,120248074108720509,ACTIVE,150,10.46,274,4,4,0,0,0
03,120245260182070146,ACTIVE,100,10.39,244,2,8,1,0,0
03,120246244810270686,ACTIVE,80,10.36,417,3,4,1,0,0
03,120249285560280695,ACTIVE,80,10.36,238,2,2,0,0,0
03,120255653285300586,ACTIVE,100,10.35,155,3,3,1,1,48.17
03,120249377071420389,ACTIVE,153,10.35,317,7,9,0,0,0
03,120249385716130544,ACTIVE,80,10.32,253,1,1,1,0,0
03,120250510276600725,ACTIVE,100,10.27,191,3,5,0,0,0
03,120248935435060544,PAUSED,80,10.2,262,4,3,1,0,0
03,120246244937140686,ACTIVE,80,10.18,119,0,0,0,0,0
03,120249469635130487,ACTIVE,80,10.120000000000001,104,1,1,0,0,0
03,23858073029630799,ACTIVE,150,10.07,99,5,4,1,0,0
03,120249443467080663,ACTIVE,250,10.07,145,7,5,0,0,0
03,120248454804160509,ACTIVE,80,10.03,292,5,5,1,0,0
03,120248064986340303,ACTIVE,120,9.99,220,7,10,2,2,70.95000000000002
03,120252108066570427,ACTIVE,100,9.92,242,4,3,0,0,0
03,120246865117370320,ACTIVE,100,9.79,239,1,1,1,1,82.02
03,120252107366000427,ACTIVE,100,9.75,232,2,1,0,0,0
03,120251674854730195,ACTIVE,100,9.7,217,5,4,1,0,0
03,120248383155230084,PAUSED,50,9.66,95,3,3,0,0,0
03,120250200295760589,ACTIVE,107,9.620000000000001,261,4,4,1,0,0
03,120246245031330686,ACTIVE,80,9.59,117,3,3,1,1,29.980000000000004
03,120245259460500146,ACTIVE,100,9.55,218,3,3,0,0,0
03,120250449834870589,ACTIVE,100,9.55,155,4,5,0,0,0
03,120247977360200477,ACTIVE,100,9.52,136,3,5,2,0,0
03,120242883956790544,ACTIVE,80,9.48,363,1,3,0,0,0
03,120246733877000065,ACTIVE,80,9.44,154,6,9,2,1,29.98
03,120249238610320065,ACTIVE,80,9.43,203,7,12,2,1,49.519999999999996
03,120245260393590146,ACTIVE,100,9.42,202,2,4,0,0,0
03,120246808108970320,ACTIVE,120,9.39,352,5,5,0,0,0
03,120248842978890462,ACTIVE,230,9.36,163,11,6,2,1,57.980000000000004
03,120245262034660146,ACTIVE,100,9.33,204,7,8,0,0,0
03,120245530294750678,ACTIVE,100,9.29,220,4,7,3,2,115.96
03,120247572218630674,ACTIVE,80,9.280000000000001,158,4,3,0,0,0
03,120249217032280544,ACTIVE,100,9.27,267,2,5,2,1,27.98
03,120250394007940064,ACTIVE,50,9.24,229,3,4,0,0,0
03,120248166981820509,ACTIVE,105,9.24,218,3,4,1,0,0
03,120245327669090320,ACTIVE,120,9.13,240,5,7,1,0,0
03,120249100983530561,ACTIVE,150,9.01,185,5,4,0,0,0
03,120252158322580651,ACTIVE,150,8.969999999999999,223,3,3,0,0,0
03,120247044373590533,ACTIVE,68,8.959999999999999,286,4,6,0,0,0
03,120252108066520427,ACTIVE,100,8.950000000000001,183,3,4,0,0,0
03,120249666979560695,ACTIVE,100,8.940000000000001,200,4,3,0,0,0
03,120247027817230677,ACTIVE,116,8.94,104,0,6,0,0,0
03,120248373179450509,ACTIVE,100,8.91,349,4,3,0,0,0
03,120249447976690374,ACTIVE,80,8.9,146,7,6,2,1,29.98
03,120252256329710450,ACTIVE,100,8.9,130,2,4,0,0,0
03,120247483521280674,ACTIVE,80,8.87,158,4,4,2,1,46.22
03,120251051147810019,ACTIVE,50,8.84,176,7,7,2,1,51.22
03,120249385779270544,PAUSED,80,8.81,168,0,0,0,0,0
03,120250722702450019,ACTIVE,50,8.81,130,4,3,0,0,0
03,120250211391680717,ACTIVE,80,8.77,110,2,2,0,0,0
03,120246452282830177,ACTIVE,100,8.75,96,2,2,0,0,0
03,120244163991370436,ACTIVE,106,8.740000000000002,435,10,9,0,0,0
03,120248336280930090,ACTIVE,227,8.74,138,1,4,0,0,0
03,120245260142700146,ACTIVE,100,8.71,140,7,7,0,0,0
03,120247487456360442,ACTIVE,100,8.7,108,14,15,1,1,67.67
03,120248204610010425,ACTIVE,100,8.66,194,6,7,0,0,0
03,120247483547220590,ACTIVE,80,8.63,258,4,3,1,1,29.98
03,120245689540550436,ACTIVE,100,8.62,333,9,11,2,1,41.98
03,120250337858340100,ACTIVE,100,8.600000000000001,241,1,1,0,0,0
03,120244618043630436,ACTIVE,100,8.55,310,6,7,0,0,0
03,120246737185780177,ACTIVE,133,8.51,157,8,8,2,2,101.19
03,120246180858540686,ACTIVE,126,8.49,146,2,1,0,0,0
03,120248922585490210,ACTIVE,200,8.49,354,4,5,0,1,41.98
03,120250299563240725,ACTIVE,100,8.48,271,3,3,0,0,0
03,120235701428400210,ACTIVE,200,8.48,215,3,3,0,0,0
03,120248317954560509,ACTIVE,100,8.44,290,6,5,1,0,0
03,120246245073330686,ACTIVE,80,8.43,109,2,2,0,0,0
03,120244809629940146,ACTIVE,115,8.35,137,2,3,0,0,0
03,120248287670430214,ACTIVE,130,8.3,122,1,2,0,0,0
03,120248177990120477,ACTIVE,100,8.21,113,2,2,0,0,0
03,120245081768890146,ACTIVE,100,8.19,246,7,7,1,0,0
03,120245838343090436,ACTIVE,100,8.19,354,10,9,1,0,0
03,120246381767620032,ACTIVE,80,8.18,174,3,3,0,0,0
03,120244164847370788,ACTIVE,30,8.18,149,4,4,0,0,0
03,120248170232840041,ACTIVE,80,8.18,62,6,0,0,0,0
03,120246570408620477,ACTIVE,100,8.18,145,4,4,0,0,0
03,120248383155080084,ACTIVE,50,8.17,74,5,7,2,0,0
03,120248885568260126,ACTIVE,80,8.15,146,0,0,0,0,0
03,120247680102270175,ACTIVE,225,8.09,350,3,8,1,1,24.96
03,120246809754490177,ACTIVE,133,8.09,159,6,8,0,0,0
03,120248383199430084,PAUSED,50,8.059999999999999,70,3,3,0,0,0
03,120249580311700695,ACTIVE,100,8.04,233,6,3,0,0,0
03,120246733902040065,ACTIVE,80,7.98,119,6,5,0,0,0
03,120250337858370100,ACTIVE,100,7.960000000000001,270,2,2,0,0,0
03,120247571950230674,ACTIVE,80,7.8999999999999995,181,3,6,2,0,0
03,120245263171140146,ACTIVE,100,7.89,208,2,3,0,0,0
03,120248385748060043,ACTIVE,200,7.859999999999999,106,3,3,0,0,0
03,120248452492510509,ACTIVE,100,7.85,191,4,4,1,1,61.97
03,120246245073360686,ACTIVE,80,7.82,105,5,6,0,0,0
03,120250509840740725,ACTIVE,100,7.8,208,2,3,0,0,0
03,23858075865830799,ACTIVE,160,7.789999999999999,129,1,2,0,0,0
03,120250159337130351,ACTIVE,50,7.75,185,0,0,0,0,0
03,120250480128780392,ACTIVE,100,7.74,89,10,11,1,0,0
03,120247307817110032,ACTIVE,80,7.73,143,2,2,0,0,0
03,120249352848540469,ACTIVE,100,7.7299999999999995,259,3,2,0,0,0
03,120245905867350436,ACTIVE,100,7.710000000000001,292,9,8,1,0,0
03,120250510217580725,ACTIVE,100,7.71,138,4,4,0,0,0
03,120251789041250404,ACTIVE,100,7.71,120,5,5,0,0,0
03,120246983939560320,ACTIVE,100,7.680000000000001,213,8,6,1,0,0
03,120251142479090019,ACTIVE,50,7.67,135,1,3,0,0,0
03,120247762435760509,ACTIVE,100,7.619999999999999,113,5,6,0,0,0
03,120248492410110561,ACTIVE,280,7.57,205,5,6,0,0,0
03,120247400497760032,ACTIVE,100,7.57,165,2,2,0,0,0
03,120245263171100146,ACTIVE,100,7.55,225,4,4,0,0,0
03,120249447976520374,ACTIVE,80,7.53,134,3,3,1,0,0
03,120246244988860686,ACTIVE,80,7.52,88,5,3,0,1,29.98
03,120248492307150090,PAUSED,80,7.5,84,2,2,0,0,0
03,6997456213633,ACTIVE,80,7.5,157,7,7,0,0,0
03,120249286682560368,ACTIVE,300,7.45,203,4,2,1,0,0
03,120245260180930146,ACTIVE,100,7.43,207,4,5,1,0,0
03,120248442763620509,ACTIVE,100,7.4,142,2,3,0,0,0
03,120247956894360629,ACTIVE,100,7.3500000000000005,184,3,3,0,0,0
03,120245259460460146,ACTIVE,100,7.34,167,3,4,0,0,0
03,120250508133680064,PAUSED,50,7.34,138,1,1,0,0,0
03,120246733876960065,ACTIVE,80,7.34,130,3,3,0,0,0
03,120242694742870146,ACTIVE,110,7.31,202,7,7,1,0,0
03,120251214911160279,ACTIVE,80,7.29,93,2,2,0,0,0
03,120258931690100586,ACTIVE,30,7.26,179,7,6,2,1,67.93
03,120248381419940043,ACTIVE,200,7.24,125,6,5,1,1,25.98
03,120251354404600722,ACTIVE,80,7.23,85,4,4,4,3,68.94
03,120248598576010303,ACTIVE,68,7.180000000000001,119,3,2,0,0,0
03,120244471201780129,ACTIVE,80,7.13,171,0,7,1,1,41.980000000000004
03,120248287670480214,ACTIVE,190,7.109999999999999,137,1,1,0,0,0
03,120245279091880436,ACTIVE,100,7.1,270,7,8,1,0,0
03,120248977397730642,ACTIVE,205,7.09,145,3,4,0,0,0
03,120248825628700642,ACTIVE,100,7.02,182,5,5,1,1,37.95
03,120250092640150663,ACTIVE,80,6.97,97,3,3,1,1,66.02
03,120246471244780065,ACTIVE,229,6.96,155,7,6,2,1,49.52
03,120249238610510065,ACTIVE,80,6.959999999999999,128,5,7,1,0,0
03,120247405391800674,ACTIVE,136,6.949999999999999,107,4,6,1,1,46.230000000000004
03,120247571950210674,ACTIVE,80,6.949999999999999,143,1,2,1,0,0
03,120248442735470509,ACTIVE,100,6.93,196,1,3,0,0,0
03,120247253373540320,ACTIVE,100,6.92,236,5,5,0,0,0
03,120249871750440100,ACTIVE,120,6.91,140,0,5,0,0,0
03,120249573023870116,ACTIVE,100,6.840000000000001,75,2,6,0,0,0
03,120244813153430146,ACTIVE,100,6.76,265,3,4,0,0,0
03,120247245979210389,ACTIVE,100,6.75,157,8,7,1,1,21.19
03,120246470015580752,ACTIVE,28,6.739999999999999,107,3,3,0,0,0
03,120249258523200469,ACTIVE,100,6.73,123,3,2,0,1,199.27
03,120252401926860709,ACTIVE,80,6.72,180,0,2,0,0,0
03,120246178929760752,ACTIVE,100,6.7,128,3,4,0,0,0
03,120249535727510116,ACTIVE,100,6.6899999999999995,124,2,4,0,0,0
03,120249285560020695,ACTIVE,80,6.680000000000001,182,2,3,0,0,0
03,120251214911170279,ACTIVE,80,6.64,103,2,3,0,0,0
03,120246440355140780,ACTIVE,80,6.629999999999999,124,5,5,0,0,0
03,120235701428420210,ACTIVE,200,6.57,201,1,1,1,1,71.71000000000001
03,120245259285210146,ACTIVE,100,6.56,171,4,4,0,0,0
03,120250623729250057,ACTIVE,100,6.5,60,5,5,0,0,0
03,120248442706080509,ACTIVE,100,6.5,161,3,4,0,0,0
03,120246098209220686,ACTIVE,80,6.49,103,1,2,1,0,0
03,120245259285100146,ACTIVE,100,6.47,159,1,1,0,0,0
03,120250508133710064,ACTIVE,50,6.46,110,4,4,1,0,0
03,120248447904790043,PAUSED,80,6.45,100,1,1,0,0,0
03,120248760611910469,ACTIVE,100,6.43,218,1,2,1,0,0
03,120248452492430509,ACTIVE,100,6.42,213,5,6,1,0,0
03,120248336280980090,ACTIVE,298,6.34,107,3,3,0,0,0
03,120248924408910544,ACTIVE,74,6.34,119,2,4,1,1,49.63
03,120246808176070320,ACTIVE,120,6.3,161,4,3,0,0,0
03,120251051307340019,ACTIVE,30,6.3,137,5,5,0,0,0
03,120242746886630788,ACTIVE,30,6.29,106,1,2,0,0,0
03,120247253400970320,ACTIVE,100,6.28,311,4,6,0,0,0
03,120245260393570146,ACTIVE,100,6.27,217,6,6,0,0,0
03,120248881081710126,ACTIVE,80,6.23,117,6,6,1,0,0
03,120249861202960589,ACTIVE,100,6.23,130,5,3,0,0,0
03,120245262033960146,ACTIVE,100,6.15,143,4,6,0,0,0
03,120245241486300129,ACTIVE,80,6.140000000000001,166,3,3,0,0,0
03,120247957196080629,ACTIVE,100,6.11,139,2,2,0,0,0
03,120246402943010533,ACTIVE,100,6.109999999999999,191,13,14,4,2,97.93
03,120246440557020780,ACTIVE,80,6.069999999999999,117,2,2,0,0,0
03,120245087420500146,ACTIVE,100,6.029999999999999,166,4,2,0,0,0
03,120250508133810064,PAUSED,50,6.0200000000000005,85,0,0,0,0,0
03,120248396283420425,ACTIVE,140,6.01,57,0,0,0,0,0
03,120249020245640065,ACTIVE,50,5.970000000000001,91,6,6,0,0,0
03,120250656662350589,ACTIVE,142,5.88,132,1,2,0,0,0
03,120250445767170166,ACTIVE,15,5.859999999999999,144,6,7,1,1,41.17
03,120247066173290752,ACTIVE,100,5.84,184,6,4,0,0,0
03,120248170179390629,ACTIVE,100,5.73,60,0,3,0,0,0
03,120251827078340368,ACTIVE,80,5.72,137,1,1,0,0,0
03,120249983688340565,ACTIVE,100,5.7,107,3,5,1,1,51.22
03,120246210137720125,ACTIVE,100,5.63,86,8,6,2,2,139.44000000000003
03,120247296621030707,ACTIVE,111,5.6,92,0,7,1,1,22.98
03,120250355851210064,PAUSED,50,5.57,79,1,1,0,0,0
03,120250480129310392,ACTIVE,100,5.57,84,3,6,0,0,0
03,120248304056930090,ACTIVE,70,5.51,119,5,3,0,0,0
03,120259048667470586,ACTIVE,30,5.5,167,0,1,0,0,0
03,120245031641620146,ACTIVE,100,5.5,148,4,9,0,0,0
03,120248306696030509,ACTIVE,161,5.4799999999999995,229,3,3,0,0,0
03,120248443009900509,ACTIVE,100,5.46,157,0,0,0,0,0
03,120246286289450125,ACTIVE,100,5.42,50,0,1,1,0,0
03,120250509929260725,ACTIVE,100,5.4,116,2,3,0,0,0
03,120259048667380586,ACTIVE,30,5.4,143,3,3,0,0,0
03,120246791587200455,ACTIVE,107,5.32,81,0,3,0,0,0
03,120249529043470152,ACTIVE,80,5.32,101,1,0,0,0,0
03,120245263261390146,ACTIVE,100,5.32,141,3,4,0,0,0
03,120247313991580561,ACTIVE,150,5.29,189,5,6,0,0,0
03,120246676754100650,ACTIVE,100,5.28,95,1,1,0,0,0
03,120248443009970509,ACTIVE,100,5.25,147,1,2,0,0,0
03,120243063569770146,ACTIVE,100,5.25,123,1,2,0,0,0
03,120247307486050032,ACTIVE,80,5.24,86,2,3,0,0,0
03,120249020749560065,ACTIVE,50,5.2299999999999995,117,3,5,0,0,0
03,120248800044910751,ACTIVE,135,5.18,142,4,4,0,0,0
03,120245081768920146,ACTIVE,100,5.18,113,4,4,1,0,0
03,120249107449180469,ACTIVE,100,5.18,154,3,3,0,0,0
03,120250510089030725,ACTIVE,100,5.17,125,1,1,0,0,0
03,120248899610300065,ACTIVE,40,5.12,77,7,5,1,1,67.91
03,120244242496990780,ACTIVE,100,5.119999999999999,116,2,3,1,1,24.98
03,120247189109490707,ACTIVE,80,5.11,97,2,2,0,0,0
03,120245241485180129,ACTIVE,80,5.1,139,2,3,0,0,0
03,120247981166240090,ACTIVE,100,5.08,113,2,2,0,0,0
03,120251181205120577,ACTIVE,101,5.0600000000000005,162,3,3,0,0,0
03,120248443246370509,ACTIVE,100,5.05,186,1,3,1,0,0
03,120248320516160509,ACTIVE,80,5.04,57,3,5,1,1,29.979999999999997
03,120258936627410586,ACTIVE,100,5.029999999999999,173,0,1,0,0,0
03,120249128119020564,ACTIVE,80,5.0200000000000005,142,3,5,0,0,0
03,120247483547270590,ACTIVE,80,5,255,0,0,0,0,0
03,120252069258880722,ACTIVE,40,4.95,69,0,0,0,0,0
03,120252920297380210,ACTIVE,120,4.91,153,3,2,1,0,0
03,120248493683100090,PAUSED,80,4.9,47,1,1,0,0,0
03,23858146922500799,ACTIVE,80,4.890000000000001,87,3,4,0,0,0
03,120251256015500577,ACTIVE,88,4.89,141,3,2,0,0,0
03,120246931507190320,ACTIVE,120,4.88,181,2,1,1,0,0
03,120248442735500509,ACTIVE,100,4.87,199,2,6,1,1,63.470000000000006
03,120248415387990090,ACTIVE,126,4.84,105,1,1,0,0,0
03,120250510051110725,ACTIVE,100,4.84,103,2,2,0,0,0
03,120247105534220320,ACTIVE,100,4.82,153,10,8,0,0,0
03,120250510276530725,ACTIVE,100,4.82,83,0,4,0,0,0
03,120248184540550090,ACTIVE,325,4.79,141,2,3,0,0,0
03,120250629224620319,ACTIVE,100,4.79,131,2,3,0,0,0
03,120248304803930065,ACTIVE,50,4.77,106,1,1,1,1,29.98
03,120247426861210031,ACTIVE,80,4.75,74,0,1,0,0,0
03,120248443246280509,ACTIVE,100,4.68,195,0,3,0,0,0
03,120249135138590389,ACTIVE,100,4.67,100,0,8,2,0,0
03,6997456214233,ACTIVE,80,4.66,152,3,3,0,0,0
03,120246209510180125,ACTIVE,100,4.6,97,1,1,0,0,0
03,120245263261150146,ACTIVE,100,4.59,152,1,3,0,0,0
03,120249232068930561,ACTIVE,100,4.59,144,3,5,1,1,57.959999999999994
03,120248383199500084,ACTIVE,50,4.58,66,5,5,2,0,0
03,120245172037500146,ACTIVE,100,4.57,122,0,0,0,0,0
03,120249196455930425,ACTIVE,170,4.57,85,3,2,1,1,39.98
03,120248899388190065,ACTIVE,40,4.55,64,5,5,1,1,29.98
03,120248370449830509,ACTIVE,98,4.55,134,0,0,0,0,0
03,120248170097870629,ACTIVE,100,4.53,53,1,3,1,0,0
03,120246658595190780,ACTIVE,80,4.529999999999999,131,4,6,0,0,0
03,120245923045620168,ACTIVE,100,4.51,79,1,2,0,0,0
03,120248330641110509,ACTIVE,100,4.5,137,3,4,0,0,0
03,120246479356190133,ACTIVE,100,4.5,56,3,3,1,0,0
03,120249777339790229,ACTIVE,55,4.49,165,3,2,1,1,29.979999999999997
03,120248170179330629,ACTIVE,100,4.47,79,0,2,0,0,0
03,120246620204590630,ACTIVE,80,4.41,94,2,2,0,0,0
03,120248130116260214,ACTIVE,130,4.4,105,3,7,1,0,0
03,120246188701000686,ACTIVE,80,4.4,89,0,0,0,0,0
03,120249300729750589,ACTIVE,100,4.38,117,2,2,0,0,0
03,120246479062780133,ACTIVE,100,4.38,65,1,2,0,0,0
03,120245535358130788,ACTIVE,50,4.35,128,3,3,0,0,0
03,120248228345780043,PAUSED,100,4.31,84,1,1,0,0,0
03,120245306349070462,ACTIVE,100,4.300000000000001,92,5,4,0,0,0
03,120248899657010065,ACTIVE,40,4.27,83,2,3,0,0,0
03,120250509772850725,ACTIVE,100,4.26,112,1,0,0,0,0
03,120249229589700695,ACTIVE,200,4.24,86,0,1,0,0,0
03,120247487456420442,ACTIVE,100,4.22,65,3,4,0,0,0
03,120251827078290368,ACTIVE,80,4.21,65,2,2,0,0,0
03,120247426861250031,ACTIVE,80,4.21,54,0,0,0,0,0
03,120242389399980544,ACTIVE,80,4.2,100,2,2,0,0,0
03,120249325405270389,ACTIVE,100,4.19,134,9,11,1,0,0
03,120249399619350544,ACTIVE,80,4.18,99,0,0,0,0,0
03,120247223966660470,ACTIVE,30,4.18,59,1,1,0,0,0
03,120248304803400065,ACTIVE,50,4.15,90,1,2,0,0,0
03,120250629224470319,ACTIVE,100,4.14,116,2,1,0,0,0
03,120250509772640725,ACTIVE,100,4.14,131,4,5,1,1,49.37
03,120251332965640368,ACTIVE,264,4.14,94,1,6,0,0,0
03,120248539964810462,ACTIVE,100,4.12,89,3,4,0,0,0
03,120252069258690722,ACTIVE,40,4.08,69,3,3,0,0,0
03,120249017857580389,ACTIVE,100,4.06,93,0,5,0,0,0
03,120243117326020544,ACTIVE,80,4.05,75,1,1,0,0,0
03,120247400111930032,ACTIVE,80,4.03,92,4,4,1,0,0
03,23858191024040794,ACTIVE,100,4.01,46,1,1,0,0,0
03,120245481989400065,ACTIVE,40,3.9800000000000004,103,2,2,0,0,0
03,120250510217700725,ACTIVE,100,3.96,87,0,0,0,0,0
03,120248442764270509,ACTIVE,100,3.93,134,2,3,1,1,63.47
03,120248304056960090,ACTIVE,70,3.83,89,1,3,0,0,0
03,120250355851310064,ACTIVE,50,3.83,52,0,0,0,0,0
03,120248924408620544,ACTIVE,87,3.83,102,0,3,1,1,83.15
03,120248442692840509,ACTIVE,100,3.83,124,2,2,0,0,0
03,120249222252410065,ACTIVE,350,3.8,111,0,5,0,0,0
03,120253458760070348,ACTIVE,80,3.7800000000000002,32,0,0,0,0,0
03,120249020245670065,ACTIVE,50,3.7800000000000002,67,2,1,0,0,0
03,120244991758560129,ACTIVE,100,3.78,117,4,5,0,0,0
03,120250508133730064,ACTIVE,50,3.7399999999999998,92,0,0,0,0,0
03,120248510809440090,ACTIVE,60,3.71,65,2,2,0,0,0
03,120250790045220586,ACTIVE,100,3.6899999999999995,80,0,3,0,0,0
03,120247319362190032,ACTIVE,100,3.6799999999999997,82,5,5,0,0,0
03,120248598654680561,ACTIVE,76,3.6500000000000004,81,4,3,0,0,0
03,120248893450550642,ACTIVE,119,3.64,84,3,4,0,0,0
03,6973002165426,ACTIVE,50,3.6300000000000003,94,2,2,0,0,0
03,120245172485300146,ACTIVE,100,3.62,61,5,3,0,0,0
03,120248688541650751,ACTIVE,40,3.6100000000000003,42,0,0,0,0,0
03,120251142634860019,ACTIVE,30,3.6,48,1,4,0,0,0
03,120249375752300152,ACTIVE,90,3.59,173,5,5,0,0,0
03,120251788791190404,ACTIVE,100,3.59,71,0,0,0,0,0
03,120248510808960090,ACTIVE,60,3.56,115,0,3,0,0,0
03,120248415387920090,ACTIVE,183,3.55,111,3,8,0,0,0
03,120249900602730431,ACTIVE,80,3.54,107,8,8,0,0,0
03,120249141869160564,ACTIVE,80,3.5,91,3,3,0,0,0
03,120246479174050133,ACTIVE,100,3.5,61,1,2,0,0,0
03,120244895773550129,ACTIVE,80,3.47,96,0,1,0,0,0
03,120250942814310577,ACTIVE,100,3.4699999999999998,61,1,3,1,1,91.34
03,120247983277080167,ACTIVE,80,3.4699999999999998,65,3,5,1,1,51.22
03,120244860107220146,ACTIVE,100,3.46,91,0,0,0,0,0
03,120248899656950065,ACTIVE,40,3.4499999999999997,56,2,1,1,0,0
03,23858146922430799,ACTIVE,80,3.4499999999999997,65,1,1,0,0,0
03,120244302719050146,ACTIVE,100,3.34,94,0,0,0,0,0
03,120245251316060477,ACTIVE,100,3.27,45,2,2,0,0,0
03,120252191525360210,ACTIVE,100,3.25,116,2,1,0,0,0
03,120249020749590065,ACTIVE,50,3.16,65,0,0,0,0,0
03,120246901356730172,ACTIVE,35,3.14,41,1,2,1,0,0
03,120249529930250152,ACTIVE,80,3.1,51,2,3,1,1,28.98
03,120248170097810629,ACTIVE,100,3.09,52,1,1,0,0,0
03,120252090042790210,ACTIVE,94,3.08,105,1,1,0,0,0
03,120243593315080146,ACTIVE,100,3.04,51,1,1,0,0,0
03,120248899388140065,ACTIVE,40,3,54,1,0,0,0,0
03,120251063106910166,ACTIVE,10,2.9899999999999998,68,1,2,0,0,0
03,120245889270610065,ACTIVE,40,2.97,73,0,0,0,0,0
03,120258922417820586,ACTIVE,30,2.94,94,1,1,0,0,0
03,120249474040160389,ACTIVE,100,2.93,106,1,1,0,0,0
03,120249299930660544,ACTIVE,80,2.9,65,2,2,0,0,0
03,120250270945240663,ACTIVE,35,2.89,34,3,2,1,0,0
03,120249730950240229,ACTIVE,100,2.85,78,1,3,0,0,0
03,120247924205270214,ACTIVE,50,2.82,59,6,6,1,1,84.93
03,120250509929300725,ACTIVE,100,2.8,105,0,2,0,0,0
03,120245889270720065,ACTIVE,40,2.78,106,2,1,1,1,67.91
03,120251660169230722,ACTIVE,50,2.7399999999999998,52,3,2,0,0,0
03,120245380137820707,ACTIVE,120,2.72,93,3,5,0,1,37.37
03,120250270945270663,ACTIVE,35,2.66,43,2,4,1,1,66.02
03,120251251813620769,ACTIVE,100,2.64,47,0,0,0,0,0
03,120248688541680751,ACTIVE,40,2.63,36,3,1,0,0,0
03,120249361802360487,PAUSED,80,2.63,32,2,2,0,0,0
03,120248166981870509,ACTIVE,116,2.62,47,0,0,0,0,0
03,120248688541620751,ACTIVE,40,2.55,36,3,3,0,0,0
03,120251141863680019,ACTIVE,50,2.54,52,1,1,0,0,0
03,120251944302720368,ACTIVE,80,2.45,85,1,1,0,0,0
03,120249120674110404,ACTIVE,250,2.45,68,2,4,0,0,0
03,6998743229226,ACTIVE,50,2.38,84,1,1,0,0,0
03,120245481989440065,ACTIVE,40,2.37,61,0,0,0,0,0
03,120249498266450589,ACTIVE,100,2.37,64,0,0,0,0,0
03,120249193425970564,ACTIVE,80,2.33,56,1,1,0,0,0
03,120249474040130389,ACTIVE,100,2.33,53,1,1,0,0,0
03,120250156416670100,ACTIVE,100,2.3200000000000003,71,2,2,0,0,0
03,120247400306070032,ACTIVE,80,2.3,70,3,4,1,0,0
03,120249193426010564,ACTIVE,80,2.29,84,0,0,0,0,0
03,120248899610230065,ACTIVE,40,2.2199999999999998,41,1,2,0,0,0
03,120246050712990630,ACTIVE,102,2.18,35,0,1,0,0,0
03,120246755850270533,ACTIVE,100,2.16,85,0,1,0,0,0
03,120249915477060431,ACTIVE,80,2.13,42,0,0,0,0,0
03,120249263984710425,ACTIVE,100,2.11,73,1,1,0,0,0
03,120248977397800642,ACTIVE,121,2.09,45,0,1,0,0,0
03,120244471201830129,ACTIVE,80,2.08,68,0,0,0,0,0
03,120251944302800368,ACTIVE,80,2.04,63,1,2,0,0,0
03,120248370449970509,ACTIVE,98,2.02,60,0,0,0,0,0
03,120249694269820695,ACTIVE,50,1.9,45,1,1,0,0,0
03,120246513499500780,ACTIVE,80,1.88,56,1,0,0,0,0
03,120248077222780477,ACTIVE,100,1.85,53,2,3,0,0,0
03,120249468033420389,ACTIVE,78,1.79,35,3,5,0,0,0
03,120248735036310642,ACTIVE,100,1.77,47,0,3,0,0,0
03,120247131790900470,ACTIVE,50,1.69,75,2,1,0,0,0
03,120249128118780564,ACTIVE,80,1.67,36,2,3,0,0,0
03,120249361972230487,PAUSED,80,1.65,15,3,3,0,0,0
03,120249361680490487,PAUSED,80,1.65,17,1,1,0,0,0
03,120249252046510229,ACTIVE,100,1.56,62,0,1,0,0,0
03,120249236418490561,ACTIVE,90,1.4900000000000002,30,1,1,0,0,0
03,120247902130520509,PAUSED,100,1.41,58,2,3,1,0,0
03,120251788886810404,ACTIVE,100,1.3900000000000001,21,0,0,0,0,0
03,23858191064040794,ACTIVE,100,1.36,19,0,0,0,0,0
03,120252182229950450,ACTIVE,100,1.3599999999999999,33,0,0,0,0,0
03,120253146865300054,ACTIVE,100,1.35,14,0,0,0,0,0
03,120245050841650129,ACTIVE,80,1.29,46,0,0,0,0,0
03,120252102856020404,ACTIVE,56,1.26,27,1,2,0,0,0
03,120252839644180210,ACTIVE,88,1.26,22,0,0,0,0,0
03,120247131790930470,ACTIVE,50,1.25,76,5,5,1,0,0
03,120258929657820586,ACTIVE,30,1.19,29,0,0,0,0,0
03,120248539964750462,ACTIVE,60,1.1800000000000002,26,2,3,0,0,0
03,120258788750520586,ACTIVE,30,1.1600000000000001,30,2,1,0,0,0
03,120250401823370725,ACTIVE,100,1.15,25,0,1,1,0,0
03,23858190995810794,ACTIVE,100,1.11,20,0,0,0,0,0
03,120247322092240241,ACTIVE,100,1.08,68,0,0,0,0,0
03,120249473727060389,ACTIVE,100,1.0299999999999998,29,0,0,0,0,0
03,120258789196360586,ACTIVE,30,1.01,22,0,1,0,0,0
03,120250393756120064,PAUSED,50,0.97,24,0,0,0,0,0
03,120252510041540210,ACTIVE,100,0.93,28,0,1,0,0,0
03,120246843188440752,ACTIVE,100,0.9199999999999999,47,0,1,0,0,0
03,120252205063890166,ACTIVE,10,0.87,24,1,1,0,0,0
03,120250403343510725,ACTIVE,100,0.8600000000000001,24,0,0,0,0,0
03,120247983232350167,ACTIVE,80,0.85,26,0,2,0,0,0
03,120246901356650172,ACTIVE,35,0.85,9,0,1,0,0,0
03,120245031641660146,ACTIVE,100,0.85,28,0,0,0,0,0
03,120251983007490368,ACTIVE,80,0.82,15,0,0,0,0,0
03,120245161781490129,ACTIVE,80,0.79,16,0,0,0,0,0
03,120250191441070663,ACTIVE,50,0.79,11,0,0,0,0,0
03,120247240715200097,ACTIVE,100,0.75,27,0,0,0,0,0
03,120250403419350725,ACTIVE,100,0.74,39,0,2,0,0,0
03,120247176216320241,ACTIVE,95,0.73,24,0,2,0,0,0
03,120246809754550177,ACTIVE,90,0.72,8,0,0,0,0,0
03,120245516609390788,ACTIVE,30,0.7000000000000001,21,0,0,0,0,0
03,120248574839520695,ACTIVE,50,0.69,14,0,0,0,0,0
03,120246180858520686,ACTIVE,80,0.68,10,0,0,0,0,0
03,120247405294490674,ACTIVE,100,0.58,10,0,0,0,0,0
03,120246921246130533,ACTIVE,100,0.5599999999999999,32,1,0,0,0,0
03,120249177863580455,ACTIVE,1068,0.54,10,0,0,0,0,0
03,120245018376580146,ACTIVE,100,0.54,28,0,0,0,0,0
03,120249983687590565,PAUSED,100,0.53,4,0,0,0,0,0
03,120249263955650425,ACTIVE,100,0.53,33,0,3,0,0,0
03,120246007012750630,ACTIVE,116,0.53,30,0,1,0,0,0
03,120246295022080630,ACTIVE,100,0.47,11,0,0,0,0,0
03,120251868137060166,ACTIVE,10,0.43000000000000005,19,0,1,1,0,0
03,120246928447770752,ACTIVE,100,0.42000000000000004,18,1,1,0,0,0
03,120247392681010097,ACTIVE,100,0.38,20,0,0,0,0,0
03,120248302791940509,ACTIVE,100,0.37,8,0,0,0,0,0
03,120246670033370677,ACTIVE,384,0.36,17,0,0,0,0,0
03,120248243632310509,ACTIVE,200,0.35,15,0,0,0,0,0
03,120244978756050678,ACTIVE,100,0.33999999999999997,15,0,0,0,0,0
03,120251983007570368,ACTIVE,80,0.32,9,0,0,0,0,0
03,120244998739370129,ACTIVE,80,0.32,5,0,0,0,0,0
03,120251254946790722,ACTIVE,50,0.30000000000000004,3,0,0,0,0,0
03,120250602380270653,PAUSED,80,0.3,4,1,1,0,0,0
03,120245687813040097,ACTIVE,94,0.3,13,1,1,0,0,0
03,120247519982360097,ACTIVE,220,0.29,10,0,1,0,0,0
03,120248308537280509,ACTIVE,105,0.28,20,0,0,0,0,0
03,120258922417790586,ACTIVE,30,0.25,15,0,0,0,0,0
03,120249097053120561,ACTIVE,100,0.23,9,0,3,0,0,0
03,120246593136050630,ACTIVE,100,0.21,6,0,4,0,0,0
03,120250941148110577,ACTIVE,100,0.19,13,0,0,0,0,0
03,120252590102520166,ACTIVE,30,0.18,13,0,0,0,0,0
03,120245241360310455,ACTIVE,100,0.18,14,0,0,0,0,0
03,120249220581000455,ACTIVE,100,0.16,6,0,0,0,0,0
03,120247333375690674,ACTIVE,50,0.16,8,0,1,0,0,0
03,120252598297590166,ACTIVE,30,0.15,2,0,0,0,0,0
03,120247333375720674,ACTIVE,110,0.15,7,0,0,0,0,0
03,120252594940370166,ACTIVE,30,0.12000000000000001,8,0,0,0,0,0
03,120246466273450630,ACTIVE,100,0.12,4,0,0,0,0,0
03,120246121072780125,PAUSED,300,0.1,3,0,0,0,0,0
03,120252595965290166,ACTIVE,30,0.1,1,0,0,0,0,0
03,120252205832760166,ACTIVE,10,0.08,3,0,0,0,0,0
03,120252589978050166,ACTIVE,30,0.08,6,0,0,0,0,0
03,120246586246410630,ACTIVE,201,0.07,1,0,1,0,0,0
03,120248227096110465,ACTIVE,11,0.07,1,0,0,0,0,0
03,120251256015310577,ACTIVE,88,0.06,4,1,1,0,0,0
03,120249272918960455,ACTIVE,528,0.06,9,0,0,0,0,0
03,120249523562880116,ACTIVE,43,0.05,4,0,1,0,0,0
03,120249263984640425,ACTIVE,100,0.04,3,0,1,1,0,0
03,120246465900910677,PAUSED,100,0.04,1,0,0,0,0,0
03,120248128901930175,ACTIVE,88,0.04,9,0,0,0,0,0
03,120252589978110166,ACTIVE,30,0.03,1,0,0,0,0,0
03,120249344116310065,ACTIVE,94,0.03,3,0,0,0,0,0
03,120250224179000100,ACTIVE,100,0.01,3,0,0,0,0,0
03,120247200503920320,ACTIVE,1,0.01,1,0,0,0,0,0
03,120247389874330241,ACTIVE,100,0,0,0,0,0,0,0
03,120247389724220241,ACTIVE,100,0,0,0,0,0,0,0
03,120247389154910241,ACTIVE,100,0,0,0,0,0,0,0
03,120246392026150179,ACTIVE,80,0,0,0,0,0,0,0
03,120258771211060586,ACTIVE,30,0,1,0,0,0,0,0
03,120246392026370179,ACTIVE,80,0,0,0,0,0,0,0
03,120247389154890241,ACTIVE,100,0,0,0,0,0,0,0
03,120247388947230241,ACTIVE,100,0,0,0,0,0,0,0
03,120248452868900509,ACTIVE,100,0,0,0,0,0,0,0
03,120248452868840509,ACTIVE,100,0,0,0,0,0,0,0
03,120249446863910374,PAUSED,80,0,0,0,0,0,0,0
03,120249446863940374,PAUSED,80,0,0,0,0,0,0,0
03,120249446863960374,PAUSED,80,0,0,0,0,0,0,0
03,120248311770270509,PAUSED,100,0,0,0,1,0,0,0
03,120249446864100374,PAUSED,80,0,0,0,0,0,0,0
03,23858233581730790,PAUSED,80,0,0,0,0,0,0,0
03,120247137870290032,PAUSED,100,0,0,0,1,0,0,0
03,120248331315260509,PAUSED,100,0,0,0,0,0,0,0
03,120249680946580695,PAUSED,80,0,0,0,1,0,0,0
03,120248861015550389,ACTIVE,100,0,0,0,1,0,0,0
03,120247802943620389,PAUSED,100,0,0,0,1,0,0,0
03,120252079624330368,ACTIVE,50,0,0,0,0,0,0,0
03,120245264136700129,ACTIVE,80,0,0,0,0,0,0,0
03,120245264320780129,ACTIVE,80,0,0,0,0,0,0,0
03,120245264362560129,ACTIVE,80,0,0,0,0,0,0,0
03,120245264393800129,ACTIVE,80,0,0,0,0,0,0,0
03,120245264427840129,ACTIVE,80,0,0,0,0,0,0,0
03,120247797697910629,ACTIVE,150,0,1,0,0,0,0,0
03,120245264428080129,ACTIVE,80,0,0,0,0,0,0,0
03,120245172265760146,PAUSED,100,0,0,0,0,0,0,0
03,120251251813690769,ACTIVE,100,0,0,0,2,0,0,0
03,120245468761950436,PAUSED,100,0,0,0,2,0,0,0
03,120245171619050146,PAUSED,100,0,0,0,0,0,0,0
03,120247480459470590,PAUSED,80,0,0,0,0,0,0,0
03,120252401981500709,ACTIVE,80,0,0,0,0,0,0,0
03,120252451865130045,ACTIVE,100,0,0,0,0,0,0,0
03,120252451865140045,ACTIVE,100,0,0,0,0,0,0,0
03,120252460811520404,ACTIVE,80,0,0,0,0,0,0,0
03,120252460811580404,ACTIVE,80,0,0,0,0,0,0,0
03,120247480459120590,PAUSED,80,0,0,0,0,0,0,0
03,120247480374340590,PAUSED,80,0,0,0,0,0,0,0
03,120245906725230436,PAUSED,500,0,0,0,2,0,0,0
03,120247480374230590,PAUSED,80,0,0,0,0,0,0,0
03,120253194882220054,ACTIVE,100,0,0,0,0,0,0,0
03,120247480238410590,PAUSED,80,0,0,0,0,0,0,0
03,120249602496810152,ACTIVE,80,0,0,0,0,0,0,0
03,120247480238110590,PAUSED,80,0,0,0,0,0,0,0
03,120254248547210012,PAUSED,80,0,0,0,1,0,0,0
03,120254328143480012,ACTIVE,80,0,0,0,0,0,0,0
03,120254328143540012,ACTIVE,80,0,0,0,0,0,0,0
03,120249272919060455,ACTIVE,528,0,0,0,1,0,0,0
03,120247389999270241,ACTIVE,100,0,0,0,0,0,0,0
04,120243986668280589,ACTIVE,1200,183.72,4482,97,104,14,7,323.60999999999996
04,120244431777030751,ACTIVE,800,182.14,4141,103,111,17,9,462.25999999999993
04,120245941415570686,ACTIVE,700,177.86999999999998,2191,60,69,13,6,239.84999999999994
04,120249177863610455,ACTIVE,812,163.54,4401,125,124,3,2,119.32000000000001
04,120246273720740455,ACTIVE,800,159.4,3855,101,111,9,3,179.73
04,120244823852300686,ACTIVE,540,137.61,1731,58,61,6,3,152.41
04,120245334049460065,ACTIVE,680,136.67999999999998,2265,93,102,13,5,226.89999999999995
04,120247136451350725,ACTIVE,1000,133.93,4072,76,77,8,5,245.65
04,120244689533970708,ACTIVE,525,126.03,2113,57,68,6,5,213.29
04,120249110988580455,ACTIVE,681,125.81,4815,105,114,8,5,346.98
04,120247073165120090,ACTIVE,921,113.1,3060,93,125,6,2,127.54
04,120243276755660065,ACTIVE,500,112.38,3550,80,82,20,10,454.75000000000006
04,120244430700860708,ACTIVE,425,111.23000000000002,1684,53,56,6,4,224.51000000000002
04,120244761233710455,ACTIVE,800,108.72,2566,61,70,4,2,95.36000000000001
04,120248288633070389,PAUSED,144,104.63,3662,137,129,18,6,208.40000000000003
04,120246299672700751,ACTIVE,300,103.33,2426,50,55,13,2,110.81000000000002
04,120244164741820146,ACTIVE,389,102.99,3060,78,85,2,1,41.980000000000004
04,120245334049540065,ACTIVE,510,102.21000000000001,1752,48,68,7,4,157.85
04,120248854598290455,ACTIVE,800,101.55,2616,49,48,7,5,348.48
04,120246135738040630,IN_PROCESS,832,99.61000000000001,4802,120,117,13,7,332.28999999999996
04,120242301213710065,ACTIVE,550,99.38,3695,54,58,7,2,79.49
04,120241671273870455,ACTIVE,474,97.72999999999999,2464,56,49,4,2,120.82
04,120249231443520389,ACTIVE,374,96.07,3607,108,103,12,6,194.73000000000002
04,120252064052550709,ACTIVE,500,94.07,1600,45,55,8,6,224.19000000000003
04,120246832758790677,PAUSED,456,90.97999999999999,2642,27,30,4,1,70.02
04,120245400790120686,ACTIVE,500,86.49,1710,37,40,6,3,152.39000000000001
04,120246828454030629,ACTIVE,683,83.86,1669,42,47,4,2,126.32000000000001
04,120248332283150708,ACTIVE,322,82.72,1787,33,38,7,1,51.14
04,120241066464020065,ACTIVE,470,82.19,3345,45,48,12,5,246.44
04,120248416747190708,ACTIVE,220,81.86,1451,36,35,2,2,59.879999999999995
04,120249433591590100,ACTIVE,500,79.69999999999999,2374,50,55,5,4,223.83000000000004
04,120244813077130146,ACTIVE,500,78.44,1067,36,25,5,4,201.16
04,120245539332330436,ACTIVE,500,76.12,3212,61,65,3,2,136.46
04,120249999663760100,ACTIVE,375,71.25,2045,46,51,4,3,143.29000000000002
04,120244761091850146,ACTIVE,500,67.26,1412,41,44,4,2,117.19
04,120244928009900146,ACTIVE,306,65.75,1628,41,32,2,3,195.80999999999997
04,120247449223630097,ACTIVE,280,65.24,2138,38,41,4,3,158.92000000000002
04,120246040085600751,ACTIVE,300,64.63,1440,42,46,6,3,126.98999999999998
04,120249222252410065,ACTIVE,350,64.37,1577,19,27,1,0,0
04,120249325405290389,ACTIVE,300,64.00999999999999,2475,85,88,16,4,150.82999999999998
04,120248059117540214,ACTIVE,300,63.31999999999999,1352,34,40,3,3,90.67999999999999
04,120249020782530389,ACTIVE,300,63.08,1678,51,44,9,5,223.07999999999998
04,120245891909090125,ACTIVE,500,62.6,1283,22,21,4,3,177.67
04,120251425264570709,ACTIVE,300,62.18,1043,26,28,2,1,46.37
04,120247139480370564,ACTIVE,600,59.43,1234,8,21,0,0,0
04,120250216921880100,ACTIVE,500,58.81999999999999,1614,39,36,2,3,218.43
04,120246299672740751,ACTIVE,300,57.84,1472,28,36,4,2,60.67
04,120247325002770564,ACTIVE,500,57.120000000000005,1752,28,26,1,1,72.94
04,120244761352230455,ACTIVE,495,56.7,1020,23,29,3,2,167.25
04,120249935914370589,ACTIVE,234,56.18,1280,29,31,1,1,29.98
04,120246023777450751,ACTIVE,300,55.9,1224,36,38,8,0,0
04,120247935278530175,ACTIVE,425,55.86000000000001,1351,40,44,2,1,57.900000000000006
04,120250210018830100,ACTIVE,500,55.12,1562,38,41,6,1,52.56
04,120245972443720177,ACTIVE,144,54.78,2717,60,61,5,2,81.2
04,120248563890890642,ACTIVE,400,54.660000000000004,1420,25,27,3,1,65.95
04,120249217383010544,PAUSED,250,54.58,747,18,19,3,2,55.96
04,120249730950860229,ACTIVE,300,54.449999999999996,1252,37,37,3,1,49.97
04,120249871401270725,ACTIVE,500,53.52,1267,25,26,3,1,68.56
04,120244034916020436,ACTIVE,426,51.900000000000006,2131,48,44,5,2,234.12
04,120245694161990686,ACTIVE,257,51.51,503,12,13,1,1,71.21000000000001
04,120248722531060455,ACTIVE,240,50.550000000000004,1235,30,27,2,2,95.35999999999999
04,120246024108390751,ACTIVE,300,50.099999999999994,886,25,34,3,3,154.06
04,120245750135860686,ACTIVE,100,49.45,513,13,14,1,2,81.2
04,120248563890830642,ACTIVE,400,48.62,1347,25,28,3,2,103.9
04,120248416194170455,ACTIVE,454,48.14,1471,35,36,4,0,0
04,120246928620620752,ACTIVE,300,47.849999999999994,1310,43,45,5,1,42.97
04,120242301213170065,ACTIVE,300,47.55,2152,19,35,5,2,59.96
04,120249325186790389,ACTIVE,300,47.28,1718,46,26,1,2,84.69
04,120245400596270686,ACTIVE,200,45.44,2096,67,72,10,4,161.15
04,120239930892250650,ACTIVE,300,45.230000000000004,721,31,32,2,1,61.56999999999999
04,120248274792600090,ACTIVE,139,43.97,748,31,28,4,2,176.26999999999998
04,120245514271740065,ACTIVE,195,43.949999999999996,785,18,19,4,2,97.89
04,120248320516160509,ACTIVE,204,43.46,915,32,35,8,5,207.35999999999999
04,120248308537530509,ACTIVE,210,43.19,1523,21,25,1,1,34.980000000000004
04,120249468033340389,ACTIVE,205,43.089999999999996,1430,36,50,5,1,34.86
04,23858191063980794,ACTIVE,100,42.95,509,12,11,0,0,0
04,120242031621370065,ACTIVE,229,42.8,1103,22,24,1,1,29.98
04,7000061165970,ACTIVE,250,42.03,1235,26,38,4,3,171.15
04,120250011342400589,ACTIVE,330,40.83,835,32,28,2,1,49.51
04,120251109575920577,ACTIVE,101,40.56,1015,22,21,2,3,125.32
04,120245201694370686,ACTIVE,120,40.19,593,8,11,0,0,0
04,120245018376450146,ACTIVE,188,39.86,1283,19,22,6,1,41.98
04,120250296395520100,ACTIVE,300,39.79,1045,28,27,4,4,195.05
04,120248732700550455,ACTIVE,240,39.650000000000006,1099,21,25,0,1,60.410000000000004
04,120247377722540477,ACTIVE,136,39.56,444,20,16,2,1,71.21
04,120245469696060686,ACTIVE,100,39.489999999999995,638,11,12,1,1,71.21
04,120246808388750320,ACTIVE,270,39.25,1337,24,26,2,1,103.82
04,120248416746740708,ACTIVE,155,39.01,933,17,17,1,1,107.27000000000001
04,23858191024100794,ACTIVE,100,38.849999999999994,501,10,12,0,0,0
04,120247998931350564,ACTIVE,380,38.77,555,9,12,2,2,165.67000000000002
04,120253194321230054,ACTIVE,100,38.64,599,11,8,1,0,0
04,120248320516200509,ACTIVE,200,38.099999999999994,612,21,21,3,2,59.96000000000001
04,120253192598020054,PAUSED,118,37.8,519,4,3,0,0,0
04,120251210404530057,ACTIVE,100,37.21,277,8,8,0,0,0
04,120246660415710177,ACTIVE,100,37.2,652,18,16,1,1,29.98
04,120249141973900564,ACTIVE,80,36.94,1767,30,31,1,0,0
04,120253122370210054,ACTIVE,137,36.709999999999994,536,10,10,3,0,0
04,120235336090360210,ACTIVE,200,36.48,744,21,23,1,0,0
04,120249553547110663,ACTIVE,200,36.09,701,13,17,2,1,66.02
04,120247634863390564,ACTIVE,150,36.09,834,13,18,0,0,0
04,120245882219820678,ACTIVE,105,36.02,403,7,7,0,0,0
04,120251997719170404,ACTIVE,100,35.59,471,21,21,2,1,41.980000000000004
04,23858190995890794,ACTIVE,100,35.36,452,17,18,1,1,67.87
04,120244643680750544,ACTIVE,200,35.199999999999996,854,21,21,5,2,75.5
04,120248922585490210,ACTIVE,200,34.61,1454,21,20,0,1,41.98
04,120246382556450462,ACTIVE,289,34.36,690,19,24,3,1,57.98
04,120246452282830177,ACTIVE,100,34.08,482,9,15,1,1,29.98
04,120249172433610425,ACTIVE,334,34.06,612,7,8,1,0,0
04,120244349823030686,ACTIVE,100,34.019999999999996,453,17,20,5,2,59.96
04,120248158101890629,ACTIVE,126,33.98,442,13,13,0,0,0
04,120248889381040455,ACTIVE,209,33.91,1594,19,14,0,0,0
04,120253195270800054,ACTIVE,100,33.56,387,11,12,0,0,0
04,120246299721450751,ACTIVE,195,33.5,584,16,17,3,1,41.97
04,120248249737920509,ACTIVE,200,33.39,847,14,17,0,0,0
04,120248184540550090,ACTIVE,325,33.18000000000001,918,15,23,2,0,0
04,120249111980100065,PAUSED,100,33.11,840,21,19,1,0,0
04,120247775015280090,ACTIVE,132,33.089999999999996,773,21,20,1,0,0
04,120245172037470146,ACTIVE,100,32.53,649,13,12,1,1,41.980000000000004
04,120244761869100436,ACTIVE,100,32.519999999999996,1235,21,21,2,0,0
04,120244079033450320,ACTIVE,120,32.33,1209,29,27,3,1,61.45
04,120252198020010210,ACTIVE,70,32.09,664,10,12,2,2,146.66000000000003
04,120250623625120057,ACTIVE,100,31.880000000000003,275,11,10,0,0,0
04,120248383861080100,ACTIVE,100,31.78,725,10,11,2,1,22.98
04,120245179332800129,ACTIVE,150,31.67,818,36,38,3,1,66.47999999999999
04,120253195554740054,ACTIVE,100,31.669999999999998,385,9,10,0,0,0
04,120249141691480564,ACTIVE,300,31.54,905,14,12,1,1,39.98
04,120248484683480090,PAUSED,124,31.339999999999996,645,15,12,0,0,0
04,120246754801740509,ACTIVE,101,31.23,482,13,13,3,3,150.67
04,120247519982390097,ACTIVE,220,31.15,847,17,16,2,1,63.470000000000006
04,120248012782330065,ACTIVE,146,30.830000000000002,777,13,11,3,4,119.91999999999999
04,120249220557120455,ACTIVE,200,30.450000000000003,456,11,11,1,1,84.37
04,120249344116270065,PAUSED,94,30.429999999999996,538,19,18,1,0,0
04,120248082904030663,ACTIVE,150,30.07,511,16,18,0,1,92.41
04,120244471201780129,ACTIVE,80,30.03,756,23,24,2,1,41.980000000000004
04,120249286765290368,ACTIVE,200,30.02,654,6,8,2,0,0
04,120243117326020544,PAUSED,80,29.939999999999998,809,7,10,2,1,27.98
04,120250285289280319,ACTIVE,200,29.839999999999996,903,25,29,3,0,0
04,120248159544200477,ACTIVE,90,29.72,413,7,9,0,0,0
04,120251210329350057,ACTIVE,100,29.650000000000002,280,11,13,1,1,41.980000000000004
04,120249810423640431,ACTIVE,220,29.52,845,21,27,4,2,57.96
04,120249135138590389,ACTIVE,100,29.33,709,26,20,2,1,48.72
04,120250877852440057,ACTIVE,100,29.28,341,13,11,1,1,73.42
04,120248336280930090,ACTIVE,227,29.189999999999998,484,10,10,0,0,0
04,120250270342280100,ACTIVE,133,29.159999999999997,801,20,25,2,1,22.98
04,120248484683390090,ACTIVE,124,29.07,648,18,14,3,1,113.87
04,120252072716270054,ACTIVE,100,28.93,578,10,13,0,0,0
04,120245266826770146,ACTIVE,100,28.9,505,14,14,1,0,0
04,120251701953330054,ACTIVE,100,28.86,579,13,10,1,1,73.2
04,120246471244730065,ACTIVE,229,28.840000000000003,767,19,21,2,0,0
04,120245257768630146,ACTIVE,100,28.759999999999998,629,18,17,1,1,75.22
04,120252119065410427,ACTIVE,100,28.67,463,11,13,3,2,126.94000000000001
04,120247762435840509,ACTIVE,100,28.46,472,14,14,0,0,0
04,120248893450790642,ACTIVE,319,28.35,490,5,7,1,1,37.95
04,120243753190540054,ACTIVE,101,28.349999999999998,690,14,15,2,1,53.22
04,120247380152830677,ACTIVE,150,28.16,1058,17,20,1,1,41.98
04,120242709811040544,ACTIVE,80,28.119999999999997,714,13,15,4,3,83.94000000000001
04,120249285560280695,ACTIVE,80,28.08,586,5,4,0,0,0
04,120249217032280544,PAUSED,100,27.990000000000002,633,10,10,2,1,27.98
04,120246997356490752,ACTIVE,180,27.879999999999995,818,17,22,6,3,126.88999999999999
04,120258095185070586,ACTIVE,100,27.61,610,17,16,2,1,48.17
04,120245942236800686,ACTIVE,100,27.580000000000005,333,10,10,1,1,71.21
04,120252119065460427,ACTIVE,100,27.55,431,12,12,2,0,0
04,120244963676310686,ACTIVE,80,27.46,354,11,11,5,5,274.83
04,120249111979930065,PAUSED,100,27.38,582,16,13,2,1,29.979999999999997
04,120251789041250404,ACTIVE,100,27.35,397,13,9,0,0,0
04,120246506835670630,ACTIVE,198,27.18,571,10,11,0,0,0
04,120247547590960642,ACTIVE,229,27.12,451,22,20,3,1,65.95
04,120248574839550695,ACTIVE,243,27.12,594,11,12,3,2,199.66
04,120249498266450589,ACTIVE,100,26.94,511,9,10,1,1,29.98
04,120248734905220544,PAUSED,80,26.809999999999995,603,9,9,2,1,27.98
04,120248381419940043,ACTIVE,200,26.64,353,13,12,2,2,53.959999999999994
04,120250769000920577,ACTIVE,100,26.619999999999997,522,14,14,0,0,0
04,120245049415260032,ACTIVE,100,26.590000000000003,575,8,7,1,1,58.96
04,120258018921720586,PAUSED,100,26.53,593,15,19,0,1,49.37
04,120250510276600725,ACTIVE,100,26.52,559,7,9,0,0,0
04,120240258763950179,ACTIVE,200,26.450000000000003,1046,10,13,2,1,28.98
04,120248613615540642,ACTIVE,210,26.42,534,13,12,2,0,0
04,120248893532100100,ACTIVE,100,26.409999999999997,561,11,15,2,2,92.27000000000001
04,120246243213310686,ACTIVE,80,26.36,329,10,9,0,0,0
04,120250466943310577,ACTIVE,101,26.330000000000002,427,24,21,1,1,28.98
04,120249469433590487,ACTIVE,80,26.3,213,4,5,2,1,37.94
04,120246670033370677,ACTIVE,384,26.17,756,3,6,0,0,0
04,120248910639180462,ACTIVE,106,25.85,382,11,12,1,1,57.98
04,120249754760810019,PAUSED,50,25.76,340,12,12,1,1,29.979999999999997
04,120250510276530725,ACTIVE,100,25.689999999999998,1903,25,23,2,0,0
04,120248911416770577,ACTIVE,102,25.65,427,16,15,2,1,50.31
04,120246245031290686,ACTIVE,80,25.63,239,2,3,0,0,0
04,120239823911920241,ACTIVE,168,25.61,1051,17,20,0,0,0
04,120249120674110404,ACTIVE,250,25.490000000000002,435,15,18,2,0,0
04,120247296233710320,ACTIVE,170,25.33,686,14,21,0,0,0
04,120242389399980544,ACTIVE,80,25.289999999999996,723,10,14,1,0,0
04,120251357877470577,ACTIVE,100,25.229999999999997,306,7,8,1,0,0
04,120248415387990090,ACTIVE,126,25.22,549,16,20,0,0,0
04,120249501538610065,ACTIVE,94,25.21,526,9,8,1,1,29.979999999999997
04,120249334344390632,PAUSED,80,25.2,201,3,3,0,0,0
04,120258694716360586,ACTIVE,100,25.15,569,12,10,1,2,78.35
04,120245260305260146,ACTIVE,100,25.03,294,6,4,0,0,0
04,120249501538580065,ACTIVE,94,24.96,430,14,15,1,1,29.979999999999997
04,120252357241480450,ACTIVE,100,24.95,267,13,13,0,0,0
04,120246299672680751,ACTIVE,115,24.900000000000002,592,7,10,2,1,41.97
04,120248089703400629,ACTIVE,152,24.86,638,13,13,2,1,36.949999999999996
04,120249059132600642,ACTIVE,120,24.810000000000002,452,9,8,2,2,103.9
04,120249107649200126,ACTIVE,89,24.81,430,14,14,2,2,79.5
04,120248924408620544,ACTIVE,87,24.78,594,12,13,1,1,83.15
04,120248158101820629,ACTIVE,126,24.770000000000003,467,15,11,1,0,0
04,120249443467080663,ACTIVE,250,24.68,315,16,13,2,2,103.99999999999999
04,120246245009930686,ACTIVE,80,24.68,304,6,7,1,0,0
04,120247027817230677,PAUSED,116,24.66,396,7,7,0,0,0
04,120250300183610725,ACTIVE,200,24.589999999999996,770,18,15,1,0,0
04,120246297341700177,ACTIVE,101,24.549999999999997,422,10,13,0,0,0
04,120248249192300509,ACTIVE,200,24.549999999999997,926,20,22,2,2,96.94999999999999
04,120246243213280686,ACTIVE,80,24.54,356,15,12,0,0,0
04,120247583319740586,ACTIVE,100,24.509999999999998,458,9,11,1,1,28.98
04,120246878248760177,ACTIVE,87,24.46,385,11,12,2,0,0
04,120250014656210229,ACTIVE,80,24.36,339,11,9,1,0,0
04,120247483364160590,ACTIVE,80,24.34,337,11,11,1,0,0
04,120249469549460487,ACTIVE,80,24.3,200,5,6,0,0,0
04,120245266852860146,ACTIVE,100,24.29,566,18,12,1,1,43.72
04,120248735036530642,ACTIVE,151,24.29,543,12,13,3,1,65.95
04,120245514271720065,ACTIVE,115,24.240000000000002,434,13,14,1,0,0
04,120247296621030707,ACTIVE,111,24.14,344,15,14,1,1,22.98
04,120246245620730686,ACTIVE,80,24.130000000000003,233,9,9,1,0,0
04,120247872407610477,ACTIVE,100,24.08,410,13,15,2,2,81.2
04,120246245009890686,ACTIVE,80,24.07,388,9,8,2,2,59.959999999999994
04,120245031811820436,ACTIVE,100,24.03,881,22,22,2,1,68.23
04,120247976949780477,ACTIVE,100,24,269,5,6,2,2,102.42
04,120245279293750436,ACTIVE,100,24,1049,14,17,2,0,0
04,120251979136820210,ACTIVE,100,23.96,464,11,8,2,1,71.72
04,120245346459390436,ACTIVE,100,23.919999999999995,855,19,20,1,0,0
04,120246979308680533,ACTIVE,159,23.91,943,26,32,4,2,66.95
04,120249334344330632,ACTIVE,80,23.85,245,6,6,0,0,0
04,120253547301770348,ACTIVE,80,23.84,300,9,8,1,0,0
04,120245899907660065,ACTIVE,115,23.82,365,11,12,0,0,0
04,120246098209220686,ACTIVE,80,23.72,311,14,13,4,3,131.17
04,120251788791190404,ACTIVE,100,23.7,363,6,9,0,1,97.96
04,120245339157220686,ACTIVE,100,23.68,282,12,10,0,1,29.980000000000004
04,120244686931590705,ACTIVE,80,23.68,316,8,8,2,1,51.21
04,120245266852790146,ACTIVE,100,23.67,591,17,17,2,1,41.980000000000004
04,120249276093860168,ACTIVE,202,23.630000000000003,457,13,15,2,2,97.36
04,120246376824850630,ACTIVE,136,23.580000000000002,617,10,15,2,1,49.97
04,120244809629940146,ACTIVE,115,23.57,518,5,7,2,0,0
04,120245266827060146,ACTIVE,100,23.53,480,13,15,1,1,75.22
04,120247209323410032,ACTIVE,100,23.53,567,20,20,1,1,44.85
04,120242883956790544,ACTIVE,80,23.509999999999998,830,8,11,1,1,47.519999999999996
04,120248072969470389,ACTIVE,118,23.479999999999997,798,28,26,4,0,0
04,120251109241560577,ACTIVE,100,23.450000000000003,597,22,21,1,0,0
04,120246884110080177,ACTIVE,100,23.43,395,13,13,2,1,29.980000000000004
04,120244794017770320,ACTIVE,120,23.31,871,17,15,3,0,0
04,120249304487320561,ACTIVE,90,23.299999999999997,530,10,12,3,1,43.800000000000004
04,120245899907890065,ACTIVE,115,23.29,384,15,15,4,2,59.959999999999994
04,120248141448610214,ACTIVE,130,23.240000000000002,435,12,11,3,0,0
04,120250296535810100,ACTIVE,100,23.09,589,16,13,3,2,101.92
04,120248192187930175,ACTIVE,88,23.060000000000002,386,9,10,2,1,41.93
04,120244758149170146,ACTIVE,100,23.01,363,10,8,1,0,0
04,120251181923790577,ACTIVE,101,22.93,598,16,16,3,2,77.15
04,120244270293390320,ACTIVE,120,22.93,833,22,22,1,0,0
04,120246985309150320,ACTIVE,280,22.900000000000002,957,11,10,0,0,0
04,120249287169520455,ACTIVE,200,22.869999999999997,629,10,10,0,0,0
04,120247380153090677,ACTIVE,126,22.86,615,9,10,1,1,96.41
04,120250509840740725,ACTIVE,100,22.85,579,11,13,1,0,0
04,120244686931560705,ACTIVE,80,22.749999999999996,268,12,12,0,0,0
04,120247383567000320,ACTIVE,107,22.740000000000002,635,13,13,2,1,103.82
04,120248850201850065,ACTIVE,100,22.740000000000002,644,8,11,4,2,117.42999999999999
04,120246878248820177,ACTIVE,87,22.66,352,12,13,2,1,29.980000000000004
04,120249247871220425,ACTIVE,90,22.65,316,8,8,1,1,90.72
04,120246330272670320,ACTIVE,150,22.6,710,14,20,1,0,0
04,120247483547220590,ACTIVE,80,22.45,396,7,6,1,1,29.98
04,120249776872540116,ACTIVE,101,22.43,393,13,15,3,0,0
04,120248721372440425,ACTIVE,122,22.39,430,8,9,1,1,69.66999999999999
04,120246245073330686,ACTIVE,80,22.36,252,4,5,0,0,0
04,120245557729330686,PAUSED,100,22.32,295,7,7,0,0,0
04,120246919904290533,ACTIVE,100,22.310000000000002,975,27,30,3,1,41.97
04,120247431629500707,ACTIVE,80,22.310000000000002,435,11,14,0,0,0
04,120248935062690126,ACTIVE,240,22.27,500,5,5,1,0,0
04,120253854767370211,ACTIVE,120,22.19,303,7,7,0,0,0
04,120247608644690175,ACTIVE,120,22.189999999999998,429,12,14,1,0,0
04,120247746970390291,ACTIVE,360,22.15,306,7,9,0,0,0
04,120247762435760509,ACTIVE,100,21.91,265,9,11,0,0,0
04,120252357630990450,ACTIVE,100,21.9,258,4,4,1,0,0
04,120246245031330686,ACTIVE,80,21.89,292,7,8,1,1,29.980000000000004
04,120250509929260725,ACTIVE,100,21.89,490,8,11,1,0,0
04,120246990149220650,ACTIVE,107,21.869999999999997,310,11,10,0,0,0
04,120258018661030586,PAUSED,100,21.76,504,19,18,0,0,0
04,120249286682560368,ACTIVE,300,21.689999999999998,491,11,8,1,0,0
04,120248287670480214,ACTIVE,190,21.669999999999998,421,11,13,1,1,21.98
04,120246309078080032,ACTIVE,100,21.650000000000002,520,15,17,1,0,0
04,120246245073360686,ACTIVE,80,21.63,331,10,10,0,0,0
04,120248842978890462,ACTIVE,230,21.58,349,16,16,4,2,107.96000000000001
04,120245987269690436,ACTIVE,124,21.560000000000002,590,19,23,2,1,68.22999999999999
04,120252107365970427,ACTIVE,100,21.48,410,7,7,0,0,0
04,120248493682120090,ACTIVE,80,21.47,221,10,13,2,2,130.66
04,120248139130260455,ACTIVE,200,21.46,518,11,12,1,1,60.41
04,120245987269630436,ACTIVE,124,21.39,720,10,10,0,0,0
04,120246809754490177,ACTIVE,133,21.270000000000003,390,11,12,1,0,0
04,120249020804570126,ACTIVE,100,21.27,416,13,11,0,0,0
04,120250014496850229,ACTIVE,80,21.25,325,9,9,1,1,67.46
04,120247085686400320,ACTIVE,100,21.24,476,5,6,0,0,0
04,120250946852160368,ACTIVE,170,21.24,681,14,14,1,0,0
04,120250519148850127,ACTIVE,100,21.21,230,11,16,2,1,34.980000000000004
04,120249385779290544,ACTIVE,80,21.060000000000002,445,5,7,2,1,47.510000000000005
04,120249469635100487,ACTIVE,80,21.020000000000003,217,4,4,0,0,0
04,120249177863580455,ACTIVE,1068,20.990000000000002,510,8,16,0,0,0
04,120250354465180603,ACTIVE,80,20.96,327,15,14,0,0,0
04,120250014495990229,ACTIVE,80,20.94,423,9,13,3,2,117.43
04,120247041237780707,ACTIVE,100,20.9,316,4,4,1,0,0
04,120250510217580725,ACTIVE,100,20.86,421,8,7,0,0,0
04,120251722976530368,ACTIVE,100,20.85,575,9,11,2,1,69.57
04,120249533797640152,ACTIVE,80,20.82,435,12,12,1,0,0
04,120245282912580630,ACTIVE,100,20.819999999999997,355,11,10,2,2,79.94999999999999
04,120247431629840707,ACTIVE,80,20.759999999999998,422,10,8,2,2,45.96
04,120250789469770586,ACTIVE,100,20.72,488,15,18,0,0,0
04,120249968225360116,ACTIVE,90,20.68,280,13,9,1,1,74.97
04,120245518803430436,ACTIVE,100,20.67,820,19,19,1,1,68.23
04,120248049220150291,ACTIVE,300,20.67,371,5,7,0,0,0
04,23858075865830799,ACTIVE,160,20.599999999999998,292,10,8,3,0,0
04,120245260182070146,ACTIVE,100,20.52,508,11,11,2,0,0
04,120247448991990590,ACTIVE,100,20.450000000000003,359,5,6,0,0,0
04,120247405391800674,ACTIVE,136,20.43,302,18,14,1,1,46.230000000000004
04,120246244937140686,ACTIVE,80,20.4,255,3,5,1,0,0
04,23858073029630799,ACTIVE,150,20.36,214,8,9,4,0,0
04,120250518458320127,ACTIVE,100,20.330000000000002,285,14,16,3,1,106.95
04,120248177990120477,ACTIVE,100,20.330000000000002,279,9,10,1,1,51.22
04,120245530294730678,ACTIVE,100,20.33,426,13,13,0,0,0
04,120249819292400663,ACTIVE,100,20.31,356,14,15,1,0,0
04,120250509772640725,ACTIVE,100,20.299999999999997,570,13,15,4,4,197.47
04,120246678174130630,ACTIVE,80,20.279999999999998,476,6,6,0,0,0
04,120246680736770533,ACTIVE,100,20.25,650,19,20,1,1,41.97
04,120251778959040404,ACTIVE,94,20.21,326,14,17,1,1,41.980000000000004
04,120250394007920064,ACTIVE,50,20.16,385,7,8,0,0,0
04,120246219468190177,ACTIVE,100,20.150000000000002,340,11,11,3,1,51.22
04,120250200295930589,ACTIVE,100,20.06,347,8,11,2,1,29.979999999999997
04,120248444259380455,ACTIVE,100,20.05,502,7,9,0,0,0
04,120248447974370043,ACTIVE,120,20.04,397,17,17,3,2,127.69999999999999
04,120248040060750126,ACTIVE,80,19.95,336,5,6,2,1,49.52
04,120246145189280470,ACTIVE,80,19.93,1048,15,15,0,0,0
04,120245044044870686,ACTIVE,100,19.91,244,8,7,0,0,0
04,120247046282150533,ACTIVE,100,19.83,597,14,13,3,1,24.98
04,120246244958270686,ACTIVE,80,19.81,257,6,7,1,1,71.21
04,120248492410110561,ACTIVE,280,19.72,492,14,15,0,0,0
04,120250510217700725,ACTIVE,100,19.7,371,9,9,1,0,0
04,120258483603970586,PAUSED,100,19.66,477,8,7,1,0,0
04,120248764599250589,ACTIVE,100,19.66,361,6,5,0,0,0
04,120249469549380487,PAUSED,80,19.64,185,2,4,0,0,0
04,120249469635130487,PAUSED,80,19.63,195,5,4,0,0,0
04,120245257768380146,ACTIVE,100,19.62,540,11,12,2,0,0
04,120258937221380586,ACTIVE,100,19.509999999999998,404,9,11,1,0,0
04,120248308559800509,ACTIVE,100,19.48,548,13,9,1,1,34.98
04,120250307526160100,ACTIVE,100,19.48,504,8,9,0,0,0
04,120253854653760211,ACTIVE,120,19.4,328,11,12,1,0,0
04,120249614588310725,ACTIVE,100,19.39,1234,0,26,1,1,49.37
04,120250072676600565,ACTIVE,100,19.380000000000003,281,19,19,2,0,0
04,120247046369790533,ACTIVE,100,19.36,557,11,12,2,0,0
04,120235701428400210,ACTIVE,200,19.35,482,5,7,1,1,41.98
04,120246791587200455,ACTIVE,107,19.29,286,10,9,1,0,0
04,120251294132620577,ACTIVE,101,19.25,360,12,8,2,2,108.33000000000001
04,120249385716130544,PAUSED,80,19.21,452,2,2,1,0,0
04,120245259460500146,ACTIVE,100,19.189999999999998,398,5,5,0,0,0
04,120247383567310320,ACTIVE,107,19.15,531,13,13,2,0,0
04,120245205078130630,ACTIVE,176,19.1,425,9,9,0,0,0
04,120250014656120229,ACTIVE,80,19.06,355,6,7,1,0,0
04,120249533872170152,ACTIVE,140,19.04,487,13,12,1,0,0
04,120246841363130474,ACTIVE,80,19.02,408,5,5,1,0,0
04,120248286769360214,ACTIVE,80,18.95,283,10,10,1,1,37.27
04,120249535727510116,ACTIVE,100,18.91,368,9,10,0,0,0
04,120248192187960175,ACTIVE,88,18.880000000000003,362,8,7,0,0,0
04,120252052705250368,ACTIVE,80,18.880000000000003,469,16,13,0,0,0
04,120246471244780065,ACTIVE,229,18.87,472,17,14,4,4,180.64
04,120245260142700146,ACTIVE,100,18.83,351,11,11,0,0,0
04,120250329792700100,ACTIVE,89,18.8,494,18,19,1,0,0
04,120250329792710100,ACTIVE,89,18.75,491,10,10,1,0,0
04,120247307584620032,ACTIVE,100,18.72,454,10,13,0,0,0
04,120251351288690577,ACTIVE,88,18.71,567,20,18,3,1,48.169999999999995
04,120248170232750041,PAUSED,80,18.59,124,5,0,0,0,0
04,120245530294750678,ACTIVE,100,18.58,397,13,13,4,3,155.94
04,120249573023870116,ACTIVE,100,18.57,289,17,19,0,0,0
04,120250354465080603,ACTIVE,80,18.55,310,11,12,2,1,37.980000000000004
04,120246733901990065,ACTIVE,80,18.55,262,9,9,1,0,0
04,120246397978120533,PAUSED,100,18.55,645,19,21,2,0,0
04,120246245620660686,ACTIVE,80,18.41,219,5,7,0,0,0
04,120244813153430146,ACTIVE,100,18.389999999999997,642,13,12,0,0,0
04,120249447976690374,ACTIVE,80,18.37,276,7,8,2,1,29.98
04,120248560991980642,ACTIVE,100,18.36,288,7,7,0,0,0
04,120247001920940477,ACTIVE,100,18.35,329,9,10,0,0,0
04,120243508760940146,ACTIVE,100,18.31,361,2,3,0,0,0
04,120247483521280674,ACTIVE,80,18.25,291,5,9,2,1,46.22
04,120251351288870577,ACTIVE,88,18.220000000000002,504,19,16,2,0,0
04,120246244988860686,ACTIVE,80,18.22,241,11,10,0,1,29.98
04,120248064986340303,ACTIVE,120,18.21,427,14,16,2,2,70.95000000000002
04,120248492307240090,PAUSED,80,18.21,233,5,5,0,0,0
04,120248881081710126,ACTIVE,80,18.17,288,10,9,1,0,0
04,120248440316140509,ACTIVE,99,18.169999999999998,467,8,6,0,0,0
04,120250429792780057,ACTIVE,100,18.169999999999998,176,9,10,0,0,0
04,120245259285100146,ACTIVE,100,18.16,523,10,11,3,0,0
04,120250211391750717,ACTIVE,80,18.139999999999997,227,6,7,0,0,0
04,120245218353240788,ACTIVE,20,17.990000000000002,229,5,6,0,0,0
04,120252108066570427,ACTIVE,100,17.959999999999997,392,6,5,0,0,0
04,120247400497760032,ACTIVE,100,17.94,397,6,9,0,0,0
04,120246570408620477,ACTIVE,100,17.86,289,8,9,1,0,0
04,120245081768890146,ACTIVE,100,17.849999999999998,463,11,11,1,0,0
04,120245263171100146,ACTIVE,100,17.79,471,8,9,0,0,0
04,120251280446770722,ACTIVE,80,17.68,304,15,14,2,0,0
04,120246286289450125,ACTIVE,100,17.67,206,2,2,1,0,0
04,120247245979210389,ACTIVE,100,17.66,397,22,23,4,3,115.96999999999998
04,120251354404600722,ACTIVE,120,17.65,201,8,10,5,4,91.92
04,120245263171140146,ACTIVE,100,17.61,488,4,6,0,0,0
04,6997456213633,ACTIVE,80,17.549999999999997,336,10,12,0,0,0
04,120248454804220509,ACTIVE,80,17.46,281,6,5,0,0,0
04,120249304487120561,ACTIVE,90,17.46,459,6,9,1,0,0
04,120248170232840041,ACTIVE,80,17.43,134,9,0,0,0,0
04,120246733877000065,ACTIVE,80,17.42,307,12,17,2,1,29.98
04,120246180858540686,ACTIVE,126,17.369999999999997,278,3,2,0,0,0
04,120247487456420442,ACTIVE,100,17.34,156,17,14,2,0,0
04,120244163991370436,ACTIVE,106,17.3,845,17,20,0,0,0
04,120245980788570752,ACTIVE,100,17.28,424,9,11,1,0,0
04,120247238049750752,ACTIVE,83,17.279999999999998,447,19,17,2,1,56.94
04,120250510051110725,ACTIVE,100,17.27,321,5,4,0,0,0
04,120246037977820686,ACTIVE,80,17.27,275,4,4,2,1,71.21
04,120250079096940127,ACTIVE,100,17.25,226,9,10,1,1,36.47
04,120250200101610100,ACTIVE,224,17.22,404,13,15,0,0,0
04,120248170179390629,ACTIVE,100,17.11,217,4,4,0,0,0
04,120245260180930146,ACTIVE,100,17.1,477,13,13,1,0,0
04,120252256329710450,ACTIVE,100,17.1,271,6,8,0,0,0
04,120249469433520487,PAUSED,80,17.09,168,1,2,0,0,0
04,120246381767620032,ACTIVE,80,17.07,348,6,12,0,0,0
04,120248130116260214,ACTIVE,130,17.01,387,10,14,1,0,0
04,120249447976780374,PAUSED,80,17,278,6,6,2,1,29.979999999999997
04,120245923045620168,ACTIVE,100,16.99,296,6,7,0,0,0
04,120248170179330629,ACTIVE,100,16.98,265,5,6,0,0,0
04,120248074108720509,ACTIVE,150,16.970000000000002,482,7,9,0,0,0
04,120245262034660146,ACTIVE,100,16.94,513,12,13,1,1,75.22
04,120247569390530674,ACTIVE,100,16.92,317,12,13,2,0,0
04,120252107366000427,ACTIVE,100,16.84,386,2,5,0,0,0
04,120248977397730642,ACTIVE,205,16.82,364,4,5,0,0,0
04,120250509772850725,ACTIVE,100,16.810000000000002,490,12,14,1,1,68.56
04,120251332965640368,ACTIVE,264,16.78,321,9,11,2,2,166.32999999999998
04,120249042008190544,PAUSED,95,16.740000000000002,331,5,5,0,0,0
04,120251412553340368,ACTIVE,150,16.7,560,6,8,1,0,0
04,120245262033960146,ACTIVE,100,16.61,388,11,13,2,0,0
04,120247572218630674,ACTIVE,80,16.59,246,6,7,0,0,0
04,120249100983530561,ACTIVE,150,16.560000000000002,359,10,11,0,0,0
04,120245782585560678,ACTIVE,237,16.549999999999997,200,6,6,1,1,49.980000000000004
04,120250480128780392,ACTIVE,100,16.48,231,18,17,2,1,37.98
04,120249447976460374,ACTIVE,80,16.450000000000003,256,6,6,0,0,0
04,120253122295100210,ACTIVE,80,16.400000000000002,405,11,10,0,0,0
04,120246736062480320,ACTIVE,144,16.38,490,7,10,2,2,140.79
04,120251788886810404,ACTIVE,100,16.38,235,1,5,2,0,0
04,120250449834870589,ACTIVE,100,16.35,258,7,7,0,0,0
04,120249272918960455,ACTIVE,528,16.34,416,8,11,0,0,0
04,120249135138850389,ACTIVE,100,16.32,373,27,24,1,1,59.88
04,120245260393590146,ACTIVE,100,16.31,459,6,6,0,0,0
04,120244863900690146,ACTIVE,100,16.3,291,0,16,0,0,0
04,120250211391680717,ACTIVE,80,16.3,212,5,6,0,0,0
04,120248287670430214,ACTIVE,130,16.3,328,6,8,1,0,0
04,120251674854700195,ACTIVE,100,16.28,436,6,6,0,0,0
04,120252052705460368,ACTIVE,80,16.22,450,6,6,2,0,0
04,120248442706080509,ACTIVE,100,16.17,451,12,12,0,0,0
04,120250480129310392,ACTIVE,100,16.14,240,8,13,0,0,0
04,120245868868910788,ACTIVE,20,16.07,207,3,2,0,0,0
04,120247483547270590,ACTIVE,80,16.07,432,0,0,0,0,0
04,120248885568260126,ACTIVE,80,16.04,281,1,3,1,1,49.52
04,120248825628700642,ACTIVE,100,16,343,13,12,1,1,37.95
04,120247977360200477,ACTIVE,100,15.99,253,5,7,2,0,0
04,120245905867350436,ACTIVE,100,15.97,590,14,14,1,0,0
04,120245259460460146,ACTIVE,100,15.95,367,10,11,0,0,0
04,120246678174190630,ACTIVE,80,15.89,329,8,9,0,0,0
04,120258591556320586,PAUSED,30,15.870000000000001,365,7,5,0,0,0
04,120248204610010425,ACTIVE,100,15.87,354,7,8,0,0,0
04,120247680102270175,ACTIVE,225,15.76,688,7,11,2,1,24.96
04,120246755850270533,ACTIVE,100,15.719999999999999,666,14,14,1,1,41.97
04,120247085686420320,ACTIVE,100,15.700000000000001,605,14,12,0,0,0
04,120246244810270686,ACTIVE,80,15.69,497,7,4,1,0,0
04,120249097052640561,ACTIVE,92,15.63,345,13,18,1,2,99.92999999999999
04,120250200295760589,ACTIVE,107,15.549999999999999,484,7,6,2,0,0
04,120248166981820509,ACTIVE,105,15.540000000000001,355,8,8,1,0,0
04,120245689540450436,ACTIVE,100,15.52,576,6,6,1,1,129.44
04,120246808108970320,ACTIVE,120,15.52,561,9,12,0,0,0
04,120250790045220586,ACTIVE,100,15.51,441,4,9,1,0,0
04,120258936627410586,ACTIVE,100,15.51,433,1,1,0,0,0
04,120249871750440100,ACTIVE,120,15.489999999999998,364,4,7,0,0,0
04,120250270342330100,ACTIVE,100,15.48,284,8,8,2,1,52.559999999999995
04,120252108066520427,ACTIVE,100,15.43,313,6,7,0,0,0
04,120242694742870146,ACTIVE,110,15.420000000000002,428,12,13,2,1,75.22
04,120250510089030725,ACTIVE,100,15.4,418,5,5,0,0,0
04,120245031641620146,ACTIVE,100,15.26,406,15,15,1,1,75.22
04,120249983688340565,ACTIVE,100,15.250000000000002,273,10,13,2,1,51.22
04,120251256015500577,ACTIVE,88,14.979999999999999,391,8,10,0,0,0
04,120245264320780129,ACTIVE,80,14.959999999999999,2215,68,66,4,0,0
04,120248442763620509,ACTIVE,100,14.899999999999999,352,6,6,0,0,0
04,120245838343090436,ACTIVE,100,14.89,636,21,19,2,1,41.980000000000004
04,120252158322580651,ACTIVE,150,14.83,392,4,4,0,0,0
04,120247307817110032,ACTIVE,80,14.829999999999998,288,4,7,0,0,0
04,120250300134890725,ACTIVE,100,14.819999999999999,342,11,11,3,2,134.58
04,23858191024040794,ACTIVE,100,14.739999999999998,172,7,7,0,0,0
04,120248442735470509,ACTIVE,100,14.719999999999999,473,4,4,0,0,0
04,120252182229950450,ACTIVE,100,14.719999999999999,363,10,14,0,0,0
04,120247426861210031,ACTIVE,80,14.63,159,1,1,0,0,0
04,120245241486300129,ACTIVE,80,14.620000000000001,396,8,9,0,0,0
04,120248760611910469,ACTIVE,100,14.610000000000001,478,3,3,1,0,0
04,120249377071420389,ACTIVE,153,14.6,399,10,10,0,0,0
04,120235701428420210,ACTIVE,200,14.56,457,5,6,2,1,71.71000000000001
04,120250337858370100,ACTIVE,100,14.48,441,5,5,0,0,0
04,120247572218440674,ACTIVE,80,14.379999999999999,252,10,10,0,0,0
04,120246733902040065,ACTIVE,80,14.379999999999999,229,7,11,1,0,0
04,6997456214233,ACTIVE,80,14.37,320,6,7,0,0,0
04,120248443009900509,ACTIVE,100,14.34,425,1,2,0,0,0
04,120250394007940064,ACTIVE,50,14.32,345,4,6,0,0,0
04,120248452492510509,ACTIVE,100,14.3,359,12,13,2,1,61.97
04,120249238610510065,ACTIVE,80,14.24,270,12,13,1,0,0
04,120255653285300586,ACTIVE,100,14.15,243,5,4,2,1,48.17
04,120250337858340100,ACTIVE,100,14.129999999999999,399,2,3,0,0,0
04,120245689540550436,ACTIVE,100,14.11,598,14,16,4,1,41.98
04,120249344116310065,ACTIVE,94,14.11,265,9,13,2,1,70.92999999999999
04,120249238610320065,ACTIVE,80,14.100000000000001,283,11,17,2,2,80.64
04,120249666979560695,ACTIVE,100,14.05,339,8,9,0,0,0
04,120245868869560788,ACTIVE,20,14.040000000000001,252,1,1,0,0,0
04,120245259285210146,ACTIVE,100,14.04,415,8,8,0,0,0
04,120246620204530630,ACTIVE,180,14.02,306,12,14,3,2,79.95
04,120249580311700695,ACTIVE,100,13.98,420,12,10,0,0,0
04,120248373179450509,ACTIVE,100,13.83,580,7,6,0,0,0
04,120246733876960065,ACTIVE,80,13.82,251,4,4,0,0,0
04,120244480112510436,ACTIVE,100,13.780000000000001,424,9,10,1,0,0
04,120246921246130533,ACTIVE,100,13.76,458,7,11,1,1,41.97
04,120246178929760752,ACTIVE,100,13.740000000000002,328,5,8,1,0,0
04,120245263261390146,ACTIVE,100,13.719999999999999,371,7,7,0,0,0
04,120251251813690769,ACTIVE,100,13.68,211,7,7,0,0,0
04,120245327669090320,ACTIVE,120,13.66,364,10,9,1,0,0
04,120250509929300725,ACTIVE,100,13.629999999999999,436,4,6,0,0,0
04,120251051147810019,ACTIVE,150,13.61,262,7,9,2,1,51.22
04,120248452492430509,ACTIVE,100,13.540000000000001,451,9,11,2,2,123.93999999999998
04,120249220581000455,ACTIVE,100,13.43,170,5,5,0,0,0
04,120248170097870629,ACTIVE,100,13.43,212,7,9,3,2,73.89999999999999
04,120248735036310642,ACTIVE,100,13.4,305,4,5,1,1,117.00999999999999
04,120244618043630436,ACTIVE,100,13.34,455,10,10,0,0,0
04,120249447976520374,ACTIVE,80,13.34,231,5,7,1,0,0
04,120249017857580389,ACTIVE,100,13.31,289,14,12,0,0,0
04,120251181205120577,ACTIVE,101,13.29,458,11,11,0,0,0
04,120246865117370320,ACTIVE,100,13.280000000000001,339,3,3,1,1,82.02
04,120248385748060043,ACTIVE,200,13.280000000000001,196,6,8,0,0,0
04,120247333375720674,ACTIVE,110,13.28,315,1,8,0,0,0
04,120250092640150663,ACTIVE,80,13.16,209,6,5,1,1,66.02
04,120246440355140780,ACTIVE,80,13.090000000000002,262,8,8,0,0,0
04,120246050712990630,ACTIVE,102,13.04,204,3,6,0,0,0
04,120250156416670100,ACTIVE,100,13.02,286,4,3,0,0,0
04,120243063569770146,ACTIVE,100,12.97,310,6,8,2,2,117.19
04,120246402943010533,ACTIVE,100,12.959999999999999,391,19,21,7,3,139.9
04,120250159337130351,ACTIVE,50,12.940000000000001,256,1,4,0,0,0
04,120249236418550561,ACTIVE,90,12.92,212,4,6,0,0,0
04,120248454804160509,ACTIVE,80,12.899999999999999,356,5,7,1,0,0
04,120247487456360442,ACTIVE,100,12.860000000000001,170,18,19,1,1,67.67
04,120249325405270389,ACTIVE,100,12.85,458,21,25,2,0,0
04,120248442735500509,ACTIVE,100,12.84,479,6,8,1,1,63.470000000000006
04,120252069258880722,ACTIVE,40,12.8,216,2,2,0,0,0
04,120247313991580561,ACTIVE,150,12.71,441,13,11,1,1,57.96
04,120251214911170279,ACTIVE,80,12.61,164,6,6,1,1,27.98
04,120253458760070348,PAUSED,80,12.61,131,2,1,0,0,0
04,120252401926860709,ACTIVE,80,12.59,336,4,4,0,0,0
04,120248443009970509,ACTIVE,100,12.54,335,4,6,0,0,0
04,120246647909930752,ACTIVE,100,12.52,267,9,12,2,2,69.95
04,120250722702450019,ACTIVE,50,12.469999999999999,202,8,6,0,0,0
04,120250299563240725,ACTIVE,100,12.45,369,3,3,1,1,51.57
04,120247044373590533,PAUSED,68,12.360000000000001,420,10,14,0,0,0
04,120247240715200097,ACTIVE,100,12.27,245,3,4,0,0,0
04,120248442764270509,ACTIVE,100,12.24,365,7,7,1,1,63.47
04,120247400111930032,ACTIVE,80,12.23,189,6,8,1,0,0
04,120245241485180129,ACTIVE,80,12.18,316,4,5,0,0,0
04,120247571950210674,ACTIVE,80,12.15,230,2,2,1,0,0
04,120249352848540469,ACTIVE,100,12.14,404,4,3,0,0,0
04,120250656662350589,ACTIVE,142,12.129999999999999,262,3,4,0,0,0
04,120250942814310577,ACTIVE,100,12.120000000000001,338,5,13,2,1,91.34
04,120251051307340019,ACTIVE,30,12.11,255,10,8,1,0,0
04,120249399619350544,ACTIVE,80,12.100000000000001,284,1,4,0,0,0
04,120246180858520686,ACTIVE,80,12.1,179,4,5,0,0,0
04,120244302440310146,ACTIVE,100,12.07,235,2,7,1,1,106.71000000000001
04,120246440557020780,ACTIVE,80,12.06,268,3,6,0,0,0
04,120252069258690722,ACTIVE,40,11.97,228,6,7,2,1,38.27
04,120251674854730195,ACTIVE,100,11.94,263,5,4,1,0,0
04,120250623729250057,ACTIVE,100,11.88,120,8,9,1,0,0
04,120248330641110509,ACTIVE,100,11.86,355,7,9,0,0,0
04,120252191525360210,ACTIVE,100,11.8,476,6,6,0,0,0
04,120248317954560509,ACTIVE,100,11.77,458,8,6,1,0,0
04,120244164847370788,ACTIVE,30,11.7,239,10,10,0,0,0
04,120249861202960589,ACTIVE,100,11.690000000000001,281,6,7,0,0,0
04,120248855168720455,ACTIVE,322,11.69,314,4,12,1,1,60.41
04,120248443246280509,ACTIVE,100,11.64,482,9,11,1,0,0
04,120248304056960090,ACTIVE,70,11.59,196,5,6,0,0,0
04,120249258523200469,ACTIVE,100,11.569999999999999,254,7,7,0,1,199.27
04,120245264136700129,ACTIVE,80,11.559999999999999,169,3,4,0,0,0
04,120246658595190780,ACTIVE,80,11.55,269,7,9,0,0,0
04,120248304056930090,ACTIVE,70,11.54,242,11,9,0,0,0
04,120249474040130389,ACTIVE,100,11.5,284,11,13,1,0,0
04,120250449834830589,ACTIVE,100,11.440000000000001,216,4,4,0,0,0
04,120258931690100586,ACTIVE,30,11.440000000000001,283,8,6,2,1,67.93
04,120247483363530590,PAUSED,80,11.44,248,2,1,0,0,0
04,120248170097810629,ACTIVE,100,11.44,178,6,6,0,0,0
04,120247426861250031,ACTIVE,80,11.42,147,1,3,1,1,27.979999999999997
04,120248442692840509,ACTIVE,100,11.41,431,6,5,0,0,0
04,120248387290610291,ACTIVE,80,11.3,135,1,2,0,0,0
04,120249580312530695,ACTIVE,100,11.29,321,6,5,1,0,0
04,120247571950230674,ACTIVE,80,11.21,240,9,9,2,1,46.23
04,120251142479090019,ACTIVE,50,11.21,212,6,5,0,0,0
04,120248396283420425,ACTIVE,140,11.16,177,2,3,0,0,0
04,120247307486050032,ACTIVE,80,11.149999999999999,175,3,4,0,0,0
04,120242746886630788,ACTIVE,20,11.079999999999998,186,4,4,0,0,0
04,120248598576010303,ACTIVE,68,11.07,175,5,5,0,0,0
04,120245279091880436,ACTIVE,100,11.05,432,9,10,2,1,68.22
04,120245260393570146,ACTIVE,100,10.940000000000001,343,7,7,0,0,0
04,120246983939560320,ACTIVE,100,10.9,344,8,8,2,1,82.02000000000001
04,120248383155080084,ACTIVE,50,10.879999999999999,97,9,8,2,0,0
04,120246971703280320,ACTIVE,120,10.85,260,4,7,1,0,0
04,120244813179240146,ACTIVE,100,10.83,231,0,4,1,0,0
04,120249285524080455,ACTIVE,100,10.81,178,6,6,0,1,34.95
04,120250639973280577,ACTIVE,120,10.76,132,8,7,2,0,0
04,23858146922430799,ACTIVE,80,10.72,142,3,3,1,0,0
04,120246737185780177,ACTIVE,133,10.71,200,11,9,2,2,101.19
04,120259048667470586,ACTIVE,30,10.7,246,5,3,0,0,0
04,120245263261150146,ACTIVE,100,10.68,335,8,8,0,0,0
04,120246593135730630,ACTIVE,100,10.67,159,4,4,0,0,0
04,120248924408910544,ACTIVE,74,10.620000000000001,211,4,4,1,1,49.63
04,120248443246370509,ACTIVE,100,10.620000000000001,390,8,7,1,0,0
04,120247296233760320,ACTIVE,100,10.58,229,6,7,1,1,58.769999999999996
04,120249300729750589,ACTIVE,100,10.55,230,5,4,0,0,0
04,120247956894360629,ACTIVE,100,10.549999999999999,294,3,6,0,0,0
04,120247319362190032,ACTIVE,100,10.5,197,7,10,0,0,0
04,23858146922500799,ACTIVE,80,10.459999999999999,155,4,5,0,0,0
04,120249107449180469,ACTIVE,100,10.43,332,6,6,0,0,0
04,120245172037500146,ACTIVE,100,10.39,260,2,5,0,0,0
04,120249232068930561,ACTIVE,100,10.350000000000001,283,8,9,1,1,57.959999999999994
04,120251142634860019,ACTIVE,30,10.3,166,7,9,1,0,0
04,120248935435060544,PAUSED,80,10.259999999999998,264,4,3,1,0,0
04,120247352098460707,ACTIVE,80,10.24,184,5,3,1,1,111.71000000000001
04,120246295022080630,ACTIVE,100,10.24,221,3,3,2,2,79.95
04,120248598654680561,ACTIVE,76,10.23,196,5,4,0,0,0
04,120248663786960462,ACTIVE,100,10.23,164,5,8,1,1,57.98
04,120247797697910629,ACTIVE,150,10.22,221,5,6,0,0,0
04,120246593136050630,ACTIVE,100,10.19,236,6,8,0,0,0
04,120247253373540320,ACTIVE,100,10.170000000000002,350,7,7,0,0,0
04,120247957196080629,ACTIVE,100,10.16,207,3,3,0,0,0
04,120245264393800129,ACTIVE,80,10.12,401,7,7,1,0,0
04,120250004049610365,ACTIVE,80,10.11,141,2,3,0,0,0
04,120249128119020564,ACTIVE,80,10.09,288,8,12,1,1,68.38
04,120247253400970320,ACTIVE,100,9.96,520,7,11,0,0,0
04,120247519982360097,ACTIVE,220,9.95,276,6,9,1,0,0
04,120244242496990780,ACTIVE,100,9.92,253,5,8,1,1,24.98
04,120248166981870509,ACTIVE,116,9.89,230,3,3,0,0,0
04,120249748358150589,ACTIVE,100,9.809999999999999,194,1,2,0,0,0
04,120246210137720125,ACTIVE,100,9.72,139,8,6,2,2,139.44000000000003
04,120245081768920146,ACTIVE,100,9.7,248,6,7,2,0,0
04,120247236700640241,ACTIVE,100,9.670000000000002,314,9,7,0,0,0
04,120251251813620769,ACTIVE,100,9.66,188,5,6,0,0,0
04,120248383155230084,PAUSED,50,9.66,96,3,3,0,0,0
04,120248800044910751,ACTIVE,135,9.600000000000001,224,6,5,0,0,0
04,120244991758560129,ACTIVE,100,9.58,291,9,11,1,1,66.48
04,23858190995810794,ACTIVE,100,9.56,136,3,4,0,0,0
04,120245172485300146,ACTIVE,100,9.56,138,7,3,0,0,0
04,120245087420500146,ACTIVE,100,9.559999999999999,267,6,4,0,0,0
04,120249285560020695,ACTIVE,80,9.5,249,6,4,0,0,0
04,120252090042790210,ACTIVE,94,9.490000000000002,234,1,1,0,0,0
04,120249020245640065,ACTIVE,50,9.49,140,8,8,0,0,0
04,120248304803400065,ACTIVE,50,9.45,190,2,3,1,1,67.91
04,120249020749560065,ACTIVE,50,9.44,219,5,5,0,0,0
04,120251827078340368,ACTIVE,80,9.42,229,1,1,0,0,0
04,120249375752300152,ACTIVE,90,9.4,453,10,12,0,0,0
04,120248336280980090,ACTIVE,298,9.379999999999999,159,5,4,0,0,0
04,120247066173290752,ACTIVE,100,9.36,325,10,9,0,0,0
04,120249474040160389,ACTIVE,100,9.33,312,4,6,1,1,34.86
04,120249411361900695,ACTIVE,100,9.33,229,0,3,0,0,0
04,120246676754100650,ACTIVE,100,9.2,187,2,5,2,2,121.73999999999998
04,120248510808960090,ACTIVE,60,9.16,180,8,7,0,0,0
04,120249008737320561,ACTIVE,100,9.06,147,5,4,1,0,0
04,120249385779270544,PAUSED,80,9.010000000000002,172,0,0,0,0,0
04,120250355851310064,PAUSED,50,8.969999999999999,157,1,1,0,0,0
04,120250508133710064,ACTIVE,50,8.969999999999999,170,4,6,1,0,0
04,120250941148110577,ACTIVE,100,8.919999999999998,287,7,10,1,0,0
04,120248308537280509,ACTIVE,105,8.870000000000001,294,5,4,0,0,0
04,120246808176070320,ACTIVE,120,8.83,298,6,5,1,0,0
04,120248128901850175,ACTIVE,88,8.81,424,7,7,1,1,41.93
04,120246931507190320,ACTIVE,120,8.809999999999999,316,5,6,1,0,0
04,120249666979530695,ACTIVE,100,8.8,208,2,3,1,1,37.98
04,120247981166240090,ACTIVE,100,8.78,162,2,2,0,0,0
04,120248078229470043,ACTIVE,300,8.77,109,6,11,0,0,0
04,120249005372660589,ACTIVE,120,8.77,161,5,8,1,1,129.95999999999998
04,120252401981500709,ACTIVE,80,8.74,173,2,4,0,0,0
04,120251214911160279,PAUSED,80,8.72,113,2,2,0,0,0
04,120246470015580752,ACTIVE,28,8.71,141,4,4,0,0,0
04,120246620178640630,ACTIVE,80,8.71,147,2,3,0,0,0
04,120249196455930425,ACTIVE,170,8.7,178,8,8,1,1,39.98
04,120246479174050133,ACTIVE,100,8.69,142,3,4,0,0,0
04,120247352098530707,ACTIVE,80,8.67,151,2,3,2,1,22.98
04,120246479062780133,ACTIVE,100,8.629999999999999,121,3,4,1,1,34.98
04,23858191064040794,ACTIVE,100,8.620000000000001,105,1,3,0,0,0
04,120247189109490707,ACTIVE,80,8.6,178,6,9,1,1,99.72
04,120246188701000686,ACTIVE,80,8.58,151,2,2,0,0,0
04,120245241360310455,ACTIVE,100,8.52,317,7,8,0,0,0
04,120246902225450241,ACTIVE,113,8.5,263,2,2,0,0,0
04,120259048667380586,ACTIVE,30,8.48,225,4,4,0,0,0
04,120245264428080129,ACTIVE,80,8.48,210,5,5,0,0,0
04,120246620178700630,ACTIVE,80,8.45,133,5,4,1,1,29.980000000000004
04,120249263955650425,ACTIVE,100,8.399999999999999,231,5,6,1,1,39.980000000000004
04,120248058673510175,ACTIVE,89,8.370000000000001,172,3,5,0,0,0
04,120248539964810462,ACTIVE,100,8.32,196,5,5,0,0,0
04,120250629224470319,ACTIVE,100,8.299999999999999,235,2,2,0,0,0
04,120249537024500065,ACTIVE,100,8.23,193,0,3,0,0,0
04,120248383199430084,PAUSED,50,8.18,71,3,3,0,0,0
04,120249285524050455,ACTIVE,200,8.14,176,5,7,0,0,0
04,120245687813040097,ACTIVE,94,8.129999999999999,255,2,5,1,0,0
04,120249730950240229,ACTIVE,100,8.110000000000001,153,3,4,0,0,0
04,120246005453800291,ACTIVE,360,8.11,118,1,6,0,0,0
04,120249299930660544,ACTIVE,80,8.08,162,3,3,0,0,0
04,120248899388190065,ACTIVE,40,8.06,119,10,8,3,2,79.5
04,120249142089470564,ACTIVE,80,8.06,245,3,3,1,1,39.98
04,120249263984640425,ACTIVE,100,8.03,224,1,2,1,0,0
04,120247105534220320,ACTIVE,100,8.01,251,12,10,0,0,0
04,120249915477060431,ACTIVE,80,7.960000000000001,156,2,4,0,0,0
04,120246209510180125,ACTIVE,100,7.930000000000001,207,4,5,1,0,0
04,120248899610300065,ACTIVE,40,7.93,120,8,7,1,1,67.91
04,120249020749590065,ACTIVE,50,7.91,161,3,5,1,1,49.52
04,120244978756050678,ACTIVE,100,7.9,163,2,4,0,0,0
04,120252839644180210,ACTIVE,88,7.8500000000000005,184,1,2,0,0,0
04,120245535358130788,ACTIVE,50,7.85,221,5,4,0,0,0
04,120245306349070462,ACTIVE,100,7.79,166,7,6,0,0,0
04,120245380137820707,ACTIVE,120,7.73,208,5,7,0,1,37.37
04,120249900602730431,ACTIVE,80,7.7,228,9,9,0,0,0
04,120250313247750589,ACTIVE,100,7.67,194,5,4,0,0,0
04,120247322092240241,ACTIVE,100,7.640000000000001,501,2,4,0,0,0
04,120250629224620319,ACTIVE,100,7.630000000000001,266,9,4,0,0,0
04,120250445767170166,ACTIVE,15,7.6,199,9,9,1,1,41.17
04,120248077222780477,ACTIVE,100,7.59,128,10,14,0,0,0
04,120248899656950065,ACTIVE,40,7.5600000000000005,120,4,4,1,0,0
04,120249097053120561,ACTIVE,100,7.52,204,6,10,0,0,0
04,120245251316060477,ACTIVE,100,7.51,102,5,6,0,0,0
04,120248492307150090,PAUSED,80,7.5,84,2,2,0,0,0
04,120250508133680064,PAUSED,50,7.5,140,1,1,0,0,0
04,120248302791940509,ACTIVE,100,7.45,118,2,2,0,0,0
04,120249287169550455,ACTIVE,200,7.44,146,2,3,2,1,34.949999999999996
04,120249777339790229,ACTIVE,55,7.4399999999999995,252,7,4,2,2,59.96
04,120252510041540210,ACTIVE,100,7.42,169,6,5,2,1,97.96000000000001
04,120249529043470152,ACTIVE,80,7.35,148,1,1,0,0,0
04,120248832877240168,ACTIVE,100,7.33,133,6,6,0,0,0
04,120246007012750630,ACTIVE,116,7.33,269,4,5,1,1,67.46000000000001
04,120247983277080167,ACTIVE,80,7.3100000000000005,112,6,6,1,1,51.22
04,120248415387920090,ACTIVE,183,7.31,231,16,15,1,0,0
04,120248899657010065,ACTIVE,40,7.16,133,5,5,0,0,0
04,120249229589700695,ACTIVE,200,7.15,164,3,3,0,0,0
04,120250037062790725,ACTIVE,100,7.12,84,0,6,0,0,0
04,120244302719050146,ACTIVE,100,7.119999999999999,222,2,2,0,0,0
04,120249193426010564,ACTIVE,80,7.05,197,2,2,0,0,0
04,120250508133730064,ACTIVE,50,7,151,2,2,1,0,0
04,120248306696030509,ACTIVE,161,6.96,293,4,4,0,0,0
04,120251827078290368,ACTIVE,80,6.87,134,3,3,0,0,0
04,120247176216320241,ACTIVE,95,6.859999999999999,299,6,7,0,0,0
04,120248899610230065,ACTIVE,40,6.85,126,6,7,0,0,0
04,120248387290550291,ACTIVE,80,6.79,74,2,3,0,0,0
04,120249020245670065,ACTIVE,50,6.78,126,5,4,0,0,0
04,120251983007490368,ACTIVE,80,6.75,137,2,3,0,0,0
04,120243593315080146,ACTIVE,100,6.73,98,2,4,0,0,0
04,120247924205270214,ACTIVE,50,6.72,128,8,7,1,1,84.93
04,120248861015550389,ACTIVE,100,6.6899999999999995,240,1,4,0,0,0
04,120248304803930065,ACTIVE,50,6.67,169,3,2,1,1,29.98
04,120247400306070032,ACTIVE,80,6.57,169,8,7,1,0,0
04,120248828412650561,ACTIVE,100,6.57,418,3,2,0,0,0
04,120247858934130544,ACTIVE,100,6.5,121,1,2,0,0,0
04,120248370449830509,ACTIVE,98,6.49,196,1,3,0,0,0
04,120247223966660470,ACTIVE,30,6.48,104,1,1,0,0,0
04,120246479356190133,ACTIVE,100,6.460000000000001,93,4,4,1,0,0
04,120248447904790043,PAUSED,80,6.46,101,1,1,0,0,0
04,120245264362560129,ACTIVE,80,6.42,197,4,4,0,0,0
04,120248893450550642,ACTIVE,119,6.4,153,4,5,0,0,0
04,120251254946790722,ACTIVE,50,6.3999999999999995,67,0,3,2,0,0
04,120251944302800368,ACTIVE,80,6.3999999999999995,145,4,4,0,0,0
04,120248688541620751,ACTIVE,40,6.34,122,4,6,1,0,0
04,120252920297380210,ACTIVE,120,6.33,221,3,2,1,0,0
04,120245481989400065,ACTIVE,40,6.300000000000001,167,2,2,0,0,0
04,120244216235640630,ACTIVE,97,6.3,116,4,6,1,1,49.97
04,120252411199200210,ACTIVE,85,6.22,141,3,4,0,0,0
04,120244860107220146,ACTIVE,100,6.1899999999999995,175,0,0,0,0,0
04,120249529930250152,ACTIVE,80,6.159999999999999,109,4,4,1,1,28.98
04,120249263984710425,ACTIVE,100,6.15,177,1,1,0,0,0
04,6973002165426,ACTIVE,50,6.1,158,2,2,0,0,0
04,120244694492240146,ACTIVE,100,6.09,168,0,12,0,0,0
04,120249193425970564,ACTIVE,80,6.07,144,2,3,0,0,0
04,120246620204590630,ACTIVE,80,6.06,131,2,3,0,0,0
04,120248539964750462,ACTIVE,60,6.03,74,4,4,0,0,0
04,120250508133810064,PAUSED,50,6.02,85,0,0,0,0,0
04,120250927961350577,ACTIVE,100,6.010000000000001,167,1,2,0,0,0
04,120248383199500084,ACTIVE,50,6,88,6,6,2,0,0
04,120248510809440090,PAUSED,60,5.96,105,2,2,0,0,0
04,120244895773550129,ACTIVE,80,5.96,181,2,2,0,0,0
04,120246513499500780,ACTIVE,80,5.92,172,3,2,0,0,0
04,120247041421470241,ACTIVE,100,5.890000000000001,265,6,5,1,0,0
04,120245264427840129,ACTIVE,80,5.87,163,5,5,0,0,0
04,120245161781490129,ACTIVE,80,5.86,126,2,4,0,0,0
04,120245481989440065,ACTIVE,40,5.77,128,0,0,0,0,0
04,120249473727060389,ACTIVE,100,5.76,179,2,7,0,0,0
04,120249220557150455,ACTIVE,200,5.68,80,2,3,0,0,0
04,120247392681010097,ACTIVE,100,5.66,229,1,2,0,0,0
04,120248688541650751,ACTIVE,40,5.66,89,2,2,1,1,37.89
04,120249468033420389,ACTIVE,78,5.640000000000001,107,5,7,0,0,0
04,120249613712950725,ACTIVE,100,5.59,73,0,3,0,0,0
04,120250355851210064,PAUSED,50,5.57,79,1,1,0,0,0
04,120245889270720065,ACTIVE,40,5.57,194,2,2,1,1,67.91
04,120246641477400320,ACTIVE,68,5.43,130,0,3,1,0,0
04,120246100871360533,ACTIVE,120,5.3999999999999995,156,2,2,0,0,0
04,120245050841650129,ACTIVE,80,5.38,173,4,4,0,0,0
04,120252079624330368,ACTIVE,50,5.29,105,3,3,0,0,0
04,120244471201830129,ACTIVE,80,5.15,168,2,3,1,1,66.48
04,120246928447770752,ACTIVE,100,5.13,125,1,3,0,0,0
04,120251141863680019,ACTIVE,50,5.090000000000001,110,3,3,0,0,0
04,120249523562880116,ACTIVE,43,5.0200000000000005,103,5,5,1,0,0
04,120248493683100090,PAUSED,80,4.9,47,1,1,0,0,0
04,120258929657820586,ACTIVE,30,4.83,172,0,1,0,0,0
04,120251944302720368,ACTIVE,80,4.83,195,3,2,0,0,0
04,120245941475210686,ACTIVE,80,4.82,60,0,5,2,1,29.980000000000004
04,120244837091050678,ACTIVE,72,4.819999999999999,88,5,4,0,0,0
04,120248899388140065,ACTIVE,40,4.8,97,2,2,0,0,0
04,120253146865300054,ACTIVE,100,4.760000000000001,97,1,1,0,0,0
04,120245889270610065,ACTIVE,40,4.75,133,0,0,0,0,0
04,120251983007570368,ACTIVE,80,4.74,106,1,1,0,0,0
04,120248370449970509,ACTIVE,98,4.720000000000001,120,1,3,0,0,0
04,6998743229226,ACTIVE,50,4.71,128,1,1,0,0,0
04,120249141869160564,ACTIVE,80,4.640000000000001,131,3,3,0,0,0
04,120244963455410686,ACTIVE,80,4.64,66,0,2,1,0,0
04,120249176261470455,ACTIVE,100,4.57,39,2,2,0,0,0
04,120251660169230722,ACTIVE,50,4.53,79,4,3,0,0,0
04,120248688541680751,ACTIVE,40,4.470000000000001,70,3,1,0,0,0
04,120250270945270663,ACTIVE,35,4.45,60,4,6,1,1,66.02
04,120248228345780043,PAUSED,100,4.4,85,1,1,0,0,0
04,120249252046510229,ACTIVE,100,4.38,163,3,5,0,0,0
04,120247983232350167,ACTIVE,80,4.359999999999999,91,4,5,0,0,0
04,120250270945240663,ACTIVE,35,4.2,65,5,5,1,0,0
04,120249128118780564,ACTIVE,80,4.01,66,4,5,1,1,42.980000000000004
04,120246901356730172,ACTIVE,35,4,55,3,3,1,1,96.65
04,120248533771940126,ACTIVE,80,3.99,67,0,1,0,0,0
04,120249236418490561,ACTIVE,90,3.94,68,2,1,0,0,0
04,120247252454050044,ACTIVE,80,3.93,28,0,2,0,0,0
04,120250401823370725,ACTIVE,100,3.93,67,3,3,1,0,0
04,120249272919060455,ACTIVE,528,3.88,113,2,5,0,0,0
04,120249266711770425,ACTIVE,100,3.69,60,0,1,1,1,90.72
04,120244998739370129,ACTIVE,80,3.63,69,4,4,0,0,0
04,120247131790930470,ACTIVE,50,3.63,233,9,11,1,0,0
04,120258922417820586,ACTIVE,30,3.61,117,1,1,0,0,0
04,120248385748030043,ACTIVE,80,3.59,42,1,5,1,1,41.72
04,120251063106910166,ACTIVE,10,3.55,87,3,3,0,0,0
04,120249142031310564,ACTIVE,80,3.53,58,0,2,0,0,0
04,120258789196360586,ACTIVE,30,3.4699999999999998,62,3,3,0,0,0
04,120244924434950146,ACTIVE,100,3.4,130,0,2,0,0,0
04,120252102856020404,ACTIVE,56,3.3,76,2,2,0,0,0
04,120248311770270509,ACTIVE,100,3.24,106,0,4,0,0,0
04,120252205063890166,ACTIVE,10,3.21,72,4,3,0,0,0
04,120247252454080044,ACTIVE,80,3.2,38,0,0,0,0,0
04,120247389724220241,ACTIVE,100,3.03,75,0,0,0,0,0
04,120258788750520586,ACTIVE,30,2.99,76,3,2,0,0,0
04,120244076954630146,ACTIVE,100,2.97,46,0,0,0,0,0
04,120250191441070663,ACTIVE,50,2.9,46,2,3,0,0,0
04,120249176261600455,ACTIVE,100,2.8,20,0,0,0,0,0
04,120248683209150126,ACTIVE,80,2.71,49,0,3,1,1,49.519999999999996
04,120249361802360487,PAUSED,80,2.68,33,2,2,0,0,0
04,120248977397800642,ACTIVE,121,2.6499999999999995,67,1,1,0,0,0
04,120247333375690674,ACTIVE,50,2.5100000000000002,46,0,1,0,0,0
04,120247131790900470,ACTIVE,50,2.46,136,2,2,0,0,0
04,120249694269820695,ACTIVE,50,2.46,62,1,1,0,0,0
04,120250299674200725,ACTIVE,100,2.38,74,0,1,0,0,0
04,120246809754550177,ACTIVE,90,2.33,43,1,1,0,0,0
04,120248078229420043,ACTIVE,200,2.14,25,1,1,0,0,0
04,120249537081280065,ACTIVE,100,2.08,48,0,5,2,1,63.970000000000006
04,120246586246410630,ACTIVE,201,2.0700000000000003,45,1,4,0,0,0
04,120249160932300561,ACTIVE,90,2.05,201,1,1,0,0,0
04,120246843188440752,ACTIVE,100,1.96,117,1,1,0,0,0
04,120251868137060166,ACTIVE,10,1.9500000000000002,63,2,3,1,1,41.17
04,120245284052330686,ACTIVE,80,1.91,29,0,2,0,0,0
04,120258922417790586,ACTIVE,30,1.8600000000000003,69,0,0,0,0,0
04,120249563403450389,ACTIVE,76,1.86,63,0,5,2,0,0
04,120245516609390788,ACTIVE,30,1.7899999999999998,49,0,0,0,0,0
04,120245824562960686,ACTIVE,80,1.74,10,0,0,0,0,0
04,120248243632310509,ACTIVE,200,1.6500000000000001,30,0,1,0,0,0
04,120249361680490487,PAUSED,80,1.65,17,1,1,0,0,0
04,120249361972230487,PAUSED,80,1.65,15,3,3,0,0,0
04,120246971854000474,ACTIVE,80,1.64,53,1,2,0,0,0
04,120245031641660146,ACTIVE,100,1.6199999999999999,58,0,0,0,0,0
04,120250403343510725,ACTIVE,100,1.57,46,0,0,0,0,0
04,120246466273450630,ACTIVE,100,1.51,33,2,1,0,0,0
04,120248793947440462,ACTIVE,90,1.46,25,0,0,0,0,0
04,120247902130520509,PAUSED,100,1.41,58,2,3,1,0,0
04,120249266711820425,ACTIVE,100,1.39,35,0,3,0,0,0
04,120250403419350725,ACTIVE,100,1.35,72,2,3,0,1,49.37
04,120248574839520695,ACTIVE,50,1.29,27,0,0,0,0,0
04,120245018376580146,ACTIVE,100,1.26,56,0,0,0,0,0
04,120247405294490674,ACTIVE,100,1.22,21,0,2,0,0,0
04,120248616085540126,ACTIVE,80,1.13,35,0,2,0,0,0
04,120246901356650172,ACTIVE,35,1.08,14,1,1,0,0,0
04,120244694121960146,ACTIVE,100,1.05,23,0,1,0,0,0
04,120250224179000100,ACTIVE,100,1.02,30,0,0,0,0,0
04,120253022467150210,ACTIVE,80,0.99,48,0,0,0,0,0
04,120250393756120064,PAUSED,50,0.97,24,0,0,0,0,0
04,120247389154910241,ACTIVE,100,0.88,14,0,0,0,0,0
04,120251256015310577,ACTIVE,88,0.8,21,1,1,0,0,0
04,120250004049340365,ACTIVE,80,0.75,10,0,1,1,0,0
04,120247389874330241,ACTIVE,100,0.72,24,0,1,0,0,0
04,120244581910350686,ACTIVE,80,0.61,10,0,2,0,0,0
04,120248128901930175,ACTIVE,88,0.53,137,0,0,0,0,0
04,120249983687590565,PAUSED,100,0.53,4,0,0,0,0,0
04,120252595965290166,ACTIVE,30,0.52,5,0,0,0,0,0
04,120248232372850509,ACTIVE,100,0.5,16,0,0,0,0,0
04,120250299242090725,ACTIVE,100,0.46,16,0,0,0,0,0
04,120246947981930126,ACTIVE,80,0.42,13,0,3,0,0,0
04,120246107193720686,ACTIVE,80,0.41,3,0,0,0,0,0
04,120249220581040455,ACTIVE,200,0.35,13,1,1,0,0,0
04,120252589978110166,ACTIVE,30,0.31000000000000005,2,0,0,0,0,0
04,120250602380270653,PAUSED,80,0.3,4,1,1,0,0,0
04,120250300199480725,ACTIVE,100,0.27,11,0,0,0,0,0
04,120252205832760166,ACTIVE,10,0.27,10,0,0,0,0,0
04,120252589978050166,ACTIVE,30,0.21,11,0,0,0,0,0
04,120252590102520166,ACTIVE,30,0.2,23,0,0,0,0,0
04,120248040382960126,ACTIVE,80,0.19,4,0,0,0,0,0
04,120252594940370166,ACTIVE,30,0.18,19,0,0,0,0,0
04,120252598297590166,ACTIVE,30,0.15,2,0,0,0,0,0
04,120248331320310509,ACTIVE,100,0.14,6,0,0,0,0,0
04,120244883028360686,ACTIVE,80,0.11,3,0,0,0,0,0
04,120246121072780125,PAUSED,300,0.1,3,0,0,0,0,0
04,120248227096110465,ACTIVE,11,0.07,1,0,0,0,0,0
04,120258771211060586,ACTIVE,30,0.060000000000000005,4,0,0,0,0,0
04,120245179084540129,ACTIVE,60,0.06,5,0,0,0,0,0
04,120251141863820019,ACTIVE,10,0.05,3,0,0,0,0,0
04,120246586246620630,ACTIVE,89,0.04,2,0,0,0,0,0
04,120246465900910677,PAUSED,100,0.04,1,0,0,0,0,0
04,120247200503920320,ACTIVE,1,0.01,1,0,0,0,0,0
04,120247480459120590,PAUSED,80,0,0,0,0,0,0,0
04,120252451865130045,ACTIVE,100,0,0,0,0,0,0,0
04,120252451865140045,ACTIVE,100,0,0,0,0,0,0,0
04,120252460811520404,ACTIVE,80,0,0,0,0,0,0,0
04,120252460811580404,ACTIVE,80,0,0,0,0,0,0,0
04,120247480459470590,PAUSED,80,0,0,0,0,0,0,0
04,120249777008740229,PAUSED,55,0,0,0,1,0,0,0
04,120249446863910374,PAUSED,80,0,0,0,0,0,0,0
04,120245906725230436,PAUSED,100,0,0,0,3,0,0,0
04,120249446863940374,PAUSED,80,0,0,0,0,0,0,0
04,120249446863960374,PAUSED,80,0,0,0,0,0,0,0
04,120249446864100374,PAUSED,80,0,0,0,0,0,0,0
04,120247137870290032,PAUSED,100,0,0,0,1,0,0,0
04,120249027134450425,PAUSED,170,0,0,0,0,0,0,0
04,120253194882220054,ACTIVE,100,0,0,0,0,0,0,0
04,120248331315260509,PAUSED,100,0,0,0,1,0,0,0
04,120244771837290544,PAUSED,80,0,0,0,0,0,0,0
04,120253218017710054,ACTIVE,100,0,0,0,0,0,0,0
04,120253218043020054,ACTIVE,50,0,0,0,0,0,0,0
04,120253218057970054,ACTIVE,50,0,0,0,0,0,0,0
04,120253218071590054,ACTIVE,50,0,0,0,0,0,0,0
04,120247388947230241,ACTIVE,100,0,0,0,2,0,0,0
04,120248755684290455,PAUSED,500,0,0,0,1,0,0,0
04,120248388520260291,ACTIVE,80,0,0,0,0,0,0,0
04,120254248547210012,PAUSED,80,0,0,0,1,0,0,0
04,120254328143480012,ACTIVE,80,0,0,0,0,0,0,0
04,120254328143540012,ACTIVE,80,0,0,0,0,0,0,0
04,120254338757580012,ACTIVE,80,0,0,0,0,0,0,0
04,120254338757610012,ACTIVE,80,0,0,0,0,0,0,0
04,120248388520240291,ACTIVE,80,0,0,0,0,0,0,0
04,120250356712440100,ACTIVE,50,0,0,0,0,0,0,0
04,120248387330650291,PAUSED,80,0,0,0,0,0,0,0
04,120250356712410100,ACTIVE,50,0,0,0,0,0,0,0
04,120250356640990100,ACTIVE,50,0,0,0,0,0,0,0
04,120248387330590291,PAUSED,80,0,0,0,0,0,0,0
04,120247389154890241,ACTIVE,100,0,0,0,0,0,0,0
04,120250356640970100,ACTIVE,50,0,0,0,0,0,0,0
04,120250356570030100,ACTIVE,50,0,0,0,0,0,0,0
04,120250356570000100,ACTIVE,50,0,0,0,0,0,0,0
04,120246392026150179,ACTIVE,80,0,0,0,0,0,0,0
04,120246392026370179,ACTIVE,80,0,0,0,0,0,0,0
04,120249537024590065,ACTIVE,100,0,0,0,2,0,0,0
04,120249537081420065,ACTIVE,100,0,0,0,1,0,0,0
04,120246895216840177,ACTIVE,100,0,0,0,0,0,0,0
04,120249602496810152,ACTIVE,80,0,0,0,0,0,0,0
04,120249603955960152,ACTIVE,80,0,0,0,0,0,0,0
04,120243198389070544,PAUSED,80,0,0,0,0,0,0,0
04,120249603956170152,ACTIVE,80,0,0,0,0,0,0,0
04,120249953762290100,PAUSED,140,0,0,0,1,0,0,0
04,120248377057680214,ACTIVE,80,0,0,0,0,0,0,0
04,120249607776700152,ACTIVE,80,0,0,0,0,0,0,0
04,23858233581730790,PAUSED,80,0,0,0,0,0,0,0
04,120249607776730152,ACTIVE,80,0,0,0,0,0,0,0
04,120248377047900214,ACTIVE,80,0,0,0,0,0,0,0
04,120246895205230177,ACTIVE,50,0,0,0,0,0,0,0
04,120249680946580695,PAUSED,80,0,0,0,1,0,0,0
04,120248452868840509,ACTIVE,100,0,0,0,0,0,0,0
04,120247802943620389,PAUSED,100,0,0,0,1,0,0,0
04,120245171619050146,PAUSED,100,0,0,0,0,0,0,0
04,120245172265760146,PAUSED,100,0,0,0,0,0,0,0
04,120248452868900509,ACTIVE,100,0,0,0,0,0,0,0
04,120248455243050455,PAUSED,426,0,0,0,2,0,0,0
04,120248289755660043,PAUSED,60,0,0,0,0,0,0,0
04,120247480238110590,PAUSED,80,0,0,0,0,0,0,0
04,120247480238410590,PAUSED,80,0,0,0,0,0,0,0
04,120249300159030544,PAUSED,80,0,0,0,0,0,0,0
04,120248360867850090,PAUSED,60,0,0,0,0,0,0,0
04,120247389999270241,ACTIVE,100,0,0,0,0,0,0,0
04,120248436715360090,PAUSED,60,0,0,0,0,0,0,0
04,120247275457630032,PAUSED,136,0,0,0,1,0,0,0
04,120247480374230590,PAUSED,80,0,0,0,0,0,0,0
04,120247480374340590,PAUSED,80,0,0,0,0,0,0,0
04,120249093218720425,PAUSED,135,0,0,0,0,0,0,0
04,120245468761950436,ACTIVE,100,0,0,0,5,1,1,68.23
