hh,campaign_id,status,budget,spent,impressions,clicks,views,checkout,purchase,rev
00,120244428953860686,ACTIVE,111,34.18,2047,51,47,3,2,81.2
00,120248737641880722,ACTIVE,40,27.91,675,21,20,4,1,38.269999999999996
00,120247139480370564,PAUSED,300,14.8,369,6,6,0,0,0
00,120247708432980509,ACTIVE,300,14.74,293,8,7,1,0,0
00,120245847200980133,ACTIVE,80,14.73,99,10,9,2,2,104
00,120247558121560065,ACTIVE,100,14.41,300,0,4,1,1,49.52
00,120244794017770320,ACTIVE,400,13.32,419,12,13,1,1,103.82
00,120245038624620436,ACTIVE,100,12.94,377,4,5,0,0,0
00,120240679404390629,ACTIVE,400,11.5,267,4,7,0,0,0
00,120244761233710455,ACTIVE,755,11.06,228,3,9,1,0,0
00,120244618043630436,ACTIVE,1059,8.94,403,12,13,0,0,0
00,120247040934570629,ACTIVE,400,8.73,229,3,7,1,0,0
00,120247583319740586,ACTIVE,1000,8.38,272,4,6,0,0,0
00,120243986668280589,ACTIVE,1500,8.31,156,2,4,1,1,29.98
00,120246023777450751,ACTIVE,1200,8.07,206,5,10,0,0,0
00,120244883028360686,ACTIVE,1000,7.78,112,2,2,0,0,0
00,120244749327030686,ACTIVE,1000,7.57,142,4,7,1,1,51.22
00,120244745582820125,ACTIVE,800,7.03,133,1,1,0,0,0
00,120247412626780168,ACTIVE,100,6.8,122,5,10,0,0,0
00,120248574839550695,ACTIVE,250,6.31,151,0,2,0,0,0
00,120249086971680283,ACTIVE,100,6.3,109,6,4,1,0,0
00,120239930892250650,ACTIVE,500,5.88,40,1,3,0,0,0
00,120250789469770586,ACTIVE,1000,5.77,108,5,4,0,0,0
00,120248460421540425,ACTIVE,100,5.75,126,3,3,0,0,0
00,120245980788570752,ACTIVE,600,5.43,122,2,3,0,0,0
00,120257763329830586,ACTIVE,100,5.39,86,0,4,0,0,0
00,120248490741000152,ACTIVE,80,5.25,145,2,2,0,0,0
00,120247479945600065,ACTIVE,450,5.08,155,2,4,0,0,0
00,120244431777030751,ACTIVE,1000,4.85,189,5,6,1,1,24.98
00,120246670033370677,ACTIVE,300,4.46,151,2,2,0,0,0
00,120246338179300642,ACTIVE,400,4.41,144,3,3,0,0,0
00,120243063569770146,ACTIVE,460,4.37,153,1,3,1,1,41.98
00,120245964184870707,ACTIVE,143,4.15,39,2,2,0,0,0
00,120246299672700751,ACTIVE,500,4.12,121,4,5,1,0,0
00,120249179865340725,ACTIVE,100,3.89,100,4,3,0,1,86.55000000000001
00,120249105110140210,ACTIVE,156,3.85,50,2,2,0,0,0
00,120247653059200586,ACTIVE,1000,3.78,57,1,3,0,0,0
00,120243276755660065,ACTIVE,500,3.75,96,1,2,1,1,49.52
00,120246338028120241,ACTIVE,800,3.7,156,2,3,0,0,0
00,120246701172200677,ACTIVE,124,3.69,62,4,5,1,0,0
00,120251414780410651,ACTIVE,300,3.66,46,1,1,0,0,0
00,120243772061640146,ACTIVE,1000,3.64,65,1,1,0,0,0
00,120250413795050709,ACTIVE,300,3.51,33,0,0,0,0,0
00,120249449604610725,ACTIVE,500,3.44,70,1,1,0,0,0
00,120246640164700707,ACTIVE,83,3.4,67,4,3,0,0,0
00,120247483865740100,ACTIVE,300,3.34,74,1,1,0,0,0
00,120249286682560368,ACTIVE,450,3.34,77,3,2,1,0,0
00,120245250322490642,ACTIVE,300,3.26,53,1,1,0,0,0
00,120250447831800013,ACTIVE,200,3.16,74,4,5,0,0,0
00,120246462278370707,ACTIVE,100,3.07,49,2,2,0,0,0
00,120247280578260065,ACTIVE,300,3.06,94,2,2,0,0,0
00,120245334049540065,ACTIVE,370,2.99,56,0,1,1,0,0
00,120248536188000100,ACTIVE,300,2.88,58,1,0,0,0,0
00,120244895884300678,ACTIVE,263,2.87,40,0,2,0,0,0
00,120244349823030686,ACTIVE,120,2.85,44,0,0,0,0,0
00,120245404387150125,ACTIVE,300,2.83,75,0,0,0,0,0
00,120249384124830663,ACTIVE,100,2.79,47,1,1,0,0,0
00,120248911416770577,ACTIVE,1001,2.72,76,1,2,0,0,0
00,120245343500810686,ACTIVE,80,2.66,28,0,0,0,0,0
00,120247199911460090,ACTIVE,200,2.63,44,0,1,0,0,0
00,120246526261990752,ACTIVE,110,2.6,74,1,3,1,0,0
00,120247438813810043,ACTIVE,300,2.59,35,1,4,0,0,0
00,120246815852160674,ACTIVE,120,2.58,29,1,1,0,0,0
00,120249754760810019,ACTIVE,300,2.56,85,4,5,0,0,0
00,120244895488610436,ACTIVE,100,2.48,126,3,2,0,0,0
00,120252393006000428,ACTIVE,100,2.41,52,1,1,1,0,0
00,120248302764530065,ACTIVE,50,2.31,33,0,5,2,0,0
00,120247115989130291,ACTIVE,700,2.3,45,2,5,0,0,0
00,120248229485400425,ACTIVE,225,2.24,43,1,2,0,0,0
00,120248131828430065,ACTIVE,200,2.24,49,2,2,0,0,0
00,120248304803400065,ACTIVE,50,2.24,32,0,2,0,0,0
00,120244895884170678,ACTIVE,164,2.22,39,3,4,0,0,0
00,120247000863970069,ACTIVE,100,2.17,39,0,0,0,0,0
00,120248383861080100,ACTIVE,300,2.15,43,3,6,0,0,0
00,120241066464020065,ACTIVE,289,2.1,58,1,1,0,0,0
00,120246070715810752,ACTIVE,300,2.1,32,2,2,0,0,0
00,120248427381820564,ACTIVE,100,2.09,46,1,2,0,0,0
00,120244349822900686,ACTIVE,100,2.07,17,0,1,0,0,0
00,120246169445720320,ACTIVE,100,2.06,52,0,2,0,0,0
00,120249498266450589,ACTIVE,330,2.04,23,2,1,0,0,0
00,120248064259890425,ACTIVE,150,2.04,6,1,0,0,0,0
00,120246232598650090,ACTIVE,221,1.96,31,0,0,0,0,0
00,120248507722020469,ACTIVE,100,1.91,41,1,0,0,0,0
00,120242301213710065,ACTIVE,370,1.9,44,1,1,0,0,0
00,120246599961620214,ACTIVE,240,1.89,57,1,1,1,0,0
00,120249120674110404,ACTIVE,500,1.89,47,2,3,1,0,0
00,120246006368520630,ACTIVE,80,1.89,47,1,1,0,0,0
00,120252392959620428,ACTIVE,100,1.88,38,2,2,0,0,0
00,120244691045040320,ACTIVE,120,1.8,64,2,2,0,0,0
00,120243466971930678,ACTIVE,100,1.79,24,1,1,0,0,0
00,120248248056550462,ACTIVE,104,1.79,35,0,0,0,0,0
00,120248893532100100,ACTIVE,300,1.79,38,1,1,0,0,0
00,120246594237630032,ACTIVE,100,1.78,42,2,4,0,0,0
00,120246007012690630,ACTIVE,80,1.71,6,0,1,0,0,0
00,120248880534940100,ACTIVE,154,1.68,43,0,0,0,0,0
00,120248371396300544,ACTIVE,80,1.65,22,1,1,0,0,0
00,120248546074540389,ACTIVE,123,1.64,57,1,1,0,0,0
00,120249179367710725,ACTIVE,500,1.64,46,0,0,0,0,0
00,120247508094040725,ACTIVE,200,1.64,33,0,2,0,0,0
00,120244234919350146,ACTIVE,1000,1.63,54,1,1,0,0,0
00,120244008702660129,ACTIVE,100,1.61,46,2,2,0,0,0
00,120248040382960126,ACTIVE,80,1.6,27,1,0,0,0,0
00,120246526262050752,ACTIVE,124,1.6,39,1,2,0,0,0
00,120246615285510642,ACTIVE,450,1.6,46,0,1,0,0,0
00,120248426685010564,ACTIVE,100,1.57,21,0,0,0,0,0
00,120240258763950179,ACTIVE,310,1.56,89,3,3,0,0,0
00,120244008701890129,ACTIVE,150,1.54,50,1,1,0,0,0
00,120244164741820146,ACTIVE,100,1.52,42,1,1,1,1,75.22
00,120246024108390751,ACTIVE,500,1.49,32,0,0,0,0,0
00,120247797108450126,ACTIVE,80,1.47,33,1,1,0,0,0
00,120248089909210065,ACTIVE,92,1.46,23,1,1,0,0,0
00,120249912876880247,ACTIVE,100,1.46,21,0,0,0,0,0
00,120243862977850705,ACTIVE,200,1.46,12,0,0,0,0,0
00,120249449512110725,ACTIVE,500,1.45,72,2,4,2,2,171.9
00,120240849899190788,ACTIVE,10,1.45,33,1,1,0,0,0
00,120246828454030629,ACTIVE,507,1.44,54,0,5,0,0,0
00,120247567951430509,ACTIVE,100,1.42,47,2,2,0,0,0
00,120246024108440751,ACTIVE,345,1.41,42,1,1,1,0,0
00,120245557728780686,ACTIVE,80,1.41,21,0,0,0,0,0
00,120248204610010425,ACTIVE,346,1.41,24,4,3,0,0,0
00,120250677752620013,ACTIVE,80,1.4,28,0,0,0,0,0
00,120246330272670320,ACTIVE,132,1.4,72,0,1,0,0,0
00,120249433591590100,ACTIVE,500,1.4,30,0,0,0,0,0
00,120248490880340455,ACTIVE,134,1.39,66,1,2,0,0,0
00,120245250891950175,ACTIVE,132,1.38,32,0,0,0,0,0
00,120245380137820707,ACTIVE,650,1.37,39,0,2,1,1,22.98
00,120246006368580630,ACTIVE,80,1.36,47,1,2,1,1,49.970000000000006
00,120247293642140642,ACTIVE,120,1.35,30,0,0,0,0,0
00,120245557729330686,ACTIVE,80,1.35,13,0,0,0,0,0
00,120242031621370065,ACTIVE,229,1.35,39,0,0,0,0,0
00,120244015116230146,ACTIVE,600,1.35,33,0,2,0,0,0
00,120249017051140229,ACTIVE,199,1.34,12,0,0,0,0,0
00,120246624479580241,ACTIVE,136,1.33,87,0,1,0,0,0
00,120246238464310533,ACTIVE,68,1.33,38,2,3,0,0,0
00,120245466475870630,ACTIVE,102,1.32,42,0,0,0,0,0
00,120245738102920780,ACTIVE,150,1.31,15,0,1,0,0,0
00,120244837091050678,ACTIVE,123,1.31,22,0,2,0,0,0
00,120250066594120577,ACTIVE,101,1.29,2,0,0,0,0,0
00,120245201694370686,ACTIVE,155,1.27,33,0,1,0,0,0
00,120251692403590054,ACTIVE,130,1.26,35,0,0,0,0,0
00,120246417765860752,ACTIVE,77,1.26,27,1,1,0,0,0
00,120247001920940477,ACTIVE,100,1.25,18,0,0,0,0,0
00,120248560536500469,ACTIVE,100,1.25,34,1,1,0,0,0
00,120241671273870455,ACTIVE,212,1.23,46,3,4,0,0,0
00,120248444259410455,ACTIVE,100,1.23,53,0,1,0,0,0
00,120245241360310455,ACTIVE,100,1.22,54,1,2,0,0,0
00,120248556140990663,ACTIVE,200,1.22,30,1,1,0,0,0
00,120246664436140677,ACTIVE,131,1.22,52,0,2,0,0,0
00,120248426685080564,ACTIVE,100,1.19,28,1,1,0,0,0
00,120247934031060303,ACTIVE,40,1.19,25,0,1,0,0,0
00,120243593315080146,ACTIVE,146,1.18,27,0,1,0,0,0
00,120248353198820126,ACTIVE,88,1.18,25,0,0,0,0,0
00,120252072716270054,ACTIVE,80,1.18,27,1,1,0,0,0
00,120248564072910455,ACTIVE,135,1.17,16,1,3,0,0,0
00,120246145364940470,ACTIVE,80,1.17,39,0,0,0,0,0
00,120245343438250686,ACTIVE,80,1.16,3,0,0,0,0,0
00,120246643280780674,ACTIVE,100,1.14,25,1,1,0,1,66.22000000000001
00,120244006723850129,ACTIVE,100,1.13,32,1,2,1,1,98.97
00,120248510641030431,ACTIVE,130,1.13,24,1,1,0,0,0
00,120246007012750630,ACTIVE,80,1.12,16,1,1,0,0,0
00,120248443467260561,ACTIVE,87,1.12,24,0,0,0,0,0
00,120246710213410090,ACTIVE,425,1.12,22,0,1,0,0,0
00,120244083558220146,ACTIVE,220,1.1,47,1,1,0,0,0
00,120246573314620241,ACTIVE,104,1.1,42,0,1,0,0,0
00,120245612998430455,ACTIVE,100,1.09,35,1,1,1,0,0
00,6973002163226,ACTIVE,50,1.09,11,0,0,0,0,0
00,120244171016080129,ACTIVE,100,1.08,42,2,2,0,0,0
00,120243951377020125,ACTIVE,200,1.07,25,0,0,0,0,0
00,120245792848160780,ACTIVE,150,1.07,10,0,1,0,0,0
00,120246299721480751,ACTIVE,325,1.06,33,1,1,0,0,0
00,120244017128390686,ACTIVE,100,1.05,18,0,1,0,0,0
00,120244823852300686,ACTIVE,153,1.04,19,0,0,0,0,0
00,120248180759590065,ACTIVE,92,1.01,9,1,1,0,0,0
00,120244581910350686,ACTIVE,80,1.01,17,0,0,0,0,0
00,120246493383140032,ACTIVE,75,1.01,20,2,2,0,0,0
00,120248082904030663,ACTIVE,150,1,12,0,0,0,0,0
00,120247534964830642,ACTIVE,100,1,19,0,0,0,0,0
00,120248302764770065,ACTIVE,50,0.99,18,0,0,0,0,0
00,120245284052330686,ACTIVE,80,0.97,17,0,0,0,0,0
00,120246286465380752,ACTIVE,300,0.96,38,2,3,0,0,0
00,120248385353200168,ACTIVE,100,0.95,12,0,0,0,0,0
00,120235701428400210,ACTIVE,200,0.95,21,1,1,0,0,0
00,120244216235640630,ACTIVE,117,0.93,24,0,1,0,0,0
00,120248538003950544,ACTIVE,80,0.93,18,0,0,0,0,0
00,120248801075450431,ACTIVE,130,0.93,22,1,2,1,0,0
00,120248288633270389,ACTIVE,210,0.92,51,0,2,0,0,0
00,120247767157610303,ACTIVE,80,0.89,22,2,2,1,0,0
00,120247059696240214,ACTIVE,180,0.88,25,0,0,0,0,0
00,120247567951490509,ACTIVE,100,0.88,32,0,0,0,0,0
00,120245031811820436,ACTIVE,153,0.87,46,0,0,0,0,0
00,120247993480220303,PAUSED,40,0.86,20,0,1,0,0,0
00,120246005453800291,ACTIVE,650,0.86,20,1,1,0,0,0
00,120245124561510686,ACTIVE,80,0.85,9,0,0,0,0,0
00,120245944457570630,ACTIVE,135,0.84,29,0,0,0,0,0
00,120246040085600751,ACTIVE,600,0.83,9,0,0,0,0,0
00,120248248634970455,ACTIVE,100,0.81,7,2,0,0,0,0
00,120249774896160127,ACTIVE,100,0.8,11,2,1,0,0,0
00,120246693068060097,ACTIVE,80,0.8,58,0,2,0,0,0
00,120245840085840780,ACTIVE,150,0.79,20,1,1,0,0,0
00,120247645229990642,ACTIVE,100,0.79,27,0,0,0,0,0
00,120248337451970425,ACTIVE,200,0.79,24,0,0,0,0,0
00,120248752320480389,ACTIVE,80,0.79,11,0,0,0,0,0
00,120247219674070214,ACTIVE,160,0.78,24,0,0,0,0,0
00,120245736523970177,ACTIVE,500,0.78,21,0,1,1,0,0
00,120251223975900709,ACTIVE,300,0.78,13,0,1,0,0,0
00,120257843052780586,ACTIVE,100,0.77,16,0,0,0,0,0
00,120246447361050303,ACTIVE,80,0.77,7,1,1,1,0,0
00,120248460285910425,ACTIVE,200,0.77,16,0,0,0,0,0
00,120243486846210152,ACTIVE,100,0.76,19,1,1,0,0,0
00,120248539381110725,ACTIVE,100,0.76,20,0,0,0,0,0
00,120248922585490210,ACTIVE,200,0.75,30,0,0,0,0,0
00,120249259179000116,ACTIVE,200,0.75,18,0,0,0,0,0
00,120247623540580509,ACTIVE,117,0.74,29,0,1,0,0,0
00,120248416194170455,ACTIVE,133,0.74,25,2,1,0,0,0
00,120241067387190788,ACTIVE,200,0.73,11,0,1,0,0,0
00,120247175023780065,ACTIVE,100,0.73,7,0,0,0,0,0
00,120246191098970320,ACTIVE,400,0.73,62,2,2,0,0,0
00,120252288360590054,ACTIVE,100,0.72,20,1,1,0,0,0
00,120250466943310577,ACTIVE,100,0.72,16,1,2,0,0,0
00,120245327669090320,ACTIVE,400,0.72,29,0,0,0,0,0
00,120246382556450462,ACTIVE,100,0.72,14,1,1,0,0,0
00,120247952380210544,ACTIVE,90,0.7,20,0,0,0,0,0
00,120247322669120509,ACTIVE,100,0.7,16,0,0,0,0,0
00,120246178825710752,ACTIVE,100,0.69,21,0,1,1,0,0
00,120245972443720177,ACTIVE,90,0.68,23,0,0,0,0,0
00,120245848127430707,ACTIVE,450,0.68,19,0,0,0,0,0
00,120248082904020663,ACTIVE,350,0.68,18,0,0,0,0,0
00,120244480112510436,ACTIVE,156,0.67,33,1,0,0,0,0
00,120245334049460065,ACTIVE,400,0.66,14,0,0,0,0,0
00,120250331984600019,ACTIVE,100,0.65,19,0,0,0,0,0
00,120248538756480561,ACTIVE,60,0.65,18,0,1,0,0,0
00,120250558406210368,ACTIVE,129,0.64,22,0,0,0,0,0
00,120246221877410629,ACTIVE,335,0.64,26,0,0,0,0,0
00,120243673094650146,ACTIVE,100,0.64,24,0,0,0,0,0
00,120247720181440090,ACTIVE,60,0.64,13,0,0,0,0,0
00,120245832907270630,ACTIVE,113,0.64,19,0,0,0,0,0
00,120249286765290368,ACTIVE,350,0.63,30,0,1,0,0,0
00,120250466778820577,ACTIVE,100,0.62,14,0,0,0,0,0
00,120246818759970303,ACTIVE,40,0.62,7,0,0,0,0,0
00,120248012782330065,ACTIVE,100,0.62,19,1,1,0,0,0
00,120246643265130674,ACTIVE,150,0.62,22,0,0,0,0,0
00,120247114547280509,ACTIVE,85,0.6,12,1,1,0,0,0
00,120247633428650725,ACTIVE,200,0.59,18,1,2,0,0,0
00,120248151239370425,ACTIVE,100,0.58,11,0,0,0,0,0
00,120248622152780695,ACTIVE,104,0.57,25,0,0,0,0,0
00,120235701428420210,ACTIVE,200,0.57,15,0,0,0,0,0
00,120246381767620032,ACTIVE,100,0.57,7,0,1,0,0,0
00,120235336090360210,ACTIVE,200,0.57,15,0,0,0,0,0
00,120249614200430725,ACTIVE,100,0.56,4,0,0,0,0,0
00,120248443467340561,ACTIVE,87,0.55,7,0,0,0,0,0
00,120248252688100544,ACTIVE,80,0.54,21,1,1,0,0,0
00,120249368601100365,ACTIVE,80,0.53,13,0,0,0,0,0
00,120250501589950722,ACTIVE,80,0.53,6,0,0,0,0,0
00,120250332385240019,ACTIVE,100,0.51,28,1,1,0,0,0
00,120246787004190097,ACTIVE,101,0.5,16,0,0,0,0,0
00,120248207466280561,ACTIVE,60,0.5,11,0,1,0,0,0
00,120249300729750589,ACTIVE,100,0.5,8,0,0,0,0,0
00,120247219674220214,ACTIVE,80,0.49,10,0,0,0,0,0
00,120250946852160368,ACTIVE,50,0.48,12,0,0,0,0,0
00,120248470325620561,ACTIVE,100,0.48,20,1,1,0,0,0
00,120248726537670152,ACTIVE,111,0.48,30,0,0,0,0,0
00,120246667937240241,ACTIVE,100,0.47,15,0,0,0,0,0
00,120244164847370788,ACTIVE,200,0.45,4,0,0,0,0,0
00,120245045578670686,ACTIVE,80,0.45,20,2,2,1,1,29.979999999999997
00,120245306349070462,ACTIVE,100,0.44,13,0,0,0,0,0
00,120251063106910166,ACTIVE,100,0.44,14,1,1,0,0,0
00,120248396283420425,ACTIVE,200,0.43,11,0,0,0,0,0
00,120248585026600168,ACTIVE,90,0.43,8,3,2,0,0,0
00,120258018661030586,ACTIVE,300,0.42,12,0,0,0,0,0
00,120250691304310722,ACTIVE,68,0.41,3,0,0,0,0,0
00,120243458344240129,ACTIVE,100,0.41,20,0,0,0,0,0
00,120248764599250589,ACTIVE,200,0.4,14,0,0,0,0,0
00,120245848127390707,ACTIVE,500,0.4,9,0,0,0,0,0
00,120246178929760752,ACTIVE,300,0.4,11,0,2,1,0,0
00,120246191098590320,ACTIVE,400,0.39,27,1,1,0,0,0
00,120246377047690097,ACTIVE,200,0.37,23,0,1,0,0,0
00,120246191098540320,ACTIVE,120,0.37,18,0,0,0,0,0
00,120245514271740065,ACTIVE,115,0.37,4,0,1,0,0,0
00,120247392329370509,ACTIVE,100,0.37,9,0,1,0,0,0
00,120245889270610065,ACTIVE,40,0.36,11,0,0,0,0,0
00,120244251116110146,ACTIVE,100,0.36,10,0,0,0,0,0
00,120246153345400650,ACTIVE,125,0.36,4,0,0,0,0,0
00,120246270264070320,ACTIVE,120,0.35,20,1,1,0,0,0
00,120244802271840788,ACTIVE,200,0.35,9,0,0,0,0,0
00,120243844958690129,ACTIVE,80,0.35,9,1,1,0,0,0
00,120244302651980146,ACTIVE,100,0.35,14,0,0,0,0,0
00,120245880736570172,ACTIVE,40,0.34,5,0,0,0,0,0
00,120245251316060477,ACTIVE,100,0.34,5,0,0,0,0,0
00,120248615909580019,ACTIVE,300,0.34,15,0,1,0,0,0
00,120245899907890065,ACTIVE,115,0.34,7,0,0,0,0,0
00,120249525957160319,ACTIVE,200,0.33,9,0,0,0,0,0
00,120245481989400065,ACTIVE,40,0.33,9,2,2,0,0,0
00,120246299672740751,ACTIVE,195,0.33,6,0,1,0,0,0
00,120249534302910127,ACTIVE,100,0.33,5,0,1,0,0,0
00,120247378425210561,ACTIVE,380,0.32,20,0,0,0,0,0
00,120248565664590561,ACTIVE,80,0.32,6,1,1,0,0,0
00,120249251074290319,ACTIVE,120,0.32,11,0,0,0,0,0
00,120248681019100152,ACTIVE,81,0.32,19,0,0,0,0,0
00,120250747283060166,ACTIVE,30,0.32,5,0,1,0,0,0
00,120246415849650214,ACTIVE,120,0.31,8,0,0,0,0,0
00,120248645284270152,ACTIVE,200,0.31,23,0,0,0,0,0
00,120258018921720586,ACTIVE,300,0.3,13,0,1,0,0,0
00,23857687339360799,ACTIVE,60,0.3,4,0,0,0,0,0
00,120246471244780065,ACTIVE,135,0.3,19,0,0,0,0,0
00,120244270293390320,ACTIVE,120,0.3,10,0,0,0,0,0
00,120246733901990065,ACTIVE,80,0.3,7,0,1,0,0,0
00,120247061936980509,ACTIVE,100,0.3,20,0,0,0,0,0
00,120249711938850319,ACTIVE,100,0.29,12,0,0,0,0,0
00,120246791587200455,ACTIVE,146,0.29,7,1,0,0,0,0
00,120248459419470469,ACTIVE,100,0.29,6,0,0,0,0,0
00,120246299721450751,ACTIVE,195,0.28,10,0,0,0,0,0
00,120250331470740019,ACTIVE,30,0.28,1,0,0,0,0,0
00,120245840085750780,ACTIVE,80,0.28,7,0,0,0,0,0
00,120248399211490425,ACTIVE,200,0.28,7,1,1,0,0,0
00,120244428953840686,ACTIVE,100,0.28,3,0,0,0,0,0
00,120252129217680054,ACTIVE,76,0.27,9,0,0,0,0,0
00,120247622109160509,ACTIVE,100,0.27,15,0,0,0,0,0
00,120248492410070561,ACTIVE,80,0.27,12,0,0,0,0,0
00,120247620975680509,ACTIVE,100,0.27,27,0,1,0,0,0
00,120248295184030065,ACTIVE,93,0.27,10,0,0,0,0,0
00,120246731736950097,ACTIVE,80,0.26,7,0,2,0,0,0
00,120246100871360533,ACTIVE,117,0.26,9,0,0,0,0,0
00,120246962698770090,ACTIVE,325,0.25,7,0,0,0,0,0
00,120244452279870146,ACTIVE,100,0.25,6,0,0,0,0,0
00,120248565664770561,ACTIVE,80,0.25,15,1,1,0,0,0
00,120249368601130365,ACTIVE,80,0.25,6,0,0,0,0,0
00,120242746886630788,ACTIVE,200,0.24,5,0,0,0,0,0
00,120246471244730065,ACTIVE,135,0.24,15,0,0,0,0,0
00,120243843991710129,ACTIVE,100,0.24,11,0,0,0,0,0
00,120245602350460032,ACTIVE,100,0.23,20,0,0,0,0,0
00,120245198116820177,ACTIVE,100,0.23,2,0,0,0,0,0
00,120244452107570146,ACTIVE,100,0.23,10,0,0,0,0,0
00,120248460381910425,ACTIVE,100,0.23,7,0,0,0,0,0
00,120245880736490172,ACTIVE,80,0.22,2,0,0,0,0,0
00,120248974670480019,PAUSED,45,0.22,5,1,1,0,0,0
00,120246733902040065,ACTIVE,80,0.22,6,0,0,0,0,0
00,120245004525000780,ACTIVE,100,0.22,4,0,0,0,0,0
00,120256572736650586,ACTIVE,500,0.21,6,0,0,0,0,0
00,120245474101510686,ACTIVE,80,0.21,3,0,0,0,0,0
00,120245899907660065,ACTIVE,115,0.21,9,0,0,0,0,0
00,120252090042790210,ACTIVE,92,0.2,15,0,0,0,0,0
00,120249614200550725,ACTIVE,100,0.2,2,0,0,0,0,0
00,120244242496990780,ACTIVE,100,0.2,3,0,1,0,0,0
00,120244452712050146,ACTIVE,100,0.19,6,0,0,0,0,0
00,120245988448910780,ACTIVE,80,0.19,7,0,1,0,0,0
00,120244972795250678,ACTIVE,154,0.18,13,0,0,0,0,0
00,120248218451590126,ACTIVE,89,0.18,5,0,0,0,0,0
00,120245861174350177,ACTIVE,200,0.18,4,0,0,0,0,0
00,120248492410110561,ACTIVE,80,0.18,11,0,0,0,0,0
00,120248502435680168,ACTIVE,101,0.18,9,0,1,1,0,0
00,120249073253070116,ACTIVE,200,0.18,8,0,0,0,0,0
00,120248444259380455,ACTIVE,134,0.17,7,0,0,0,0,0
00,120247504171550090,ACTIVE,60,0.17,2,0,0,0,0,0
00,120246123176490177,ACTIVE,89,0.17,8,0,0,0,0,0
00,120244006723720129,ACTIVE,100,0.17,6,0,0,0,0,0
00,6973002165426,ACTIVE,50,0.16,4,0,0,0,0,0
00,120247689486720509,ACTIVE,100,0.16,6,0,0,0,0,0
00,120245750558170707,ACTIVE,100,0.16,7,0,0,0,0,0
00,23857454054570799,ACTIVE,100,0.16,5,0,0,0,0,0
00,120247058049910303,ACTIVE,80,0.16,3,0,0,0,0,0
00,120249186775450116,ACTIVE,100,0.15,3,0,0,0,0,0
00,120248492364530561,ACTIVE,60,0.15,11,0,0,0,0,0
00,120245481989440065,ACTIVE,40,0.15,6,0,0,0,0,0
00,120246667937160241,ACTIVE,100,0.15,10,0,0,0,0,0
00,120246733876960065,ACTIVE,80,0.15,8,0,0,0,0,0
00,120248324864790425,ACTIVE,109,0.15,3,0,0,0,0,0
00,120245889270720065,ACTIVE,40,0.15,9,0,0,0,0,0
00,120242301213170065,ACTIVE,300,0.14,12,0,0,0,0,0
00,120246299672680751,ACTIVE,115,0.14,5,0,1,0,0,0
00,120248752320410389,ACTIVE,80,0.13,6,0,0,0,0,0
00,120248321721850561,ACTIVE,100,0.12,16,0,0,0,0,0
00,120247712587380509,ACTIVE,100,0.12,7,0,0,0,0,0
00,120248492410200561,ACTIVE,80,0.12,5,0,0,0,0,0
00,120246888370010097,ACTIVE,150,0.12,8,0,0,0,0,0
00,120246299721620751,ACTIVE,68,0.12,5,0,0,0,0,0
00,120249613287980725,ACTIVE,100,0.11,5,1,1,0,0,0
00,120248538756410561,ACTIVE,60,0.11,11,0,0,0,0,0
00,120248956379790695,ACTIVE,50,0.11,5,0,1,1,0,0
00,120246259925420674,ACTIVE,100,0.1,2,0,0,0,0,0
00,120255653285300586,ACTIVE,140,0.1,4,0,0,0,0,0
00,120244452712090146,ACTIVE,100,0.1,7,0,0,0,0,0
00,120247040711430629,ACTIVE,100,0.1,6,0,1,1,0,0
00,120244452501840146,ACTIVE,100,0.1,4,0,0,0,0,0
00,120246470015580752,ACTIVE,111,0.09,3,0,0,0,0,0
00,120247602190420043,ACTIVE,80,0.09,4,0,0,0,0,0
00,120249614588310725,ACTIVE,100,0.09,4,0,0,0,0,0
00,120258016080090586,ACTIVE,50,0.08,4,0,0,0,0,0
00,120247775015250090,ACTIVE,126,0.08,4,0,0,0,0,0
00,120244793522550320,ACTIVE,120,0.08,4,0,0,0,0,0
00,120246508713670320,ACTIVE,109,0.08,7,0,0,0,0,0
00,120249775050340127,ACTIVE,100,0.08,3,0,0,0,0,0
00,120250677752680013,ACTIVE,80,0.07,2,0,0,0,0,0
00,120251979136820210,ACTIVE,50,0.07,4,0,0,0,0,0
00,120248304803930065,ACTIVE,50,0.07,2,0,0,0,0,0
00,120250287165040577,ACTIVE,200,0.07,3,0,0,0,0,0
00,120248439890210425,ACTIVE,134,0.06,1,0,0,0,0,0
00,120247502492560175,ACTIVE,88,0.06,1,0,0,0,0,0
00,120251037305290166,ACTIVE,30,0.06,5,0,0,0,0,0
00,120245514271720065,ACTIVE,115,0.06,2,0,0,0,0,0
00,120245823079650320,ACTIVE,100,0.06,3,0,0,0,0,0
00,120245400790120686,ACTIVE,80,0.06,2,0,0,0,0,0
00,120246773871680629,ACTIVE,100,0.05,1,0,0,0,0,0
00,120242907734560129,ACTIVE,100,0.05,2,0,0,0,0,0
00,120248737641910722,ACTIVE,68,0.05,4,0,0,0,0,0
00,120244906297460788,ACTIVE,50,0.05,3,0,0,0,0,0
00,120246010945790630,ACTIVE,82,0.05,5,0,1,0,0,0
00,120246309078080032,ACTIVE,100,0.05,2,0,1,0,0,0
00,120249614588330725,ACTIVE,100,0.05,2,0,0,0,0,0
00,120249368429700365,ACTIVE,80,0.05,7,0,1,0,0,0
00,120244906297410788,ACTIVE,50,0.05,2,0,0,0,0,0
00,120248794939020152,ACTIVE,200,0.05,6,0,0,0,0,0
00,120246759433650677,ACTIVE,125,0.04,6,0,0,0,0,0
00,120249443467080663,ACTIVE,150,0.04,2,0,0,0,0,0
00,120246733877000065,ACTIVE,80,0.04,3,0,0,0,0,0
00,120248337634670425,ACTIVE,150,0.04,1,0,0,0,0,0
00,120249368429640365,ACTIVE,80,0.04,8,0,0,0,0,0
00,120245099365240470,ACTIVE,5,0.03,2,1,1,0,0,0
00,120249062217790019,ACTIVE,50,0.03,3,0,0,0,0,0
00,120257783384890586,ACTIVE,300,0.03,4,0,0,0,0,0
00,120249613712950725,ACTIVE,100,0.03,4,0,0,0,0,0
00,120245469696060686,ACTIVE,80,0.02,2,0,0,0,0,0
00,120245136181480470,ACTIVE,5,0.02,2,0,0,0,0,0
00,120244235259940678,ACTIVE,30,0.01,5,0,0,0,0,0
00,120246815707460674,ACTIVE,100,0.01,1,0,0,0,0,0
00,120246273720740455,ACTIVE,800,0.01,1,0,1,0,0,0
00,120248492364510561,ACTIVE,60,0.01,5,0,0,0,0,0
00,120246572686120470,ACTIVE,10,0,0,0,0,0,0,0
00,120246572543520470,ACTIVE,10,0,0,0,0,0,0,0
00,120246572543260470,ACTIVE,10,0,0,0,0,0,0,0
00,120246572543100470,ACTIVE,10,0,0,0,0,0,0,0
00,120246572543060470,ACTIVE,10,0,0,0,0,0,0,0
00,120246668892470032,ACTIVE,80,0,0,0,1,0,0,0
00,120246668892520032,ACTIVE,80,0,0,0,2,0,0,0
00,120246942306840097,ACTIVE,80,0,1,0,0,0,0,0
00,120246950174900097,ACTIVE,80,0,0,0,0,0,0,0
00,120246950175170097,ACTIVE,80,0,0,0,0,0,0,0
00,120246951688370097,ACTIVE,80,0,0,0,0,0,0,0
00,120246951688500097,ACTIVE,80,0,0,0,0,0,0,0
00,120246951742140097,ACTIVE,80,0,0,0,0,0,0,0
00,120246951742200097,ACTIVE,80,0,0,0,0,0,0,0
00,120247483185600629,ACTIVE,100,0,1,0,0,0,0,0
00,120247502492610175,ACTIVE,88,0,1,0,0,0,0,0
00,120246007230330630,ACTIVE,80,0,1,0,0,0,0,0
00,120245566066150686,ACTIVE,80,0,0,0,0,0,0,0
00,120245988448830780,ACTIVE,80,0,0,0,0,0,0,0
00,120247753274550509,ACTIVE,100,0,0,0,0,0,0,0
00,120247753274730509,ACTIVE,100,0,0,0,0,0,0,0
00,120247753470650509,ACTIVE,100,0,0,0,0,0,0,0
00,120247753470700509,ACTIVE,100,0,0,0,0,0,0,0
00,120247787286500090,ACTIVE,60,0,0,0,0,0,0,0
00,120247925267780303,PAUSED,40,0,0,0,2,0,0,0
00,120247996367340303,ACTIVE,40,0,0,0,0,0,0,0
00,120245689241510179,ACTIVE,80,0,0,0,0,0,0,0
00,120248305165620065,ACTIVE,50,0,0,0,0,0,0,0
00,120248305165660065,ACTIVE,50,0,0,0,0,0,0,0
00,120248305463560065,ACTIVE,50,0,0,0,0,0,0,0
00,120248305463800065,ACTIVE,50,0,0,0,0,0,0,0
00,120248537715760544,PAUSED,80,0,0,0,0,0,0,0
00,120245565947830686,ACTIVE,80,0,0,0,0,0,0,0
00,120245565874760686,ACTIVE,80,0,0,0,0,0,0,0
00,120245565780780686,ACTIVE,80,0,0,0,0,0,0,0
00,120248455243050455,ACTIVE,1325,0,1,0,1,0,0,0
00,120245292365960179,PAUSED,168,0,0,0,1,0,0,0
00,120248537883490544,ACTIVE,80,0,0,0,0,0,0,0
00,120248537883500544,ACTIVE,80,0,0,0,0,0,0,0
00,120248538003840544,ACTIVE,80,0,0,0,0,0,0,0
00,120248538156670544,ACTIVE,80,0,0,0,0,0,0,0
00,120248538156730544,ACTIVE,80,0,0,0,0,0,0,0
00,120248541265320544,ACTIVE,80,0,0,0,0,0,0,0
00,120248541265380544,ACTIVE,80,0,0,0,0,0,0,0
00,120248541692380544,PAUSED,80,0,0,0,0,0,0,0
00,120248541692720544,PAUSED,80,0,0,0,0,0,0,0
00,120248542516530544,ACTIVE,80,0,0,0,0,0,0,0
00,120248542516570544,ACTIVE,80,0,0,0,0,0,0,0
00,120248547360230544,ACTIVE,80,0,0,0,0,0,0,0
00,120248547360260544,ACTIVE,80,0,0,0,0,0,0,0
00,120248630318880469,ACTIVE,80,0,0,0,0,0,0,0
00,120248537716320544,PAUSED,80,0,0,0,0,0,0,0
00,120244761352230455,PAUSED,935,0,0,0,1,0,0,0
00,120244453009900146,ACTIVE,100,0,2,0,0,0,0,0
00,120244021401660705,ACTIVE,80,0,0,0,0,0,0,0
00,120244021401230705,ACTIVE,80,0,0,0,0,0,0,0
00,120250410852360019,ACTIVE,30,0,0,0,0,0,0,0
00,120250410852400019,ACTIVE,30,0,0,0,0,0,0,0
00,120250410919590019,ACTIVE,30,0,0,0,0,0,0,0
00,120250410919750019,ACTIVE,30,0,0,0,0,0,0,0
00,120250677671250013,ACTIVE,100,0,0,0,0,0,0,0
00,120250677671340013,ACTIVE,100,0,0,0,0,0,0,0
00,120250677752800013,ACTIVE,80,0,0,0,0,0,0,0
00,120251688330060166,ACTIVE,30,0,0,0,0,0,0,0
00,120251688330770166,ACTIVE,30,0,0,0,0,0,0,0
00,120252342178340054,PAUSED,100,0,0,0,0,0,0,0
00,120252342962720054,ACTIVE,100,0,0,0,0,0,0,0
00,120252343538780054,ACTIVE,100,0,0,0,0,0,0,0
00,6991696262226,ACTIVE,50,0,1,0,0,0,0,0
00,120246572682530470,ACTIVE,10,0,0,0,0,0,0,0
00,120246572682580470,ACTIVE,10,0,0,0,0,0,0,0
00,120246572682470470,ACTIVE,10,0,0,0,0,0,0,0
01,120244428953860686,ACTIVE,56,50.01,2210,56,51,4,3,111.18
01,120244618043630436,ACTIVE,1059,35.42,1568,36,44,5,3,213.4
01,120248737641880722,ACTIVE,40,32.35,730,22,21,4,1,38.269999999999996
01,120243986668280589,ACTIVE,1200,30.42,684,6,8,1,1,29.98
01,120244761233710455,ACTIVE,755,27.64,728,13,18,3,0,0
01,120246023777450751,ACTIVE,1200,27,825,18,25,2,1,67.96
01,120247558121560065,ACTIVE,50,26.39,513,13,13,1,1,49.52
01,120240679404390629,ACTIVE,400,25.83,774,12,17,0,0,0
01,120247708432980509,ACTIVE,300,24.35,719,11,11,1,0,0
01,120244431777030751,ACTIVE,1000,23.83,915,10,15,2,2,47.760000000000005
01,120244794017770320,ACTIVE,400,23.43,827,20,19,1,1,103.82
01,120244749327030686,ACTIVE,1000,22.91,472,14,19,2,1,51.22
01,120244883028360686,ACTIVE,1000,22.14,408,6,8,1,1,71.21000000000001
01,120247583319740586,ACTIVE,1000,21.36,739,9,10,0,0,0
01,120247040934570629,ACTIVE,400,20.5,545,14,15,3,1,36.95
01,120245847200980133,ACTIVE,80,18.45,122,14,13,5,3,141.98000000000002
01,120250789469770586,ACTIVE,1000,15.97,395,11,15,1,1,28.98
01,120244745582820125,ACTIVE,800,15.5,343,5,6,0,0,0
01,120247139480370564,PAUSED,300,14.82,372,8,8,0,0,0
01,120245038624620436,ACTIVE,100,14.22,429,6,6,0,0,0
01,120247479945600065,ACTIVE,450,13.79,475,9,10,2,2,73.9
01,120246338028120241,ACTIVE,800,13.24,676,11,13,1,1,99.72
01,120248574839550695,ACTIVE,125,12.05,302,3,3,1,0,0
01,120248460421540425,ACTIVE,100,12.049999999999999,247,11,10,1,0,0
01,120243063569770146,ACTIVE,460,12.03,459,6,12,1,1,41.98
01,120245980788570752,ACTIVE,600,11.66,318,7,9,0,0,0
01,120243276755660065,ACTIVE,500,11.559999999999999,336,3,5,2,1,49.52
01,120246670033370677,ACTIVE,300,11.48,460,6,7,2,2,83.96
01,120257763329830586,ACTIVE,100,11.46,160,7,7,0,0,0
01,120243772061640146,ACTIVE,1000,11.010000000000002,231,3,6,0,0,0
01,120246299672700751,ACTIVE,500,10.96,418,9,11,2,0,0
01,120249449604610725,ACTIVE,500,10.54,233,7,8,0,0,0
01,120249754760810019,ACTIVE,300,10.4,235,9,8,1,0,0
01,120245557729330686,ACTIVE,80,10.26,108,1,1,1,1,51.22
01,120249179865340725,ACTIVE,100,10.059999999999999,275,8,6,0,1,86.55000000000001
01,120249179367710725,ACTIVE,500,10.02,166,2,4,2,2,100.94000000000001
01,120250540664990577,ACTIVE,88,9.84,95,2,2,1,0,0
01,120249433591590100,ACTIVE,500,9.8,229,4,6,0,0,0
01,120245334049540065,ACTIVE,370,9.41,181,10,10,1,0,0
01,120247412626780168,ACTIVE,100,9.370000000000001,187,12,13,1,0,0
01,120239930892250650,ACTIVE,500,9.04,94,4,6,0,0,0
01,120244895488610436,ACTIVE,100,9.01,337,6,5,0,0,0
01,120246191098970320,ACTIVE,400,8.88,374,7,9,0,0,0
01,120250447831800013,ACTIVE,200,8.65,205,7,8,1,1,37.98
01,120248536188000100,ACTIVE,300,8.54,154,8,10,0,0,0
01,120247653059200586,ACTIVE,1000,8.44,167,7,9,1,1,28.98
01,120247115989130291,ACTIVE,700,8.35,119,7,6,0,0,0
01,120245404387150125,ACTIVE,300,8.32,200,1,2,0,0,0
01,120246668892520032,ACTIVE,80,8.29,119,3,5,1,1,89.19
01,120244234919350146,ACTIVE,1000,8.08,251,3,4,0,0,0
01,120252392959620428,ACTIVE,100,8.05,130,4,3,1,1,66.00999999999999
01,120249286682560368,ACTIVE,450,7.699999999999999,225,7,5,1,0,0
01,120248490741000152,ACTIVE,80,7.69,226,2,2,0,0,0
01,120245557728780686,ACTIVE,80,7.62,98,3,3,2,0,0
01,120248911416770577,ACTIVE,1001,7.5600000000000005,216,7,5,1,0,0
01,120246024108440751,ACTIVE,345,7.460000000000001,225,8,11,3,1,47.14
01,120241066464020065,ACTIVE,289,7.44,295,3,4,0,0,0
01,120251414780410651,ACTIVE,300,7.4,132,3,4,0,0,0
01,120249105110140210,ACTIVE,156,7.3500000000000005,122,4,4,0,0,0
01,120247438813810043,ACTIVE,300,7.28,120,5,8,0,0,0
01,120247280578260065,ACTIVE,300,7.17,244,4,4,0,0,0
01,120249449512110725,ACTIVE,500,7.02,260,5,7,2,2,171.9
01,120247483865740100,ACTIVE,300,7.02,192,3,2,0,0,0
01,120245201694370686,ACTIVE,155,6.98,111,3,3,0,0,0
01,120245250322490642,ACTIVE,300,6.9399999999999995,163,2,3,0,0,0
01,120246701172200677,ACTIVE,124,6.92,185,7,7,1,0,0
01,120252393006000428,ACTIVE,100,6.92,116,3,3,1,0,0
01,120248229485400425,ACTIVE,225,6.76,141,4,5,1,1,39.98
01,120244349823030686,ACTIVE,120,6.710000000000001,125,1,1,1,1,51.22
01,120246668892470032,ACTIVE,80,6.640000000000001,100,4,6,2,1,21.98
01,120249086971680283,PAUSED,100,6.62,125,6,4,1,0,0
01,120248503125530425,ACTIVE,134,6.609999999999999,97,1,1,0,0,0
01,120240258763950179,ACTIVE,310,6.58,284,5,4,1,0,0
01,120246624479580241,ACTIVE,136,6.5600000000000005,283,4,5,0,0,0
01,120248131828430065,ACTIVE,200,6.47,156,3,4,0,0,0
01,120245964184870707,ACTIVE,143,6.27,81,2,2,0,0,0
01,120244895884300678,ACTIVE,263,6.26,115,1,2,0,0,0
01,120251612475740404,ACTIVE,200,6.24,63,0,2,0,0,0
01,120248204610010425,ACTIVE,346,6.15,108,6,5,0,0,0
01,120249120674110404,ACTIVE,500,6.02,104,5,4,1,0,0
01,120246664436140677,ACTIVE,131,5.99,192,1,3,0,0,0
01,120246024108390751,ACTIVE,500,5.97,170,6,8,0,0,0
01,120257843052780586,ACTIVE,100,5.930000000000001,112,0,0,0,0,0
01,120250540665050577,ACTIVE,88,5.91,89,2,2,0,0,0
01,120246526261990752,ACTIVE,110,5.88,161,3,4,1,0,0
01,120243753190540054,ACTIVE,501,5.859999999999999,255,3,3,0,0,0
01,120241671273870455,ACTIVE,212,5.75,173,5,8,0,0,0
01,120248295184030065,ACTIVE,93,5.7299999999999995,100,1,2,0,0,0
01,120250413795050709,ACTIVE,300,5.619999999999999,81,1,0,0,0,0
01,120248383861080100,ACTIVE,300,5.609999999999999,132,6,8,0,0,0
01,120245327669090320,ACTIVE,400,5.59,125,1,1,0,0,0
01,120242301213710065,ACTIVE,370,5.5600000000000005,148,3,4,0,0,0
01,120246338179300642,ACTIVE,400,5.4399999999999995,191,4,3,0,0,0
01,120248490880340455,ACTIVE,134,5.39,188,5,4,0,0,0
01,120246791587200455,ACTIVE,146,5.39,77,4,2,0,0,0
01,120249384124830663,ACTIVE,80,5.37,89,3,2,0,0,0
01,120247274850700477,ACTIVE,90,5.37,50,0,1,0,0,0
01,120247453929680065,ACTIVE,100,5.34,86,2,2,1,0,0
01,120244480112510436,ACTIVE,156,5.25,216,3,3,0,0,0
01,120244015116230146,ACTIVE,600,5.17,113,3,4,0,0,0
01,120247775015250090,ACTIVE,126,5.09,90,1,3,0,0,0
01,120248547360260544,ACTIVE,80,5.06,79,0,0,0,0,0
01,120244837091050678,ACTIVE,123,5.04,69,3,3,0,0,0
01,120246462278370707,ACTIVE,100,4.99,95,3,2,0,0,0
01,120246693068060097,ACTIVE,80,4.97,395,4,5,1,0,0
01,120248893532100100,ACTIVE,300,4.9,121,2,3,1,1,52.56
01,120248305165620065,ACTIVE,50,4.87,49,0,0,0,0,0
01,120247199911460090,ACTIVE,200,4.84,87,1,2,0,0,0
01,120248295184110065,ACTIVE,93,4.779999999999999,80,2,3,1,1,29.98
01,120246828454030629,ACTIVE,507,4.76,146,6,9,0,0,0
01,120244691045040320,ACTIVE,120,4.74,184,4,4,0,0,0
01,120248248056550462,ACTIVE,104,4.72,96,2,2,1,0,0
01,120244349822900686,ACTIVE,100,4.6899999999999995,49,2,3,0,0,0
01,120248302764530065,ACTIVE,50,4.68,69,4,5,2,0,0
01,120245343500810686,ACTIVE,80,4.66,54,0,0,0,0,0
01,120246178929760752,ACTIVE,300,4.66,109,3,5,2,0,0
01,120242031621370065,ACTIVE,229,4.63,144,1,2,1,0,0
01,120249368429700365,ACTIVE,80,4.61,44,2,1,0,0,0
01,120244008701890129,ACTIVE,150,4.6,198,4,7,0,0,0
01,120248288633270389,ACTIVE,210,4.59,208,9,8,1,0,0
01,120248556140990663,ACTIVE,200,4.59,97,3,5,0,0,0
01,120246526262050752,ACTIVE,124,4.59,91,2,2,0,0,0
01,120246594237630032,ACTIVE,100,4.550000000000001,124,5,6,0,0,0
01,120246070715810752,ACTIVE,300,4.55,76,4,3,0,0,0
01,120246178825710752,ACTIVE,100,4.49,69,1,2,1,0,0
01,120243593315080146,ACTIVE,146,4.4,94,1,3,1,0,0
01,120245031811820436,ACTIVE,153,4.4,188,2,1,0,0,0
01,120248546074540389,ACTIVE,123,4.390000000000001,154,2,3,0,0,0
01,120248082904020663,ACTIVE,350,4.36,72,1,1,0,0,0
01,120244164741820146,ACTIVE,100,4.359999999999999,87,2,3,1,1,75.22
01,120248089909210065,ACTIVE,92,4.35,61,2,3,0,0,0
01,120244083558220146,ACTIVE,220,4.32,176,3,3,0,0,0
01,120244880653330686,ACTIVE,100,4.3,51,0,1,0,0,0
01,120249912876880247,ACTIVE,100,4.27,72,1,1,0,0,0
01,120248541265320544,ACTIVE,80,4.27,84,0,1,0,0,0
01,120248304803400065,ACTIVE,50,4.25,69,3,3,0,0,0
01,120248503125540425,ACTIVE,134,4.21,62,0,0,0,0,0
01,120248305165660065,ACTIVE,50,4.18,56,3,3,2,1,67.91
01,120248534140900544,ACTIVE,82,4.18,81,0,2,1,1,27.98
01,120252393049760428,ACTIVE,100,4.17,82,3,6,1,0,0
01,120245848127430707,ACTIVE,450,4.15,93,2,2,1,0,0
01,120246232598650090,ACTIVE,221,4.15,86,0,1,0,0,0
01,120248538003950544,ACTIVE,80,4.15,73,1,1,0,0,0
01,120247633428650725,ACTIVE,200,4.14,67,2,3,0,0,0
01,120245380137820707,ACTIVE,650,4.13,110,3,3,1,1,22.98
01,120248507722020469,ACTIVE,100,4.11,81,1,0,0,0,0
01,120246640164700707,ACTIVE,83,4.1,75,4,3,0,0,0
01,120248305463800065,ACTIVE,50,4.09,66,3,3,0,0,0
01,120246007012690630,ACTIVE,80,4.07,74,3,3,1,0,0
01,120249550517720100,ACTIVE,100,4.0600000000000005,83,4,4,1,0,0
01,120249259179000116,ACTIVE,200,4.0600000000000005,41,1,2,0,0,0
01,120246006368520630,ACTIVE,80,4.050000000000001,103,3,4,0,0,0
01,120248302764770065,ACTIVE,50,4.03,47,0,0,0,0,0
01,120244823852300686,ACTIVE,153,4.03,62,0,0,0,0,0
01,120249498266450589,ACTIVE,330,4.029999999999999,66,4,4,0,0,0
01,120246599961620214,ACTIVE,240,4.029999999999999,120,2,2,1,0,0
01,120248444259410455,ACTIVE,100,4.02,108,1,1,0,0,0
01,120248443467260561,ACTIVE,87,4.01,64,1,1,1,1,24.98
01,120247623540580509,ACTIVE,117,4,104,2,2,0,0,0
01,120248427381820564,ACTIVE,100,3.8899999999999997,102,2,2,0,0,0
01,120244008702660129,ACTIVE,100,3.8600000000000003,139,4,7,0,0,0
01,120245334049460065,ACTIVE,400,3.85,72,0,0,0,0,0
01,120247813840340065,ACTIVE,100,3.83,44,2,2,0,0,0
01,120247720181440090,PAUSED,60,3.7800000000000002,60,0,0,0,0,0
01,120245736523970177,ACTIVE,500,3.77,76,0,2,1,0,0
01,120246169445720320,ACTIVE,100,3.75,124,5,7,0,0,0
01,120246615285510642,ACTIVE,450,3.75,148,2,4,0,0,0
01,120248726537670152,ACTIVE,111,3.75,125,5,5,1,1,73.98
01,120246815852160674,ACTIVE,120,3.7300000000000004,57,1,1,0,0,0
01,120245250891950175,ACTIVE,132,3.68,104,4,4,1,1,41.93
01,120246299721480751,ACTIVE,325,3.6799999999999997,106,3,5,0,0,0
01,120247502492610175,ACTIVE,88,3.67,46,1,0,0,0,0
01,120248082904030663,ACTIVE,150,3.67,56,3,3,1,1,66.02
01,120246330272670320,ACTIVE,132,3.6399999999999997,181,2,2,0,0,0
01,120248426685080564,ACTIVE,100,3.63,114,1,1,0,0,0
01,120245972443720177,ACTIVE,90,3.62,70,2,3,1,1,51.22
01,120247534964830642,ACTIVE,100,3.6100000000000003,78,1,4,0,0,0
01,120246006368580630,ACTIVE,80,3.6,117,4,4,1,1,49.970000000000006
01,120247775015280090,ACTIVE,126,3.59,81,0,1,0,0,0
01,120246286465380752,ACTIVE,300,3.58,105,4,5,0,0,0
01,120248542516530544,ACTIVE,80,3.5700000000000003,70,1,2,0,0,0
01,120252343538780054,ACTIVE,100,3.57,42,0,1,0,0,0
01,120248615909580019,ACTIVE,300,3.5500000000000003,94,3,4,0,0,0
01,120248510641030431,ACTIVE,130,3.4699999999999998,96,1,1,0,0,0
01,120249368601130365,ACTIVE,80,3.46,20,0,0,0,0,0
01,120252337543140054,ACTIVE,112,3.44,56,0,0,0,0,0
01,120248089909250065,ACTIVE,92,3.43,43,1,1,0,0,0
01,120252288360590054,ACTIVE,100,3.4,53,5,3,1,1,24.98
01,120245044044870686,ACTIVE,100,3.39,32,1,1,0,0,0
01,120248880534940100,ACTIVE,154,3.38,84,2,4,0,0,0
01,120248012782330065,ACTIVE,100,3.36,97,3,3,0,0,0
01,120247797108450126,ACTIVE,80,3.3200000000000003,84,2,2,0,0,0
01,120246006479660630,ACTIVE,80,3.32,47,1,2,0,0,0
01,120244006723850129,ACTIVE,100,3.3,123,3,4,1,1,98.97
01,120247001920940477,ACTIVE,100,3.29,50,0,1,0,0,0
01,120251692403590054,ACTIVE,130,3.2800000000000002,86,3,6,1,0,0
01,120246306322540533,ACTIVE,67,3.24,93,2,2,0,0,0
01,120246123176610177,ACTIVE,89,3.23,46,0,0,0,0,0
01,120245612998430455,ACTIVE,100,3.2199999999999998,102,2,1,1,0,0
01,120246647909930752,ACTIVE,74,3.2,90,2,2,0,0,0
01,120246493383140032,ACTIVE,75,3.2,87,2,2,0,0,0
01,120250466943310577,ACTIVE,100,3.19,61,2,4,1,0,0
01,120248598654680561,ACTIVE,88,3.16,27,0,3,0,0,0
01,120248426685010564,ACTIVE,100,3.13,65,1,1,0,0,0
01,120246950175170097,ACTIVE,80,3.11,56,2,2,0,0,0
01,120247219674070214,ACTIVE,160,3.11,68,0,0,0,0,0
01,120246238464310533,ACTIVE,68,3.1,80,6,5,0,0,0
01,120246123176490177,ACTIVE,89,3.09,56,4,2,1,0,0
01,120245988448910780,ACTIVE,80,3.0300000000000002,71,3,5,1,0,0
01,120248305463560065,ACTIVE,50,3.03,57,0,0,0,0,0
01,120246257869250707,ACTIVE,100,3.0100000000000002,54,1,1,0,0,0
01,120249613746370589,ACTIVE,100,3.0100000000000002,31,1,1,0,0,0
01,120245241360310455,ACTIVE,100,3.01,128,4,3,0,0,0
01,120247567951490509,ACTIVE,100,2.94,93,0,0,0,0,0
01,120244895884170678,ACTIVE,164,2.92,76,5,6,0,0,0
01,120248547360230544,ACTIVE,80,2.92,71,0,0,0,0,0
01,120243466971930678,ACTIVE,100,2.91,56,1,1,0,0,0
01,120245466475870630,ACTIVE,102,2.8899999999999997,101,1,1,0,0,0
01,120245124561510686,ACTIVE,80,2.87,44,0,2,1,1,29.979999999999997
01,120245738102920780,ACTIVE,150,2.85,49,1,1,0,0,0
01,120246007012750630,ACTIVE,80,2.8,70,1,1,0,0,0
01,120246573314620241,ACTIVE,104,2.8,150,2,2,0,0,0
01,120247059696240214,ACTIVE,180,2.79,72,2,3,0,0,0
01,120246733876960065,ACTIVE,80,2.75,32,0,0,0,0,0
01,120252337542810054,ACTIVE,112,2.75,67,0,1,0,0,0
01,120247293642140642,ACTIVE,120,2.75,74,1,1,0,0,0
01,120244171016080129,ACTIVE,100,2.73,107,3,3,0,0,0
01,120247508094040725,ACTIVE,200,2.71,94,2,2,1,0,0
01,120248560536500469,ACTIVE,100,2.7,82,2,1,0,0,0
01,120249017051140229,ACTIVE,199,2.7,38,3,2,0,0,0
01,120245988448830780,ACTIVE,80,2.6999999999999997,50,1,2,0,0,0
01,120248304803930065,ACTIVE,50,2.69,37,1,1,0,0,0
01,120243951377020125,ACTIVE,200,2.69,70,0,0,0,0,0
01,120249286765290368,ACTIVE,350,2.67,101,0,1,0,0,0
01,120245343438250686,ACTIVE,80,2.67,16,1,0,0,0,0
01,120247000863970069,ACTIVE,100,2.66,54,0,0,0,0,0
01,120244581910350686,ACTIVE,80,2.66,44,1,1,0,0,0
01,120248752320480389,ACTIVE,80,2.64,46,0,2,0,0,0
01,120255653285300586,ACTIVE,140,2.6,74,0,0,0,0,0
01,120243486846210152,ACTIVE,100,2.59,48,1,1,0,0,0
01,120247749932640509,ACTIVE,101,2.58,80,0,0,0,0,0
01,120235336090360210,ACTIVE,200,2.58,53,0,1,0,0,0
01,120256572736650586,ACTIVE,500,2.57,63,0,1,0,0,0
01,120246145364940470,ACTIVE,80,2.5599999999999996,92,1,2,0,0,0
01,120243673094650146,ACTIVE,100,2.55,65,0,0,0,0,0
01,120248460285910425,ACTIVE,200,2.54,55,1,1,0,0,0
01,120246221877410629,ACTIVE,335,2.54,72,1,1,0,0,0
01,120245899907660065,ACTIVE,115,2.52,38,2,1,0,0,0
01,120243862977850705,ACTIVE,200,2.5,34,0,0,0,0,0
01,120250677752620013,ACTIVE,80,2.49,50,1,2,0,0,0
01,120248064259890425,ACTIVE,150,2.48,16,1,0,0,0,0
01,120252342962720054,ACTIVE,100,2.46,74,0,0,0,0,0
01,120246005453800291,ACTIVE,650,2.44,55,1,1,0,0,0
01,120247502492560175,ACTIVE,88,2.44,81,2,4,0,0,0
01,120249251074290319,ACTIVE,120,2.4299999999999997,71,1,1,0,0,0
01,120248564072910455,ACTIVE,135,2.42,50,4,6,0,0,0
01,120251616476670404,ACTIVE,147,2.39,42,1,1,0,0,0
01,120248542516570544,ACTIVE,80,2.38,52,0,1,0,0,0
01,120247787286500090,ACTIVE,60,2.37,47,1,2,0,0,0
01,120248040382960126,ACTIVE,80,2.37,45,1,0,0,0,0
01,120247749932720509,ACTIVE,101,2.36,92,0,3,0,0,0
01,120247114547280509,ACTIVE,85,2.3499999999999996,50,2,2,0,0,0
01,120246270264070320,ACTIVE,120,2.33,78,6,6,1,0,0
01,120246417765860752,ACTIVE,77,2.3200000000000003,62,3,1,0,0,0
01,120245044044890686,ACTIVE,100,2.31,26,0,0,0,0,0
01,120246006479730630,ACTIVE,80,2.28,54,2,2,0,0,0
01,120245339157220686,ACTIVE,100,2.27,34,3,3,0,0,0
01,120246643265130674,ACTIVE,150,2.27,69,0,0,0,0,0
01,120246191098590320,ACTIVE,400,2.25,120,1,5,1,0,0
01,120246643280780674,ACTIVE,100,2.24,63,2,3,0,1,66.22000000000001
01,120247645229990642,ACTIVE,100,2.2199999999999998,77,2,1,0,0,0
01,120248416194170455,ACTIVE,133,2.21,61,2,3,1,1,60.41
01,120247322669120509,ACTIVE,100,2.19,78,0,2,0,0,0
01,120248371396300544,ACTIVE,80,2.19,43,1,1,0,0,0
01,120245792848160780,ACTIVE,150,2.18,36,0,1,0,0,0
01,120244428953840686,ACTIVE,100,2.17,50,2,3,0,0,0
01,120248622152780695,ACTIVE,104,2.16,90,1,1,0,0,0
01,120246010945790630,ACTIVE,82,2.16,25,1,1,0,0,0
01,120245251316060477,ACTIVE,100,2.16,20,2,1,0,0,0
01,120248801075450431,ACTIVE,130,2.15,60,3,3,1,0,0
01,120249615629800603,ACTIVE,80,2.14,17,0,0,0,0,0
01,120249368601100365,ACTIVE,80,2.14,32,0,0,0,0,0
01,120243458344240129,ACTIVE,100,2.13,109,0,0,0,0,0
01,120250677671340013,ACTIVE,100,2.11,47,0,1,0,0,0
01,120246007631050630,ACTIVE,80,2.1,60,1,1,0,0,0
01,120246710213410090,ACTIVE,425,2.09,46,1,1,0,0,0
01,120251239771420586,ACTIVE,100,2.08,34,2,1,0,0,0
01,120247378425210561,ACTIVE,380,2.08,74,1,3,0,0,0
01,120248794939020152,ACTIVE,200,2.03,64,0,0,0,0,0
01,120250331984600019,ACTIVE,100,2.02,45,1,2,0,0,0
01,120248539381110725,ACTIVE,100,2.01,62,1,1,1,0,0
01,120244216235640630,ACTIVE,117,1.9900000000000002,60,1,1,0,0,0
01,120242746886630788,ACTIVE,200,1.99,13,1,1,1,1,92.29
01,120248923191120589,ACTIVE,100,1.99,41,0,0,0,0,0
01,120235701428400210,ACTIVE,200,1.9899999999999998,60,1,1,0,0,0
01,120245840085840780,ACTIVE,150,1.98,46,1,2,1,0,0
01,6973002163226,ACTIVE,50,1.98,28,0,0,0,0,0
01,120245284052330686,ACTIVE,80,1.9700000000000002,53,0,3,0,0,0
01,120246950174900097,ACTIVE,80,1.97,67,0,0,0,0,0
01,120257647437950586,ACTIVE,100,1.97,30,0,1,0,0,0
01,120247952380210544,ACTIVE,90,1.96,41,0,0,0,0,0
01,120245840085750780,ACTIVE,80,1.9500000000000002,38,2,2,0,0,0
01,120252072716270054,ACTIVE,80,1.9500000000000002,45,2,2,0,0,0
01,120247567951430509,ACTIVE,100,1.94,72,3,2,0,0,0
01,120246191098540320,ACTIVE,120,1.94,91,1,1,0,0,0
01,120248151239370425,ACTIVE,100,1.92,37,0,0,0,0,0
01,120246447361050303,ACTIVE,80,1.92,19,2,3,1,0,0
01,120235701428420210,ACTIVE,200,1.9100000000000001,48,0,1,0,0,0
01,120258089121110586,ACTIVE,30,1.9,30,0,1,0,0,0
01,120246951688500097,ACTIVE,80,1.89,57,1,1,1,1,61.97
01,120248922585490210,ACTIVE,200,1.88,68,0,0,0,0,0
01,120251223975900709,ACTIVE,300,1.88,42,1,2,0,0,0
01,120248353198820126,ACTIVE,88,1.86,40,0,0,0,0,0
01,120246951742140097,ACTIVE,80,1.86,48,0,0,0,0,0
01,120246381767620032,ACTIVE,100,1.85,19,1,1,0,0,0
01,120248324864790425,ACTIVE,109,1.82,17,0,0,0,0,0
01,120250558406210368,ACTIVE,129,1.82,55,0,1,0,0,0
01,120248764599250589,ACTIVE,200,1.81,36,0,0,0,0,0
01,120248598654640561,ACTIVE,88,1.8,35,0,3,0,0,0
01,120249368429640365,ACTIVE,80,1.8,34,0,0,0,0,0
01,120246100871360533,ACTIVE,117,1.8,53,1,1,0,0,0
01,120248752320410389,ACTIVE,80,1.7999999999999998,39,1,1,0,0,0
01,120248180759550065,ACTIVE,92,1.79,65,0,1,0,0,0
01,120248502435680168,ACTIVE,101,1.79,44,3,2,1,1,59.379999999999995
01,120244017128390686,ACTIVE,100,1.78,35,2,1,1,0,0
01,120250332385240019,ACTIVE,100,1.77,75,2,2,0,0,0
01,120245944457570630,ACTIVE,135,1.7599999999999998,55,0,0,0,0,0
01,120246007230330630,ACTIVE,80,1.73,67,0,0,0,0,0
01,120248444259380455,ACTIVE,134,1.72,35,4,4,1,0,0
01,120246382556450462,ACTIVE,100,1.71,38,1,1,0,0,0
01,120245045578670686,ACTIVE,80,1.7000000000000002,70,3,5,3,2,101.19
01,120246942213250097,ACTIVE,80,1.69,43,0,0,0,0,0
01,120246942306840097,ACTIVE,80,1.68,44,0,0,0,0,0
01,120246415849650214,ACTIVE,120,1.6600000000000001,23,0,0,0,0,0
01,120246040085600751,ACTIVE,600,1.6600000000000001,53,1,1,0,0,0
01,120252129217680054,ACTIVE,76,1.65,38,0,0,0,0,0
01,120246818759970303,ACTIVE,40,1.62,25,0,0,0,0,0
01,120247767157610303,ACTIVE,80,1.58,33,2,2,1,0,0
01,120247996367340303,PAUSED,40,1.57,16,0,0,0,0,0
01,120248337451970425,ACTIVE,200,1.57,47,1,1,0,0,0
01,120246733901990065,ACTIVE,80,1.56,35,1,3,0,0,0
01,120258018661030586,ACTIVE,300,1.5599999999999998,51,0,0,0,0,0
01,120248076316520751,ACTIVE,100,1.55,28,0,2,0,0,0
01,120247058049910303,ACTIVE,80,1.54,15,1,1,1,0,0
01,120241067387190788,ACTIVE,200,1.53,23,0,1,0,0,0
01,120245899907890065,ACTIVE,115,1.53,25,0,2,0,0,0
01,120250466778820577,ACTIVE,100,1.5299999999999998,29,0,0,0,0,0
01,120246733877000065,ACTIVE,80,1.51,30,0,0,0,0,0
01,120249115230940100,ACTIVE,100,1.51,36,2,4,0,0,0
01,120247061936980509,ACTIVE,100,1.5,57,1,0,0,0,0
01,120246787004190097,ACTIVE,101,1.5,44,0,0,0,0,0
01,120240849899190788,ACTIVE,10,1.47,35,1,1,0,0,0
01,120248180759590065,ACTIVE,92,1.46,31,1,1,0,0,0
01,120258089121520586,ACTIVE,30,1.46,30,1,1,0,0,0
01,120246377047690097,ACTIVE,200,1.4500000000000002,70,2,2,0,0,0
01,120250677752680013,ACTIVE,80,1.45,36,1,1,0,0,0
01,120243844958690129,ACTIVE,80,1.44,45,5,4,0,0,0
01,120244302651980146,ACTIVE,100,1.4300000000000002,50,1,0,0,0,0
01,120242847129030686,ACTIVE,100,1.4300000000000002,26,3,2,0,0,0
01,120249774896160127,ACTIVE,100,1.4100000000000001,25,2,1,0,0,0
01,120252191579590210,ACTIVE,50,1.4,30,0,0,0,0,0
01,120249115231040100,ACTIVE,100,1.37,26,2,2,1,0,0
01,120250066594120577,ACTIVE,101,1.37,9,0,0,0,0,0
01,120244452279870146,ACTIVE,100,1.37,26,1,0,0,0,0
01,120248248634970455,ACTIVE,100,1.3599999999999999,22,2,1,0,0,0
01,120248538756480561,ACTIVE,60,1.3599999999999999,47,2,2,1,0,0
01,120245306349070462,ACTIVE,100,1.35,47,1,0,0,0,0
01,120247622109160509,ACTIVE,100,1.33,39,2,2,0,0,0
01,120246299672740751,ACTIVE,195,1.3199999999999998,29,0,3,0,0,0
01,120248385353200168,ACTIVE,100,1.31,23,1,0,0,0,0
01,120248443467340561,ACTIVE,87,1.31,26,1,1,0,0,0
01,120248565664770561,ACTIVE,80,1.3,59,2,1,0,0,0
01,120248585026600168,ACTIVE,90,1.29,28,3,2,0,0,0
01,120248492410110561,ACTIVE,80,1.29,34,1,0,0,0,0
01,120246410881630707,ACTIVE,100,1.28,15,0,0,0,0,0
01,120252191525360210,ACTIVE,50,1.28,31,1,1,0,0,0
01,120249005372660589,ACTIVE,100,1.27,17,0,0,0,0,0
01,120245004525000780,ACTIVE,100,1.26,27,0,0,0,0,0
01,120246951742200097,ACTIVE,80,1.26,45,1,3,0,0,0
01,120250677752800013,ACTIVE,80,1.25,25,0,0,0,0,0
01,120250501589950722,ACTIVE,80,1.25,19,0,1,0,0,0
01,120251572518820166,ACTIVE,85,1.25,36,0,0,0,0,0
01,120247620975680509,ACTIVE,100,1.24,72,1,2,0,0,0
01,120250946852160368,ACTIVE,50,1.23,30,0,0,0,0,0
01,120249525957160319,ACTIVE,200,1.21,36,0,0,0,0,0
01,120242301213170065,ACTIVE,300,1.21,54,1,0,0,0,0
01,120248470325620561,PAUSED,100,1.2,28,1,1,0,0,0
01,120246733902040065,ACTIVE,80,1.19,28,1,1,0,0,0
01,120247934031060303,ACTIVE,40,1.19,25,1,1,0,0,0
01,120245514271720065,ACTIVE,115,1.1800000000000002,29,0,0,0,0,0
01,120246951688370097,ACTIVE,80,1.18,54,0,2,0,0,0
01,120246667937240241,ACTIVE,100,1.18,44,1,1,0,0,0
01,120246471244730065,ACTIVE,135,1.17,57,1,1,0,0,0
01,120244972795250678,ACTIVE,154,1.17,53,0,1,0,0,0
01,120240901145360175,ACTIVE,315,1.15,34,0,2,1,0,0
01,120245514271740065,ACTIVE,115,1.15,16,0,1,0,0,0
01,120244452107570146,ACTIVE,100,1.1400000000000001,35,0,0,0,0,0
01,120249711938850319,ACTIVE,100,1.14,34,0,0,0,0,0
01,120246565034650470,ACTIVE,90,1.1300000000000001,25,1,2,0,0,0
01,23857454054570799,ACTIVE,100,1.13,21,0,0,0,0,0
01,120248252688100544,ACTIVE,80,1.12,34,1,1,0,0,0
01,120248396283420425,ACTIVE,200,1.11,31,0,0,0,0,0
01,120249062217790019,ACTIVE,50,1.1099999999999999,20,0,0,0,0,0
01,120249300729750589,ACTIVE,100,1.07,32,0,0,0,0,0
01,120248218451590126,ACTIVE,89,1.03,25,0,0,0,0,0
01,120250677671250013,ACTIVE,100,1.03,20,0,0,0,0,0
01,120245832907270630,ACTIVE,113,1.02,47,0,0,0,0,0
01,120246850329040065,ACTIVE,100,1.01,29,0,1,0,0,0
01,120258018921720586,ACTIVE,300,1,39,0,1,0,0,0
01,120258016080090586,ACTIVE,50,1,24,1,2,0,0,0
01,120247175023780065,ACTIVE,100,0.98,16,0,0,0,0,0
01,120244164847370788,ACTIVE,200,0.9600000000000001,22,0,0,0,0,0
01,120251572518760166,ACTIVE,85,0.9600000000000001,29,0,0,0,0,0
01,120251063106910166,ACTIVE,100,0.96,31,1,1,0,0,0
01,120245848127390707,ACTIVE,500,0.9500000000000001,18,0,0,0,0,0
01,120250747283060166,ACTIVE,30,0.9500000000000001,16,2,2,0,0,0
01,120249615629760603,ACTIVE,80,0.95,13,0,0,0,0,0
01,120246667937160241,ACTIVE,100,0.95,40,0,0,0,0,0
01,120248399211490425,ACTIVE,200,0.95,40,1,1,0,0,0
01,120245750558170707,ACTIVE,100,0.95,18,0,0,0,0,0
01,120247993480220303,PAUSED,40,0.94,22,1,1,0,0,0
01,120247219674220214,ACTIVE,80,0.93,22,0,1,0,0,0
01,120248538756410561,ACTIVE,60,0.93,40,1,2,1,0,0
01,120245400790120686,ACTIVE,80,0.9299999999999999,15,1,1,0,0,0
01,120248492410070561,ACTIVE,80,0.9299999999999999,46,1,1,0,0,0
01,120248459419470469,ACTIVE,100,0.9199999999999999,19,0,0,0,0,0
01,120257783384890586,ACTIVE,300,0.91,37,2,1,1,0,0
01,120249613287980725,ACTIVE,100,0.91,22,2,2,0,0,0
01,120249614200430725,ACTIVE,100,0.91,7,1,0,0,0,0
01,120245685799910707,ACTIVE,100,0.8999999999999999,21,0,0,0,0,0
01,120244251116110146,ACTIVE,100,0.8999999999999999,31,0,0,0,0,0
01,120245889270610065,ACTIVE,40,0.8899999999999999,35,0,1,0,0,0
01,120244270293390320,ACTIVE,120,0.8700000000000001,31,0,0,0,0,0
01,120249498623060100,ACTIVE,100,0.87,22,1,1,0,0,0
01,120248321721850561,PAUSED,100,0.86,19,0,0,0,0,0
01,120247712587380509,ACTIVE,100,0.83,30,1,0,0,0,0
01,120249615778420603,ACTIVE,80,0.82,8,0,0,0,0,0
01,120248207466280561,ACTIVE,60,0.81,28,1,2,0,0,0
01,120249073253070116,ACTIVE,200,0.81,22,1,1,0,0,0
01,120243843991710129,ACTIVE,100,0.8,30,0,0,0,0,0
01,120248681019100152,ACTIVE,81,0.79,48,1,1,0,0,0
01,120252090042790210,ACTIVE,92,0.79,39,1,1,0,0,0
01,120246471244780065,ACTIVE,135,0.79,37,0,0,0,0,0
01,120246273720740455,ACTIVE,800,0.78,25,2,6,0,0,0
01,120250691304310722,ACTIVE,68,0.78,14,1,1,0,0,0
01,120258013109760586,ACTIVE,30,0.78,34,0,0,0,0,0
01,120246299721450751,ACTIVE,195,0.77,27,0,1,0,0,0
01,120248565664590561,ACTIVE,80,0.77,26,1,1,0,0,0
01,120245198116820177,ACTIVE,100,0.75,17,0,0,0,0,0
01,120246276719190650,ACTIVE,100,0.75,3,0,0,0,0,0
01,120247392329370509,ACTIVE,100,0.75,37,0,1,0,0,0
01,120248460381910425,ACTIVE,100,0.71,15,1,1,0,0,0
01,120248492364530561,ACTIVE,60,0.71,34,0,0,0,0,0
01,120246942261010097,ACTIVE,80,0.7000000000000001,43,1,2,1,0,0
01,120249534302910127,ACTIVE,100,0.69,16,2,2,0,0,0
01,120249775050340127,ACTIVE,100,0.69,16,0,0,0,0,0
01,120248645284270152,ACTIVE,200,0.67,60,0,1,0,0,0
01,120250445767170166,ACTIVE,30,0.65,18,0,0,0,0,0
01,120249283732990100,ACTIVE,100,0.63,5,0,0,0,0,0
01,120245889270720065,ACTIVE,40,0.62,29,1,1,0,0,0
01,120244006723720129,ACTIVE,100,0.62,30,0,0,0,0,0
01,120252191447820210,ACTIVE,50,0.62,30,0,2,0,0,0
01,120246299672680751,ACTIVE,115,0.61,41,0,1,0,0,0
01,120244802271840788,ACTIVE,200,0.61,27,1,1,0,0,0
01,6973002165426,ACTIVE,50,0.61,24,0,0,0,0,0
01,120249305217290116,ACTIVE,90,0.6,12,0,0,0,0,0
01,120244793522550320,ACTIVE,120,0.6,47,0,0,0,0,0
01,120246962698770090,ACTIVE,325,0.5900000000000001,17,0,1,0,0,0
01,120244452501840146,ACTIVE,100,0.59,18,0,0,0,0,0
01,120245861174350177,ACTIVE,200,0.59,18,0,0,0,0,0
01,120246888370010097,ACTIVE,150,0.5800000000000001,31,1,1,0,0,0
01,120244452712050146,ACTIVE,100,0.58,24,0,0,0,0,0
01,120248819218450019,ACTIVE,50,0.56,9,1,1,0,0,0
01,6991696262226,ACTIVE,50,0.56,6,0,0,0,0,0
01,120245880736490172,ACTIVE,80,0.55,11,0,0,0,0,0
01,120244452712090146,ACTIVE,100,0.55,40,0,0,0,0,0
01,120249283733020100,ACTIVE,100,0.55,9,0,0,0,0,0
01,120248737641910722,ACTIVE,68,0.54,18,2,1,0,0,0
01,120245880736570172,ACTIVE,40,0.53,13,0,0,0,0,0
01,120247689486720509,ACTIVE,100,0.53,16,0,0,0,0,0
01,120246257869280707,ACTIVE,100,0.53,8,1,1,0,0,0
01,120243844678990129,ACTIVE,80,0.52,32,0,0,0,0,0
01,120245481989400065,ACTIVE,40,0.51,20,2,2,0,0,0
01,120258018555330586,ACTIVE,25,0.5,30,1,2,0,0,0
01,120249614588310725,ACTIVE,100,0.48,17,0,0,0,0,0
01,120246153345400650,ACTIVE,125,0.48,7,0,0,0,0,0
01,23857687339360799,ACTIVE,60,0.48,7,0,0,0,0,0
01,120248956379790695,ACTIVE,50,0.48,17,1,2,2,1,92.41
01,120247602190420043,ACTIVE,80,0.48,13,0,1,0,0,0
01,120246299721620751,ACTIVE,68,0.47,11,0,0,0,0,0
01,120244823852370686,ACTIVE,100,0.47,10,0,0,0,0,0
01,120249615707300603,ACTIVE,80,0.45,5,0,0,0,0,0
01,120246508713670320,ACTIVE,109,0.44000000000000006,31,0,1,0,0,0
01,120245602350460032,ACTIVE,100,0.43,33,0,0,0,0,0
01,120245823079650320,ACTIVE,100,0.42000000000000004,14,1,1,0,0,0
01,120249672773520589,ACTIVE,97,0.42000000000000004,8,0,0,0,0,0
01,120244906297460788,ACTIVE,50,0.42000000000000004,9,0,0,0,0,0
01,120244242496990780,ACTIVE,100,0.42000000000000004,19,1,1,0,0,0
01,120248492364510561,ACTIVE,60,0.41000000000000003,30,0,0,0,0,0
01,120244171016070129,ACTIVE,100,0.4,25,0,0,0,0,0
01,120246731736950097,ACTIVE,80,0.4,17,1,2,0,0,0
01,120252198020140210,ACTIVE,109,0.4,9,2,3,0,0,0
01,120251659288280166,ACTIVE,30,0.4,9,0,0,0,0,0
01,120245469696040686,ACTIVE,80,0.39,15,0,0,0,0,0
01,23857730545120799,ACTIVE,60,0.38,11,0,0,0,0,0
01,120249614588330725,ACTIVE,100,0.38,21,0,0,0,0,0
01,120248076316440751,ACTIVE,100,0.37,4,1,1,0,0,0
01,120252198020010210,ACTIVE,109,0.37,17,0,0,0,0,0
01,120248492410200561,ACTIVE,80,0.37,17,0,0,0,0,0
01,120250331470740019,ACTIVE,30,0.36,3,0,0,0,0,0
01,120249614200550725,ACTIVE,100,0.35,7,0,0,0,0,0
01,120251659288010166,ACTIVE,30,0.34,9,0,4,0,0,0
01,120247040711430629,ACTIVE,100,0.34,18,0,2,1,0,0
01,120248358214470469,ACTIVE,80,0.32999999999999996,13,0,0,0,0,0
01,120251979136820210,ACTIVE,50,0.28,13,0,0,0,0,0
01,120249613712950725,ACTIVE,100,0.28,14,0,0,0,0,0
01,120251014701600404,ACTIVE,50,0.27,14,0,0,0,0,0
01,120249412510530100,ACTIVE,100,0.26,8,0,0,0,0,0
01,120246259925420674,ACTIVE,100,0.26,3,0,0,0,0,0
01,120247925267750303,ACTIVE,40,0.25,4,0,1,0,0,0
01,120246309078080032,ACTIVE,100,0.24,9,0,2,0,0,0
01,120246773871680629,ACTIVE,100,0.24,5,0,0,0,0,0
01,120248974670480019,PAUSED,45,0.22,5,1,1,0,0,0
01,120248579912720469,ACTIVE,80,0.22,4,0,0,0,0,0
01,120244535937630146,ACTIVE,100,0.22,7,0,0,0,0,0
01,120245481989440065,ACTIVE,40,0.21,13,0,0,0,0,0
01,120245474101510686,ACTIVE,80,0.21,3,0,0,0,0,0
01,120257919054520586,ACTIVE,30,0.21,5,0,0,0,0,0
01,120245136181790470,ACTIVE,5,0.2,3,0,0,0,0,0
01,120247504171550090,ACTIVE,60,0.2,3,0,0,0,0,0
01,120248337634670425,ACTIVE,150,0.19,8,0,0,0,0,0
01,120248439890210425,ACTIVE,134,0.19,8,0,0,0,0,0
01,120246145506950470,ACTIVE,80,0.18,4,0,0,0,0,0
01,120249443467080663,ACTIVE,150,0.18,5,0,0,0,0,0
01,120246145189280470,ACTIVE,80,0.18,17,0,0,0,0,0
01,120247597780010751,ACTIVE,40,0.16,6,1,1,0,0,0
01,120249186775450116,ACTIVE,100,0.16,4,0,0,0,0,0
01,120244453009900146,ACTIVE,100,0.15,9,0,0,0,0,0
01,120243458344350129,ACTIVE,100,0.14,8,1,1,0,0,0
01,120251037305290166,ACTIVE,30,0.14,10,0,0,0,0,0
01,120249615707350603,ACTIVE,80,0.14,3,0,0,0,0,0
01,120248142069690065,ACTIVE,100,0.13999999999999999,2,0,0,0,0,0
01,120246815707460674,ACTIVE,100,0.13,7,0,0,0,0,0
01,120245469696060686,ACTIVE,80,0.13,6,0,1,0,0,0
01,120244235259940678,ACTIVE,30,0.13,13,0,0,0,0,0
01,120245687813040097,ACTIVE,81,0.11,1,0,0,0,0,0
01,120246470015580752,ACTIVE,111,0.11,5,0,0,0,0,0
01,120250287165040577,ACTIVE,200,0.09000000000000001,6,0,0,0,0,0
01,120248455243050455,ACTIVE,1325,0.09,10,0,1,0,0,0
01,120246759433650677,ACTIVE,125,0.08,9,0,0,0,0,0
01,120242907734560129,ACTIVE,100,0.08,7,0,0,0,0,0
01,6991696263026,ACTIVE,100,0.08,4,0,0,0,0,0
01,120246690377220097,ACTIVE,90,0.07,2,0,0,0,0,0
01,23857734870740794,ACTIVE,100,0.07,2,0,1,0,0,0
01,120244906297410788,ACTIVE,50,0.060000000000000005,3,0,0,0,0,0
01,120243818426660705,ACTIVE,80,0.06,5,1,1,0,0,0
01,120245403173590686,ACTIVE,80,0.05,2,0,0,0,0,0
01,120249347498540100,ACTIVE,106,0.05,4,0,0,0,0,0
01,120249672773570589,ACTIVE,97,0.04,1,0,1,0,0,0
01,120249748358220589,ACTIVE,97,0.04,2,0,0,0,0,0
01,120245099365240470,ACTIVE,5,0.03,2,1,1,0,0,0
01,120245403173560686,ACTIVE,80,0.03,2,0,0,0,0,0
01,120245292365960179,ACTIVE,168,0.03,5,0,1,0,0,0
01,120247483185600629,ACTIVE,100,0.03,5,0,0,0,0,0
01,120248142069700065,ACTIVE,100,0.03,4,0,0,0,0,0
01,120245136181480470,ACTIVE,5,0.02,3,0,0,0,0,0
01,120245691728160470,ACTIVE,5,0.01,2,0,0,0,0,0
01,120257919054460586,ACTIVE,30,0.01,1,0,0,0,0,0
01,23857661391130799,ACTIVE,60,0.01,1,0,0,0,0,0
01,120246640164760707,ACTIVE,83,0.01,5,0,0,0,0,0
01,120246572682470470,ACTIVE,10,0,0,0,0,0,0,0
01,120245689241510179,ACTIVE,80,0,0,0,0,0,0,0
01,120246572682530470,ACTIVE,10,0,0,0,0,0,0,0
01,120246572682580470,ACTIVE,10,0,0,0,0,0,0,0
01,120246572686120470,ACTIVE,10,0,0,0,0,0,0,0
01,120245572203840686,ACTIVE,80,0,0,0,0,0,0,0
01,120245572203480686,ACTIVE,80,0,0,0,0,0,0,0
01,120245571966630686,ACTIVE,80,0,0,0,0,0,0,0
01,120245571966370686,ACTIVE,80,0,0,0,0,0,0,0
01,120245571722560686,ACTIVE,80,0,0,0,0,0,0,0
01,120245565947830686,ACTIVE,80,0,0,0,0,0,0,0
01,120245565874760686,ACTIVE,80,0,0,0,0,0,0,0
01,120249709740990725,ACTIVE,100,0,0,0,0,0,0,0
01,120249709637780725,ACTIVE,100,0,0,0,0,0,0,0
01,120251688330060166,ACTIVE,30,0,0,0,0,0,0,0
01,120251688330770166,ACTIVE,30,0,0,0,0,0,0,0
01,120245565780780686,ACTIVE,80,0,0,0,0,0,0,0
01,120249709637170725,ACTIVE,100,0,0,0,0,0,0,0
01,120246818759010303,PAUSED,68,0,0,0,0,0,0,0
01,120247689188200509,PAUSED,100,0,0,0,0,0,0,0
01,120247753274550509,ACTIVE,100,0,0,0,0,0,0,0
01,120247753274730509,ACTIVE,100,0,0,0,0,0,0,0
01,120247753470650509,ACTIVE,100,0,0,0,0,0,0,0
01,120247753470700509,ACTIVE,100,0,0,0,0,0,0,0
01,120247762435760509,ACTIVE,80,0,0,0,0,0,0,0
01,120245241702630470,ACTIVE,5,0,1,0,0,0,0,0
01,120252342178340054,PAUSED,100,0,0,0,0,0,0,0
01,120247762435840509,ACTIVE,80,0,0,0,0,0,0,0
01,120247762679940509,ACTIVE,80,0,0,0,0,0,0,0
01,120247762683780509,ACTIVE,80,0,0,0,0,0,0,0
01,120244824816070686,PAUSED,80,0,0,0,1,0,0,0
01,120247802943620389,PAUSED,500,0,0,0,3,0,0,0
01,120244761352230455,PAUSED,935,0,0,0,2,0,0,0
01,120247925267780303,PAUSED,40,0,0,0,2,0,0,0
01,120248321980970065,IN_PROCESS,250,0,0,0,0,0,0,0
01,120248321980990065,IN_PROCESS,250,0,0,0,0,0,0,0
01,120248523208390561,PAUSED,86,0,0,0,1,0,0,0
01,120248537883490544,ACTIVE,80,0,0,0,0,0,0,0
01,120248537883500544,ACTIVE,80,0,0,0,0,0,0,0
01,120248538003840544,ACTIVE,80,0,0,0,0,0,0,0
01,120244021401660705,ACTIVE,80,0,0,0,0,0,0,0
01,120244021401230705,ACTIVE,80,0,0,0,0,0,0,0
01,120248538156670544,ACTIVE,80,0,0,0,0,0,0,0
01,120248538156730544,ACTIVE,80,0,0,0,0,0,0,0
01,120248541265380544,ACTIVE,80,0,0,0,0,0,0,0
01,23857730544930799,ACTIVE,60,0,0,0,0,0,0,0
01,120248541692380544,PAUSED,80,0,0,0,0,0,0,0
01,120248541692720544,PAUSED,80,0,0,0,0,0,0,0
01,23857808272750794,ACTIVE,100,0,0,0,0,0,0,0
01,23857808272840794,ACTIVE,100,0,0,0,0,0,0,0
01,23857808329220794,ACTIVE,100,0,0,0,0,0,0,0
01,23857808329330794,ACTIVE,100,0,0,0,0,0,0,0
01,120248623160330561,ACTIVE,60,0,0,0,0,0,0,0
01,120248623160360561,ACTIVE,60,0,0,0,0,0,0,0
01,120245571277320686,ACTIVE,80,0,0,0,0,0,0,0
01,120248623160450561,ACTIVE,60,0,0,0,0,0,0,0
01,120245566066150686,ACTIVE,80,0,0,0,0,0,0,0
01,120245571347140686,ACTIVE,80,0,0,0,0,0,0,0
01,120248537715760544,PAUSED,80,0,0,0,0,0,0,0
01,120248537716320544,PAUSED,80,0,0,0,0,0,0,0
01,120246572543060470,ACTIVE,10,0,0,0,0,0,0,0
01,120248630318880469,ACTIVE,80,0,0,0,0,0,0,0
01,120250410919750019,ACTIVE,30,0,0,0,0,0,0,0
01,120250410919590019,ACTIVE,30,0,0,0,0,0,0,0
01,120250410852400019,ACTIVE,30,0,0,0,0,0,0,0
01,120246150767190172,ACTIVE,50,0,0,0,0,0,0,0
01,120250410852360019,ACTIVE,30,0,0,0,0,0,0,0
01,120246572543100470,ACTIVE,10,0,0,0,0,0,0,0
01,120246572543260470,ACTIVE,10,0,0,0,0,0,0,0
01,120246572543520470,ACTIVE,10,0,0,0,0,0,0,0
01,120245833042260630,ACTIVE,146,0,0,0,1,0,0,0
02,120243986668280589,ACTIVE,1200,79.69,1875,33,40,4,3,127.86999999999998
02,120244749327030686,ACTIVE,1000,79.41999999999999,1640,38,43,2,1,51.22
02,120244618043630436,ACTIVE,1059,78.44999999999999,3601,80,92,6,4,281.63
02,120246023777450751,ACTIVE,1200,66.99,2219,46,55,4,1,67.96
02,120244883028360686,ACTIVE,1000,64.28,1226,31,32,7,7,376.02
02,120244428953860686,ACTIVE,56,62.75,2352,61,57,4,3,111.18
02,120247558121560065,ACTIVE,50,53.84,1798,57,56,5,3,148.56
02,120244761233710455,ACTIVE,755,53.660000000000004,1608,32,40,6,1,34.949999999999996
02,120246338028120241,ACTIVE,800,53.43,3094,40,45,3,3,185.68
02,120244431777030751,ACTIVE,1000,52.9,2161,31,35,6,4,166.57
02,120248455243050455,ACTIVE,1325,47.61,1622,23,40,4,3,229.15
02,120247040934570629,ACTIVE,400,42.629999999999995,1144,29,31,5,2,150.28
02,120250789469770586,ACTIVE,1000,41.66,1297,32,41,4,2,78.35
02,120240679404390629,ACTIVE,400,38.28,1213,23,21,1,1,63.91
02,120247583319740586,PAUSED,100,36.02,1280,21,20,0,0,0
02,120247708432980509,ACTIVE,300,34.68,1127,17,17,1,0,0
02,120243772061640146,ACTIVE,1000,34.25,809,18,26,4,0,0
02,120248737641880722,ACTIVE,40,33.72,756,22,21,4,1,38.269999999999996
02,120246299672700751,ACTIVE,500,33.69,1360,20,32,4,1,24.98
02,120247479945600065,ACTIVE,450,33.26,906,16,24,3,3,110.85000000000001
02,120246273720740455,ACTIVE,800,31.660000000000004,833,19,34,1,0,0
02,120243276755660065,ACTIVE,500,31.47,947,15,18,5,1,49.52
02,120244234919350146,ACTIVE,1000,31.279999999999998,984,17,22,1,0,0
02,120244745582820125,ACTIVE,800,30.41,812,10,16,1,0,0
02,120243063569770146,ACTIVE,460,29.16,1072,15,21,2,1,41.98
02,120246191098970320,ACTIVE,400,27.150000000000002,1065,22,26,1,0,0
02,120245334049540065,ACTIVE,370,26.64,539,19,27,1,0,0
02,120246670033370677,ACTIVE,300,25.39,1017,12,13,2,2,83.96
02,120244794017770320,ACTIVE,400,25.14,922,20,19,1,1,103.82
02,120246024108390751,ACTIVE,500,24.68,688,13,20,1,1,41.97
02,120249449604610725,ACTIVE,500,23.970000000000002,528,11,12,0,0,0
02,120251616476670404,ACTIVE,147,22.93,191,6,5,1,1,71.72
02,120247653059200586,ACTIVE,1000,22.73,577,18,26,3,1,28.98
02,120249433591590100,ACTIVE,500,22.490000000000002,581,18,21,1,0,0
02,120245980788570752,ACTIVE,600,22.290000000000003,738,16,21,0,0,0
02,120249179367710725,ACTIVE,500,21.310000000000002,376,11,12,3,2,100.94000000000001
02,120246040085600751,ACTIVE,600,21.25,626,8,8,1,1,47.129999999999995
02,120249286682560368,ACTIVE,450,21,662,15,12,1,0,0
02,120245847200980133,ACTIVE,80,20.729999999999997,164,15,14,5,3,141.98000000000002
02,120245557729330686,ACTIVE,80,20.72,250,6,6,3,2,81.2
02,120246024108440751,ACTIVE,345,20.54,552,18,21,4,2,69.92
02,120247438813810043,ACTIVE,300,20.53,353,11,13,0,0,0
02,120251612475740404,ACTIVE,200,19.33,213,3,3,0,0,0
02,120250540664990577,ACTIVE,88,18.91,244,6,7,1,0,0
02,120248574839550695,ACTIVE,125,18.8,488,7,7,1,0,0
02,120250447831800013,ACTIVE,200,18.78,435,19,21,1,1,37.98
02,120245334049460065,ACTIVE,400,18.21,320,7,14,2,2,79.5
02,120241066464020065,ACTIVE,289,18.17,741,9,13,0,0,0
02,120256572736650586,ACTIVE,500,17.94,472,2,9,2,0,0
02,120242301213710065,ACTIVE,370,17.77,590,12,11,0,0,0
02,120248911416770577,ACTIVE,1001,17.68,441,19,18,1,0,0
02,120249754760810019,ACTIVE,80,17.66,430,10,9,1,0,0
02,120244895884300678,ACTIVE,263,17.63,289,4,7,0,0,0
02,120248536188000100,ACTIVE,300,17.41,370,20,19,1,1,52.56
02,120245038624620436,ACTIVE,100,17.27,539,7,10,0,0,0
02,120249179865340725,ACTIVE,100,17.25,468,11,10,0,1,86.55000000000001
02,120247280578260065,ACTIVE,300,17.08,501,6,8,0,0,0
02,120245327669090320,ACTIVE,400,17.05,406,5,8,0,0,0
02,120245201694370686,ACTIVE,155,16.54,257,7,7,2,1,51.22
02,120244349823030686,ACTIVE,120,16.130000000000003,278,9,13,2,2,102.44
02,120252393049760428,ACTIVE,100,16.11,277,15,16,1,0,0
02,120248615909580019,ACTIVE,300,16.08,405,12,14,2,0,0
02,120248204610010425,ACTIVE,346,15.49,286,10,10,0,0,0
02,120239930892250650,ACTIVE,500,15.37,208,7,10,0,0,0
02,120248752320480389,ACTIVE,80,15.32,367,11,9,1,0,0
02,120248383861080100,ACTIVE,300,15.280000000000001,384,8,13,0,0,0
02,120248460421540425,ACTIVE,100,15.17,339,12,11,1,0,0
02,120240258763950179,ACTIVE,310,15.16,644,7,13,1,0,0
02,120246178929760752,ACTIVE,300,15.15,379,10,18,2,0,0
02,120248893532100100,ACTIVE,300,15.120000000000001,295,8,6,3,2,105.12
02,120244895488610436,ACTIVE,100,15.11,615,15,12,1,1,99.72
02,120248229485400425,ACTIVE,225,14.95,281,6,6,1,1,39.98
02,120248503125530425,ACTIVE,134,14.82,216,1,2,0,0,0
02,120247139480370564,PAUSED,300,14.82,372,8,8,0,0,0
02,120247483865740100,ACTIVE,300,14.750000000000002,510,9,9,0,0,0
02,120252392959620428,ACTIVE,100,14.690000000000001,225,6,7,1,1,66.00999999999999
02,120245404387150125,ACTIVE,300,14.66,361,4,6,0,0,0
02,120248082904020663,ACTIVE,350,14.629999999999999,199,3,5,0,0,0
02,120249449512110725,ACTIVE,500,14.59,560,7,9,2,2,171.9
02,120248295184110065,ACTIVE,93,14.549999999999999,224,4,5,1,1,29.98
02,120244015116230146,ACTIVE,600,14.53,337,7,8,0,0,0
02,120248598654680561,ACTIVE,88,14.31,196,5,5,1,0,0
02,120252393006000428,ACTIVE,100,14.18,239,10,11,1,0,0
02,120251414780410651,ACTIVE,300,14.14,303,8,9,0,0,0
02,120245380137820707,ACTIVE,650,13.99,336,5,9,1,1,22.98
02,120245250322490642,ACTIVE,300,13.85,395,8,6,0,0,0
02,120247849750130663,ACTIVE,281,13.780000000000001,171,4,5,0,0,0
02,120255653285300586,ACTIVE,140,13.709999999999999,224,4,4,0,0,0
02,120246123176610177,ACTIVE,89,13.65,199,4,7,1,0,0
02,120241671273870455,ACTIVE,212,13.64,383,12,11,0,0,0
02,120248295184030065,ACTIVE,93,13.510000000000002,284,3,4,0,0,0
02,120249615629800603,ACTIVE,80,13.5,100,1,2,0,0,0
02,120247115989130291,ACTIVE,700,13.440000000000001,248,13,13,0,0,0
02,120248288633270389,ACTIVE,210,13.42,481,11,13,3,0,0
02,120250413795050709,ACTIVE,300,13.4,244,4,4,0,0,0
02,120252343538780054,ACTIVE,100,13.25,188,2,3,0,0,0
02,120247412626780168,ACTIVE,100,13.24,243,16,16,1,0,0
02,120246701172200677,ACTIVE,124,13.219999999999999,355,8,8,1,0,0
02,120252337543140054,ACTIVE,112,13.21,269,2,2,1,1,31.98
02,120242031621370065,ACTIVE,229,13.209999999999999,396,8,11,3,0,0
02,120245282912580630,ACTIVE,200,13.18,203,0,5,1,1,29.979999999999997
02,120245557728780686,ACTIVE,80,13.08,188,3,4,2,0,0
02,120257763329830586,ACTIVE,100,12.98,183,10,9,0,0,0
02,120246299721480751,ACTIVE,325,12.75,400,8,12,2,2,72.11000000000001
02,120247813840340065,ACTIVE,100,12.7,194,4,6,0,0,0
02,120245736523970177,ACTIVE,500,12.489999999999998,228,8,13,2,1,51.209999999999994
02,120248131828430065,ACTIVE,200,12.46,332,9,9,0,0,0
02,120250540665050577,ACTIVE,88,12.45,218,9,9,0,0,0
02,120248510641030431,ACTIVE,130,12.24,285,7,8,1,1,28.98
02,120246615285510642,ACTIVE,450,12.149999999999999,371,8,10,0,0,0
02,120248252688100544,ACTIVE,80,11.98,234,4,5,1,0,0
02,120252337542810054,ACTIVE,112,11.96,289,1,2,0,0,0
02,120246828454030629,ACTIVE,507,11.91,362,10,13,0,0,0
02,120240901145360175,ACTIVE,315,11.889999999999999,414,7,12,1,1,24.96
02,120249368601100365,ACTIVE,80,11.88,134,1,4,0,0,0
02,120246123176490177,ACTIVE,89,11.83,229,5,4,2,1,29.979999999999997
02,120246191098590320,ACTIVE,400,11.77,471,7,11,1,0,0
02,120246664436140677,ACTIVE,131,11.77,341,2,6,0,0,0
02,120244008701890129,ACTIVE,80,11.680000000000001,421,9,12,0,0,0
02,120244349822900686,ACTIVE,100,11.58,134,4,5,1,1,29.98
02,120249286765290368,ACTIVE,350,11.5,293,3,6,1,1,69.57
02,120246624479580241,ACTIVE,136,11.42,408,6,6,0,0,0
02,120249368601130365,ACTIVE,80,11.4,116,1,1,0,0,0
02,120247502492610175,ACTIVE,88,11.389999999999999,229,9,9,1,0,0
02,120249305217290116,ACTIVE,90,11.370000000000001,99,3,2,0,0,0
02,120247775015250090,ACTIVE,126,11.23,205,2,3,0,0,0
02,120246791587200455,ACTIVE,146,11.22,198,7,4,0,1,111.91
02,120248794939020152,ACTIVE,200,11.190000000000001,291,3,4,0,0,0
02,120248547360260544,ACTIVE,80,11.16,164,1,1,0,0,0
02,120244083558220146,ACTIVE,220,11.14,414,5,8,0,0,0
02,120248538003950544,ACTIVE,80,11.079999999999998,149,5,5,3,1,47.519999999999996
02,120245031811820436,ACTIVE,153,11.06,414,6,9,0,0,0
02,120244823852300686,ACTIVE,153,10.950000000000001,168,5,6,2,2,59.96
02,120249384124830663,ACTIVE,80,10.94,188,7,6,2,0,0
02,120245848127430707,ACTIVE,450,10.92,268,9,11,1,0,0
02,120249120674110404,ACTIVE,500,10.88,204,11,9,2,1,71.72
02,120249105110140210,ACTIVE,156,10.8,196,5,7,0,0,0
02,120248556140990663,ACTIVE,200,10.76,217,8,10,0,0,0
02,120244480112510436,ACTIVE,156,10.71,433,6,6,0,0,0
02,120248534140900544,ACTIVE,82,10.61,195,2,2,1,1,27.98
02,120247274850700477,ACTIVE,90,10.45,122,2,3,0,0,0
02,120248503125540425,ACTIVE,134,10.35,185,4,3,0,0,0
02,120247775015280090,ACTIVE,126,10.34,228,3,3,0,0,0
02,120243753190540054,ACTIVE,501,10.110000000000001,395,6,5,0,0,0
02,120249368429700365,ACTIVE,80,10.03,77,3,5,0,0,0
02,120246526262050752,ACTIVE,124,10,233,9,10,3,2,83.94000000000001
02,120258018661030586,ACTIVE,300,9.91,252,7,11,3,0,0
02,120248305463800065,ACTIVE,50,9.899999999999999,161,5,5,0,0,0
02,120250677671340013,ACTIVE,100,9.88,152,2,3,0,0,0
02,120248305165620065,ACTIVE,50,9.86,131,1,1,0,0,0
02,120248880534940100,ACTIVE,154,9.83,212,6,6,0,0,0
02,120246599961620214,ACTIVE,240,9.82,267,3,6,2,0,0
02,120246647909930752,ACTIVE,74,9.82,215,11,8,2,1,92.93
02,120245964184870707,ACTIVE,143,9.79,146,4,5,0,0,0
02,120247868045210695,ACTIVE,200,9.77,190,4,6,0,0,0
02,120246668892520032,ACTIVE,80,9.760000000000002,148,4,5,1,1,89.19
02,120257843052780586,ACTIVE,100,9.73,253,3,4,1,0,0
02,120246526261990752,ACTIVE,110,9.719999999999999,246,9,8,1,0,0
02,120247502492560175,ACTIVE,88,9.71,308,6,14,1,0,0
02,120247199911460090,ACTIVE,200,9.700000000000001,210,4,6,0,1,108.81
02,120248012782330065,ACTIVE,100,9.690000000000001,225,6,8,0,0,0
02,120248752320410389,ACTIVE,80,9.530000000000001,201,5,6,0,1,46.41
02,120244895884170678,ACTIVE,164,9.52,193,5,8,0,0,0
02,120243593315080146,ACTIVE,146,9.510000000000002,207,4,5,1,0,0
02,120248490741000152,ACTIVE,80,9.51,315,4,3,0,0,0
02,120248598654640561,ACTIVE,88,9.43,196,5,5,0,0,0
02,120248082904030663,ACTIVE,150,9.36,120,8,8,2,2,135.07
02,120249615629760603,ACTIVE,80,9.350000000000001,140,3,6,0,0,0
02,120247001920940477,ACTIVE,100,9.3,145,5,6,1,0,0
02,120248353198820126,ACTIVE,88,9.18,169,1,2,0,0,0
02,120249615778010603,ACTIVE,80,9.18,94,1,1,0,0,0
02,120244837091050678,ACTIVE,123,9.14,138,3,5,0,0,0
02,120246010945790630,ACTIVE,82,9.129999999999999,146,1,2,0,0,0
02,120246178825710752,ACTIVE,100,9.04,147,5,4,1,0,0
02,120247453929680065,ACTIVE,100,8.98,180,2,4,1,0,0
02,120248248056550462,ACTIVE,104,8.97,162,3,2,1,0,0
02,120242301213170065,ACTIVE,300,8.9,325,5,6,1,0,0
02,120245124561510686,ACTIVE,80,8.89,115,6,6,1,1,29.979999999999997
02,120251692403590054,ACTIVE,130,8.870000000000001,244,9,12,2,0,0
02,120245045578670686,ACTIVE,80,8.81,185,7,8,4,2,101.19
02,120246668892470032,ACTIVE,80,8.76,134,9,8,2,1,21.98
02,120257783384890586,ACTIVE,300,8.709999999999999,266,7,7,1,1,28.98
02,120248507722020469,ACTIVE,100,8.690000000000001,157,3,3,0,0,0
02,120249498266450589,ACTIVE,330,8.67,186,8,9,1,1,67.91
02,120248302764530065,ACTIVE,50,8.66,132,4,5,2,0,0
02,120246565034650470,ACTIVE,90,8.62,160,3,3,1,1,39.98
02,120246594237630032,ACTIVE,100,8.58,228,7,11,0,0,0
02,120248547360230544,ACTIVE,80,8.58,147,1,1,1,1,27.98
02,120246330272670320,ACTIVE,132,8.57,356,7,7,2,1,34.07
02,120247293642140642,ACTIVE,120,8.53,191,3,2,0,0,0
02,120244008702660129,ACTIVE,100,8.49,302,10,12,1,1,66.47999999999999
02,120248302764770065,ACTIVE,50,8.44,124,2,3,0,0,0
02,120250677752620013,ACTIVE,80,8.38,132,6,9,0,0,0
02,120249613746370589,ACTIVE,100,8.35,156,2,3,0,0,0
02,120246232598650090,ACTIVE,221,8.34,176,3,4,0,0,0
02,120248151239370425,ACTIVE,100,8.31,106,0,0,0,0,0
02,120248801075450431,ACTIVE,130,8.29,180,8,7,2,0,0
02,120245988448910780,ACTIVE,80,8.29,186,6,8,1,0,0
02,120246462278370707,ACTIVE,100,8.29,186,4,4,0,0,0
02,120247762435760509,ACTIVE,80,8.24,79,7,8,1,0,0
02,120246007012690630,ACTIVE,80,8.24,170,3,5,1,0,0
02,120244691045040320,ACTIVE,120,8.23,322,5,5,0,0,0
02,120246006479660630,ACTIVE,80,8.23,126,5,5,1,1,49.97
02,120250677752680013,ACTIVE,80,8.200000000000001,96,2,2,0,0,0
02,120244428953840686,ACTIVE,100,8.18,147,4,4,0,0,0
02,120250677752800013,ACTIVE,80,8.14,144,2,3,0,0,0
02,120248321980990065,ACTIVE,250,8.13,226,4,0,0,0,0
02,120248546074540389,ACTIVE,123,8.120000000000001,285,6,5,0,0,0
02,120244581910350686,ACTIVE,80,8.07,125,3,4,0,0,0
02,120258018921720586,ACTIVE,300,8.02,326,3,6,0,0,0
02,120248490880340455,ACTIVE,134,8.010000000000002,284,7,6,0,0,0
02,120257647437950586,ACTIVE,100,7.930000000000001,122,3,3,0,0,0
02,120246299672740751,ACTIVE,195,7.909999999999999,280,8,11,1,0,0
02,120244171016070129,ACTIVE,100,7.890000000000001,165,1,4,1,0,0
02,120248426685080564,ACTIVE,100,7.85,219,1,1,0,0,0
02,120245899907660065,ACTIVE,115,7.84,119,4,3,0,0,0
02,120246006479730630,ACTIVE,80,7.83,141,3,4,0,0,0
02,120248305165660065,ACTIVE,50,7.8100000000000005,108,4,4,2,1,67.91
02,120247378425210561,ACTIVE,380,7.81,177,7,10,0,0,0
02,120248304803400065,ACTIVE,50,7.790000000000001,125,4,6,0,0,0
02,120247749932720509,ACTIVE,101,7.75,264,6,8,0,0,0
02,120248089909210065,ACTIVE,92,7.749999999999999,115,3,4,0,0,0
02,120249912876880247,ACTIVE,100,7.72,148,6,5,0,0,0
02,120249615707350603,ACTIVE,80,7.62,92,1,1,0,0,0
02,120248180759550065,ACTIVE,92,7.580000000000001,191,1,4,0,0,0
02,120246306322540533,ACTIVE,67,7.58,213,2,4,0,0,0
02,120252342962720054,ACTIVE,100,7.57,168,0,2,0,0,0
02,120248305463560065,ACTIVE,50,7.51,118,1,1,0,0,0
02,120249251074290319,ACTIVE,120,7.49,198,2,2,0,0,0
02,120249615778420603,ACTIVE,80,7.48,104,1,1,0,0,0
02,120246006368580630,ACTIVE,80,7.469999999999999,206,6,5,2,1,49.970000000000006
02,120244006723850129,ACTIVE,100,7.43,242,6,8,1,1,98.97
02,120249368429640365,ACTIVE,80,7.380000000000001,83,0,1,0,0,0
02,120249005372660589,ACTIVE,100,7.3100000000000005,104,1,1,0,0,0
02,120248427381820564,ACTIVE,100,7.28,200,4,4,0,0,0
02,120246169445720320,ACTIVE,100,7.28,230,12,11,0,0,0
02,120248541265320544,ACTIVE,80,7.26,114,1,4,0,0,0
02,120246006368520630,ACTIVE,80,7.24,196,4,6,0,0,0
02,120248426685010564,ACTIVE,100,7.109999999999999,147,1,1,0,0,0
02,120243466971930678,ACTIVE,100,7.050000000000001,123,1,1,0,0,0
02,120246733901990065,ACTIVE,80,7.040000000000001,136,5,8,0,0,0
02,120246257869250707,ACTIVE,100,7.04,148,3,4,0,0,0
02,120247623540580509,ACTIVE,117,7.04,265,4,5,0,0,0
02,120244171016080129,ACTIVE,100,7.04,272,6,8,1,1,42.98
02,120252198020140210,ACTIVE,109,7.02,118,6,6,0,0,0
02,120245738102920780,ACTIVE,150,7,125,2,2,0,0,0
02,120246286465380752,ACTIVE,300,6.960000000000001,233,9,8,1,0,0
02,120248560536500469,ACTIVE,100,6.96,195,3,2,1,1,28.98
02,120248923191120589,ACTIVE,100,6.95,163,3,3,1,0,0
02,120246005453800291,ACTIVE,650,6.94,138,4,4,1,0,0
02,120245988448830780,ACTIVE,80,6.9,129,4,6,1,1,24.98
02,120247114547280509,ACTIVE,85,6.880000000000001,110,3,5,1,1,85.96
02,120246573314620241,ACTIVE,104,6.88,316,7,9,1,0,0
02,120248444259410455,ACTIVE,100,6.84,186,1,3,0,0,0
02,120247749932640509,ACTIVE,101,6.8100000000000005,222,2,2,0,0,0
02,120245343500810686,ACTIVE,80,6.800000000000001,94,0,0,0,0,0
02,120246338179300642,ACTIVE,400,6.77,274,4,4,0,0,0
02,120245466475870630,ACTIVE,102,6.72,250,1,1,0,0,0
02,120247219674070214,ACTIVE,160,6.6899999999999995,163,1,6,0,0,0
02,120246493383140032,ACTIVE,75,6.66,183,4,5,0,0,0
02,23857808329220794,ACTIVE,100,6.66,64,4,4,0,0,0
02,120247762683780509,ACTIVE,80,6.64,99,1,0,0,0,0
02,120249086971680283,PAUSED,100,6.64,127,6,4,1,0,0
02,120246815852160674,ACTIVE,120,6.64,119,1,1,0,0,0
02,120245899907890065,ACTIVE,115,6.57,104,4,4,1,0,0
02,120248443467260561,ACTIVE,87,6.550000000000001,133,3,2,1,1,24.98
02,120246007012750630,ACTIVE,80,6.54,135,4,5,2,1,29.980000000000004
02,120247059696240214,ACTIVE,180,6.5,185,6,5,0,0,0
02,120246221877410629,ACTIVE,335,6.4399999999999995,176,1,1,0,0,0
02,120249987196170247,ACTIVE,100,6.41,82,0,1,0,0,0
02,120246070715810752,ACTIVE,300,6.4,136,5,5,0,0,0
02,120248304803930065,ACTIVE,50,6.39,91,4,5,0,0,0
02,120242746886630788,ACTIVE,200,6.37,67,2,4,1,1,92.29
02,120244164741820146,ACTIVE,100,6.359999999999999,151,5,4,1,1,75.22
02,120247534964830642,ACTIVE,100,6.35,136,6,6,1,1,65.95
02,6973002163226,ACTIVE,50,6.300000000000001,70,0,1,0,0,0
02,120245792848160780,ACTIVE,150,6.3,83,2,4,0,0,0
02,120244880653330686,ACTIVE,100,6.3,83,1,1,0,0,0
02,120245284052330686,ACTIVE,80,6.28,151,3,4,0,0,0
02,120247633428650725,ACTIVE,200,6.27,120,2,4,0,0,0
02,120246191098540320,ACTIVE,120,6.260000000000001,221,3,3,0,0,0
02,120248321980970065,ACTIVE,250,6.26,159,3,0,0,0,0
02,120251572518820166,ACTIVE,85,6.22,172,4,3,0,0,0
02,120247645229990642,ACTIVE,100,6.21,161,5,4,0,0,0
02,120250466943310577,ACTIVE,100,6.13,107,5,7,2,0,0
02,120248248634970455,ACTIVE,100,6.09,97,4,2,0,0,0
02,120248564072910455,ACTIVE,135,6.06,107,7,8,0,0,0
02,120246754801740509,ACTIVE,100,6.03,98,3,4,0,0,0
02,23857730544930799,ACTIVE,60,6.010000000000001,60,0,0,0,0,0
02,23857808272840794,ACTIVE,100,5.99,49,3,4,0,0,0
02,120248726537670152,ACTIVE,111,5.960000000000001,230,5,6,1,1,73.98
02,120251572518760166,ACTIVE,85,5.96,131,1,1,0,0,0
02,120245250891950175,ACTIVE,132,5.95,171,4,4,1,1,41.93
02,120243951377020125,ACTIVE,200,5.9399999999999995,172,1,2,0,0,0
02,120249550517720100,ACTIVE,100,5.869999999999999,129,4,7,1,0,0
02,120249259179000116,ACTIVE,200,5.82,78,5,5,0,0,0
02,120248542516570544,ACTIVE,80,5.779999999999999,125,1,2,0,0,0
02,120249283732990100,ACTIVE,100,5.7700000000000005,96,2,3,0,0,0
02,120247567951490509,ACTIVE,100,5.77,217,1,3,0,0,0
02,120248542516530544,ACTIVE,80,5.77,112,2,3,0,0,0
02,120248089909250065,ACTIVE,92,5.74,89,4,4,0,0,0
02,120252288360590054,ACTIVE,100,5.74,103,5,4,1,1,24.98
02,120245972443720177,ACTIVE,90,5.73,118,5,6,1,1,51.22
02,120246950175170097,ACTIVE,80,5.7299999999999995,131,3,2,0,0,0
02,120247508094040725,ACTIVE,200,5.7299999999999995,222,2,4,1,0,0
02,120248645284270152,ACTIVE,200,5.72,198,1,5,0,0,0
02,120235701428420210,ACTIVE,200,5.72,134,3,3,0,0,0
02,120243673094650146,ACTIVE,100,5.710000000000001,171,1,0,0,0,0
02,120258089121110586,ACTIVE,30,5.640000000000001,104,3,4,0,0,0
02,120235701428400210,ACTIVE,200,5.640000000000001,148,1,2,0,0,0
02,120243862977850705,ACTIVE,200,5.620000000000001,105,2,3,2,0,0
02,120245612998430455,ACTIVE,100,5.61,165,3,5,1,0,0
02,120247762679940509,ACTIVE,80,5.6,63,0,2,0,0,0
02,120246299721450751,ACTIVE,195,5.56,145,3,5,1,1,22.78
02,120246950174900097,ACTIVE,80,5.55,112,1,1,0,0,0
02,120245840085750780,ACTIVE,80,5.52,107,4,6,1,0,0
02,120246007631050630,ACTIVE,80,5.51,131,2,2,0,0,0
02,120246693068060097,ACTIVE,80,5.5,445,5,5,1,0,0
02,120245514271720065,ACTIVE,115,5.499999999999999,103,1,2,0,0,0
02,120248444259380455,ACTIVE,134,5.49,136,7,7,1,0,0
02,120242847129030686,ACTIVE,100,5.49,58,3,2,0,0,0
02,120249498623060100,ACTIVE,100,5.430000000000001,57,3,4,0,0,0
02,120248371396300544,ACTIVE,80,5.41,86,2,2,0,0,0
02,120246145364940470,ACTIVE,80,5.3999999999999995,166,2,3,0,0,0
02,120246850329040065,ACTIVE,100,5.39,121,2,2,0,0,0
02,120247952380210544,ACTIVE,90,5.35,110,1,1,0,0,0
02,120246643265130674,ACTIVE,150,5.34,150,1,0,0,0,0
02,120246007230330630,ACTIVE,80,5.279999999999999,128,3,3,0,0,0
02,120245306349070462,ACTIVE,100,5.23,101,1,0,0,0,0
02,120246951742200097,ACTIVE,80,5.21,153,5,6,1,0,0
02,120245004525000780,ACTIVE,100,5.2,96,2,3,0,0,0
02,120246270264070320,ACTIVE,120,5.15,181,8,8,1,0,0
02,120246951742140097,ACTIVE,80,5.119999999999999,160,1,2,0,0,0
02,120247762435840509,ACTIVE,80,5.11,80,2,2,1,0,0
02,120243844678990129,ACTIVE,80,5.11,103,0,0,0,0,0
02,120246100871360533,ACTIVE,117,5.11,175,8,8,0,0,0
02,120245343438250686,ACTIVE,80,5.1,70,3,3,1,0,0
02,120245840085840780,ACTIVE,150,5.08,121,4,4,1,1,24.98
02,120247697893970509,ACTIVE,100,5.08,80,1,1,0,0,0
02,120245241360310455,ACTIVE,100,5,236,7,6,0,0,0
02,120248622152780695,ACTIVE,104,4.99,217,4,4,0,0,0
02,120245514271740065,ACTIVE,115,4.989999999999999,88,3,4,0,0,0
02,120246733877000065,ACTIVE,80,4.96,109,2,2,0,0,0
02,120235336090360210,ACTIVE,200,4.9399999999999995,124,2,3,0,0,0
02,120248539381110725,ACTIVE,100,4.920000000000001,123,5,4,2,0,0
02,120246417765860752,ACTIVE,77,4.92,141,4,3,0,0,0
02,120245800978960674,ACTIVE,100,4.89,87,2,3,0,0,0
02,120246951688370097,ACTIVE,80,4.87,153,2,2,0,0,0
02,120247322669120509,ACTIVE,100,4.85,186,4,2,0,0,0
02,120247567951430509,ACTIVE,100,4.81,205,4,3,0,0,0
02,120246299672680751,ACTIVE,115,4.8,246,2,4,0,0,0
02,23857730545120799,ACTIVE,60,4.8,83,2,2,0,0,0
02,120250558406210368,ACTIVE,129,4.78,139,2,2,0,0,0
02,120248460285910425,ACTIVE,200,4.7700000000000005,123,3,2,0,0,0
02,120248922585490210,ACTIVE,200,4.77,189,3,5,0,0,0
02,120247797108450126,ACTIVE,80,4.73,116,3,3,0,0,0
02,120251239771420586,ACTIVE,100,4.68,89,3,2,0,0,0
02,120243486846210152,ACTIVE,100,4.640000000000001,93,2,1,0,0,0
02,120247641474120509,ACTIVE,100,4.62,72,0,2,0,0,0
02,120246640164700707,ACTIVE,83,4.6,95,4,3,0,0,0
02,120251223975900709,ACTIVE,300,4.56,114,2,5,0,0,0
02,120249615707300603,ACTIVE,80,4.54,80,1,3,1,0,0
02,120248416194170455,ACTIVE,133,4.53,111,3,3,1,1,60.41
02,120247641474220509,ACTIVE,100,4.48,67,3,3,0,0,0
02,120246643280780674,ACTIVE,100,4.4799999999999995,136,5,6,0,1,66.22000000000001
02,120246377047690097,ACTIVE,200,4.43,197,4,4,0,0,0
02,23857808329330794,ACTIVE,100,4.41,49,3,3,0,0,0
02,120252072716270054,ACTIVE,80,4.390000000000001,95,2,3,0,0,0
02,120248218451590126,ACTIVE,89,4.38,94,2,3,0,0,0
02,120247000863970069,ACTIVE,100,4.3100000000000005,73,0,0,0,0,0
02,120246471244730065,ACTIVE,135,4.3,161,3,3,1,0,0
02,120246733902040065,ACTIVE,80,4.21,88,2,4,1,1,29.98
02,120246787004190097,ACTIVE,101,4.199999999999999,98,1,0,0,0,0
02,120252198020010210,ACTIVE,109,4.18,94,4,5,0,0,0
02,120252191579590210,ACTIVE,50,4.04,87,0,1,0,0,0
02,120246238464310533,ACTIVE,68,4.04,123,9,8,0,0,0
02,120249115230940100,ACTIVE,100,4.01,85,4,5,1,0,0
02,120246382556450462,ACTIVE,100,4,83,3,3,0,0,0
02,120247061936980509,ACTIVE,100,3.99,158,4,3,0,0,0
02,120244216235640630,ACTIVE,117,3.9899999999999998,132,2,3,1,0,0
02,120258089121520586,ACTIVE,30,3.98,91,3,3,0,0,0
02,23857454054570799,ACTIVE,100,3.93,61,2,2,0,0,0
02,120247058049910303,ACTIVE,80,3.9299999999999997,44,1,1,1,0,0
02,120249017051140229,ACTIVE,199,3.9200000000000004,76,5,4,0,0,0
02,120252191525360210,ACTIVE,50,3.91,92,3,3,1,0,0
02,120244163991370436,ACTIVE,100,3.9,124,0,0,0,0,0
02,120244034916020436,ACTIVE,100,3.9,97,0,4,0,0,0
02,120246942306840097,ACTIVE,80,3.9,109,2,4,0,0,0
02,23857808272750794,ACTIVE,100,3.89,36,1,3,0,0,0
02,120244302651980146,ACTIVE,100,3.87,121,2,3,2,1,136.45
02,120249711938850319,ACTIVE,100,3.87,99,0,0,0,0,0
02,120246951688500097,ACTIVE,80,3.8600000000000003,140,2,2,1,1,61.97
02,120258013109700586,ACTIVE,30,3.86,97,2,4,0,0,0
02,120246733876960065,ACTIVE,80,3.86,63,0,1,0,0,0
02,120245251316060477,ACTIVE,100,3.85,43,3,2,0,0,0
02,120246299721620751,ACTIVE,68,3.8400000000000003,105,1,4,1,0,0
02,120249525957160319,ACTIVE,200,3.83,106,1,2,0,0,0
02,120247720181440090,PAUSED,60,3.7800000000000002,60,0,0,0,0,0
02,120250331984600019,ACTIVE,100,3.72,103,5,6,1,1,29.98
02,120248764599250589,ACTIVE,200,3.7199999999999998,78,1,2,0,0,0
02,120250445767170166,ACTIVE,30,3.71,94,3,3,0,0,0
02,120246710213410090,ACTIVE,425,3.68,115,1,1,0,0,0
02,120245481989400065,ACTIVE,40,3.6399999999999997,76,2,2,0,0,0
02,120248399211490425,ACTIVE,200,3.6099999999999994,105,1,1,0,0,0
02,120247787286500090,ACTIVE,60,3.56,63,2,4,0,0,0
02,120249412510530100,ACTIVE,100,3.5599999999999996,54,0,0,0,0,0
02,120245602350460032,ACTIVE,100,3.5200000000000005,96,0,2,0,0,0
02,120244824582450436,ACTIVE,100,3.52,106,2,2,0,0,0
02,120248064259890425,ACTIVE,150,3.4600000000000004,33,1,0,0,0,0
02,120246257869280707,ACTIVE,100,3.45,59,2,2,0,0,0
02,120250332385240019,ACTIVE,100,3.45,142,4,7,0,0,0
02,120249384124880663,ACTIVE,80,3.43,49,3,3,0,0,0
02,120245044044870686,ACTIVE,100,3.41,33,1,1,0,0,0
02,120246410881630707,ACTIVE,100,3.4,28,0,0,0,0,0
02,120246942213250097,ACTIVE,80,3.3899999999999997,95,0,0,0,0,0
02,120246942261010097,ACTIVE,80,3.37,137,2,2,1,0,0
02,120245861174350177,ACTIVE,200,3.3600000000000003,79,2,2,0,0,0
02,120249613712950725,ACTIVE,100,3.3099999999999996,52,0,0,0,0,0
02,120247767157610303,ACTIVE,80,3.3099999999999996,52,3,3,2,1,26.98
02,120247040711430629,ACTIVE,100,3.27,93,1,3,1,0,0
02,120244972795250678,ACTIVE,154,3.25,113,3,2,0,0,0
02,120245469696040686,ACTIVE,80,3.2399999999999998,64,0,0,0,0,0
02,120249775050340127,ACTIVE,100,3.2199999999999998,44,1,2,0,0,0
02,120250466778820577,ACTIVE,100,3.19,66,0,1,0,0,0
02,120245944457570630,ACTIVE,135,3.17,117,3,4,2,2,59.959999999999994
02,120248502435680168,ACTIVE,101,3.1400000000000006,102,4,2,1,1,59.379999999999995
02,120246381767620032,ACTIVE,100,3.12,49,1,4,0,0,0
02,120248180759590065,ACTIVE,92,3.12,81,1,1,0,0,0
02,120244409294850129,ACTIVE,100,3.11,116,0,0,0,0,0
02,120245832907270630,ACTIVE,113,3.11,132,1,3,1,0,0
02,120243929504820146,ACTIVE,100,3.11,47,0,0,0,0,0
02,120251659288010166,ACTIVE,30,3.09,62,5,5,0,0,0
02,120258016080090586,ACTIVE,50,3.05,75,3,3,0,0,0
02,6973002165426,ACTIVE,50,3.0300000000000002,82,2,3,1,0,0
02,120244017128390686,ACTIVE,100,3.0199999999999996,46,2,1,1,0,0
02,120245400790120686,ACTIVE,80,3,67,2,3,0,0,0
02,120248492410070561,ACTIVE,80,3,80,1,1,0,0,0
02,120251659288280166,ACTIVE,30,2.98,53,0,0,0,0,0
02,120248538756480561,ACTIVE,60,2.9699999999999998,94,2,3,1,0,0
02,120246818759970303,ACTIVE,40,2.96,51,1,1,1,1,59.96
02,120252129217680054,PAUSED,76,2.95,56,0,0,0,0,0
02,120248324864790425,ACTIVE,109,2.9000000000000004,31,0,0,0,0,0
02,120244251116110146,ACTIVE,100,2.9,96,0,0,0,0,0
02,120247622109160509,ACTIVE,100,2.8899999999999997,107,2,3,0,0,0
02,23857661391130799,ACTIVE,60,2.84,36,1,1,0,0,0
02,120246415849650214,ACTIVE,120,2.83,63,0,2,0,0,0
02,120249186775450116,ACTIVE,100,2.83,22,1,0,0,0,0
02,120243458344240129,ACTIVE,100,2.8000000000000003,141,0,0,0,0,0
02,120245339157220686,ACTIVE,100,2.7800000000000002,43,3,3,0,0,0
02,120251063106910166,ACTIVE,100,2.7600000000000002,74,2,3,1,1,24.98
02,120249283733020100,ACTIVE,100,2.76,61,0,1,1,0,0
02,120249073253070116,ACTIVE,200,2.76,65,3,3,0,0,0
02,120247392329370509,ACTIVE,100,2.72,118,0,2,0,0,0
02,120246508713670320,ACTIVE,109,2.7199999999999998,112,1,2,0,0,0
02,120244802271840788,ACTIVE,200,2.71,69,2,2,0,0,0
02,120247175023780065,ACTIVE,100,2.66,70,0,0,0,0,0
02,120252191447820210,ACTIVE,50,2.65,92,2,2,0,0,0
02,120245848127390707,ACTIVE,500,2.64,53,1,1,0,0,0
02,120244270293390320,ACTIVE,120,2.64,87,0,0,0,0,0
02,120246447361050303,ACTIVE,80,2.6300000000000003,42,5,4,1,0,0
02,120248396283420425,ACTIVE,200,2.6300000000000003,67,0,1,0,0,0
02,120249151139280057,ACTIVE,100,2.61,22,1,1,0,0,0
02,120248565664770561,ACTIVE,80,2.61,125,3,2,0,0,0
02,120249774896160127,ACTIVE,100,2.6,47,4,3,0,0,0
02,120248142069700065,ACTIVE,100,2.59,36,0,0,0,0,0
02,120249115231040100,ACTIVE,100,2.5799999999999996,57,3,3,1,0,0
02,120244906297460788,ACTIVE,50,2.57,32,0,0,0,0,0
02,120251688330770166,ACTIVE,30,2.56,53,0,1,0,0,0
02,120248040382960126,ACTIVE,80,2.5500000000000003,54,1,0,0,0,0
02,120245889270610065,ACTIVE,40,2.5300000000000002,74,2,2,1,1,29.979999999999997
02,120247620975680509,ACTIVE,100,2.53,151,2,2,0,0,0
02,120245044044890686,ACTIVE,100,2.47,29,1,1,0,0,0
02,120249614588310725,ACTIVE,100,2.4699999999999998,63,1,1,0,0,0
02,120248469524600389,ACTIVE,100,2.46,52,0,2,0,0,0
02,120245889270720065,ACTIVE,40,2.4499999999999997,82,3,3,0,0,0
02,120247219674220214,ACTIVE,80,2.4400000000000004,70,3,5,0,0,0
02,120247220172900175,ACTIVE,100,2.43,34,0,0,0,0,0
02,120249613287980725,ACTIVE,100,2.4099999999999997,67,2,2,0,0,0
02,120247612701760090,ACTIVE,124,2.37,48,0,6,0,0,0
02,120248207466280561,ACTIVE,60,2.34,63,4,4,0,0,0
02,120244452279870146,ACTIVE,100,2.33,58,1,0,0,0,0
02,120246667937160241,ACTIVE,100,2.31,100,2,1,1,0,0
02,120249987368360247,ACTIVE,100,2.3,65,3,2,0,0,0
02,120246667937240241,ACTIVE,100,2.27,91,1,1,0,0,0
02,120248681019100152,ACTIVE,81,2.2600000000000002,122,3,3,0,0,0
02,120246150767190172,ACTIVE,50,2.26,51,1,1,0,0,0
02,120250691304310722,ACTIVE,68,2.26,43,1,3,1,1,22.98
02,120244535937690146,ACTIVE,100,2.25,23,1,1,0,0,0
02,120248337451970425,ACTIVE,200,2.24,72,1,2,0,0,0
02,120248337634670425,ACTIVE,150,2.24,31,0,0,0,0,0
02,120248076316520751,ACTIVE,100,2.2,53,2,2,0,0,0
02,120247712587380509,ACTIVE,100,2.19,62,3,1,0,0,0
02,120244409294890129,ACTIVE,100,2.19,117,1,1,0,0,0
02,120252090042790210,ACTIVE,92,2.19,75,2,3,0,0,0
02,120248359442970589,ACTIVE,200,2.19,40,0,2,0,0,0
02,120244452107570146,ACTIVE,100,2.18,79,2,2,0,0,0
02,120245880736490172,ACTIVE,80,2.14,35,0,0,0,0,0
02,120246888370010097,ACTIVE,150,2.09,124,4,3,0,0,0
02,120250501589950722,ACTIVE,80,2.09,40,2,3,0,0,0
02,120248443467340561,ACTIVE,87,2.08,67,1,2,0,0,0
02,120245198116820177,ACTIVE,100,2.0700000000000003,46,0,0,0,0,0
02,120248737641910722,ACTIVE,68,2.07,42,3,2,0,0,0
02,120251688330060166,ACTIVE,30,2.06,42,0,0,0,0,0
02,120248492364530561,ACTIVE,60,1.98,92,3,1,0,0,0
02,120245750558170707,ACTIVE,100,1.9700000000000002,62,0,1,0,0,0
02,120250066594120577,PAUSED,101,1.92,23,0,0,0,0,0
02,120244452501840146,ACTIVE,100,1.9100000000000001,44,2,2,1,1,41.98
02,120249300729750589,ACTIVE,100,1.9,57,1,1,0,0,0
02,120248492410110561,ACTIVE,80,1.8900000000000001,64,2,3,0,0,0
02,120243844958690129,ACTIVE,80,1.8900000000000001,64,5,7,0,0,0
02,120248623160450561,ACTIVE,60,1.86,32,0,1,0,0,0
02,120244452712090146,ACTIVE,100,1.8500000000000003,93,0,0,0,0,0
02,120246962698770090,ACTIVE,325,1.84,44,0,3,0,0,0
02,120245469696060686,ACTIVE,80,1.83,44,1,1,0,0,0
02,120244793522550320,ACTIVE,120,1.7899999999999998,130,1,0,1,1,58.769999999999996
02,120243227249480177,ACTIVE,100,1.78,29,0,2,0,0,0
02,120249672773570589,ACTIVE,97,1.76,40,1,1,0,0,0
02,120244452712050146,ACTIVE,100,1.74,70,2,2,0,0,0
02,120258018555330586,ACTIVE,25,1.73,60,3,3,0,0,0
02,120246471244780065,ACTIVE,135,1.72,81,1,1,0,0,0
02,120250946852160368,ACTIVE,50,1.71,57,0,0,0,0,0
02,120241067387190788,ACTIVE,200,1.71,30,0,1,0,0,0
02,120240849899190788,ACTIVE,10,1.67,36,1,1,0,0,0
02,120246153345400650,ACTIVE,125,1.6699999999999997,30,0,2,1,1,34.980000000000004
02,120248585026600168,ACTIVE,90,1.6600000000000001,34,3,2,0,0,0
02,120246309078080032,ACTIVE,100,1.64,42,1,3,0,0,0
02,120248076316440751,ACTIVE,100,1.64,33,2,5,0,0,0
02,120244242496990780,ACTIVE,100,1.5999999999999999,56,1,2,0,0,0
02,23857687339360799,ACTIVE,60,1.59,15,0,1,0,0,0
02,120245685799910707,ACTIVE,100,1.5899999999999999,28,0,0,0,0,0
02,120247996367340303,PAUSED,40,1.57,16,0,0,0,0,0
02,120248538756410561,ACTIVE,60,1.57,78,2,2,1,0,0
02,120248459419470469,ACTIVE,100,1.56,46,0,0,0,0,0
02,120249614200550725,ACTIVE,100,1.55,32,0,1,0,0,0
02,120248956379790695,ACTIVE,50,1.5299999999999998,44,2,3,2,1,92.41
02,120249614200430725,ACTIVE,100,1.5,16,1,0,0,0,0
02,120245481989440065,ACTIVE,40,1.5,52,2,4,0,0,0
02,120248385353200168,ACTIVE,100,1.5,34,1,0,0,0,0
02,120249614588330725,ACTIVE,100,1.48,68,0,0,0,0,0
02,120246731736950097,ACTIVE,80,1.4700000000000002,51,4,5,0,0,0
02,120251292838090427,ACTIVE,100,1.44,46,1,1,0,0,0
02,120247689486720509,ACTIVE,100,1.41,51,0,0,0,0,0
02,120246465900910677,ACTIVE,100,1.4,27,0,0,0,0,0
02,120249062217790019,ACTIVE,50,1.3900000000000001,31,0,0,0,0,0
02,120244006723720129,ACTIVE,100,1.3699999999999999,60,0,0,0,0,0
02,120247602190420043,ACTIVE,80,1.3599999999999999,35,2,2,0,0,0
02,120249443467080663,ACTIVE,150,1.3599999999999999,25,0,1,0,0,0
02,120250747283060166,ACTIVE,30,1.35,22,3,4,0,0,0
02,120257919054520586,ACTIVE,30,1.35,21,1,0,0,0,0
02,120246709429840674,ACTIVE,100,1.33,23,2,2,0,0,0
02,120248288633070389,ACTIVE,100,1.32,43,0,2,0,0,0
02,120248492364510561,ACTIVE,60,1.3199999999999998,78,0,1,0,0,0
02,120248565664590561,ACTIVE,80,1.29,50,1,1,0,0,0
02,120244374958390146,ACTIVE,100,1.28,37,0,2,0,0,0
02,120247934031060303,ACTIVE,40,1.27,30,1,1,0,0,0
02,120246470015580752,ACTIVE,111,1.27,44,1,1,0,0,0
02,120244164847370788,ACTIVE,200,1.23,24,0,0,0,0,0
02,120248470325620561,PAUSED,100,1.2,28,1,1,0,0,0
02,120247312196970090,ACTIVE,100,1.2,18,0,1,0,0,0
02,6991696262226,ACTIVE,50,1.1700000000000002,26,0,0,0,0,0
02,120257919054460586,ACTIVE,30,1.17,25,1,2,0,0,0
02,120248072969230389,ACTIVE,100,1.17,35,0,2,0,0,0
02,120244303184580146,ACTIVE,100,1.12,12,1,1,0,0,0
02,120244535937630146,ACTIVE,100,1.1,17,0,0,0,0,0
02,120245880736570172,ACTIVE,40,1.0999999999999999,33,0,0,0,0,0
02,120246276719190650,ACTIVE,100,1.07,7,0,0,0,0,0
02,120249534302910127,ACTIVE,100,1.06,30,2,3,0,0,0
02,120250677671250013,ACTIVE,100,1.06,21,0,0,0,0,0
02,120244389916660436,ACTIVE,100,1.02,37,1,1,0,0,0
02,120245136181480470,ACTIVE,5,0.99,8,1,1,0,0,0
02,120248439890210425,ACTIVE,134,0.97,32,0,0,0,0,0
02,120249672773520589,ACTIVE,97,0.9600000000000001,23,1,1,0,0,0
02,120248492410200561,ACTIVE,80,0.96,49,0,0,0,0,0
02,120248460381910425,ACTIVE,100,0.95,24,1,1,0,0,0
02,120247993480220303,PAUSED,40,0.94,22,1,1,0,0,0
02,120246759433650677,ACTIVE,125,0.8800000000000001,26,0,0,0,0,0
02,120245823079650320,ACTIVE,100,0.8799999999999999,35,1,1,0,0,0
02,120243843991710129,ACTIVE,100,0.8600000000000001,33,0,1,0,0,0
02,120248321721850561,PAUSED,100,0.86,19,0,0,0,0,0
02,120245136181790470,ACTIVE,5,0.86,9,0,0,0,0,0
02,120248819218450019,ACTIVE,50,0.84,22,1,1,0,0,0
02,120258013109760586,ACTIVE,30,0.8200000000000001,36,0,0,0,0,0
02,120248414403410695,ACTIVE,240,0.82,38,1,2,0,0,0
02,120243772698800146,ACTIVE,100,0.79,20,0,1,0,0,0
02,120244967217480436,ACTIVE,100,0.76,41,0,1,0,0,0
02,120249017005670229,ACTIVE,100,0.69,24,1,3,0,0,0
02,120243144633320146,ACTIVE,100,0.66,10,0,0,0,0,0
02,120249676929980100,ACTIVE,91,0.66,12,0,0,0,0,0
02,120247597780010751,ACTIVE,40,0.66,16,2,3,1,1,22.98
02,120244453009900146,ACTIVE,100,0.63,28,1,1,0,0,0
02,120245474101510686,ACTIVE,80,0.62,9,0,0,0,0,0
02,120246773871680629,ACTIVE,100,0.6000000000000001,21,0,0,0,0,0
02,120247000863930069,ACTIVE,100,0.59,13,0,0,0,0,0
02,120251979136820210,ACTIVE,50,0.5800000000000001,38,0,0,0,0,0
02,120243458344350129,ACTIVE,100,0.55,35,1,2,0,0,0
02,120244374958140146,ACTIVE,100,0.55,3,0,0,0,0,0
02,120242907734560129,ACTIVE,100,0.55,14,0,0,0,0,0
02,120246862640090069,ACTIVE,1000,0.53,7,0,1,0,0,0
02,120244823852370686,ACTIVE,100,0.52,12,0,0,0,0,0
02,120242694742870146,ACTIVE,100,0.52,22,1,1,1,1,75.21
02,120247925267750303,ACTIVE,40,0.52,10,0,1,0,0,0
02,120248573692120695,ACTIVE,120,0.51,23,0,0,0,0,0
02,120246508713630320,ACTIVE,109,0.5,20,0,0,0,0,0
02,120247815782080642,ACTIVE,100,0.49,7,0,0,0,0,0
02,120244618043570436,ACTIVE,100,0.47,30,0,1,0,0,0
02,120247483185600629,ACTIVE,100,0.46,14,0,2,1,1,36.949999999999996
02,120248557488550695,ACTIVE,80,0.46,24,0,1,0,0,0
02,120245031811850436,ACTIVE,100,0.44,28,0,4,0,0,0
02,120251037305290166,ACTIVE,30,0.39,18,0,0,0,0,0
02,23857734870680794,ACTIVE,100,0.39,10,0,0,0,0,0
02,120250331470740019,ACTIVE,30,0.38,5,0,0,0,0,0
02,120250287165040577,ACTIVE,100,0.35,14,0,0,0,0,0
02,120243508760940146,ACTIVE,100,0.34,19,0,1,0,0,0
02,23857731004200794,ACTIVE,100,0.32999999999999996,5,1,1,0,0,0
02,120248358214470469,ACTIVE,80,0.32999999999999996,13,0,0,0,0,0
02,120247612701680090,ACTIVE,124,0.3,9,0,0,0,0,0
02,120251014701600404,ACTIVE,50,0.27,14,0,1,0,0,0
02,120244235259940678,ACTIVE,30,0.27,21,1,0,0,0,0
02,120246259925420674,ACTIVE,100,0.26,3,0,0,0,0,0
02,120248579912720469,ACTIVE,80,0.25,5,0,0,0,0,0
02,120246815707460674,ACTIVE,100,0.25,13,0,0,0,0,0
02,23857731004250794,ACTIVE,100,0.23,2,0,1,0,0,0
02,120247504171550090,ACTIVE,60,0.23,4,0,0,0,0,0
02,23857734870740794,ACTIVE,100,0.22000000000000003,6,1,1,0,0,0
02,120248974670480019,PAUSED,45,0.22,5,1,1,0,0,0
02,120246145189280470,ACTIVE,80,0.21000000000000002,20,1,0,0,0,0
02,120249676930020100,ACTIVE,91,0.2,2,0,0,0,0,0
02,120246870229730642,ACTIVE,100,0.19,3,0,0,0,0,0
02,120251292838130427,ACTIVE,100,0.18,7,0,0,0,0,0
02,120246145506950470,ACTIVE,80,0.18,4,0,0,0,0,0
02,120245099365240470,ACTIVE,5,0.18,5,1,1,0,0,0
02,120248142069690065,ACTIVE,100,0.16,5,0,0,0,0,0
02,6991696263026,ACTIVE,100,0.14,11,0,0,0,0,0
02,120246583070910674,ACTIVE,100,0.14,2,0,0,0,0,0
02,120249347498540100,ACTIVE,106,0.14,8,0,0,0,0,0
02,120243818426660705,ACTIVE,80,0.14,9,1,1,0,0,0
02,120245292365960179,ACTIVE,168,0.12,8,0,1,0,0,0
02,120245687813040097,ACTIVE,81,0.12,3,0,0,0,0,0
02,120244906297410788,ACTIVE,50,0.11000000000000001,5,0,0,0,0,0
02,120246690377220097,PAUSED,90,0.1,8,0,0,0,0,0
02,120245691728160470,ACTIVE,5,0.09999999999999999,5,0,0,0,0,0
02,120258018661230586,ACTIVE,10,0.08,5,0,0,0,0,0
02,120258018555230586,ACTIVE,10,0.06,2,0,0,0,0,0
02,120249748358220589,ACTIVE,97,0.05,3,0,0,0,0,0
02,120245403173590686,ACTIVE,80,0.05,2,0,0,0,0,0
02,120245241702630470,ACTIVE,5,0.05,2,0,0,0,0,0
02,120248574839520695,ACTIVE,50,0.03,2,0,0,0,0,0
02,120247303523280477,ACTIVE,100,0.03,2,0,0,0,0,0
02,120245403173560686,ACTIVE,80,0.03,2,0,0,0,0,0
02,120246242129020477,ACTIVE,100,0.02,2,0,0,0,0,0
02,120244978756050678,ACTIVE,100,0.01,4,0,0,0,0,0
02,120243727386670470,ACTIVE,5,0.01,2,0,0,0,0,0
02,120246640164760707,ACTIVE,83,0.01,6,0,0,0,0,0
02,120248955593120695,ACTIVE,80,0.01,1,0,0,0,0,0
02,120250566242070577,ACTIVE,100,0,0,0,0,0,0,0
02,120250566242310577,ACTIVE,100,0,0,0,0,0,0,0
02,120249099626340229,ACTIVE,80,0,0,0,0,0,0,0
02,120249099626310229,ACTIVE,80,0,0,0,0,0,0,0
02,120245565780780686,ACTIVE,80,0,0,0,0,0,0,0
02,120245565874760686,ACTIVE,80,0,0,0,0,0,0,0
02,120245565947830686,ACTIVE,80,0,0,0,0,0,0,0
02,120245566066150686,ACTIVE,80,0,0,0,0,0,0,0
02,120245571277320686,ACTIVE,80,0,0,0,0,0,0,0
02,120245571347140686,ACTIVE,80,0,0,0,0,0,0,0
02,120245571722560686,ACTIVE,80,0,0,0,0,0,0,0
02,120245571966370686,ACTIVE,80,0,0,0,0,0,0,0
02,120245571966630686,ACTIVE,80,0,0,0,0,0,0,0
02,120245572203480686,ACTIVE,80,0,0,0,0,0,0,0
02,120245572203840686,ACTIVE,80,0,0,0,0,0,0,0
02,120248630318880469,ACTIVE,80,0,0,0,0,0,0,0
02,120248623160360561,ACTIVE,60,0,0,0,3,0,0,0
02,120248623160330561,ACTIVE,60,0,0,0,4,0,0,0
02,120245689241510179,ACTIVE,80,0,0,0,0,0,0,0
02,120245833042260630,ACTIVE,146,0,0,0,1,0,0,0
02,120248546074850389,PAUSED,100,0,0,0,0,0,0,0
02,120248541692720544,PAUSED,80,0,0,0,0,0,0,0
02,120248541692380544,PAUSED,80,0,0,0,0,0,0,0
02,120248541265380544,ACTIVE,80,0,0,0,0,0,0,0
02,120248538156730544,ACTIVE,80,0,0,0,0,0,0,0
02,120248538156670544,ACTIVE,80,0,0,0,0,0,0,0
02,120248538003840544,ACTIVE,80,0,0,0,0,0,0,0
02,120248537883500544,ACTIVE,80,0,0,0,0,0,0,0
02,120248537883490544,ACTIVE,80,0,0,0,0,0,0,0
02,120248537716320544,PAUSED,80,0,0,0,0,0,0,0
02,120248537715760544,PAUSED,80,0,0,0,0,0,0,0
02,120246053178100177,ACTIVE,90,0,1,0,0,0,0,0
02,120248523208390561,PAUSED,86,0,0,0,1,0,0,0
02,120246339962880533,ACTIVE,100,0,0,0,0,0,0,0
02,120246339962950533,ACTIVE,100,0,0,0,0,0,0,0
02,120252342178340054,PAUSED,100,0,0,0,0,0,0,0
02,120244021401660705,ACTIVE,80,0,0,0,0,0,0,0
02,120244021401230705,ACTIVE,80,0,0,0,0,0,0,0
02,120248378850330425,PAUSED,136,0,0,0,0,0,0,0
02,120248375534140126,ACTIVE,80,0,0,0,0,0,0,0
02,120248375534020126,ACTIVE,80,0,0,0,0,0,0,0
02,120252456026130428,ACTIVE,100,0,0,0,0,0,0,0
02,120252456048800428,ACTIVE,100,0,0,0,0,0,0,0
02,120252456065480428,ACTIVE,100,0,0,0,0,0,0,0
02,120248375140970126,ACTIVE,80,0,0,0,0,0,0,0
02,120248375140750126,ACTIVE,80,0,0,0,0,0,0,0
02,120247305373950477,ACTIVE,100,0,0,0,0,0,0,0
02,120248375058900126,ACTIVE,80,0,0,0,0,0,0,0
02,120248375058840126,ACTIVE,80,0,0,0,0,0,0,0
02,120246572543060470,ACTIVE,10,0,0,0,0,0,0,0
02,120246572543100470,ACTIVE,10,0,0,0,0,0,0,0
02,120246572543260470,ACTIVE,10,0,0,0,0,0,0,0
02,120246572543520470,ACTIVE,10,0,0,0,0,0,0,0
02,120246572682470470,ACTIVE,10,0,0,0,0,0,0,0
02,120246572682530470,ACTIVE,10,0,0,0,0,0,0,0
02,120246572682580470,ACTIVE,10,0,0,0,0,0,0,0
02,120246572686120470,ACTIVE,10,0,0,0,0,0,0,0
02,23857273625870790,PAUSED,80,0,0,0,0,0,0,0
02,23857273625890790,PAUSED,80,0,0,0,0,0,0,0
02,23857273693370790,PAUSED,80,0,0,0,0,0,0,0
02,23857273693470790,PAUSED,80,0,0,0,0,0,0,0
02,23857273743180790,PAUSED,80,0,0,0,0,0,0,0
02,23857273743220790,PAUSED,80,0,0,0,0,0,0,0
02,23857273780170790,PAUSED,80,0,0,0,0,0,0,0
02,23857273780210790,PAUSED,80,0,0,0,0,0,0,0
02,120247925267780303,PAUSED,40,0,0,0,2,0,0,0
02,120246818759010303,PAUSED,68,0,0,0,0,0,0,0
02,120247802943620389,PAUSED,100,0,0,0,3,0,0,0
02,120246832758790677,ACTIVE,100,0,0,0,0,0,0,0
02,120246832874220677,ACTIVE,100,0,0,0,0,0,0,0
02,120247753470700509,ACTIVE,100,0,0,0,0,0,0,0
02,120247753470650509,ACTIVE,100,0,0,0,0,0,0,0
02,120247753274730509,ACTIVE,100,0,0,0,0,0,0,0
02,120247753274550509,ACTIVE,100,0,0,0,0,0,0,0
02,120247703837660043,ACTIVE,80,0,0,0,0,0,0,0
02,120247689188200509,PAUSED,100,0,0,0,0,0,0,0
02,120247304846180477,PAUSED,100,0,0,0,0,0,0,0
02,120247304965600477,ACTIVE,100,0,0,0,0,0,0,0
02,120247305156670477,PAUSED,100,0,0,0,0,0,0,0
02,120247305313150477,ACTIVE,100,0,0,0,0,0,0,0
02,120249861202960589,ACTIVE,100,0,0,0,0,0,0,0
02,120244761352230455,PAUSED,935,0,0,0,2,0,0,0
02,120249861203050589,ACTIVE,100,0,0,0,0,0,0,0
02,120249710111960725,ACTIVE,100,0,0,0,0,0,0,0
02,120249710071650725,ACTIVE,100,0,0,0,0,0,0,0
02,120249710029060725,ACTIVE,100,0,0,0,0,0,0,0
02,120249710028930725,ACTIVE,100,0,0,0,0,0,0,0
02,120249709990830725,ACTIVE,100,0,0,0,0,0,0,0
02,120249709740990725,ACTIVE,100,0,0,0,0,0,0,0
02,120249709637780725,ACTIVE,100,0,0,0,0,0,0,0
02,120250410852360019,ACTIVE,30,0,0,0,0,0,0,0
02,120250410852400019,ACTIVE,30,0,0,0,0,0,0,0
02,120250410919590019,ACTIVE,30,0,0,0,0,0,0,0
02,120250410919750019,ACTIVE,30,0,0,0,0,0,0,0
02,120249709637170725,ACTIVE,100,0,0,0,0,0,0,0
02,120250429792780057,ACTIVE,100,0,0,0,0,0,0,0
02,120244761582650436,PAUSED,500,0,0,0,4,0,0,0
02,120244824816070686,PAUSED,80,0,0,0,1,0,0,0
02,120250561962970577,ACTIVE,100,0,0,0,0,0,0,0
