hh,campaign_id,status,budget,spent,impressions,clicks,views,checkout,purchase,rev
00,120245878024160146,ACTIVE,326,13.75,541,18,21,0,0,0
00,120246457864390686,ACTIVE,353,13.52,101,5,4,0,0,0
00,120249286008110751,ACTIVE,229,12.02,257,8,9,2,2,66.95
00,120245031811820436,ACTIVE,1050,10.13,409,9,12,0,0,0
00,120245837898990436,ACTIVE,924,9.39,362,9,10,0,0,0
00,120250857934900725,ACTIVE,1500,8.59,234,4,9,0,0,0
00,120250251299630389,ACTIVE,74,6.98,114,4,6,0,0,0
00,120249855268710455,ACTIVE,1554,6.68,154,0,1,0,0,0
00,120245815157520129,ACTIVE,270,6.62,109,6,8,1,0,0
00,120247384368960172,ACTIVE,850,6.43,79,1,2,0,0,0
00,120250296535810100,ACTIVE,565,6.32,136,2,3,0,0,0
00,120250251299600389,ACTIVE,74,6.21,97,3,2,0,0,0
00,120245514271740065,ACTIVE,370,6.14,33,2,2,0,1,31.98
00,120244270293390320,ACTIVE,700,5.94,148,4,7,0,0,0
00,120245557729330686,ACTIVE,195,5.93,65,1,3,0,0,0
00,120249897412970455,ACTIVE,479,5.87,101,5,7,1,1,60.41
00,120251396286540589,ACTIVE,273,5.61,10,0,0,0,0,0
00,120246729148030125,ACTIVE,1050,5.38,120,1,1,1,0,0
00,120248665770500629,ACTIVE,300,5.21,64,3,2,0,0,0
00,120251280416620589,ACTIVE,874,5.2,127,3,3,2,0,0
00,120245481989440065,ACTIVE,483,5.03,122,2,3,1,1,31.98
00,120248764599250589,ACTIVE,754,4.89,68,1,1,0,0,0
00,120245878022610146,ACTIVE,500,4.84,201,6,9,0,0,0
00,120249286008100751,ACTIVE,389,4.83,177,2,5,1,1,25.970000000000002
00,120247380153090677,ACTIVE,340,4.81,162,3,4,1,1,70.02
00,120248855168720455,ACTIVE,916,4.65,82,2,3,0,0,0
00,120241066464020065,ACTIVE,984,4.57,186,1,2,0,0,0
00,120248857694860291,ACTIVE,800,4.54,57,3,6,0,0,0
00,120247205366420177,ACTIVE,475,4.47,40,3,4,0,0,0
00,120248810047820509,ACTIVE,800,4.47,98,4,4,0,0,0
00,120249350342560751,ACTIVE,80,4.45,76,0,0,0,0,0
00,120246243213280686,ACTIVE,802,4.22,80,2,4,0,0,0
00,120252043483350057,ACTIVE,330,4.05,19,0,0,0,0,0
00,120252669244990404,ACTIVE,496,4.02,40,0,1,0,0,0
00,120249651103010642,ACTIVE,126,3.98,32,2,2,1,0,0
00,120245873479890146,ACTIVE,359,3.95,145,2,2,0,0,0
00,120249798276470455,ACTIVE,686,3.95,127,1,2,0,0,0
00,120248377192890629,ACTIVE,100,3.92,244,0,1,0,0,0
00,120248503550720175,ACTIVE,778,3.91,82,0,0,0,0,0
00,120249796843930455,ACTIVE,701,3.63,110,2,4,0,0,0
00,120250857934870725,ACTIVE,500,3.54,65,2,2,2,1,86.55000000000001
00,120249786479970065,ACTIVE,385,3.48,63,2,5,2,1,31.98
00,120249133489610303,ACTIVE,200,3.43,52,5,6,1,1,68.93
00,120248854598290455,ACTIVE,375,3.34,65,1,1,0,0,0
00,120249737694570455,ACTIVE,588,3.24,55,1,1,0,0,0
00,120249973654180455,ACTIVE,606,3.2,52,2,1,0,0,0
00,120251951063460769,ACTIVE,80,3.17,48,1,1,0,0,0
00,120249497633180126,ACTIVE,205,3.13,43,3,4,1,1,29.98
00,120248947548510509,ACTIVE,80,3.12,49,1,0,0,0,0
00,120249525301790564,ACTIVE,500,3.08,88,1,1,0,0,0
00,120249676548660425,ACTIVE,354,3.02,47,0,0,0,0,0
00,120253509292830054,ACTIVE,134,2.96,36,3,4,0,0,0
00,120248665448330629,ACTIVE,300,2.91,50,1,2,0,0,0
00,120248464770270509,ACTIVE,500,2.87,68,2,2,0,0,0
00,120246865117370320,ACTIVE,300,2.82,78,0,1,0,0,0
00,120248918373480509,ACTIVE,200,2.76,66,3,4,1,0,0
00,120247065534800133,ACTIVE,180,2.72,30,0,0,0,0,0
00,120250148796800065,ACTIVE,671,2.72,53,1,1,0,0,0
00,120246983939560320,ACTIVE,360,2.71,50,1,1,0,0,0
00,120247498522010172,ACTIVE,400,2.65,32,0,1,0,0,0
00,120247607295610752,ACTIVE,343,2.63,45,2,2,1,0,0
00,120244418309490436,ACTIVE,629,2.62,111,1,2,0,0,0
00,120252444275150368,ACTIVE,300,2.61,62,0,1,0,0,0
00,120246505926190686,ACTIVE,188,2.6,30,1,2,0,0,0
00,120242301213170065,ACTIVE,435,2.56,87,0,0,0,0,0
00,120253717968900054,ACTIVE,562,2.54,22,1,1,0,0,0
00,120249545398570642,ACTIVE,383,2.47,51,1,2,1,1,65.95
00,120247139480370564,ACTIVE,300,2.45,93,2,2,0,0,0
00,120252522112930368,ACTIVE,420,2.45,69,1,3,0,0,0
00,120247824573220241,ACTIVE,357,2.43,113,3,3,0,0,0
00,120244813077130146,ACTIVE,501,2.34,39,4,2,1,0,0
00,120248630524990629,ACTIVE,300,2.34,93,2,4,1,0,0
00,120246260582710436,ACTIVE,290,2.3,62,1,0,0,0,0
00,120251165323110127,ACTIVE,100,2.29,23,1,1,0,0,0
00,120246652396390686,ACTIVE,278,2.28,23,0,2,1,0,0
00,120248927739830303,ACTIVE,300,2.24,39,3,2,0,0,0
00,120247974902740032,ACTIVE,100,2.24,45,2,1,0,0,0
00,120248503550700175,ACTIVE,988,2.24,156,6,6,0,0,0
00,120248361160970477,ACTIVE,200,2.23,29,1,1,0,0,0
00,120250249523830065,ACTIVE,80,2.23,10,0,0,0,0,0
00,120249999663760100,ACTIVE,560,2.22,102,1,2,0,0,0
00,120247945168280241,ACTIVE,100,2.19,64,2,2,0,0,0
00,120248795700600477,ACTIVE,88,2.18,23,1,2,0,0,0
00,120249651102950642,ACTIVE,126,2.15,35,0,0,0,0,0
00,120250353178530351,ACTIVE,80,2.12,135,2,2,0,0,0
00,120253587305330054,ACTIVE,199,2.11,23,1,1,0,0,0
00,120250598502330229,ACTIVE,273,2.11,43,0,2,0,0,0
00,120248827166370214,ACTIVE,170,2.1,12,1,1,1,0,0
00,120247452717980533,ACTIVE,120,2.1,42,2,2,0,0,0
00,120245872066930146,ACTIVE,421,2.09,29,1,1,1,0,0
00,120249535727510116,ACTIVE,420,2.05,36,1,1,0,0,0
00,120245640145600146,ACTIVE,1012,1.94,91,2,2,1,0,0
00,120245906371410129,ACTIVE,270,1.92,44,1,1,0,0,0
00,120249285560020695,ACTIVE,200,1.88,104,2,2,0,0,0
00,120249231443520389,ACTIVE,223,1.85,63,0,0,0,0,0
00,120249709181720425,ACTIVE,379,1.84,50,1,1,0,0,0
00,120245890874640129,ACTIVE,270,1.83,71,2,3,1,1,68.22
00,120248092609360674,ACTIVE,200,1.82,21,0,0,0,0,0
00,120248829718500214,ACTIVE,50,1.82,53,2,2,0,0,0
00,120247932007700707,ACTIVE,260,1.8,32,2,2,1,0,0
00,120248452492430509,ACTIVE,300,1.8,55,1,1,0,0,0
00,120248999993570090,ACTIVE,178,1.8,26,0,0,0,0,0
00,120246229820550436,ACTIVE,274,1.76,90,1,2,0,0,0
00,120241671273870455,ACTIVE,100,1.74,20,0,0,0,0,0
00,120247583319740586,ACTIVE,100,1.73,33,0,1,1,0,0
00,120250333032760695,ACTIVE,80,1.73,45,1,1,0,0,0
00,120250036356910725,ACTIVE,500,1.72,51,1,2,1,1,28.98
00,120245972443720177,ACTIVE,243,1.71,41,2,2,0,0,0
00,120250106811500168,ACTIVE,200,1.71,31,1,1,1,1,82.47
00,120254995038120211,ACTIVE,300,1.71,32,0,0,0,0,0
00,23858726941040799,ACTIVE,80,1.69,16,0,1,0,0,0
00,120249651027540642,ACTIVE,100,1.68,4,0,0,0,0,0
00,120247945168270241,ACTIVE,100,1.65,47,1,1,0,0,0
00,120248635320580629,ACTIVE,150,1.65,35,1,2,0,0,0
00,120250249523140065,ACTIVE,100,1.62,31,0,0,0,0,0
00,120247420555310752,ACTIVE,100,1.62,27,0,0,0,0,0
00,120248387124610175,ACTIVE,470,1.53,45,0,0,0,0,0
00,120249232068930561,ACTIVE,300,1.53,25,0,0,0,0,0
00,120245917148250146,ACTIVE,100,1.53,35,0,1,0,0,0
00,120250489914960351,ACTIVE,80,1.52,56,0,0,0,0,0
00,120251035065680725,ACTIVE,100,1.5,24,1,1,0,0,0
00,120249325186790389,ACTIVE,277,1.5,56,3,3,1,0,0
00,120248338624550629,ACTIVE,100,1.49,31,1,1,0,0,0
00,120247097620200630,ACTIVE,200,1.47,47,1,1,0,0,0
00,120251662445930577,ACTIVE,180,1.47,33,1,0,0,0,0
00,120249403468300642,ACTIVE,200,1.45,25,1,1,0,0,0
00,120248124805050097,ACTIVE,188,1.45,50,0,0,0,0,0
00,120249793088660168,ACTIVE,200,1.44,24,1,1,0,0,0
00,120246901356650172,ACTIVE,200,1.44,14,0,0,0,0,0
00,120248563890830642,ACTIVE,393,1.44,40,1,2,0,0,0
00,120249118466570708,ACTIVE,225,1.42,22,0,0,0,0,0
00,120247284992210533,ACTIVE,168,1.41,58,1,2,0,0,0
00,120250083020120152,ACTIVE,170,1.38,14,0,0,0,0,0
00,120250456533180116,ACTIVE,250,1.37,11,1,0,0,0,0
00,120252570211110651,ACTIVE,100,1.36,32,1,1,0,0,0
00,120249951788570544,ACTIVE,80,1.35,15,0,0,0,0,0
00,120248632311170629,ACTIVE,100,1.35,23,1,2,0,0,0
00,120248926854510090,ACTIVE,243,1.35,40,0,2,0,0,0
00,120246729148090125,ACTIVE,274,1.34,24,1,3,0,0,0
00,120247954673320320,ACTIVE,100,1.33,40,1,1,0,0,0
00,120247195829930630,ACTIVE,130,1.33,11,1,1,1,1,29.979999999999997
00,120247924205270214,ACTIVE,100,1.32,19,2,2,1,1,22.98
00,120250528241360229,ACTIVE,116,1.32,47,1,2,0,0,0
00,120245906396800436,ACTIVE,290,1.32,86,4,4,0,0,0
00,120245262034660146,ACTIVE,368,1.32,30,0,0,0,0,0
00,120249712874620564,ACTIVE,200,1.31,35,1,1,0,0,0
00,120248935062690126,ACTIVE,100,1.31,14,0,0,0,0,0
00,120247763073680707,ACTIVE,100,1.3,13,0,0,0,0,0
00,120249135138590389,ACTIVE,208,1.3,32,1,1,0,0,0
00,120252664163220722,ACTIVE,100,1.3,30,2,2,0,0,0
00,120249911570800469,ACTIVE,200,1.28,28,0,2,0,0,0
00,120248734649170175,ACTIVE,445,1.28,42,1,0,0,0,0
00,120249484643470425,ACTIVE,146,1.28,13,1,1,0,0,0
00,120250106786950168,ACTIVE,200,1.27,28,0,0,0,0,0
00,120245539332330436,ACTIVE,136,1.26,60,1,1,0,0,0
00,120248600846420453,ACTIVE,80,1.25,13,1,1,0,0,0
00,23858457619370799,ACTIVE,150,1.24,11,0,0,0,0,0
00,120248581577260549,ACTIVE,50,1.24,15,0,0,0,0,0
00,120248946565540509,ACTIVE,232,1.23,26,0,1,0,0,0
00,120248600846450453,ACTIVE,80,1.23,12,1,1,0,0,0
00,120250466943310577,ACTIVE,102,1.22,10,2,1,1,1,28.979999999999997
00,120249100983530561,ACTIVE,500,1.21,23,2,3,0,0,0
00,120244794017770320,ACTIVE,120,1.19,54,2,1,0,0,0
00,120249708537480561,ACTIVE,151,1.18,31,0,0,0,0,0
00,120247412164970172,ACTIVE,300,1.18,16,0,1,0,0,0
00,120246710213410090,ACTIVE,552,1.17,24,0,0,0,0,0
00,120248632978360629,ACTIVE,100,1.16,20,0,0,0,0,0
00,120249253674880462,ACTIVE,135,1.15,21,0,0,0,0,0
00,120250789469770586,ACTIVE,100,1.14,18,3,3,0,1,30.169999999999998
00,120250256038220065,ACTIVE,100,1.14,29,0,0,0,0,0
00,120248875341950509,ACTIVE,300,1.13,46,0,0,0,0,0
00,120250256919830065,ACTIVE,200,1.13,46,1,0,0,0,0
00,120250285289280319,ACTIVE,200,1.12,45,1,2,0,0,0
00,120247751879690032,ACTIVE,428,1.12,29,1,1,0,0,0
00,120251403939070589,ACTIVE,229,1.12,8,0,1,0,0,0
00,120250057126690389,ACTIVE,210,1.11,36,1,3,0,0,0
00,120245306349070462,ACTIVE,300,1.11,22,3,3,0,0,0
00,120239930892250650,ACTIVE,500,1.11,10,1,2,0,1,86.76
00,120251839629150577,ACTIVE,210,1.09,48,1,1,0,0,0
00,120250249668660065,ACTIVE,157,1.08,9,0,0,0,0,0
00,120246100871360533,ACTIVE,208,1.08,51,3,4,1,1,24.98
00,120244924434950146,ACTIVE,185,1.07,26,0,0,0,0,0
00,120247555246170650,ACTIVE,150,1.05,19,1,1,1,0,0
00,120246299672740751,ACTIVE,1300,1.05,19,0,2,0,0,0
00,120248734649100175,ACTIVE,445,1.04,54,1,2,0,0,0
00,120249700925490126,ACTIVE,87,1.04,5,0,0,0,0,0
00,120250164409580065,ACTIVE,245,1.04,13,0,1,1,1,53.220000000000006
00,120248602054980453,ACTIVE,80,1.03,5,0,0,0,0,0
00,120259589623590586,ACTIVE,231,1.02,25,0,0,0,0,0
00,120249728773790126,ACTIVE,88,1,13,0,1,0,0,0
00,120249847095210561,ACTIVE,405,1,25,0,0,0,0,0
00,120250078709950152,ACTIVE,200,1,28,0,0,0,0,0
00,120248782039160175,ACTIVE,90,0.99,21,0,1,0,0,0
00,120247567940750752,ACTIVE,100,0.99,18,0,0,0,0,0
00,120251951128170769,ACTIVE,80,0.99,17,1,1,0,0,0
00,120250908107470725,ACTIVE,100,0.98,42,2,2,0,0,0
00,120247921953050677,ACTIVE,100,0.97,23,0,0,0,0,0
00,120250989489220725,ACTIVE,100,0.96,8,0,0,0,0,0
00,120247955442930320,ACTIVE,261,0.96,64,1,1,0,0,0
00,120250462132310116,ACTIVE,250,0.96,17,0,0,0,0,0
00,120249951700850455,ACTIVE,100,0.96,2,0,0,0,0,0
00,120244771837290544,ACTIVE,130,0.95,18,0,1,0,0,0
00,120246178929760752,ACTIVE,100,0.95,16,0,0,0,0,0
00,120251628891720577,ACTIVE,102,0.94,26,0,0,0,0,0
00,120246266385280436,ACTIVE,173,0.93,36,0,0,0,0,0
00,120244761869100436,ACTIVE,199,0.93,65,0,1,0,0,0
00,120245263261150146,ACTIVE,100,0.93,17,0,1,0,0,0
00,120245917148280146,ACTIVE,100,0.92,39,1,0,0,0,0
00,120249461012860564,ACTIVE,200,0.91,24,0,0,0,0,0
00,120244349823030686,ACTIVE,422,0.91,13,0,0,0,0,0
00,120250249763860065,ACTIVE,176,0.91,21,1,1,0,0,0
00,120251109241560577,ACTIVE,102,0.9,21,2,2,0,0,0
00,120250251254290065,ACTIVE,80,0.9,19,0,1,0,0,0
00,120245218353240788,ACTIVE,200,0.88,32,0,0,0,0,0
00,120250148796840065,ACTIVE,172,0.88,14,2,1,0,0,0
00,120248794643770214,ACTIVE,200,0.87,20,0,0,1,1,46.72
00,120251070317250589,ACTIVE,337,0.86,13,0,0,0,0,0
00,120247921951240677,ACTIVE,100,0.85,25,0,0,0,0,0
00,120246253656250788,ACTIVE,200,0.85,15,0,0,0,0,0
00,120246457583950686,ACTIVE,550,0.84,13,0,1,0,0,0
00,120250376646100695,ACTIVE,80,0.84,21,0,0,0,0,0
00,120250796170080100,ACTIVE,500,0.84,11,0,0,0,0,0
00,120250877852440057,ACTIVE,330,0.84,15,1,0,0,0,0
00,120247066173290752,ACTIVE,100,0.84,36,1,1,0,0,0
00,120250016606030152,ACTIVE,200,0.84,32,0,1,0,0,0
00,120245866287660146,ACTIVE,175,0.84,28,0,1,0,0,0
00,120249667449910126,ACTIVE,300,0.84,13,0,0,0,0,0
00,120246919904290533,ACTIVE,102,0.83,31,0,0,0,0,0
00,120247524529490752,ACTIVE,242,0.82,19,2,2,0,0,0
00,120247845600680470,ACTIVE,100,0.81,5,0,0,0,0,0
00,120253041846750709,ACTIVE,80,0.8,7,1,1,0,0,0
00,120248967678300303,ACTIVE,200,0.79,7,0,0,0,0,0
00,120252565997380368,ACTIVE,224,0.79,30,0,0,0,0,0
00,120248022515110097,ACTIVE,196,0.79,20,0,2,0,0,0
00,120246526841640436,ACTIVE,120,0.79,30,1,2,0,0,0
00,120251149624600589,ACTIVE,150,0.78,16,0,0,0,0,0
00,120248609231900509,ACTIVE,200,0.78,16,0,0,0,0,0
00,120248850201850065,ACTIVE,214,0.77,19,0,1,0,0,0
00,120250164409520065,ACTIVE,263,0.76,15,0,0,0,0,0
00,120249937881250455,ACTIVE,295,0.76,28,0,0,0,0,0
00,120251404027600589,ACTIVE,267,0.75,4,0,0,0,0,0
00,120249937881090455,ACTIVE,137,0.74,20,1,1,0,0,0
00,120251664479240174,ACTIVE,100,0.74,16,1,1,0,0,0
00,120245334049540065,ACTIVE,265,0.74,9,0,1,0,0,0
00,120247120200010780,ACTIVE,120,0.73,7,1,1,0,0,0
00,120249379390070462,ACTIVE,100,0.72,3,0,0,0,0,0
00,120251436424170589,ACTIVE,98,0.72,7,0,0,0,0,0
00,120249769158350469,ACTIVE,80,0.72,20,0,0,0,0,0
00,23858653837560790,ACTIVE,80,0.72,78,0,0,0,0,0
00,120248794643800214,ACTIVE,135,0.72,21,1,1,1,0,0
00,120248800044910751,ACTIVE,1400,0.71,27,0,0,0,0,0
00,120247530616290752,PAUSED,300,0.7,22,0,0,0,0,0
00,120247902669740320,ACTIVE,169,0.69,17,0,0,0,0,0
00,120247753430830320,ACTIVE,100,0.68,32,0,2,0,0,0
00,120250629224620319,ACTIVE,120,0.67,15,0,0,1,1,64.19
00,120249238447180751,ACTIVE,50,0.67,9,2,2,0,0,0
00,120247680102270175,ACTIVE,455,0.67,34,2,3,2,2,83.86
00,120248574839550695,ACTIVE,100,0.67,29,0,1,0,0,0
00,120248067590750032,ACTIVE,78,0.66,31,0,0,0,0,0
00,120255025421590211,ACTIVE,135,0.66,9,1,1,0,0,0
00,120251949511390769,ACTIVE,80,0.66,17,1,1,0,0,0
00,120251396308690589,ACTIVE,97,0.65,10,0,0,0,0,0
00,120250624117300100,ACTIVE,330,0.64,16,0,0,0,0,0
00,120250943649020725,ACTIVE,100,0.64,22,1,2,0,0,0
00,120249855268630455,ACTIVE,247,0.64,11,1,1,0,0,0
00,120251071122160319,ACTIVE,120,0.64,8,0,0,0,0,0
00,120247317325280533,ACTIVE,102,0.63,28,1,1,1,0,0
00,120249481659380561,ACTIVE,180,0.63,13,1,1,0,0,0
00,120252701670790651,ACTIVE,80,0.63,9,0,0,0,0,0
00,120250079118560152,ACTIVE,100,0.63,9,0,0,0,0,0
00,120248602054940453,ACTIVE,80,0.62,5,0,0,0,0,0
00,120250796171200100,ACTIVE,433,0.62,21,0,0,0,0,0
00,120248581577290549,ACTIVE,85,0.62,5,0,0,0,0,0
00,120245878023330146,ACTIVE,167,0.61,24,0,0,0,0,0
00,120250251197330065,ACTIVE,154,0.61,10,0,1,0,0,0
00,120249875325910544,ACTIVE,150,0.61,28,0,0,0,0,0
00,120249545895050561,ACTIVE,200,0.61,52,1,0,0,0,0
00,120247917740500241,ACTIVE,240,0.61,17,1,1,0,0,0
00,120250195901560065,ACTIVE,151,0.6,16,0,0,0,0,0
00,120249523562880116,ACTIVE,212,0.6,9,1,0,0,0,0
00,120247916304550320,ACTIVE,100,0.6,23,0,1,0,0,0
00,120250386246260695,ACTIVE,100,0.59,27,1,1,0,0,0
00,120247866597170389,ACTIVE,102,0.59,8,0,0,0,0,0
00,120247653059200586,ACTIVE,100,0.58,14,2,0,0,0,0
00,120250660044160100,ACTIVE,299,0.58,36,0,1,0,0,0
00,120235701428400210,ACTIVE,180,0.58,11,0,0,0,0,0
00,120249253674820462,ACTIVE,200,0.57,15,0,0,0,0,0
00,120248526805630175,ACTIVE,225,0.57,11,0,2,0,0,0
00,120250303575820065,ACTIVE,100,0.55,17,0,0,0,0,0
00,120250195901640065,ACTIVE,100,0.55,7,1,1,0,0,0
00,120249474155700642,ACTIVE,100,0.55,14,0,0,0,0,0
00,120248714827930006,ACTIVE,80,0.55,14,0,1,0,0,0
00,120250528464240431,ACTIVE,80,0.55,18,1,0,0,0,0
00,120251047356610589,ACTIVE,182,0.54,13,1,1,0,0,0
00,120252741548160651,ACTIVE,20,0.54,6,0,0,0,0,0
00,120259717310200586,ACTIVE,100,0.54,8,0,0,0,0,0
00,120248819229080090,ACTIVE,120,0.54,4,0,0,0,0,0
00,120250649411990351,ACTIVE,80,0.54,14,1,0,0,0,0
00,120247575170500172,ACTIVE,80,0.53,10,0,0,0,0,0
00,120249798254440455,ACTIVE,249,0.53,25,0,0,0,0,0
00,120250832457260100,ACTIVE,87,0.53,6,0,0,0,0,0
00,120248722613960509,ACTIVE,101,0.52,5,0,0,0,0,0
00,120250572410100732,ACTIVE,100,0.52,5,0,0,0,0,0
00,120251742686670577,ACTIVE,150,0.52,15,1,1,0,0,0
00,120249842842440168,ACTIVE,100,0.5,14,0,0,0,0,0
00,120248632386890629,ACTIVE,100,0.49,18,0,0,0,0,0
00,120245942236800686,ACTIVE,582,0.48,5,0,0,0,0,0
00,120248168760260420,ACTIVE,80,0.47,9,0,0,0,0,0
00,120248632299250629,ACTIVE,100,0.47,10,0,0,0,0,0
00,120247940392330320,ACTIVE,100,0.47,35,0,0,0,0,0
00,120250172561130389,ACTIVE,108,0.45,13,1,1,0,0,0
00,120245545452250146,ACTIVE,100,0.45,7,0,0,0,0,0
00,120246506094720686,ACTIVE,627,0.44,2,0,0,0,0,0
00,120248124805170097,ACTIVE,150,0.44,19,1,2,0,0,0
00,120248782039080175,ACTIVE,90,0.44,18,0,0,0,0,0
00,120247524529550752,ACTIVE,200,0.43,10,0,1,0,0,0
00,120245205078130630,ACTIVE,200,0.42,19,1,1,0,0,0
00,120251799189790279,ACTIVE,80,0.41,4,0,0,0,0,0
00,120245872237150146,ACTIVE,180,0.41,24,0,0,0,0,0
00,120249747361980561,ACTIVE,76,0.41,12,2,1,0,0,0
00,120246526841610436,ACTIVE,120,0.41,30,0,0,0,0,0
00,120247757162930032,ACTIVE,100,0.4,10,1,0,0,0,0
00,120249880780960469,ACTIVE,100,0.4,8,0,0,0,0,0
00,120250289562550065,ACTIVE,131,0.4,3,0,0,0,0,0
00,120247225333460177,ACTIVE,284,0.39,6,1,1,0,0,0
00,120245044044870686,ACTIVE,522,0.39,11,0,0,0,0,0
00,120247644108910241,ACTIVE,100,0.39,26,0,0,0,0,0
00,120250153634770116,ACTIVE,80,0.39,13,0,1,0,0,0
00,120248012098050674,ACTIVE,120,0.39,4,0,0,0,0,0
00,120239206782380175,ACTIVE,100,0.38,14,0,2,0,0,0
00,120247916304580320,ACTIVE,100,0.38,25,1,0,0,0,0
00,120247756760140032,ACTIVE,100,0.37,16,1,0,0,0,0
00,120249771350330425,ACTIVE,80,0.37,8,0,0,0,0,0
00,120246180858520686,ACTIVE,541,0.37,4,1,2,0,0,0
00,120251071213050319,ACTIVE,100,0.37,7,1,1,0,0,0
00,120246779794660686,ACTIVE,80,0.37,9,0,1,0,0,0
00,120247498633290172,ACTIVE,100,0.36,6,0,0,0,0,0
00,120247210424610177,ACTIVE,101,0.35,17,1,1,0,0,0
00,120248598576010303,ACTIVE,100,0.35,11,0,0,0,0,0
00,120243276755660065,ACTIVE,118,0.35,10,0,0,0,0,0
00,120250532821700732,ACTIVE,70,0.35,9,0,0,0,0,0
00,120248530207740214,ACTIVE,140,0.34,10,0,0,0,0,0
00,120254898526910012,ACTIVE,80,0.34,19,0,0,0,0,0
00,120249951604820455,ACTIVE,100,0.34,7,0,0,0,0,0
00,120248681187360509,ACTIVE,80,0.34,16,0,0,0,0,0
00,120248866251460043,ACTIVE,200,0.34,6,0,0,0,0,0
00,120245642520350129,ACTIVE,100,0.34,18,0,0,0,0,0
00,120248726902710477,ACTIVE,100,0.34,5,0,0,0,0,0
00,120247219802730780,ACTIVE,80,0.34,9,0,0,0,0,0
00,120249847095270561,ACTIVE,225,0.33,4,0,0,0,0,0
00,120247120232940780,ACTIVE,120,0.33,7,0,0,0,0,0
00,23858750011880799,ACTIVE,80,0.33,7,1,1,0,0,0
00,120246485397990125,ACTIVE,300,0.33,12,0,1,0,0,0
00,120249597992420216,ACTIVE,80,0.32,5,0,1,0,0,0
00,120249265469400303,ACTIVE,50,0.32,5,0,1,1,0,0
00,120248735258120175,ACTIVE,100,0.3,3,0,0,0,0,0
00,120253582875810210,ACTIVE,100,0.3,17,0,0,0,0,0
00,120251838080450019,ACTIVE,50,0.3,9,0,0,0,0,0
00,120249006967110708,ACTIVE,115,0.3,6,0,0,0,0,0
00,120242444643470544,ACTIVE,150,0.3,8,0,1,1,0,0
00,120249325405290389,ACTIVE,101,0.29,12,0,0,0,0,0
00,120250289561860065,ACTIVE,167,0.28,8,0,0,0,0,0
00,120249728773710126,ACTIVE,88,0.28,10,0,0,0,0,0
00,120249891958260561,ACTIVE,80,0.28,14,0,1,0,0,0
00,120247410623640470,ACTIVE,10,0.28,1,0,0,0,0,0
00,120248973154230090,ACTIVE,60,0.27,4,0,0,0,0,0
00,120247917740610241,ACTIVE,100,0.27,10,0,0,0,0,0
00,120251916273140577,ACTIVE,100,0.27,7,1,1,0,0,0
00,120252642974760368,ACTIVE,160,0.26,9,0,0,0,0,0
00,120248678284680175,ACTIVE,268,0.26,7,0,0,0,0,0
00,120249118466650708,ACTIVE,100,0.25,2,0,0,0,0,0
00,120248692777600175,ACTIVE,121,0.25,10,0,0,0,0,0
00,120249921754470561,ACTIVE,90,0.25,7,0,0,0,0,0
00,120253102991860166,ACTIVE,100,0.24,5,0,1,0,0,0
00,120247220117500780,ACTIVE,80,0.24,9,1,1,0,0,0
00,120250637038290229,ACTIVE,62,0.24,1,0,0,0,0,0
00,120248484683390090,ACTIVE,302,0.24,19,0,0,0,0,0
00,6998743229226,ACTIVE,50,0.24,5,0,0,0,0,0
00,120250690839020725,ACTIVE,100,0.24,10,0,0,0,0,0
00,120251995809820769,ACTIVE,100,0.23,3,0,0,0,0,0
00,120253753955930210,ACTIVE,200,0.23,11,0,0,0,0,0
00,120251035065720725,ACTIVE,100,0.23,13,1,1,1,1,86.55
00,120249265469470303,ACTIVE,50,0.23,10,0,0,0,0,0
00,120249766872140425,ACTIVE,100,0.23,3,0,0,0,0,0
00,120249539339830561,ACTIVE,116,0.22,8,0,1,0,0,0
00,120246613655870434,ACTIVE,99,0.22,3,1,1,1,1,60.38999999999999
00,120245516609390788,ACTIVE,200,0.21,9,0,0,0,0,0
00,120248046254160032,ACTIVE,100,0.21,4,0,0,0,0,0
00,120247940392500320,ACTIVE,100,0.21,28,0,0,0,0,0
00,120246098209220686,ACTIVE,259,0.21,7,0,0,0,0,0
00,120246939922390780,ACTIVE,150,0.21,8,1,1,0,0,0
00,120246024108390751,ACTIVE,300,0.2,7,0,0,0,0,0
00,120245596108590129,ACTIVE,130,0.2,14,1,1,0,0,0
00,120249729041270065,ACTIVE,114,0.19,5,0,1,0,0,0
00,120246356000300788,ACTIVE,85,0.19,4,0,1,0,0,0
00,120249796872860455,ACTIVE,104,0.18,2,0,0,0,0,0
00,120248915319350509,ACTIVE,80,0.18,15,1,1,0,0,0
00,120247720693810677,ACTIVE,170,0.18,10,0,0,0,0,0
00,120252598297590166,ACTIVE,100,0.18,4,0,0,0,0,0
00,120249880853160469,ACTIVE,100,0.18,12,0,0,0,0,0
00,120247220001050780,ACTIVE,80,0.18,7,1,1,1,0,0
00,120246362085040788,ACTIVE,100,0.17,5,0,0,0,0,0
00,120250251218160065,ACTIVE,104,0.17,5,0,0,0,0,0
00,120247857435320590,ACTIVE,300,0.17,8,0,0,0,0,0
00,120252765929910427,ACTIVE,64,0.17,8,0,0,0,0,0
00,120247498522100172,ACTIVE,100,0.17,9,0,0,0,0,0
00,120249771350400425,ACTIVE,80,0.17,5,1,1,0,0,0
00,120248765691520175,ACTIVE,112,0.16,6,0,0,0,0,0
00,120250722702450019,ACTIVE,50,0.16,3,1,1,0,0,0
00,120250528185070431,ACTIVE,80,0.16,9,0,0,0,0,0
00,120245866286530146,ACTIVE,167,0.16,15,0,0,0,0,0
00,120247612836940172,ACTIVE,100,0.15,8,0,0,0,0,0
00,120250245426520065,ACTIVE,262,0.15,4,0,0,0,0,0
00,120251073350070725,ACTIVE,100,0.15,3,0,0,0,0,0
00,120248581577230549,ACTIVE,50,0.14,1,0,0,0,0,0
00,120248646453990006,ACTIVE,80,0.14,21,0,1,0,0,0
00,120249687202530455,ACTIVE,100,0.14,5,0,0,0,0,0
00,120252991682490709,ACTIVE,150,0.13,5,0,0,0,0,0
00,120250251254500065,ACTIVE,136,0.13,5,0,0,0,0,0
00,120250940063730319,ACTIVE,120,0.13,4,1,1,0,0,0
00,120249798237250455,ACTIVE,135,0.13,3,0,0,0,0,0
00,120250528464190431,ACTIVE,80,0.13,13,0,0,0,0,0
00,6973002165426,ACTIVE,50,0.13,4,1,1,0,0,0
00,120248012782330065,ACTIVE,212,0.12,8,0,0,0,0,0
00,120248304803400065,ACTIVE,100,0.12,2,0,0,0,0,0
00,120246779794700686,ACTIVE,80,0.12,2,0,0,0,0,0
00,120252664163100722,ACTIVE,150,0.12,14,0,0,0,0,0
00,120245087420500146,ACTIVE,100,0.12,5,0,1,0,0,0
00,120246162660770788,ACTIVE,50,0.11,1,0,0,0,0,0
00,120250251218110065,ACTIVE,80,0.11,5,0,0,0,0,0
00,120250572410180732,ACTIVE,80,0.11,6,0,0,0,0,0
00,120249848308660469,ACTIVE,100,0.11,6,0,1,0,0,0
00,120253612810330210,ACTIVE,100,0.1,6,0,0,0,0,0
00,120249556836150126,ACTIVE,100,0.1,4,0,0,0,0,0
00,120251222131740319,ACTIVE,100,0.1,5,0,0,0,0,0
00,120248539964750462,ACTIVE,100,0.1,6,0,0,0,0,0
00,120251917082830577,ACTIVE,100,0.1,5,0,0,0,0,0
00,120254972636650012,ACTIVE,80,0.1,2,0,0,0,0,0
00,120248767028760175,ACTIVE,100,0.1,5,0,1,0,0,0
00,120246779450410686,ACTIVE,100,0.09,1,0,0,0,0,0
00,120250299563240725,ACTIVE,100,0.09,7,0,0,0,0,0
00,120246715310580686,ACTIVE,370,0.09,3,0,1,0,0,0
00,120251435859650247,ACTIVE,150,0.09,4,0,0,0,0,0
00,120259717187600586,ACTIVE,30,0.09,2,1,0,0,0,0
00,120250761605420365,ACTIVE,115,0.08,1,0,0,0,0,0
00,120251465994660577,ACTIVE,150,0.07,1,0,0,0,0,0
00,120247215908240172,ACTIVE,400,0.07,6,0,0,0,0,0
00,120249616030460561,ACTIVE,224,0.07,12,0,0,0,0,0
00,120248593499490629,ACTIVE,100,0.07,4,0,0,0,0,0
00,120246356046500788,ACTIVE,200,0.06,7,0,1,0,0,0
00,120246471244780065,ACTIVE,100,0.06,4,0,0,0,0,0
00,120247101390620133,ACTIVE,80,0.06,3,0,0,0,0,0
00,120253585833660210,ACTIVE,120,0.06,3,0,0,0,0,0
00,120246299721450751,ACTIVE,195,0.06,2,0,0,0,0,0
00,120251073383310725,ACTIVE,100,0.05,3,0,0,0,0,0
00,120250779739870734,ACTIVE,80,0.05,3,0,0,0,0,0
00,120248665447960629,ACTIVE,100,0.05,4,0,0,0,0,0
00,120251073567510725,ACTIVE,100,0.04,2,0,0,0,0,0
00,120251314406060589,ACTIVE,100,0.04,5,0,0,0,0,0
00,120246779676210686,ACTIVE,100,0.04,2,0,0,0,0,0
00,120251405891810589,ACTIVE,136,0.04,1,0,0,0,0,0
00,120248046686270032,ACTIVE,100,0.04,4,0,0,0,0,0
00,120245681426220129,ACTIVE,100,0.03,3,0,0,0,0,0
00,120252741548210651,ACTIVE,20,0.03,2,0,0,0,0,0
00,120248767076380175,ACTIVE,112,0.03,2,0,0,0,0,0
00,120246346915640686,ACTIVE,257,0.03,1,0,0,0,0,0
00,120250637086040229,ACTIVE,66,0.03,1,0,0,0,0,0
00,23858726940290799,ACTIVE,80,0.03,1,0,0,0,0,0
00,120249563397690389,ACTIVE,105,0.03,1,0,0,0,0,0
00,120248714827980006,ACTIVE,80,0.02,5,0,0,0,0,0
00,120248947080080509,ACTIVE,80,0.02,5,0,0,0,0,0
00,120247498910200172,ACTIVE,100,0.02,3,0,0,0,0,0
00,120247358808150177,ACTIVE,100,0.02,5,0,0,0,0,0
00,120249951700790455,ACTIVE,100,0.02,1,0,0,0,0,0
00,120249902226690561,ACTIVE,80,0.01,1,0,0,0,0,0
00,120251916359060577,ACTIVE,100,0.01,3,0,0,0,0,0
00,120246411339050686,ACTIVE,100,0.01,1,0,0,0,0,0
00,120249672330000126,ACTIVE,100,0.01,1,0,0,0,0,0
00,120247195553610630,ACTIVE,80,0.01,1,0,0,0,0,0
00,120249977413890544,ACTIVE,80,0,0,0,1,0,0,0
00,120248562847560629,PAUSED,100,0,0,0,1,0,0,0
00,120249977413850544,ACTIVE,80,0,0,0,1,0,0,0
00,120253169342360166,ACTIVE,100,0,2,0,0,0,0,0
00,120249977391320544,ACTIVE,80,0,0,0,0,0,0,0
00,120249977391280544,ACTIVE,80,0,0,0,0,0,0,0
00,120252495546580368,PAUSED,98,0,0,0,1,0,0,0
00,120249977382570544,ACTIVE,80,0,0,0,0,0,0,0
00,120252137394980729,ACTIVE,50,0,0,0,0,0,0,0
00,120252137394920729,ACTIVE,50,0,0,0,0,0,0,0
00,120247877968370470,ACTIVE,30,0,0,0,0,0,0,0
00,120248983634890509,ACTIVE,100,0,0,0,0,0,0,0
00,120247877968350470,ACTIVE,30,0,0,0,0,0,0,0
00,120248983634950509,ACTIVE,100,0,0,0,0,0,0,0
00,120250812135090734,ACTIVE,80,0,0,0,0,0,0,0
00,120250637038310229,ACTIVE,123,0,0,0,1,0,0,0
00,120246527837980436,ACTIVE,100,0,0,0,0,0,0,0
00,120248983720490509,ACTIVE,100,0,0,0,0,0,0,0
00,120259754688210586,ACTIVE,30,0,0,0,0,0,0,0
00,120259754688270586,ACTIVE,30,0,0,0,0,0,0,0
00,120259754895620586,ACTIVE,30,0,0,0,0,0,0,0
00,120259754895690586,ACTIVE,30,0,0,0,0,0,0,0
00,120259754966570586,ACTIVE,30,0,0,0,0,0,0,0
00,120259754966640586,ACTIVE,30,0,0,0,0,0,0,0
00,120248983933330509,ACTIVE,100,0,0,0,0,0,0,0
00,120246527838030436,ACTIVE,100,0,0,0,0,0,0,0
00,120250812212400734,ACTIVE,80,0,0,0,0,0,0,0
00,120246845803590125,ACTIVE,80,0,1,0,0,0,0,0
00,120246876986400125,ACTIVE,80,0,0,0,0,0,0,0
00,52514313079030,ACTIVE,50,0,0,0,0,0,0,0
00,120246876992500125,ACTIVE,80,0,0,0,0,0,0,0
00,120247358957950177,ACTIVE,100,0,6,0,1,0,0,0
00,120246876997380125,ACTIVE,80,0,0,0,0,0,0,0
00,120249977431740544,ACTIVE,80,0,0,0,0,0,0,0
00,120249977431380544,ACTIVE,80,0,0,0,0,0,0,0
01,120250857934900725,ACTIVE,1500,30.439999999999998,815,17,20,1,1,68.56
01,120245837898990436,ACTIVE,924,27.28,1082,22,23,3,2,199.44
01,120245878024160146,ACTIVE,326,25.71,1002,39,39,0,0,0
01,120248800044910751,ACTIVE,1400,24.39,645,9,22,2,2,77.94999999999999
01,120245031811820436,ACTIVE,1050,21.74,929,17,22,0,0,0
01,120246652396390686,ACTIVE,278,19.1,168,8,8,3,0,0
01,120246729148030125,ACTIVE,1050,18.73,300,5,12,2,1,97.7
01,120249855268710455,ACTIVE,1554,18.619999999999997,467,3,7,1,0,0
01,120245878022610146,ACTIVE,500,17.81,725,21,31,0,0,0
01,120246457864390686,ACTIVE,353,17.18,159,7,6,1,1,51.22
01,120244270293390320,ACTIVE,700,16.42,430,11,12,0,0,0
01,120250296535810100,ACTIVE,565,16.23,345,8,7,1,0,0
01,120246506094720686,ACTIVE,627,16.22,67,3,7,2,2,153.63
01,120247384368960172,ACTIVE,850,16.1,201,10,10,0,0,0
01,120251280416620589,ACTIVE,874,15.95,405,7,8,3,0,0
01,120241066464020065,ACTIVE,984,15.41,679,7,8,0,0,0
01,120247205366420177,ACTIVE,475,15.36,129,5,6,0,0,0
01,120245873479890146,ACTIVE,359,14.85,552,12,16,0,0,0
01,120245557729330686,ACTIVE,195,13.96,156,7,6,0,0,0
01,120245481989440065,ACTIVE,483,13.73,367,10,9,1,1,31.98
01,120249286008110751,ACTIVE,229,12.79,273,9,10,2,2,66.95
01,120250148796800065,ACTIVE,671,12.71,204,1,7,3,1,73.21
01,120249897412970455,ACTIVE,479,12.3,242,10,12,2,2,120.82000000000001
01,120245514271740065,ACTIVE,370,12.190000000000001,96,4,3,0,1,31.98
01,120248855168720455,ACTIVE,916,12.09,287,11,11,0,0,0
01,120245815157520129,ACTIVE,270,11.07,273,8,11,2,0,0
01,120249796843930455,ACTIVE,701,10.899999999999999,340,11,14,0,0,0
01,120248665770500629,ACTIVE,300,10.620000000000001,143,5,4,0,0,0
01,120242301213170065,ACTIVE,435,10.52,302,2,0,0,0,0
01,120248810047820509,ACTIVE,800,10.44,272,7,9,1,1,34.980000000000004
01,120247380153090677,ACTIVE,340,10.41,382,6,6,1,1,70.02
01,120249798276470455,ACTIVE,686,10.08,348,1,3,0,0,0
01,120245942236800686,ACTIVE,582,10.07,130,1,2,0,0,0
01,120248764599250589,ACTIVE,754,10.04,179,3,3,0,0,0
01,120248503550720175,ACTIVE,325,9.67,217,3,2,0,0,0
01,120249737694570455,ACTIVE,588,9.329999999999998,142,4,2,1,0,0
01,120246715310580686,ACTIVE,370,9.260000000000002,111,4,4,0,0,0
01,120248857694860291,ACTIVE,800,9.21,134,10,11,0,0,0
01,120244349823030686,ACTIVE,422,9.21,159,4,7,0,0,0
01,120249651103010642,ACTIVE,126,9.1,84,4,3,1,0,0
01,120248600846420453,ACTIVE,80,9.08,60,2,3,0,0,0
01,120252669244990404,ACTIVE,496,8.89,97,2,4,0,0,0
01,120250251299630389,ACTIVE,74,8.879999999999999,147,5,7,0,0,0
01,120248602054940453,ACTIVE,80,8.790000000000001,58,2,4,0,0,0
01,120246180858520686,ACTIVE,541,8.78,157,4,5,0,0,0
01,120246457583950686,ACTIVE,550,8.73,129,2,4,0,0,0
01,120252444275150368,ACTIVE,300,8.629999999999999,157,3,4,0,0,0
01,120252043483350057,ACTIVE,330,8.620000000000001,57,5,4,0,0,0
01,120248854598290455,ACTIVE,375,8.56,172,3,2,0,0,0
01,120244418309490436,ACTIVE,629,8.42,340,4,5,0,0,0
01,120248464770270509,ACTIVE,500,8.37,196,5,5,0,0,0
01,120244813077130146,ACTIVE,501,8.22,100,7,4,1,0,0
01,120249977413850544,ACTIVE,80,7.91,105,3,3,2,1,65.91
01,120245640145600146,ACTIVE,1012,7.779999999999999,343,7,10,1,0,0
01,120249728773790126,ACTIVE,88,7.7,60,5,2,1,0,0
01,120249676548660425,ACTIVE,354,7.65,111,2,2,1,0,0
01,120249709181720425,ACTIVE,379,7.56,150,5,5,0,0,0
01,120245890874640129,ACTIVE,270,7.46,253,6,8,1,1,68.22
01,120245906371410129,ACTIVE,270,7.380000000000001,219,8,11,2,1,68.23
01,120246243213280686,ACTIVE,802,7.25,150,2,5,0,0,0
01,120246229820550436,ACTIVE,274,7.23,307,5,6,1,0,0
01,120248795700600477,ACTIVE,88,7.220000000000001,54,2,2,0,0,0
01,120246505926190686,ACTIVE,188,7.22,92,3,3,0,0,0
01,120249525301790564,ACTIVE,500,7.199999999999999,201,3,3,0,0,0
01,120250348875890229,ACTIVE,95,7.140000000000001,367,6,6,0,0,0
01,120248630524990629,ACTIVE,300,7.09,217,7,8,1,0,0
01,120246865117370320,ACTIVE,300,6.99,197,1,4,0,0,0
01,120250251299600389,ACTIVE,74,6.99,123,3,2,0,0,0
01,120249977391320544,ACTIVE,80,6.92,98,1,1,0,0,0
01,120248503550700175,ACTIVE,465,6.720000000000001,345,8,10,0,0,0
01,120245044044870686,ACTIVE,522,6.68,117,3,3,0,0,0
01,120248602054980453,ACTIVE,80,6.64,60,1,1,0,0,0
01,120248377192890629,ACTIVE,100,6.63,407,0,2,0,0,0
01,120250857934870725,ACTIVE,500,6.6000000000000005,184,6,8,2,1,86.55000000000001
01,120245284052330686,ACTIVE,219,6.6,109,3,4,1,1,51.22
01,120249786479970065,ACTIVE,385,6.470000000000001,134,6,6,2,1,31.98
01,120246345569010686,ACTIVE,455,6.46,105,2,3,0,0,0
01,120248600846450453,ACTIVE,80,6.45,54,3,3,0,0,0
01,120253587305330054,ACTIVE,199,6.38,96,3,2,0,0,0
01,120251396286540589,ACTIVE,273,6.32,21,2,1,0,0,0
01,120247607295610752,ACTIVE,343,6.29,140,4,5,1,0,0
01,120249728773710126,ACTIVE,88,6.13,60,1,1,0,0,0
01,120247824573220241,ACTIVE,357,6.05,273,5,7,0,0,0
01,120247583319740586,ACTIVE,100,6.04,92,2,6,2,0,0
01,120248697673860629,ACTIVE,130,5.94,84,1,2,2,2,73.9
01,120254995038120211,ACTIVE,300,5.890000000000001,110,2,1,0,0,0
01,120249973654180455,ACTIVE,606,5.84,125,2,2,0,0,0
01,120249535727510116,ACTIVE,420,5.77,112,3,3,1,1,69.72
01,120249651027540642,ACTIVE,100,5.75,77,2,2,0,0,0
01,120249921754470561,ACTIVE,90,5.720000000000001,63,2,2,0,0,0
01,120248665448330629,ACTIVE,300,5.6899999999999995,99,5,6,0,0,0
01,120251436424300589,ACTIVE,98,5.68,90,2,2,1,1,49.52
01,120248714827980006,ACTIVE,80,5.66,110,1,1,0,0,0
01,120249286008100751,ACTIVE,389,5.640000000000001,190,2,5,1,1,25.970000000000002
01,120250528241360229,ACTIVE,116,5.63,158,2,2,0,0,0
01,120250249763860065,ACTIVE,176,5.62,96,1,1,0,0,0
01,120250250795130229,ACTIVE,56,5.62,82,3,6,1,1,89.95
01,120249133489610303,ACTIVE,200,5.61,99,6,8,1,1,68.93
01,120246983939560320,ACTIVE,360,5.529999999999999,128,2,2,1,0,0
01,120249977413890544,ACTIVE,80,5.51,129,2,2,0,0,0
01,120252735765550722,ACTIVE,100,5.51,94,0,0,0,0,0
01,120250624117300100,ACTIVE,330,5.49,59,2,1,1,0,0
01,120248716547630006,ACTIVE,80,5.359999999999999,70,0,1,0,0,0
01,120247945168280241,ACTIVE,100,5.33,130,3,4,0,0,0
01,120248999993570090,ACTIVE,178,5.3100000000000005,55,0,0,0,0,0
01,120248927739830303,ACTIVE,300,5.27,94,5,5,0,0,0
01,120245872066930146,ACTIVE,421,5.25,83,3,4,1,0,0
01,120248697528790629,ACTIVE,100,5.2,57,1,2,0,0,0
01,120249921754410561,ACTIVE,90,5.19,49,1,1,0,0,0
01,120246260582710436,ACTIVE,290,5.18,171,6,4,1,1,68.23
01,120251463274190247,ACTIVE,100,5.17,39,2,3,0,0,0
01,120249497633180126,ACTIVE,205,5.17,74,5,4,1,1,29.98
01,120249545398570642,ACTIVE,383,5.17,132,4,4,1,1,65.95
01,120248926854510090,ACTIVE,243,5.14,113,6,6,1,1,108.81
01,120247498522010172,ACTIVE,400,5.050000000000001,80,0,3,0,0,0
01,120251951063460769,ACTIVE,80,5.04,69,2,2,0,0,0
01,120253509292830054,ACTIVE,134,5.01,80,4,4,0,0,0
01,120249350342560751,ACTIVE,80,5,83,0,0,0,0,0
01,120247097620200630,ACTIVE,200,4.98,111,3,6,0,0,0
01,120250036356910725,ACTIVE,500,4.98,127,3,2,1,1,28.98
01,120247225333420177,ACTIVE,143,4.96,71,1,2,0,0,0
01,120248721133890006,ACTIVE,80,4.93,71,1,1,0,0,0
01,120249231443520389,ACTIVE,223,4.93,172,0,0,1,0,0
01,120251436424170589,ACTIVE,98,4.9,74,2,2,1,1,29.98
01,120248782039160175,ACTIVE,90,4.85,77,3,3,0,0,0
01,120250256919830065,ACTIVE,200,4.84,108,1,0,0,0,0
01,120249285560020695,ACTIVE,200,4.83,241,4,5,0,0,0
01,120249999663760100,ACTIVE,560,4.82,198,4,6,0,0,0
01,120249651102950642,ACTIVE,126,4.779999999999999,103,2,3,0,0,0
01,120244794017770320,ACTIVE,120,4.77,159,3,2,0,0,0
01,120248714827930006,ACTIVE,80,4.73,59,1,2,0,0,0
01,120246779794660686,ACTIVE,80,4.67,57,2,2,0,0,0
01,120245917148250146,ACTIVE,100,4.66,99,2,2,0,0,0
01,120247224088350630,ACTIVE,100,4.6499999999999995,37,1,2,0,0,0
01,120248918373480509,ACTIVE,200,4.5600000000000005,105,3,4,1,0,0
01,120248697673760629,ACTIVE,130,4.54,49,2,3,0,0,0
01,120251463274110247,ACTIVE,100,4.52,33,2,1,0,0,0
01,120248782039080175,ACTIVE,90,4.51,98,0,1,0,0,0
01,120248452492430509,ACTIVE,300,4.48,144,2,3,1,0,0
01,120250877852440057,ACTIVE,330,4.46,43,2,1,0,0,0
01,120248946565540509,ACTIVE,232,4.41,73,3,3,0,0,0
01,120248124805050097,ACTIVE,188,4.41,136,0,1,0,0,0
01,120245906396800436,ACTIVE,290,4.38,234,8,8,0,0,0
01,120248947548510509,ACTIVE,80,4.38,89,2,0,0,0,0
01,120247580154530650,ACTIVE,90,4.37,31,1,1,1,0,0
01,120251109241560577,ACTIVE,102,4.36,73,4,6,1,1,48.17
01,120247139480370564,ACTIVE,300,4.2700000000000005,155,3,3,0,0,0
01,120248716547660006,ACTIVE,80,4.24,61,1,1,0,0,0
01,120249325186790389,ACTIVE,277,4.23,179,6,5,1,0,0
01,120247452717980533,ACTIVE,120,4.21,138,6,5,2,2,66.95
01,120245539332330436,ACTIVE,136,4.16,175,4,4,0,0,0
01,120246037977820686,ACTIVE,424,4.08,111,2,4,1,0,0
01,120252522112930368,ACTIVE,420,4.08,144,4,5,0,0,0
01,120246500280680686,ACTIVE,210,4.07,35,0,0,0,0,0
01,120259543995950586,ACTIVE,100,4.06,48,0,2,0,0,0
01,120251165323110127,ACTIVE,100,4.02,35,1,1,0,0,0
01,120245306349070462,ACTIVE,300,3.99,50,3,3,0,0,0
01,120246779794700686,ACTIVE,80,3.98,61,1,1,1,1,89.95
01,120248983634950509,ACTIVE,100,3.97,47,0,2,0,0,0
01,120251839629150577,ACTIVE,210,3.95,100,2,2,0,0,0
01,120248984219080509,ACTIVE,100,3.95,83,1,5,0,0,0
01,120248875341950509,ACTIVE,300,3.8899999999999997,147,0,1,0,0,0
01,120245917148280146,ACTIVE,100,3.88,130,2,2,0,0,0
01,120252735737120722,ACTIVE,100,3.87,69,0,0,0,0,0
01,120245972443720177,ACTIVE,243,3.87,95,3,3,0,0,0
01,120252664163100722,ACTIVE,150,3.84,97,3,3,1,0,0
01,120249651027570642,ACTIVE,100,3.83,64,1,0,0,0,0
01,120246779676210686,ACTIVE,100,3.8200000000000003,68,1,1,0,0,0
01,120250106811500168,ACTIVE,200,3.82,80,5,3,2,2,144.79999999999998
01,120249100983530561,ACTIVE,500,3.81,69,3,4,0,0,0
01,120250249523140065,ACTIVE,100,3.79,75,1,1,0,0,0
01,120253717968900054,ACTIVE,562,3.79,50,2,3,0,0,0
01,120248734649170175,ACTIVE,225,3.76,119,2,1,1,1,57.9
01,120248697528700629,ACTIVE,100,3.75,41,3,3,1,1,36.949999999999996
01,120248387124610175,ACTIVE,470,3.69,100,0,0,0,0,0
01,120246919904290533,ACTIVE,102,3.68,112,3,3,0,0,0
01,120249911570800469,ACTIVE,100,3.6500000000000004,65,1,5,0,0,0
01,120249977431380544,ACTIVE,80,3.64,70,1,1,0,0,0
01,120246526841610436,ACTIVE,120,3.64,104,4,5,1,0,0
01,120249672330000126,ACTIVE,100,3.63,61,2,1,0,0,0
01,120247555246170650,ACTIVE,150,3.62,43,2,3,1,0,0
01,120248983720490509,ACTIVE,100,3.6199999999999997,69,3,4,0,0,0
01,120246901356650172,ACTIVE,200,3.6,43,0,0,0,0,0
01,120247065534800133,ACTIVE,180,3.56,52,2,1,0,0,0
01,120246710213410090,ACTIVE,552,3.55,65,2,3,0,0,0
01,120248574839550695,ACTIVE,100,3.52,74,0,1,0,0,0
01,120251463178000247,ACTIVE,100,3.5,29,1,1,0,0,0
01,120252735737090722,ACTIVE,100,3.48,79,1,1,0,0,0
01,120250466943310577,ACTIVE,102,3.47,50,2,2,1,1,28.979999999999997
01,120249556836150126,ACTIVE,100,3.45,50,0,0,0,0,0
01,120252735765570722,ACTIVE,100,3.44,59,1,1,0,0,0
01,120247955442930320,ACTIVE,261,3.4299999999999997,184,6,5,0,0,0
01,120250908107470725,ACTIVE,100,3.42,146,3,2,0,0,0
01,120248092609360674,ACTIVE,200,3.41,44,0,0,0,0,0
01,120250789469770586,ACTIVE,100,3.4,75,9,7,0,1,30.169999999999998
01,120247974902740032,ACTIVE,100,3.3800000000000003,73,3,2,0,0,0
01,120246729148090125,ACTIVE,274,3.34,64,4,4,0,0,0
01,120252570211110651,ACTIVE,100,3.34,106,1,1,0,0,0
01,120248983846420509,ACTIVE,100,3.32,77,6,4,1,0,0
01,120248635320580629,ACTIVE,150,3.32,70,1,2,0,0,0
01,120250295766720048,ACTIVE,100,3.32,57,0,0,0,0,0
01,120250353178530351,ACTIVE,80,3.3,230,4,2,0,0,0
01,120250572410100732,ACTIVE,100,3.28,24,0,0,0,0,0
01,120248361160970477,ACTIVE,200,3.28,68,1,1,0,0,0
01,120247524529490752,ACTIVE,242,3.27,62,4,5,0,0,0
01,120244924434950146,ACTIVE,185,3.26,77,1,0,0,0,0
01,120247945168270241,ACTIVE,100,3.23,103,1,1,0,0,0
01,120249793088660168,ACTIVE,200,3.16,66,2,1,0,0,0
01,120241671273870455,ACTIVE,100,3.14,45,2,0,0,0,0
01,120247924205270214,ACTIVE,100,3.14,48,3,3,1,1,22.98
01,120250943649020725,ACTIVE,100,3.13,70,2,3,0,0,0
01,120248827166370214,ACTIVE,170,3.07,28,1,1,1,0,0
01,120248983634890509,ACTIVE,100,3.05,49,4,3,0,0,0
01,120247284992210533,ACTIVE,168,3.04,122,4,4,1,0,0
01,120246299672740751,ACTIVE,1300,3.0300000000000002,50,1,3,0,0,0
01,120246253656250788,ACTIVE,200,3.01,60,3,1,0,0,0
01,120246411339050686,ACTIVE,100,3.01,26,1,1,0,0,0
01,120247932007700707,ACTIVE,260,3,66,3,4,1,0,0
01,120247757162930032,ACTIVE,100,2.98,72,3,2,1,1,58.959999999999994
01,120250057126690389,ACTIVE,210,2.98,119,3,5,0,0,0
01,120249712874620564,ACTIVE,150,2.9299999999999997,99,2,3,0,0,0
01,120246527837980436,ACTIVE,100,2.89,67,0,0,0,0,0
01,120249484643470425,ACTIVE,146,2.89,39,1,1,0,0,0
01,120248067590750032,ACTIVE,78,2.84,84,0,0,0,0,0
01,120250083020120152,ACTIVE,170,2.8,35,0,0,0,0,0
01,120246779450410686,ACTIVE,100,2.77,29,0,0,0,0,0
01,120248850201850065,ACTIVE,214,2.75,48,0,2,0,0,0
01,120242444643470544,ACTIVE,80,2.74,33,0,1,1,0,0
01,120250106786950168,ACTIVE,200,2.7199999999999998,70,1,0,0,0,0
01,120248338624550629,ACTIVE,100,2.71,86,2,1,0,0,0
01,120247412164970172,ACTIVE,300,2.7,44,0,1,0,0,0
01,120251662445930577,ACTIVE,180,2.69,60,4,4,0,0,0
01,120246526841640436,ACTIVE,120,2.67,95,3,3,0,0,0
01,120247317325280533,ACTIVE,102,2.66,100,3,3,1,0,0
01,120247763073680707,ACTIVE,100,2.65,36,0,0,0,0,0
01,120248563890830642,ACTIVE,393,2.6399999999999997,78,2,4,0,0,0
01,120249265469470303,ACTIVE,50,2.63,41,1,1,0,0,0
01,120249951604820455,ACTIVE,100,2.61,43,2,1,0,0,0
01,120248734649100175,ACTIVE,225,2.6,118,2,2,0,0,0
01,120246266385280436,ACTIVE,173,2.5700000000000003,84,0,4,1,0,0
01,120250249523830065,ACTIVE,80,2.5599999999999996,21,0,0,0,0,0
01,120248046254160032,ACTIVE,100,2.55,64,2,2,0,0,0
01,120246100871360533,ACTIVE,208,2.55,102,4,5,1,1,24.98
01,120250456533180116,ACTIVE,250,2.54,48,2,1,0,0,0
01,120250164409520065,ACTIVE,263,2.54,46,2,3,0,0,0
01,120250796171200100,ACTIVE,433,2.5300000000000002,57,0,0,0,0,0
01,120248632299250629,ACTIVE,100,2.5300000000000002,25,0,0,0,0,0
01,120247921951240677,ACTIVE,100,2.52,76,1,1,0,0,0
01,120247954673320320,ACTIVE,100,2.52,76,2,2,1,1,34.07
01,120249403468300642,ACTIVE,200,2.47,47,4,3,0,0,0
01,23858591199930790,ACTIVE,80,2.45,163,0,0,0,0,0
01,120249135138590389,ACTIVE,208,2.45,85,3,2,0,0,0
01,120247917740500241,ACTIVE,240,2.45,59,4,4,0,0,0
01,23858726941040799,ACTIVE,80,2.4400000000000004,22,1,1,0,0,0
01,120250078709950152,ACTIVE,200,2.42,83,0,0,0,0,0
01,120247420555310752,ACTIVE,100,2.42,41,0,1,0,0,0
01,120247916304580320,ACTIVE,100,2.41,85,2,1,0,0,0
01,120252664163220722,ACTIVE,100,2.41,61,2,2,0,0,0
01,120250989489220725,ACTIVE,100,2.4000000000000004,33,2,3,1,1,28.979999999999997
01,120251070317250589,ACTIVE,337,2.38,39,1,2,1,1,49.52
01,120246178929760752,ACTIVE,100,2.37,51,1,1,0,0,0
01,120249977382570544,ACTIVE,80,2.36,70,2,2,0,0,0
01,120251035065680725,ACTIVE,100,2.36,49,1,1,0,0,0
01,120248794643770214,ACTIVE,200,2.36,54,1,1,1,1,46.72
01,120250796170080100,ACTIVE,500,2.3499999999999996,44,3,2,1,0,0
01,120247751879690032,ACTIVE,428,2.34,63,3,3,0,0,0
01,120247225333460177,ACTIVE,284,2.33,23,1,1,0,0,0
01,120249118466570708,ACTIVE,225,2.33,48,0,0,0,0,0
01,120249977431740544,ACTIVE,80,2.3,55,1,1,0,0,0
01,120249325405290389,ACTIVE,101,2.3,59,5,3,0,0,0
01,23858653837560790,ACTIVE,80,2.27,238,0,0,0,0,0
01,120247902669740320,ACTIVE,169,2.26,43,0,0,0,0,0
01,120245218353240788,ACTIVE,200,2.26,56,2,2,0,0,0
01,120251949511390769,ACTIVE,80,2.26,45,2,2,0,0,0
01,120255025421590211,ACTIVE,135,2.23,43,1,1,0,0,0
01,120250761605420365,ACTIVE,80,2.21,13,2,1,0,0,0
01,120250172561130389,ACTIVE,108,2.21,55,2,2,0,0,0
01,120245878023330146,ACTIVE,167,2.19,86,1,2,0,0,0
01,120249937881090455,ACTIVE,137,2.19,65,1,1,0,0,0
01,120246355899960788,ACTIVE,100,2.19,36,1,1,0,0,0
01,120250598502330229,ACTIVE,273,2.19,58,3,3,0,0,0
01,120249798237250455,ACTIVE,135,2.18,15,0,0,0,0,0
01,120250474448880695,ACTIVE,80,2.18,52,0,0,0,0,0
01,120252565997380368,ACTIVE,224,2.16,74,2,2,0,0,0
01,120247066173290752,ACTIVE,100,2.16,75,1,1,0,0,0
01,120250333032760695,ACTIVE,80,2.16,72,1,1,0,0,0
01,120248983933330509,ACTIVE,100,2.15,41,3,3,0,0,0
01,120246652396420686,ACTIVE,169,2.15,30,0,1,0,0,0
01,120250006051320455,ACTIVE,135,2.1399999999999997,56,2,1,0,0,0
01,120249232068930561,ACTIVE,300,2.12,49,1,1,0,0,0
01,120250660044160100,ACTIVE,299,2.1100000000000003,98,2,3,0,0,0
01,120251071122160319,ACTIVE,120,2.11,34,3,2,0,0,0
01,120249461012860564,ACTIVE,100,2.1,58,0,0,0,0,0
01,120248526805630175,ACTIVE,225,2.1,47,1,2,0,0,0
01,23858750011880799,ACTIVE,80,2.1,18,2,3,1,1,65.91
01,120251951128170769,ACTIVE,80,2.09,41,1,1,0,0,0
01,120249855268630455,ACTIVE,247,2.09,40,1,1,0,0,0
01,120250462132310116,ACTIVE,250,2.0700000000000003,43,1,2,0,0,0
01,120245642520350129,ACTIVE,100,2.0700000000000003,98,2,2,1,1,99.72
01,120250256038220065,ACTIVE,100,2.07,64,4,3,0,0,0
01,120249379390070462,ACTIVE,100,2.06,13,0,0,0,0,0
01,120247921953050677,ACTIVE,100,2.05,62,0,0,0,0,0
01,120250376646100695,ACTIVE,80,2.05,42,0,0,0,0,0
01,120252765929910427,ACTIVE,64,2.05,36,0,2,1,0,0
01,120250079118560152,ACTIVE,100,2.04,16,1,1,0,0,0
01,120250289561860065,ACTIVE,167,2.0300000000000002,38,1,1,0,0,0
01,120248794643800214,ACTIVE,135,2.0300000000000002,61,1,2,2,1,49.47
01,120244761869100436,ACTIVE,199,2.02,140,2,2,0,0,0
01,120248124805170097,ACTIVE,150,2.0100000000000002,98,2,2,0,0,0
01,120247756760140032,ACTIVE,100,2.0100000000000002,64,1,1,0,0,0
01,120250386246260695,ACTIVE,100,2.0100000000000002,64,1,1,0,0,0
01,120259754895620586,ACTIVE,30,2,22,0,0,0,0,0
01,120250285289280319,ACTIVE,200,2,93,3,3,0,0,0
01,120250303575820065,ACTIVE,100,1.98,39,0,0,0,0,0
01,120259754688210586,ACTIVE,30,1.97,41,3,4,0,0,0
01,120250164409580065,ACTIVE,245,1.97,48,0,1,1,1,53.220000000000006
01,120247680102270175,ACTIVE,225,1.96,96,2,3,2,2,83.86
01,120250489914960351,ACTIVE,80,1.96,95,1,1,0,0,0
01,120248632311170629,ACTIVE,100,1.9300000000000002,39,1,2,0,0,0
01,120248829718500214,ACTIVE,50,1.9200000000000002,59,3,3,0,0,0
01,120259589623590586,ACTIVE,231,1.91,47,1,2,1,0,0
01,120248012782330065,ACTIVE,212,1.8900000000000001,48,1,1,0,0,0
01,120247220117500780,ACTIVE,80,1.87,21,1,1,0,0,0
01,120245334049540065,ACTIVE,265,1.87,24,0,1,0,0,0
01,120248022515110097,ACTIVE,196,1.87,70,1,2,0,0,0
01,120250016606030152,ACTIVE,200,1.8599999999999999,76,0,1,0,0,0
01,120251664479240174,ACTIVE,100,1.85,40,3,3,0,0,0
01,120248984038000509,ACTIVE,100,1.83,78,2,3,0,0,0
01,120247753430830320,ACTIVE,100,1.8199999999999998,63,1,2,0,0,0
01,120246544819180686,ACTIVE,169,1.81,18,1,1,0,0,0
01,120249708537480561,ACTIVE,151,1.79,54,0,0,0,0,0
01,120247916304550320,ACTIVE,100,1.77,58,2,2,0,0,0
01,120249253674880462,ACTIVE,135,1.74,43,0,0,0,0,0
01,120253582875810210,ACTIVE,100,1.73,49,0,0,0,0,0
01,120252701670790651,ACTIVE,80,1.72,22,0,0,0,0,0
01,120247866597170389,ACTIVE,102,1.71,30,0,2,0,0,0
01,120249951788570544,ACTIVE,80,1.71,29,0,0,0,0,0
01,120250195901560065,ACTIVE,151,1.69,43,2,2,0,0,0
01,120245205078130630,ACTIVE,200,1.6600000000000001,59,2,2,0,0,0
01,120247877968370470,ACTIVE,30,1.66,9,2,2,0,0,0
01,120239930892250650,ACTIVE,500,1.6500000000000001,25,3,5,1,1,86.76
01,120249847095210561,ACTIVE,405,1.6300000000000001,49,0,0,0,0,0
01,120248935062690126,ACTIVE,100,1.6300000000000001,28,0,0,0,0,0
01,120249265469400303,ACTIVE,50,1.63,34,4,3,2,1,42.97
01,120248046686270032,ACTIVE,100,1.63,46,0,0,0,0,0
01,120252642974760368,ACTIVE,160,1.58,57,1,1,0,0,0
01,120249769158350469,ACTIVE,80,1.58,58,0,0,0,0,0
01,120248678284680175,ACTIVE,268,1.5799999999999998,43,0,1,0,0,0
01,120249667449910126,ACTIVE,300,1.57,27,1,2,0,0,0
01,120248632978360629,ACTIVE,100,1.56,39,1,1,1,0,0
01,120248866251460043,ACTIVE,200,1.56,28,3,4,0,0,0
01,120246527838030436,ACTIVE,100,1.55,84,0,1,1,0,0
01,120247720693810677,ACTIVE,170,1.55,52,0,0,0,0,0
01,120246733901990065,ACTIVE,119,1.55,20,0,0,0,0,0
01,120245263261150146,ACTIVE,100,1.5499999999999998,41,2,3,0,0,0
01,120250148796840065,ACTIVE,172,1.53,30,2,1,0,0,0
01,120248646453990006,ACTIVE,80,1.51,116,3,3,0,0,0
01,120249474155700642,ACTIVE,100,1.5,37,2,1,0,0,0
01,120245866287660146,ACTIVE,175,1.5,52,2,2,1,1,75.21000000000001
01,120248598576010303,ACTIVE,100,1.4900000000000002,34,1,1,0,0,0
01,120245596108590129,ACTIVE,130,1.48,97,3,4,0,0,0
01,120250249668660065,ACTIVE,157,1.48,21,0,1,0,0,0
01,120245262034660146,ACTIVE,368,1.48,48,0,0,0,0,0
01,120253041846750709,ACTIVE,80,1.47,21,1,1,0,0,0
01,120250532821700732,ACTIVE,70,1.47,42,1,1,0,0,0
01,120245681426220129,ACTIVE,100,1.47,56,0,0,0,0,0
01,120249545895050561,ACTIVE,200,1.46,104,1,0,0,0,0
01,120248735258120175,ACTIVE,100,1.45,24,0,0,0,0,0
01,120247567940750752,ACTIVE,100,1.4400000000000002,34,0,0,0,0,0
01,23858457619370799,ACTIVE,150,1.44,16,0,0,0,0,0
01,120251628891720577,ACTIVE,102,1.4300000000000002,40,0,1,0,0,0
01,120251404027600589,ACTIVE,267,1.4300000000000002,14,0,0,0,0,0
01,120249937881250455,ACTIVE,295,1.43,64,0,0,0,0,0
01,120250569881980734,ACTIVE,80,1.41,12,0,0,0,0,0
01,120247195829930630,ACTIVE,130,1.4000000000000001,17,1,1,1,1,29.979999999999997
01,120246528222040436,ACTIVE,100,1.4,55,1,0,0,0,0
01,120251403939070589,ACTIVE,229,1.3599999999999999,16,0,1,0,0,0
01,120247845600680470,ACTIVE,100,1.3499999999999999,19,1,1,0,0,0
01,120248632386890629,ACTIVE,100,1.3399999999999999,50,0,0,0,0,0
01,120248581577290549,ACTIVE,85,1.3,16,0,0,0,0,0
01,120249650984250642,ACTIVE,100,1.28,10,0,0,0,0,0
01,120248681187360509,ACTIVE,80,1.28,39,0,0,0,0,0
01,120248609231900509,ACTIVE,200,1.27,33,0,0,0,0,0
01,120244771837290544,ACTIVE,130,1.26,30,1,1,1,0,0
01,120251396308690589,ACTIVE,97,1.26,23,0,0,0,0,0
01,120250153634770116,ACTIVE,80,1.26,36,3,3,0,0,0
01,120248581577260549,ACTIVE,50,1.24,15,0,0,0,0,0
01,120246528253390436,ACTIVE,100,1.22,25,2,1,0,0,0
01,120248692777600175,ACTIVE,121,1.21,37,1,1,0,0,0
01,120243276755660065,ACTIVE,118,1.2000000000000002,31,0,0,0,0,0
01,120250249763030065,ACTIVE,149,1.2,7,0,0,0,0,0
01,120250528185070431,ACTIVE,80,1.19,31,0,1,0,0,0
01,120247940392330320,ACTIVE,100,1.19,77,0,0,0,0,0
01,120248539964750462,ACTIVE,100,1.19,26,0,0,0,0,0
01,120249798254440455,ACTIVE,249,1.17,47,0,1,0,0,0
01,120249700925490126,ACTIVE,87,1.17,21,1,1,0,0,0
01,120246485397990125,ACTIVE,300,1.17,32,1,1,0,0,0
01,120245872237150146,ACTIVE,180,1.17,59,2,1,0,0,0
01,120250637038290229,ACTIVE,62,1.1600000000000001,30,0,0,0,0,0
01,120235701428400210,ACTIVE,180,1.16,27,2,2,0,0,0
01,120249951700850455,ACTIVE,100,1.13,7,0,0,0,0,0
01,120259717310200586,ACTIVE,100,1.12,16,1,1,0,0,0
01,120250006050260455,ACTIVE,135,1.11,36,1,1,0,0,0
01,120250289562550065,ACTIVE,131,1.1,18,0,1,0,0,0
01,120250251254290065,ACTIVE,80,1.1,23,1,1,0,0,0
01,120247575170500172,ACTIVE,80,1.1,22,0,0,0,0,0
01,120251047356610589,ACTIVE,182,1.1,31,1,1,0,0,0
01,120253585833660210,ACTIVE,120,1.1,22,0,1,0,0,0
01,120247612836940172,ACTIVE,100,1.08,14,0,0,0,0,0
01,120247857435320590,ACTIVE,300,1.08,19,1,1,1,1,27.98
01,120248530207740214,ACTIVE,140,1.06,34,0,0,0,0,0
01,120246188701000686,ACTIVE,194,1.04,24,1,2,1,1,51.21
01,120248722613960509,ACTIVE,101,1.03,12,0,0,0,0,0
01,120248726902710477,ACTIVE,100,1.03,17,0,0,0,0,0
01,120250195901640065,ACTIVE,100,1.02,28,1,1,0,0,0
01,120249848308660469,ACTIVE,100,1.02,22,1,1,0,0,0
01,120250299563240725,ACTIVE,100,1.02,42,0,0,0,0,0
01,120253169342360166,ACTIVE,100,1,29,1,1,0,0,0
01,120249847095270561,ACTIVE,225,0.98,17,0,0,0,0,0
01,120247644108910241,ACTIVE,100,0.98,60,1,0,0,0,0
01,120248967678300303,ACTIVE,200,0.98,16,0,0,0,0,0
01,120250251254500065,ACTIVE,136,0.97,22,0,0,0,0,0
01,120250690839020725,ACTIVE,100,0.96,31,0,0,0,0,0
01,120250649411990351,ACTIVE,80,0.96,30,3,2,0,0,0
01,120247358808150177,ACTIVE,100,0.95,15,0,1,0,0,0
01,120247653059200586,ACTIVE,100,0.9299999999999999,25,2,0,0,0,0
01,120248484683390090,ACTIVE,302,0.9299999999999999,46,0,0,0,0,0
01,120248012098050674,ACTIVE,120,0.91,10,1,1,1,0,0
01,120248593499490629,ACTIVE,100,0.91,27,0,0,0,0,0
01,120249880780960469,ACTIVE,100,0.9000000000000001,42,0,0,0,0,0
01,120247524529550752,ACTIVE,200,0.9,24,0,2,0,0,0
01,120250251197330065,ACTIVE,154,0.89,18,0,1,0,0,0
01,120249481659380561,ACTIVE,180,0.8899999999999999,24,1,2,0,0,0
01,120247120200010780,ACTIVE,120,0.8700000000000001,16,1,1,0,0,0
01,120249563397690389,ACTIVE,105,0.87,18,0,0,0,0,0
01,120246346915640686,ACTIVE,257,0.87,11,0,0,0,0,0
01,120247940392500320,ACTIVE,100,0.8600000000000001,81,3,2,0,0,0
01,120250629224620319,ACTIVE,120,0.86,35,0,0,1,1,64.19
01,120249597992420216,ACTIVE,80,0.86,24,1,3,0,0,0
01,120245545452250146,ACTIVE,100,0.86,24,0,0,0,0,0
01,120249771350400425,ACTIVE,80,0.86,13,1,1,0,0,0
01,120249523562880116,ACTIVE,212,0.8500000000000001,20,1,0,0,0,0
01,120251742686670577,ACTIVE,150,0.85,35,3,2,0,0,0
01,120249842842440168,ACTIVE,100,0.8400000000000001,37,0,0,0,0,0
01,120251149624600589,ACTIVE,150,0.8300000000000001,24,0,0,0,0,0
01,120247498522100172,ACTIVE,100,0.8300000000000001,24,1,1,0,0,0
01,120248819229080090,ACTIVE,120,0.83,12,0,0,0,0,0
01,120249253674820462,ACTIVE,200,0.83,26,0,0,0,0,0
01,120247215908240172,ACTIVE,400,0.83,30,0,0,0,0,0
01,120247210424610177,ACTIVE,101,0.83,29,1,1,0,0,0
01,120247120232940780,ACTIVE,120,0.8200000000000001,19,0,0,0,0,0
01,120251035065720725,ACTIVE,100,0.82,52,1,2,1,1,86.55
01,120247498633290172,ACTIVE,100,0.81,23,0,1,0,0,0
01,120249747361980561,ACTIVE,76,0.8,27,3,2,1,1,41.97
01,120248915319350509,ACTIVE,80,0.79,46,1,1,0,0,0
01,120259752181930586,ACTIVE,30,0.79,23,0,0,0,0,0
01,120247219802730780,ACTIVE,80,0.79,21,0,0,0,0,0
01,120249880853160469,ACTIVE,100,0.78,37,1,2,0,0,0
01,120251071213050319,ACTIVE,100,0.76,21,1,1,0,0,0
01,120246356000300788,ACTIVE,85,0.75,23,1,1,0,0,0
01,120245866286530146,ACTIVE,167,0.74,37,0,0,0,0,0
01,120248168760260420,ACTIVE,80,0.74,14,0,0,0,0,0
01,120252741548160651,ACTIVE,20,0.74,9,1,0,0,0,0
01,120250245426520065,ACTIVE,262,0.73,18,0,0,0,0,0
01,120250832457260100,ACTIVE,87,0.73,14,0,0,0,0,0
01,120249875325910544,ACTIVE,150,0.73,40,0,0,0,0,0
01,120250940063730319,ACTIVE,120,0.73,26,3,3,0,0,0
01,120247530616290752,PAUSED,300,0.72,23,0,0,0,0,0
01,120259754895690586,ACTIVE,30,0.72,19,0,0,0,0,0
01,120239206782380175,ACTIVE,100,0.71,32,2,3,0,0,0
01,120252991682490709,ACTIVE,80,0.6900000000000001,28,0,0,0,0,0
01,120251799189790279,ACTIVE,80,0.69,13,0,0,0,0,0
01,120245516609390788,ACTIVE,200,0.6799999999999999,16,0,0,0,0,0
01,120249238447180751,ACTIVE,50,0.67,9,2,2,0,0,0
01,120247946419560677,ACTIVE,100,0.67,11,0,0,0,0,0
01,120249951700790455,ACTIVE,100,0.66,8,0,0,0,0,0
01,120253612810330210,ACTIVE,100,0.65,16,0,0,0,0,0
01,120251435859650247,ACTIVE,100,0.65,17,0,0,0,0,0
01,120246362085040788,ACTIVE,100,0.6499999999999999,24,0,0,0,0,0
01,120250528464240431,ACTIVE,80,0.64,30,1,0,0,0,0
01,120249006967110708,ACTIVE,115,0.63,14,0,0,0,0,0
01,120248581577230549,ACTIVE,50,0.6000000000000001,5,0,0,0,0,0
01,120249539339830561,ACTIVE,116,0.5900000000000001,23,1,1,0,0,0
01,120259754966570586,ACTIVE,30,0.59,27,0,0,0,0,0
01,120253753955930210,ACTIVE,200,0.59,27,1,1,0,0,0
01,120249771350330425,ACTIVE,80,0.59,14,0,0,0,0,0
01,6998743229226,ACTIVE,50,0.5800000000000001,7,0,0,0,0,0
01,120250251218160065,ACTIVE,104,0.5800000000000001,14,0,0,0,0,0
01,120250295821890048,ACTIVE,100,0.58,19,0,0,0,0,0
01,120254898526910012,ACTIVE,80,0.58,40,0,0,0,0,0
01,120251838080450019,ACTIVE,50,0.5700000000000001,16,0,0,0,0,0
01,120248937360630084,ACTIVE,50,0.57,6,0,0,0,0,0
01,120250251218110065,ACTIVE,80,0.56,22,0,0,0,0,0
01,120247410623640470,ACTIVE,10,0.55,2,0,0,0,0,0
01,120246024108390751,ACTIVE,300,0.54,16,0,0,0,0,0
01,120246356046500788,ACTIVE,200,0.53,35,1,2,1,1,65.77000000000001
01,120259752181960586,ACTIVE,30,0.52,20,0,0,0,0,0
01,120245087420500146,ACTIVE,100,0.52,18,0,1,0,0,0
01,6973002165426,ACTIVE,50,0.51,14,1,1,0,0,0
01,120250331984600019,ACTIVE,50,0.51,4,0,0,0,0,0
01,120247224088400630,ACTIVE,100,0.5,6,0,1,0,0,0
01,120249891958260561,ACTIVE,80,0.5,23,1,1,0,0,0
01,120247358957950177,ACTIVE,100,0.5,26,0,1,0,0,0
01,120246613655870434,ACTIVE,99,0.5,6,1,1,1,1,60.38999999999999
01,120259754688270586,ACTIVE,30,0.49,22,0,0,0,0,0
01,120251222131740319,ACTIVE,100,0.49,24,1,1,0,0,0
01,120248973154230090,ACTIVE,60,0.48,10,0,0,0,0,0
01,120250722702450019,ACTIVE,50,0.47000000000000003,11,1,1,0,0,0
01,120249238447210751,ACTIVE,85,0.47,1,0,0,0,0,0
01,120247917740610241,ACTIVE,100,0.47,23,1,1,0,0,0
01,120251465994660577,ACTIVE,150,0.45999999999999996,10,0,0,0,0,0
01,120252598297590166,ACTIVE,100,0.45999999999999996,14,0,0,0,0,0
01,120246471244780065,ACTIVE,100,0.45,25,1,2,0,0,0
01,120249796872860455,ACTIVE,104,0.45,14,0,0,0,0,0
01,120250528464190431,ACTIVE,80,0.45,34,0,0,0,0,0
01,120246939922390780,ACTIVE,150,0.45,26,2,2,0,0,0
01,120246299721450751,ACTIVE,195,0.42,5,0,0,0,0,0
01,120250761605370365,ACTIVE,80,0.41,5,0,0,0,0,0
01,120249687202530455,ACTIVE,100,0.39,9,0,0,0,0,0
01,120249118276910708,ACTIVE,100,0.39,1,0,0,0,0,0
01,120249766872140425,ACTIVE,100,0.39,9,1,1,0,0,0
01,120248304803400065,ACTIVE,100,0.39,11,0,0,0,0,0
01,120248765691520175,ACTIVE,112,0.38,17,0,0,0,0,0
01,120251916273140577,ACTIVE,100,0.38,15,1,1,0,0,0
01,120249118466650708,ACTIVE,100,0.38,6,0,0,0,0,0
01,120253102991860166,ACTIVE,100,0.36,7,0,2,0,0,0
01,120246162660770788,ACTIVE,50,0.35,9,0,0,0,0,0
01,120246411190320686,ACTIVE,110,0.35,8,0,0,0,0,0
01,120249729041270065,ACTIVE,114,0.33999999999999997,14,0,1,0,0,0
01,120248947080080509,ACTIVE,80,0.32,22,0,0,0,0,0
01,120259754966640586,ACTIVE,30,0.31,18,0,0,0,0,0
01,120246715310330686,ACTIVE,100,0.29000000000000004,4,0,0,0,0,0
01,120247101390620133,ACTIVE,80,0.28,9,0,0,0,0,0
01,120246098209220686,ACTIVE,259,0.28,11,0,0,0,0,0
01,120247498910200172,ACTIVE,100,0.28,7,0,0,0,0,0
01,120246754000300686,ACTIVE,135,0.28,6,0,0,0,0,0
01,120251314406060589,ACTIVE,100,0.28,14,0,0,0,0,0
01,120252301917290368,ACTIVE,350,0.27,7,0,0,0,0,0
01,120251051147810019,ACTIVE,50,0.27,5,0,0,0,0,0
01,120247220001050780,ACTIVE,80,0.27,16,1,1,1,0,0
01,120249748873340564,ACTIVE,80,0.24000000000000002,9,0,0,0,0,0
01,120251995809820769,ACTIVE,100,0.23,3,0,0,0,0,0
01,120248665447960629,ACTIVE,100,0.23,8,1,1,0,0,0
01,120246753917490686,ACTIVE,100,0.23,2,0,0,0,0,0
01,120250572410180732,ACTIVE,80,0.22000000000000003,11,0,0,0,0,0
01,120246753835650686,ACTIVE,100,0.22,5,0,0,0,0,0
01,120251405891810589,ACTIVE,136,0.21000000000000002,4,0,0,0,0,0
01,120251073350070725,ACTIVE,100,0.2,8,0,0,0,0,0
01,120250623729250057,ACTIVE,100,0.2,6,0,0,0,0,0
01,120254972636650012,ACTIVE,80,0.2,7,0,0,0,0,0
01,120259717187600586,ACTIVE,30,0.19,9,1,0,0,0,0
01,120251917082830577,ACTIVE,100,0.18,10,1,1,0,0,0
01,23858726940290799,ACTIVE,80,0.17,5,0,0,0,0,0
01,120251916359060577,ACTIVE,100,0.16,9,0,0,0,0,0
01,120247043007240177,ACTIVE,100,0.16,3,0,0,0,0,0
01,120250790045220586,ACTIVE,50,0.15,7,1,3,0,0,0
01,120252650634680368,ACTIVE,60,0.14,6,0,0,0,0,0
01,120251073383310725,ACTIVE,100,0.12000000000000001,10,0,0,0,0,0
01,120249616030460561,ACTIVE,224,0.12,17,0,0,0,0,0
01,120248767076380175,ACTIVE,112,0.11,4,0,0,0,0,0
01,120250637086040229,ACTIVE,66,0.1,3,0,0,0,0,0
01,120248767028760175,ACTIVE,100,0.1,5,0,1,0,0,0
01,120249350342530751,ACTIVE,80,0.1,6,1,1,0,0,0
01,120247612829420172,ACTIVE,100,0.09,2,0,0,0,0,0
01,120246753999340686,ACTIVE,80,0.09,1,0,0,0,0,0
01,120246750699960686,ACTIVE,80,0.09,1,0,0,0,0,0
01,120246717696080686,ACTIVE,145,0.09,1,0,0,0,0,0
01,120246753916760686,ACTIVE,125,0.08,3,0,0,0,0,0
01,120251073567510725,ACTIVE,100,0.08,5,0,0,0,0,0
01,120250779739870734,ACTIVE,80,0.06,5,0,0,0,0,0
01,120250637038310229,ACTIVE,123,0.06,2,1,2,0,0,0
01,120246276526570788,ACTIVE,50,0.06,3,0,0,0,0,0
01,120247476544590470,ACTIVE,10,0.05,1,0,0,0,0,0
01,120247516592890470,ACTIVE,10,0.05,2,0,0,0,0,0
01,120247195553610630,ACTIVE,80,0.05,3,0,0,0,0,0
01,120248895819210303,ACTIVE,30,0.05,1,0,0,0,0,0
01,120247516592800470,ACTIVE,10,0.05,1,0,0,0,0,0
01,120252741548210651,ACTIVE,20,0.04,3,0,0,0,0,0
01,120246355915360788,ACTIVE,30,0.04,3,0,0,0,0,0
01,120246023777450751,ACTIVE,300,0.02,3,0,0,0,0,0
01,120248768375880175,ACTIVE,100,0.02,1,0,0,0,0,0
01,120253168906120166,ACTIVE,20,0.01,4,0,0,0,0,0
01,120259587945310586,ACTIVE,100,0.01,4,0,0,0,0,0
01,120247516592700470,ACTIVE,10,0.01,1,0,0,0,0,0
01,120249902226690561,ACTIVE,80,0.01,1,0,0,0,0,0
01,120253169727490166,ACTIVE,30,0.01,2,0,0,0,0,0
01,120253132488960166,ACTIVE,30,0.01,1,0,0,0,0,0
01,120252756026080651,ACTIVE,20,0,0,0,0,0,0,0
01,120246528221970436,ACTIVE,100,0,0,0,0,0,0,0
01,120250637203660229,ACTIVE,85,0,1,0,0,0,0,0
01,120247877968350470,ACTIVE,30,0,0,0,0,0,0,0
01,120253178573060709,ACTIVE,80,0,0,0,0,0,0,0
01,120247131790900470,PAUSED,200,0,0,0,1,0,0,0
01,120249977391280544,ACTIVE,80,0,0,0,0,0,0,0
01,120250456622110116,PAUSED,200,0,0,0,0,0,0,0
01,120249730927800126,ACTIVE,80,0,0,0,0,0,0,0
01,120249730927900126,ACTIVE,80,0,0,0,0,0,0,0
01,120250295821980048,ACTIVE,100,0,0,0,0,0,0,0
01,120249730981230126,ACTIVE,80,0,0,0,0,0,0,0
01,120245937542720129,ACTIVE,100,0,0,0,0,0,0,0
01,120250295766640048,ACTIVE,100,0,0,0,0,0,0,0
01,120245937542640129,ACTIVE,100,0,0,0,0,0,0,0
01,120250295700070048,ACTIVE,100,0,0,0,0,0,0,0
01,120250295699910048,ACTIVE,100,0,0,0,0,0,0,0
01,120249730981330126,ACTIVE,80,0,0,0,0,0,0,0
01,120249731092590126,ACTIVE,80,0,0,0,0,0,0,0
01,120249731092620126,ACTIVE,80,0,0,0,0,0,0,0
01,120245382821930146,PAUSED,329,0,0,0,1,0,0,0
01,120247476544560470,ACTIVE,10,0,1,0,0,0,0,0
01,120249785294120564,ACTIVE,80,0,0,0,0,0,0,0
01,120249785294140564,ACTIVE,80,0,0,0,0,0,0,0
01,52514313079030,ACTIVE,50,0,0,0,0,0,0,0
01,120249787361050564,ACTIVE,80,0,0,0,0,0,0,0
01,120246876997380125,ACTIVE,80,0,0,0,0,0,0,0
01,120250812232820734,ACTIVE,80,0,0,0,0,0,0,0
01,120252137394920729,ACTIVE,50,0,0,0,0,0,0,0
01,120246876992500125,ACTIVE,80,0,0,0,0,0,0,0
01,120252137394980729,ACTIVE,50,0,0,0,0,0,0,0
01,120250812212400734,ACTIVE,80,0,0,0,0,0,0,0
01,120246876986400125,ACTIVE,80,0,0,0,0,0,0,0
01,120252495546580368,PAUSED,98,0,0,0,1,0,0,0
01,120246845803590125,ACTIVE,80,0,1,0,0,0,0,0
01,120250812135090734,ACTIVE,80,0,0,0,0,0,0,0
01,120248562847560629,PAUSED,100,0,0,0,1,0,0,0
01,120250812253580734,ACTIVE,80,0,0,0,0,0,0,0
01,120248128353530674,ACTIVE,80,0,0,0,0,0,0,0
01,120248128353450674,ACTIVE,80,0,0,0,0,0,0,0
01,120248128369760674,ACTIVE,80,0,0,0,0,0,0,0
01,120248128369720674,ACTIVE,80,0,0,0,0,0,0,0
01,120248665534640629,ACTIVE,100,0,0,0,0,0,0,0
01,120246528242100436,ACTIVE,100,0,0,0,0,0,0,0
01,120246528242080436,ACTIVE,100,0,0,0,0,0,0,0
01,120248736827310090,PAUSED,100,0,0,0,1,0,0,0
01,120252756016590651,ACTIVE,20,0,0,0,0,0,0,0
01,120252756025970651,ACTIVE,20,0,0,0,0,0,0,0
01,120252756026030651,ACTIVE,20,0,0,0,0,0,0,0
02,120248800044910751,ACTIVE,1400,83.76,2188,32,53,4,4,144.89999999999998
02,120250857934900725,ACTIVE,1500,64.45,1836,53,62,4,2,117.92999999999999
02,120245837898990436,ACTIVE,924,54.45,2269,44,44,5,4,335.90000000000003
02,120249855268710455,ACTIVE,1554,48,1240,23,28,4,0,0
02,120251280416620589,ACTIVE,874,47.84,1160,25,26,3,0,0
02,120245031811820436,ACTIVE,1050,45.64,2032,41,47,2,2,110.20999999999998
02,120246652396390686,ACTIVE,278,43.47,374,10,11,3,0,0
02,120246729148030125,ACTIVE,1050,42.79,668,18,20,3,1,97.7
02,120245878022610146,ACTIVE,500,40.64,1694,66,71,2,2,150.44
02,120241066464020065,ACTIVE,984,38.24,1788,20,29,2,1,53.22
02,120248855168720455,ACTIVE,916,38.18,908,22,23,1,0,0
02,120250148796800065,ACTIVE,671,38.14,636,18,20,4,1,73.21
02,120245878024160146,ACTIVE,326,37.53,1469,51,52,0,0,0
02,120245481989440065,ACTIVE,483,33.04,928,23,26,2,1,31.98
02,120244270293390320,ACTIVE,700,32.75,879,26,26,2,1,160.5
02,120247384368960172,ACTIVE,850,30.240000000000002,493,17,20,0,0,0
02,120249796843930455,ACTIVE,701,29.46,978,19,28,2,1,60.410000000000004
02,120250296535810100,ACTIVE,565,28.900000000000002,620,15,16,2,1,52.56
02,120245557729330686,ACTIVE,195,28.810000000000002,315,9,8,0,0,0
02,120246715310580686,ACTIVE,370,28.48,317,8,8,1,1,29.979999999999997
02,120246345569010686,ACTIVE,455,28.3,383,8,13,0,0,0
02,120245873479890146,ACTIVE,359,28.15,1038,26,27,0,0,0
02,120245514271740065,ACTIVE,370,28.1,248,11,15,1,2,85.2
02,120246457864390686,ACTIVE,353,27.919999999999998,271,10,12,3,3,152.41000000000003
02,120247205366420177,ACTIVE,475,27.700000000000003,368,24,25,2,0,0
02,120245942236800686,ACTIVE,582,27.5,334,8,10,2,1,71.21000000000001
02,120246506094720686,ACTIVE,627,25.849999999999998,158,8,8,3,3,204.84999999999997
02,120246243213280686,ACTIVE,802,25.48,513,7,15,3,1,29.98
02,120242301213170065,ACTIVE,435,25.12,784,5,5,1,0,0
02,120249897412970455,ACTIVE,479,24.33,528,18,21,3,2,120.82000000000001
02,120246457583950686,ACTIVE,550,23.619999999999997,306,9,10,1,1,51.22
02,120246505926190686,ACTIVE,188,23.41,269,7,9,0,0,0
02,120246180858520686,ACTIVE,541,22.38,352,10,12,2,0,0
02,120244418309490436,ACTIVE,629,22.330000000000002,862,18,23,2,1,68.23
02,120245815157520129,ACTIVE,270,21.939999999999998,650,19,19,2,0,0
02,120244813077130146,ACTIVE,501,20.87,260,10,8,2,0,0
02,120247380153090677,ACTIVE,340,20.18,743,12,15,2,1,70.02
02,120249798276470455,ACTIVE,686,20.060000000000002,904,6,11,0,0,0
02,120245872066930146,ACTIVE,421,20.05,337,9,8,2,0,0
02,120245906371410129,ACTIVE,270,20.02,584,17,19,2,1,68.23
02,120248810047820509,ACTIVE,800,19.5,571,18,19,1,1,34.980000000000004
02,120244349823030686,ACTIVE,422,19.32,343,8,11,0,0,0
02,120252043483350057,ACTIVE,330,19.25,121,5,5,0,0,0
02,120245284052330686,ACTIVE,219,19.17,313,4,4,1,1,51.22
02,120249737694570455,ACTIVE,588,19.15,302,6,3,1,0,0
02,120249525301790564,ACTIVE,500,18.75,392,6,6,0,0,0
02,120248503550700175,ACTIVE,465,18.63,788,15,18,0,0,0
02,120248764599250589,ACTIVE,754,18.28,459,7,7,0,0,0
02,120246544819180686,ACTIVE,169,17.99,197,5,6,0,0,0
02,120248854598290455,ACTIVE,375,17.759999999999998,408,4,4,0,0,0
02,120252669244990404,ACTIVE,496,17.66,254,10,9,0,0,0
02,120246500280680686,ACTIVE,210,17.11,144,4,5,1,0,0
02,120245890874640129,ACTIVE,270,17.09,533,10,10,1,1,68.22
02,120249676548660425,ACTIVE,354,17.08,277,6,5,2,1,90.72
02,120248464770270509,ACTIVE,500,17.060000000000002,431,8,12,0,0,0
02,120249709181720425,ACTIVE,379,16.93,319,8,9,0,0,0
02,120245044044870686,ACTIVE,522,16.78,222,7,6,1,1,89.94999999999999
02,120248503550720175,ACTIVE,325,16.770000000000003,423,6,6,0,0,0
02,120248857694860291,ACTIVE,800,16.57,290,17,19,0,0,0
02,120249286008100751,ACTIVE,389,16.44,444,6,12,2,1,25.970000000000002
02,120248795700600477,ACTIVE,88,16.39,169,6,6,1,0,0
02,120249286008110751,ACTIVE,229,16.06,375,9,10,2,2,66.95
02,120248630524990629,ACTIVE,300,16,364,13,14,1,0,0
02,120250250795130229,ACTIVE,56,15.920000000000002,264,7,7,1,1,89.95
02,120254995038120211,ACTIVE,300,15.889999999999999,269,4,4,0,0,0
02,120250348875890229,ACTIVE,95,15.8,769,14,19,1,0,0
02,120246652396420686,ACTIVE,169,15.75,172,3,4,0,0,0
02,120249786479970065,ACTIVE,385,15.61,301,10,15,3,1,31.98
02,120250857934870725,ACTIVE,500,15.56,578,13,19,5,3,207.63
02,120249999663760100,ACTIVE,560,15.05,470,11,10,0,0,0
02,120248602054980453,ACTIVE,80,14.95,109,2,2,0,0,0
02,120248665770500629,ACTIVE,300,14.830000000000002,204,9,7,0,0,0
02,120246865117370320,ACTIVE,300,14.370000000000001,386,6,9,0,0,0
02,120249651103010642,ACTIVE,126,14.26,188,4,3,1,0,0
02,120250036356910725,ACTIVE,500,14.120000000000001,294,5,5,1,1,28.98
02,120248600846420453,ACTIVE,80,13.69,102,3,3,0,0,0
02,120248602054940453,ACTIVE,80,13.669999999999998,112,4,4,0,0,0
02,120249973654180455,ACTIVE,606,13.6,322,10,7,0,0,0
02,120249651102950642,ACTIVE,126,13.55,190,8,9,1,0,0
02,120246037977820686,ACTIVE,424,13.370000000000001,271,7,7,2,0,0
02,120249977413850544,ACTIVE,80,13.360000000000001,216,5,5,2,1,65.91
02,120249728773790126,ACTIVE,88,13.3,145,6,3,1,0,0
02,120247607295610752,ACTIVE,343,13.21,296,9,10,2,0,0
02,120253587305330054,ACTIVE,199,12.77,200,5,4,1,0,0
02,120251463178000247,ACTIVE,100,12.72,112,2,2,0,0,0
02,120245640145600146,ACTIVE,1012,12.559999999999999,512,16,13,2,1,41.98
02,120250251299630389,ACTIVE,74,12.55,204,8,9,0,0,0
02,120249545398570642,ACTIVE,383,12.32,299,7,11,1,1,65.95
02,120246229820550436,ACTIVE,274,12.27,576,12,13,1,0,0
02,120248721133890006,ACTIVE,80,12.18,160,3,4,1,0,0
02,120249135138850389,ACTIVE,403,12,262,5,5,1,1,34.86
02,120249325186790389,ACTIVE,277,12,454,12,12,2,0,0
02,120248714827930006,ACTIVE,80,11.85,127,4,3,0,0,0
02,120250249763860065,ACTIVE,176,11.690000000000001,185,2,3,0,0,0
02,120251436424300589,ACTIVE,98,11.67,180,2,3,1,1,49.52
02,120247498522010172,ACTIVE,400,11.67,172,5,6,0,0,0
02,120247580154530650,ACTIVE,90,11.63,107,4,7,2,0,0
02,120248716547660006,ACTIVE,80,11.62,143,4,3,0,0,0
02,120249651027540642,ACTIVE,100,11.61,144,3,2,0,0,0
02,120246260582710436,ACTIVE,290,11.58,456,8,11,1,1,68.23
02,120252444275150368,ACTIVE,300,11.54,260,5,6,1,0,0
02,120246754000300686,ACTIVE,135,11.49,102,2,2,0,0,0
02,120251463274110247,ACTIVE,100,11.46,104,2,3,0,0,0
02,120248927739830303,ACTIVE,300,11.29,197,7,8,1,0,0
02,120249921754470561,ACTIVE,90,11.18,151,6,4,0,0,0
02,120248377192890629,ACTIVE,100,11.05,703,0,8,0,0,0
02,120248600846450453,ACTIVE,80,11.05,109,5,5,0,0,0
02,120245906396800436,ACTIVE,290,11.01,478,14,11,0,0,0
02,120249977391320544,ACTIVE,80,11,175,1,2,0,0,0
02,120247583319740586,ACTIVE,100,10.99,201,7,8,3,0,0
02,120249953993750065,ACTIVE,194,10.98,160,0,6,0,0,0
02,120249728773710126,ACTIVE,88,10.969999999999999,148,3,3,1,0,0
02,120250637038290229,ACTIVE,62,10.96,111,2,2,0,0,0
02,120249511691790642,ACTIVE,161,10.93,150,0,1,0,0,0
02,120250466943310577,ACTIVE,102,10.89,172,12,12,1,1,28.979999999999997
02,120249921754410561,ACTIVE,90,10.83,137,1,2,0,0,0
02,120247824573220241,ACTIVE,357,10.73,564,9,10,1,1,66.47999999999999
02,120246983939560320,ACTIVE,360,10.63,338,3,4,1,0,0
02,120251463274190247,ACTIVE,100,10.59,99,3,3,0,0,0
02,120259394013460586,ACTIVE,100,10.57,189,3,4,1,1,28.979999999999997
02,120253509292830054,ACTIVE,134,10.48,167,4,4,0,0,0
02,120250251299600389,ACTIVE,74,10.42,212,6,6,1,1,21.19
02,120246779794700686,ACTIVE,80,10.280000000000001,123,2,2,1,1,89.95
02,120248563890830642,ACTIVE,393,10.239999999999998,304,6,7,0,0,0
02,120248926854510090,ACTIVE,243,10.19,237,10,10,1,1,108.81
02,120248697673860629,ACTIVE,130,10.120000000000001,129,3,4,3,3,137.81
02,120250164409520065,ACTIVE,263,9.989999999999998,142,4,5,0,0,0
02,120248387124610175,ACTIVE,470,9.97,335,2,8,1,0,0
02,120246779794660686,ACTIVE,80,9.95,140,7,7,1,0,0
02,120248782039080175,ACTIVE,90,9.92,224,2,4,0,0,0
02,120247225333420177,ACTIVE,143,9.91,154,2,2,0,0,0
02,120249535727510116,ACTIVE,420,9.68,198,5,7,2,1,69.72
02,23858591199930790,ACTIVE,80,9.66,761,4,5,0,0,0
02,120249133489610303,ACTIVE,200,9.65,185,11,13,1,1,68.93
02,120248697528790629,ACTIVE,100,9.65,120,4,4,0,0,0
02,120252735737120722,PAUSED,100,9.58,179,1,1,0,0,0
02,120249712874620564,ACTIVE,150,9.57,261,6,7,0,0,0
02,120245878023330146,ACTIVE,167,9.510000000000002,369,15,17,0,0,0
02,120249977413890544,ACTIVE,80,9.489999999999998,192,5,4,1,0,0
02,120248782039160175,ACTIVE,90,9.48,214,6,7,0,0,0
02,120252735765550722,ACTIVE,100,9.48,212,2,3,0,0,0
02,120249100983530561,ACTIVE,500,9.45,167,11,11,2,1,24.98
02,120249843765220065,ACTIVE,333,9.43,109,0,7,0,0,0
02,120248734649170175,ACTIVE,225,9.4,309,7,9,1,1,57.9
02,120248124805050097,ACTIVE,188,9.39,329,6,5,1,1,34.980000000000004
02,120248734649100175,ACTIVE,225,9.36,377,5,6,0,0,0
02,120248716547630006,ACTIVE,80,9.309999999999999,133,2,2,0,0,0
02,120247974902740032,ACTIVE,100,9.3,176,7,7,0,0,0
02,120250057126690389,ACTIVE,210,9.29,355,7,9,1,1,47.769999999999996
02,120249231443520389,ACTIVE,223,9.14,381,0,2,1,0,0
02,120248012782330065,ACTIVE,212,9.09,149,1,1,0,0,0
02,120250249523140065,ACTIVE,100,9.05,150,1,4,0,0,0
02,120244794017770320,ACTIVE,120,9.04,319,5,5,1,1,34.07
02,120248714827980006,ACTIVE,80,9.020000000000001,248,2,3,0,0,0
02,120249672330000126,ACTIVE,100,9.02,169,4,3,0,0,0
02,120248875341950509,ACTIVE,300,9.01,333,4,6,0,0,0
02,120249556836150126,ACTIVE,100,8.91,138,2,2,0,0,0
02,120247945168280241,ACTIVE,100,8.89,296,4,4,0,0,0
02,120245334049540065,ACTIVE,265,8.790000000000001,90,2,2,0,0,0
02,120250528241360229,ACTIVE,116,8.75,396,4,7,0,0,0
02,120248665448330629,ACTIVE,300,8.73,168,6,7,0,0,0
02,120246346915640686,ACTIVE,257,8.7,90,2,3,0,0,0
02,120247680102270175,ACTIVE,225,8.69,356,5,9,3,3,125.79
02,120250761605420365,ACTIVE,80,8.65,75,5,4,0,0,0
02,120251436424170589,ACTIVE,98,8.6,137,4,4,1,1,29.98
02,120246919904290533,ACTIVE,102,8.579999999999998,215,4,4,0,0,0
02,120248999993570090,ACTIVE,178,8.35,122,2,2,0,0,0
02,120246188701000686,ACTIVE,194,8.33,187,2,4,1,1,51.21
02,120253717968900054,ACTIVE,562,8.32,108,5,4,1,0,0
02,120251109241560577,ACTIVE,102,8.31,179,8,9,1,1,48.17
02,120250789469770586,ACTIVE,100,8.3,209,17,17,2,2,59.15
02,120249651027570642,ACTIVE,100,8.22,120,4,3,0,0,0
02,120252664163100722,ACTIVE,150,8.100000000000001,259,5,6,1,0,0
02,120246779676210686,ACTIVE,100,8.07,144,3,3,0,0,0
02,120250908107470725,ACTIVE,100,8.05,320,4,3,0,0,0
02,120250006051320455,ACTIVE,135,8.04,221,7,6,0,0,0
02,120250256919830065,ACTIVE,100,8.030000000000001,202,3,5,1,0,0
02,120244761869100436,ACTIVE,199,7.92,370,7,9,0,0,0
02,120247452717980533,ACTIVE,120,7.92,246,13,11,2,2,66.95
02,120245917148250146,ACTIVE,100,7.89,209,2,2,0,0,0
02,120250624117300100,ACTIVE,330,7.859999999999999,133,7,4,2,1,78.94
02,120246901356650172,ACTIVE,200,7.799999999999999,119,4,5,0,0,0
02,120250447195790100,ACTIVE,890,7.79,171,1,2,0,0,0
02,120249285560020695,ACTIVE,200,7.779999999999999,362,6,6,0,0,0
02,120245972443720177,ACTIVE,243,7.74,177,4,5,0,0,0
02,120249497633180126,ACTIVE,205,7.67,111,8,8,1,1,29.98
02,120250006050260455,ACTIVE,135,7.65,209,3,3,0,0,0
02,120247139480370564,ACTIVE,300,7.640000000000001,255,5,5,0,0,0
02,120247955442930320,ACTIVE,261,7.59,476,6,5,0,0,0
02,120248697528700629,ACTIVE,100,7.59,88,4,4,1,1,36.949999999999996
02,120247224088350630,ACTIVE,100,7.569999999999999,83,4,5,0,0,0
02,120249977431380544,ACTIVE,80,7.54,144,1,3,0,0,0
02,120249977431740544,ACTIVE,80,7.51,135,2,2,0,0,0
02,120252735765570722,ACTIVE,100,7.5,163,3,3,0,0,0
02,120248452492430509,ACTIVE,300,7.4,273,6,6,2,0,0
02,120248918373480509,ACTIVE,200,7.390000000000001,222,3,4,1,0,0
02,120247412164970172,ACTIVE,300,7.37,121,2,4,1,1,117.01
02,120246253656250788,ACTIVE,200,7.369999999999999,149,5,3,0,0,0
02,120247376442080650,ACTIVE,183,7.31,62,0,2,0,0,0
02,120250623729250057,ACTIVE,100,7.289999999999999,73,3,6,0,0,0
02,120249977382570544,ACTIVE,80,7.28,151,6,6,1,1,27.98
02,120247720693810677,ACTIVE,170,7.28,157,0,2,0,0,0
02,120247756760140032,ACTIVE,100,7.26,173,4,3,2,1,42.97
02,120246715310330686,ACTIVE,100,7.25,74,2,2,0,0,0
02,120248850201850065,ACTIVE,214,7.24,122,1,4,0,0,0
02,120259676866470586,ACTIVE,100,7.22,77,0,0,0,0,0
02,120245539332330436,ACTIVE,136,7.22,348,6,6,0,0,0
02,120245872237150146,ACTIVE,180,7.1899999999999995,328,9,10,2,2,83.96000000000001
02,120248935062690126,ACTIVE,100,7.12,79,3,2,0,0,0
02,120251396286540589,ACTIVE,273,7.12,42,4,2,0,0,0
02,120246779450410686,ACTIVE,100,7.119999999999999,68,2,1,1,0,0
02,120252735737090722,ACTIVE,100,7.07,145,1,1,0,0,0
02,120246411339050686,ACTIVE,100,6.989999999999999,91,4,4,0,0,0
02,120248697673760629,ACTIVE,130,6.96,101,2,4,0,0,0
02,120250106811500168,ACTIVE,200,6.94,144,5,4,2,2,144.79999999999998
02,120248985452200509,ACTIVE,80,6.92,82,3,4,0,0,0
02,120247420555310752,ACTIVE,100,6.85,120,6,6,0,0,0
02,120252522112930368,ACTIVE,420,6.84,265,12,13,0,0,0
02,120245917148280146,ACTIVE,100,6.84,248,4,2,0,0,0
02,120246411234470686,ACTIVE,256,6.78,48,0,0,0,0,0
02,120248678284680175,ACTIVE,268,6.77,191,2,1,0,0,0
02,120247097620200630,ACTIVE,200,6.76,170,6,7,1,0,0
02,120247224088400630,ACTIVE,100,6.72,100,3,3,0,0,0
02,120248947548510509,ACTIVE,80,6.699999999999999,145,3,1,0,0,0
02,120246528242100436,ACTIVE,100,6.67,127,5,6,0,0,0
02,120250943649020725,ACTIVE,100,6.67,153,7,5,0,0,0
02,120250289561860065,ACTIVE,167,6.6499999999999995,106,4,2,0,0,0
02,120250164409580065,ACTIVE,245,6.640000000000001,153,2,4,1,1,53.220000000000006
02,120250148796840065,ACTIVE,172,6.64,115,3,2,0,0,0
02,120248092609360674,ACTIVE,200,6.6,103,2,2,0,0,0
02,120248983634950509,ACTIVE,100,6.569999999999999,95,3,3,0,0,0
02,120246355899960788,ACTIVE,100,6.540000000000001,92,2,2,0,0,0
02,120248046254160032,ACTIVE,100,6.52,124,4,4,1,1,24.98
02,120248635320580629,ACTIVE,150,6.46,152,3,4,0,0,0
02,120249911570800469,ACTIVE,100,6.459999999999999,129,4,7,1,1,28.98
02,120247215908240172,ACTIVE,400,6.449999999999999,182,3,6,0,0,0
02,120250790045220586,ACTIVE,50,6.4399999999999995,117,6,5,0,0,0
02,120246717696080686,ACTIVE,145,6.42,66,1,3,0,0,0
02,120249135138590389,ACTIVE,208,6.37,208,7,6,1,0,0
02,120248983846420509,ACTIVE,100,6.36,176,8,6,2,1,61.97
02,120248648060210175,ACTIVE,157,6.36,137,3,8,3,2,83.86
02,120247877968370470,ACTIVE,30,6.36,44,3,2,0,0,0
02,120247757162930032,ACTIVE,100,6.3500000000000005,143,7,5,1,1,58.959999999999994
02,120248361160970477,ACTIVE,200,6.35,112,3,3,1,0,0
02,120248983720490509,ACTIVE,100,6.28,139,5,6,0,0,0
02,120246710213410090,ACTIVE,552,6.23,143,6,6,0,0,0
02,120246753917490686,ACTIVE,100,6.2,87,0,1,0,0,0
02,120259543995950586,ACTIVE,100,6.1899999999999995,84,2,2,0,0,0
02,120248946565540509,ACTIVE,232,6.18,143,5,5,1,0,0
02,120248984219080509,ACTIVE,100,6.17,141,6,7,1,0,0
02,120251951063460769,ACTIVE,80,6.130000000000001,101,3,3,0,0,0
02,120247902669740320,ACTIVE,169,6.13,120,1,2,0,0,0
02,120247945168270241,ACTIVE,100,6.109999999999999,196,1,1,0,0,0
02,120251070317250589,ACTIVE,337,6.1,125,2,4,1,1,49.52
02,120250877852440057,ACTIVE,330,6.090000000000001,83,4,3,0,0,0
02,120245306349070462,ACTIVE,300,6.09,95,5,6,0,0,0
02,120247932007700707,ACTIVE,260,6.09,139,3,5,1,0,0
02,120246299672740751,ACTIVE,1300,6.07,115,5,7,0,0,0
02,120251628891720577,ACTIVE,102,6.0600000000000005,203,3,3,0,0,0
02,120251165323110127,ACTIVE,100,6.06,54,1,1,0,0,0
02,120248124805170097,ACTIVE,150,6.05,214,3,4,0,0,0
02,120246528253390436,ACTIVE,100,6.029999999999999,151,4,3,0,0,0
02,120250456533180116,ACTIVE,250,6.029999999999999,109,3,3,0,0,0
02,120250285289280319,ACTIVE,200,6.02,243,5,5,0,0,0
02,120249118466570708,ACTIVE,225,5.97,142,2,3,0,0,0
02,120247753430830320,ACTIVE,100,5.93,183,3,4,0,0,0
02,120247866597170389,ACTIVE,102,5.93,87,7,6,1,1,21.19
02,120248067590750032,ACTIVE,78,5.87,176,2,2,0,0,0
02,120247210424610177,ACTIVE,101,5.87,159,2,2,0,0,0
02,120247317325280533,ACTIVE,102,5.87,228,6,5,1,0,0
02,120247284992210533,ACTIVE,168,5.780000000000001,241,6,6,1,0,0
02,120253406029470054,ACTIVE,284,5.75,109,1,3,0,0,0
02,120249563403450389,ACTIVE,120,5.75,198,0,12,2,1,34.86
02,120246526841640436,ACTIVE,120,5.739999999999999,200,5,5,1,1,68.22
02,120249350342560751,ACTIVE,80,5.739999999999999,99,1,1,0,0,0
02,120249232068930561,ACTIVE,300,5.67,170,2,4,1,1,41.97
02,120252570211110651,ACTIVE,100,5.66,183,4,4,0,0,0
02,120247524529490752,ACTIVE,242,5.66,115,7,7,1,0,0
02,120247751879690032,ACTIVE,428,5.66,180,8,7,0,0,0
02,120250796170080100,ACTIVE,500,5.5600000000000005,122,5,5,1,0,0
02,120255025421590211,ACTIVE,135,5.5600000000000005,113,3,4,0,0,0
02,120248983634890509,ACTIVE,100,5.510000000000001,95,6,4,0,0,0
02,120247043007240177,ACTIVE,100,5.51,98,3,3,1,1,29.98
02,120247065534800133,ACTIVE,180,5.49,84,2,1,0,0,0
02,120249265469470303,ACTIVE,50,5.470000000000001,85,1,1,0,0,0
02,120246526841610436,ACTIVE,120,5.45,173,6,6,1,0,0
02,120250078709950152,ACTIVE,200,5.449999999999999,210,2,3,1,0,0
02,120250172561130389,ACTIVE,108,5.4399999999999995,149,9,7,0,0,0
02,120250106786950168,ACTIVE,200,5.36,133,1,2,0,0,0
02,120250660044160100,ACTIVE,299,5.35,253,5,6,0,0,0
02,120251035065680725,ACTIVE,100,5.34,104,4,4,0,0,0
02,120242444643470544,ACTIVE,80,5.34,93,0,3,2,1,27.98
02,120249855268630455,ACTIVE,247,5.27,98,2,2,0,0,0
02,120251662445930577,ACTIVE,180,5.26,105,8,8,0,0,0
02,120250195901640065,ACTIVE,100,5.26,112,1,3,0,0,0
02,120246729148090125,ACTIVE,274,5.25,121,4,5,0,0,0
02,120249937881250455,ACTIVE,295,5.2299999999999995,153,0,1,0,0,0
02,120247555246170650,ACTIVE,150,5.220000000000001,63,6,5,1,0,0
02,120251839629150577,ACTIVE,210,5.22,180,3,3,0,0,0
02,120248983933330509,ACTIVE,100,5.1899999999999995,110,3,3,0,0,0
02,120250796171200100,ACTIVE,433,5.16,139,4,3,0,0,0
02,120245262034660146,ACTIVE,368,5.15,191,1,0,0,0,0
02,120247924205270214,ACTIVE,100,5.140000000000001,100,5,5,2,2,44.96000000000001
02,120246733901990065,ACTIVE,119,5.11,74,1,1,0,0,0
02,120244924434950146,ACTIVE,185,5.1,163,2,1,0,0,0
02,120248128369720674,ACTIVE,80,5.1,62,1,2,0,0,0
02,120250299563240725,ACTIVE,100,5.05,158,1,4,0,0,0
02,120247916304580320,ACTIVE,100,4.99,188,4,5,1,0,0
02,120248046686270032,ACTIVE,100,4.98,114,6,6,1,1,24.98
02,120248022515110097,ACTIVE,196,4.96,165,3,4,0,0,0
02,120255007395420012,ACTIVE,80,4.91,76,0,0,0,0,0
02,120248632299250629,ACTIVE,100,4.91,65,3,3,0,0,0
02,120245642520350129,ACTIVE,100,4.86,210,8,7,1,1,99.72
02,120246100871360533,ACTIVE,208,4.86,214,4,7,1,1,24.98
02,120247826417250320,ACTIVE,498,4.85,213,0,2,0,0,0
02,120250270342280100,ACTIVE,191,4.85,136,1,5,0,0,0
02,120248574839550695,ACTIVE,100,4.84,122,0,1,0,0,0
02,120246356000300788,ACTIVE,85,4.83,68,1,1,0,0,0
02,120250353178530351,ACTIVE,80,4.819999999999999,327,4,2,0,0,0
02,120250474448880695,ACTIVE,80,4.8,152,2,1,0,0,0
02,120245218353240788,ACTIVE,200,4.78,108,2,2,0,0,0
02,120249461012860564,ACTIVE,100,4.74,157,3,3,1,0,0
02,120247877968350470,ACTIVE,30,4.72,30,1,0,0,0,0
02,120249253674820462,ACTIVE,200,4.72,71,3,4,0,0,0
02,120246347471430686,ACTIVE,143,4.71,36,0,2,0,0,0
02,120250462132310116,ACTIVE,250,4.71,69,2,2,0,0,0
02,120246779450450686,ACTIVE,100,4.71,69,4,3,0,0,0
02,120246178929760752,ACTIVE,100,4.7,88,2,4,2,0,0
02,120252991682490709,ACTIVE,80,4.69,124,1,1,0,0,0
02,120249484643470425,ACTIVE,146,4.66,79,1,1,0,0,0
02,120246266385280436,ACTIVE,173,4.63,178,3,6,1,0,0
02,120248794643800214,ACTIVE,135,4.61,130,6,7,2,1,49.47
02,120247921951240677,ACTIVE,100,4.58,150,1,1,0,0,0
02,120249951604820455,ACTIVE,100,4.53,76,3,2,0,0,0
02,120248646453990006,ACTIVE,80,4.49,328,6,5,0,0,0
02,120250195901560065,ACTIVE,151,4.49,112,3,2,0,0,0
02,120250572410100732,ACTIVE,100,4.48,61,4,2,0,0,0
02,120246750700300686,ACTIVE,80,4.46,56,3,1,0,0,0
02,120249667449910126,ACTIVE,300,4.44,67,3,3,0,0,0
02,23858653837560790,ACTIVE,80,4.43,514,3,3,0,0,0
02,120247498633290172,ACTIVE,100,4.43,86,4,8,0,0,0
02,120249650984250642,ACTIVE,100,4.42,76,4,4,0,0,0
02,120247763073680707,ACTIVE,100,4.42,63,1,2,0,0,0
02,120248827166370214,ACTIVE,170,4.41,71,2,3,1,0,0
02,120248484683390090,ACTIVE,302,4.4,134,1,1,1,0,0
02,120246750699960686,ACTIVE,80,4.38,78,0,0,0,0,0
02,120249325405290389,ACTIVE,101,4.38,141,7,5,0,0,0
02,120241671273870455,ACTIVE,100,4.359999999999999,85,4,2,0,0,0
02,120247917740500241,ACTIVE,240,4.35,157,6,4,0,0,0
02,120259752181960586,ACTIVE,30,4.35,86,2,2,0,0,0
02,120250940063730319,ACTIVE,120,4.34,119,4,4,0,0,0
02,120251664479240174,ACTIVE,100,4.34,99,4,4,0,0,0
02,120247916304550320,ACTIVE,100,4.32,142,4,5,0,0,0
02,120248338624550629,ACTIVE,100,4.31,173,4,3,0,0,0
02,120249793088660168,ACTIVE,200,4.31,108,2,2,0,0,0
02,120246527837980436,ACTIVE,100,4.3,128,2,1,0,0,0
02,120247954673320320,ACTIVE,100,4.27,135,3,4,1,1,34.07
02,120259754688210586,ACTIVE,30,4.22,90,4,5,0,0,0
02,120245205078130630,ACTIVE,200,4.2,145,4,4,1,1,29.98
02,120251951128170769,ACTIVE,80,4.1899999999999995,81,1,1,0,0,0
02,120249951788570544,ACTIVE,80,4.18,65,1,1,0,0,0
02,120251435859650247,ACTIVE,100,4.17,74,2,3,0,0,0
02,120245681426220129,ACTIVE,100,4.16,127,2,4,0,0,0
02,120247946419560677,ACTIVE,100,4.140000000000001,56,0,1,1,0,0
02,120248794643770214,ACTIVE,200,4.11,97,2,3,1,1,46.72
02,120251949511390769,ACTIVE,80,4.11,94,3,3,0,0,0
02,120252765929910427,ACTIVE,64,4.08,77,3,4,1,0,0
02,120247383199060533,ACTIVE,122,4.08,109,0,5,0,0,0
02,120248984038000509,ACTIVE,100,4.08,185,5,6,0,0,0
02,120239930892250650,ACTIVE,500,4.07,56,5,7,1,1,86.76
02,120251444445210589,ACTIVE,100,4.03,71,3,2,0,0,0
02,120250245426520065,ACTIVE,262,4.01,76,0,3,1,0,0
02,120250083020120152,ACTIVE,170,3.9899999999999998,62,0,0,0,0,0
02,120250761605370365,ACTIVE,80,3.98,44,2,2,0,0,0
02,120250249523830065,ACTIVE,80,3.98,59,0,0,0,0,0
02,120249545895050561,ACTIVE,200,3.95,240,3,1,0,0,0
02,120248526805630175,ACTIVE,225,3.9499999999999997,99,2,3,0,0,0
02,120250249668660065,ACTIVE,157,3.9200000000000004,87,4,3,0,0,0
02,120248681187360509,ACTIVE,80,3.9,124,0,1,0,0,0
02,120245516609390788,ACTIVE,200,3.8400000000000003,61,1,3,0,0,0
02,120249937881090455,ACTIVE,137,3.83,128,3,3,0,0,0
02,120252565997380368,ACTIVE,224,3.82,134,2,2,0,0,0
02,120235701428400210,ACTIVE,180,3.81,89,2,5,0,0,0
02,120250637203660229,ACTIVE,85,3.8,50,1,3,0,0,0
02,120259754966570586,ACTIVE,30,3.79,94,2,1,0,0,0
02,120245545452250146,ACTIVE,100,3.7800000000000002,70,1,2,0,0,0
02,120250221243670695,ACTIVE,200,3.78,99,3,2,0,0,0
02,120247921953050677,ACTIVE,100,3.7700000000000005,131,0,2,0,0,0
02,120246755573450686,ACTIVE,80,3.75,33,1,2,1,0,0
02,120245382821930146,ACTIVE,329,3.75,90,0,4,1,0,0
02,120248954869510509,ACTIVE,80,3.75,70,3,2,1,1,29.98
02,120251071122160319,ACTIVE,120,3.74,83,4,3,0,0,0
02,120246527838030436,ACTIVE,100,3.71,154,2,3,1,0,0
02,120247195829930630,ACTIVE,130,3.6900000000000004,35,1,1,1,1,29.979999999999997
02,120251444445250589,ACTIVE,100,3.69,55,2,2,0,0,0
02,120245545523930146,ACTIVE,390,3.68,70,0,3,0,0,0
02,120247225333460177,ACTIVE,284,3.66,52,3,3,0,0,0
02,120259754895620586,ACTIVE,30,3.65,73,1,2,0,0,0
02,120253582875810210,ACTIVE,100,3.63,136,0,0,0,0,0
02,120250016606030152,ACTIVE,200,3.63,160,0,1,0,0,0
02,120246528242080436,ACTIVE,100,3.63,120,3,2,0,0,0
02,120259754688270586,ACTIVE,30,3.63,88,1,1,0,0,0
02,120244771837290544,ACTIVE,130,3.6100000000000003,80,2,2,1,0,0
02,120249761430210561,ACTIVE,100,3.61,87,5,4,0,0,0
02,120250295766720048,PAUSED,100,3.59,65,0,0,0,0,0
02,120246755572620686,ACTIVE,144,3.59,31,1,1,0,0,0
02,120248866251460043,ACTIVE,200,3.5700000000000003,55,4,5,0,0,0
02,120250249669600065,ACTIVE,80,3.55,49,0,1,0,0,0
02,120249265469400303,ACTIVE,50,3.54,81,5,6,3,1,42.97
02,120250532821700732,ACTIVE,70,3.5300000000000002,100,5,5,1,1,85.96
02,120249403468300642,ACTIVE,200,3.51,68,4,3,0,0,0
02,120247575170500172,ACTIVE,80,3.4899999999999998,64,1,1,0,0,0
02,23858750011880799,ACTIVE,80,3.48,31,2,3,1,1,65.91
02,120246356046500788,ACTIVE,200,3.48,114,3,4,1,1,65.77000000000001
02,120248722613960509,ACTIVE,101,3.4400000000000004,45,0,0,0,0,0
02,120246528222040436,ACTIVE,100,3.4400000000000004,109,3,3,1,0,0
02,120249708537480561,ACTIVE,151,3.42,92,2,2,0,0,0
02,120249727768090216,ACTIVE,80,3.39,39,0,0,0,0,0
02,120252664163220722,ACTIVE,100,3.3899999999999997,99,2,2,0,0,0
02,120247358808150177,ACTIVE,100,3.3899999999999997,32,0,1,0,0,0
02,120245866287660146,ACTIVE,175,3.38,124,3,3,1,1,75.21000000000001
02,120248692777600175,ACTIVE,121,3.3599999999999994,133,6,4,0,0,0
02,120248087317600097,ACTIVE,174,3.32,89,2,5,0,0,0
02,120248128369760674,ACTIVE,80,3.28,71,2,2,0,0,0
02,120250528185070431,ACTIVE,80,3.2699999999999996,90,2,2,0,0,0
02,120250376646100695,ACTIVE,80,3.26,79,4,2,0,0,0
02,120247066173290752,ACTIVE,100,3.26,167,1,1,0,0,0
02,120259752181930586,ACTIVE,30,3.2199999999999998,88,0,0,0,0,0
02,120252701670790651,ACTIVE,80,3.21,46,1,2,1,0,0
02,120250386246260695,ACTIVE,100,3.21,99,1,1,0,0,0
02,120248609231900509,ACTIVE,200,3.2,70,0,0,0,0,0
02,120252301917290368,ACTIVE,350,3.19,88,2,2,0,0,0
02,120252043483420057,ACTIVE,100,3.17,28,1,2,0,0,0
02,120250289562550065,ACTIVE,131,3.16,63,2,2,0,0,0
02,120250333032760695,ACTIVE,80,3.1500000000000004,98,1,1,0,0,0
02,120249133489750303,ACTIVE,85,3.12,44,2,2,0,0,0
02,120247946419500677,ACTIVE,100,3.11,22,0,2,2,0,0
02,120249769158350469,ACTIVE,80,3.11,118,2,2,0,0,0
02,120249998355340389,ACTIVE,242,3.1,38,0,1,0,0,0
02,23858726941040799,ACTIVE,80,3.1,43,2,2,0,0,0
02,120250251197330065,ACTIVE,154,3.07,65,2,3,0,0,0
02,120249771350400425,ACTIVE,80,3.07,38,1,1,0,0,0
02,120248735258120175,ACTIVE,100,3.06,67,2,5,1,1,41.93
02,120247567940750752,ACTIVE,100,3.0500000000000003,64,2,1,0,0,0
02,120248632311170629,ACTIVE,100,3.0500000000000003,71,2,3,0,0,0
02,120250251254290065,ACTIVE,80,3.05,55,3,2,0,0,0
02,120250079118560152,ACTIVE,100,3.04,43,2,2,0,0,0
02,120252642974760368,ACTIVE,160,3.02,104,3,3,0,0,0
02,120250989489220725,ACTIVE,100,3.01,67,2,3,1,1,28.979999999999997
02,120245596108590129,ACTIVE,130,2.9400000000000004,163,5,6,0,0,0
02,120251444422810589,ACTIVE,100,2.93,73,0,1,0,0,0
02,23858457619370799,ACTIVE,150,2.9299999999999997,37,0,0,0,0,0
02,120250569881980734,ACTIVE,80,2.9299999999999997,41,0,0,0,0,0
02,120250251254500065,ACTIVE,136,2.92,55,0,0,0,0,0
02,120250598502330229,ACTIVE,273,2.92,87,3,3,0,0,0
02,120249474155700642,ACTIVE,100,2.9099999999999997,76,6,6,0,0,0
02,120250489914960351,ACTIVE,80,2.88,143,1,1,0,0,0
02,120248128353530674,ACTIVE,80,2.87,56,0,1,0,0,0
02,120249667450010126,ACTIVE,119,2.87,24,0,0,0,0,0
02,120248530207740214,ACTIVE,140,2.86,83,1,1,0,0,0
02,120251071213050319,ACTIVE,100,2.8400000000000003,93,5,5,0,0,0
02,120251403939070589,ACTIVE,229,2.83,34,0,1,0,0,0
02,120246411190320686,ACTIVE,110,2.83,48,0,0,0,0,0
02,120253041846750709,ACTIVE,80,2.83,38,2,1,0,0,0
02,120247131790900470,ACTIVE,200,2.79,127,2,5,0,0,0
02,120250256038220065,ACTIVE,100,2.79,115,4,3,0,0,0
02,120249748873340564,ACTIVE,80,2.79,69,0,0,0,0,0
02,120251047356610589,ACTIVE,182,2.7800000000000002,60,3,3,1,0,0
02,120250153634770116,ACTIVE,80,2.7800000000000002,76,3,3,0,0,0
02,120249951700790455,ACTIVE,100,2.78,51,2,2,0,0,0
02,120247524529550752,ACTIVE,200,2.77,85,3,4,0,0,0
02,120248697587510629,ACTIVE,100,2.76,40,1,1,0,0,0
02,120245937542640129,ACTIVE,100,2.76,84,2,1,1,1,129.44
02,120249598082060216,ACTIVE,80,2.75,54,1,2,0,0,0
02,120249006967110708,ACTIVE,115,2.7199999999999998,43,1,1,0,0,0
02,120251827078290368,ACTIVE,109,2.7,41,0,0,0,0,0
02,120249563397690389,ACTIVE,105,2.7,64,1,2,0,0,0
02,120246471244780065,ACTIVE,100,2.66,80,4,4,0,0,0
02,120259589623590586,ACTIVE,231,2.66,80,3,4,1,0,0
02,120248632386890629,ACTIVE,100,2.66,108,2,3,0,0,0
02,120247845600680470,ACTIVE,100,2.6599999999999997,41,1,2,0,0,0
02,120249253674880462,ACTIVE,135,2.64,64,1,1,0,0,0
02,120246485397990125,ACTIVE,300,2.64,75,1,1,0,0,0
02,120251396308690589,ACTIVE,97,2.62,58,1,0,0,0,0
02,120250722702450019,ACTIVE,50,2.5999999999999996,27,2,3,0,0,0
02,120245263261150146,ACTIVE,100,2.58,79,5,6,0,0,0
02,120249875325910544,ACTIVE,150,2.5700000000000003,61,6,5,0,0,0
02,120247644108910241,ACTIVE,100,2.57,122,1,0,0,0,0
02,120251035065720725,ACTIVE,100,2.56,138,3,8,1,1,86.55
02,120247940392500320,ACTIVE,100,2.56,213,4,2,0,0,0
02,120249980937100168,ACTIVE,174,2.56,42,0,0,0,0,0
02,120250249763030065,ACTIVE,149,2.5599999999999996,38,0,1,0,0,0
02,120249847095210561,ACTIVE,405,2.5500000000000003,80,1,2,1,1,24.98
02,120249798254440455,ACTIVE,249,2.5300000000000002,91,2,2,0,0,0
02,120250303575820065,ACTIVE,100,2.51,60,0,0,0,0,0
02,120249539339830561,ACTIVE,116,2.5,97,2,2,0,0,0
02,120248539964750462,ACTIVE,100,2.5,49,1,1,0,0,0
02,120248937360690084,ACTIVE,50,2.4899999999999998,41,3,4,1,1,69.57
02,120245872792090146,ACTIVE,120,2.48,44,2,2,0,0,0
02,120249798237250455,ACTIVE,135,2.47,33,0,0,0,0,0
02,120249379390070462,ACTIVE,100,2.43,22,0,0,0,0,0
02,120245087420500146,ACTIVE,100,2.4299999999999997,40,0,1,0,0,0
02,120246753835650686,ACTIVE,100,2.42,35,0,1,0,0,0
02,120248875341960509,ACTIVE,104,2.4,113,0,2,0,0,0
02,120248593499490629,ACTIVE,100,2.39,66,1,1,0,0,0
02,120245872791370146,ACTIVE,120,2.37,67,0,1,0,0,0
02,120248581577290549,ACTIVE,85,2.37,43,0,0,0,0,0
02,120246528221970436,ACTIVE,100,2.36,108,2,2,0,0,0
02,120249729041270065,ACTIVE,114,2.36,57,0,2,0,0,0
02,120249597992420216,ACTIVE,80,2.35,55,1,3,0,0,0
02,120247857435320590,ACTIVE,300,2.32,49,1,1,1,1,27.98
02,120247940392330320,ACTIVE,100,2.31,170,1,1,0,0,0
02,120245873480390146,ACTIVE,120,2.3,83,1,5,0,0,0
02,120251404027600589,ACTIVE,267,2.29,27,0,0,0,0,0
02,120253612810330210,ACTIVE,100,2.25,43,0,0,0,0,0
02,120247220117500780,ACTIVE,80,2.25,42,1,1,0,0,0
02,120252601207340368,ACTIVE,206,2.22,73,1,1,0,0,0
02,120247498522100172,ACTIVE,100,2.2199999999999998,64,3,4,0,0,0
02,120253169342360166,ACTIVE,100,2.2,53,1,1,0,0,0
02,120248690643620090,ACTIVE,100,2.2,33,0,0,0,0,0
02,120248829718500214,ACTIVE,50,2.19,71,3,3,0,0,0
02,120252495546580368,ACTIVE,98,2.19,68,0,2,0,0,0
02,120250251218110065,ACTIVE,80,2.17,89,0,1,0,0,0
02,120248937360630084,ACTIVE,50,2.17,33,0,0,0,0,0
02,120249523562880116,ACTIVE,212,2.17,63,2,2,0,0,0
02,120253753955930210,ACTIVE,200,2.16,76,3,2,1,1,41.98
02,120239206782380175,ACTIVE,100,2.15,72,3,5,0,0,0
02,120259754895690586,ACTIVE,30,2.14,64,0,0,0,0,0
02,120245937542720129,ACTIVE,100,2.13,112,1,1,0,0,0
02,120248615567170175,ACTIVE,100,2.11,50,0,1,0,0,0
02,120248598576010303,ACTIVE,100,2.09,54,1,2,0,0,0
02,120249766872140425,ACTIVE,100,2.02,36,2,2,0,0,0
02,6998743229226,ACTIVE,50,2.02,28,0,0,0,0,0
02,120251314406060589,ACTIVE,100,2.0199999999999996,44,0,0,0,0,0
02,120249448254690642,ACTIVE,206,2,44,0,8,0,0,0
02,120249842842440168,ACTIVE,100,2,75,0,2,0,0,0
02,120249880853160469,ACTIVE,100,1.99,79,1,3,0,0,0
02,120249650984300642,ACTIVE,100,1.98,44,0,0,0,0,0
02,120248632978360629,ACTIVE,100,1.97,67,1,1,1,0,0
02,120247653059200586,ACTIVE,100,1.96,45,3,1,0,0,0
02,120247612836940172,ACTIVE,100,1.96,32,0,0,0,0,0
02,120247120232940780,ACTIVE,120,1.95,47,1,1,0,0,0
02,120250210018830100,ACTIVE,500,1.94,56,0,5,1,0,0
02,120250331984600019,ACTIVE,50,1.9300000000000002,20,1,1,0,0,0
02,120245866286530146,ACTIVE,167,1.92,96,1,1,0,0,0
02,120248022515170097,ACTIVE,228,1.89,51,0,0,0,0,0
02,120248697587430629,ACTIVE,100,1.87,30,0,0,0,0,0
02,120249842004090544,ACTIVE,150,1.86,65,2,3,0,0,0
02,120249848308660469,ACTIVE,100,1.8599999999999999,46,1,1,0,0,0
02,120253585833660210,ACTIVE,120,1.8599999999999999,60,1,1,0,0,0
02,120246098209220686,ACTIVE,259,1.84,33,0,1,0,0,0
02,120250761559110365,ACTIVE,60,1.84,22,1,2,0,0,0
02,120250690839020725,ACTIVE,100,1.83,61,0,0,0,0,0
02,120249481659380561,ACTIVE,180,1.82,56,2,4,0,0,0
02,120248819229080090,ACTIVE,120,1.7999999999999998,35,1,1,0,0,0
02,120250649411990351,ACTIVE,80,1.7800000000000002,93,4,3,0,0,0
02,120249747361980561,ACTIVE,76,1.7799999999999998,58,3,2,1,1,41.97
02,120250290123180695,ACTIVE,110,1.73,43,1,1,0,0,0
02,120253753907380210,ACTIVE,100,1.71,46,1,1,0,0,0
02,120249951700850455,ACTIVE,100,1.7000000000000002,26,0,1,0,0,0
02,120249700925490126,ACTIVE,87,1.69,38,2,2,1,1,49.519999999999996
02,120251222131740319,ACTIVE,100,1.69,55,1,1,0,0,0
02,120248304803400065,ACTIVE,100,1.6800000000000002,53,1,2,0,0,0
02,120249847095270561,ACTIVE,225,1.6600000000000001,41,0,0,0,0,0
02,120248915319350509,ACTIVE,80,1.6600000000000001,96,2,2,0,0,0
02,120248973154230090,ACTIVE,60,1.65,32,2,2,0,0,0
02,120243276755660065,ACTIVE,118,1.65,50,0,0,0,0,0
02,120248581577260549,ACTIVE,50,1.63,26,0,0,0,0,0
02,120246767810560125,ACTIVE,120,1.59,14,0,0,0,0,0
02,120249880780960469,ACTIVE,100,1.57,77,2,2,0,0,0
02,120248726902710477,ACTIVE,100,1.57,32,0,0,0,0,0
02,120251742686670577,ACTIVE,150,1.54,60,3,2,0,0,0
02,120248087329420097,ACTIVE,260,1.53,53,0,1,0,0,0
02,120246024108390751,ACTIVE,300,1.52,26,1,1,0,0,0
02,120250528464190431,ACTIVE,80,1.51,64,0,0,0,0,0
02,120248581577230549,ACTIVE,50,1.5,18,0,0,0,0,0
02,120249653554320561,ACTIVE,112,1.49,34,0,0,0,0,0
02,120251444422860589,ACTIVE,100,1.48,34,0,2,0,0,0
02,120252137394980729,ACTIVE,50,1.47,17,1,1,0,0,0
02,120248967678300303,ACTIVE,200,1.47,31,1,1,0,0,0
02,120246613655870434,ACTIVE,99,1.47,19,2,2,1,1,60.38999999999999
02,120248765691520175,ACTIVE,112,1.4500000000000002,36,0,0,0,0,0
02,120250629224620319,ACTIVE,120,1.44,85,0,0,1,1,64.19
02,120249891958260561,ACTIVE,80,1.42,44,1,1,0,0,0
02,120251799189790279,ACTIVE,80,1.42,44,3,4,1,1,54.96
02,120246058017990436,ACTIVE,370,1.4,59,0,2,0,0,0
02,120253102991860166,ACTIVE,100,1.35,30,0,2,0,0,0
02,120246939922390780,ACTIVE,150,1.33,58,2,4,0,0,0
02,120247220001050780,ACTIVE,80,1.32,39,2,3,1,0,0
02,120249687202530455,ACTIVE,100,1.3000000000000003,30,0,0,0,0,0
02,120250456531050116,ACTIVE,140,1.3,25,0,0,0,0,0
02,120247498910200172,ACTIVE,100,1.3,29,1,2,1,1,37.94
02,120250251218160065,ACTIVE,104,1.2999999999999998,41,0,0,0,0,0
02,120247120200010780,ACTIVE,120,1.2999999999999998,37,3,4,0,0,0
02,120259717310200586,ACTIVE,100,1.2800000000000002,21,1,1,0,0,0
02,120247035183980025,PAUSED,100,1.27,29,0,1,0,0,0
02,120246299721450751,ACTIVE,195,1.27,24,0,0,0,0,0
02,120246230106530436,ACTIVE,140,1.27,35,0,1,0,0,0
02,120247219802730780,ACTIVE,80,1.26,41,0,0,0,0,0
02,120250330451160116,ACTIVE,84,1.25,12,0,0,0,0,0
02,120259754966640586,ACTIVE,30,1.25,66,0,0,0,0,0
02,6973002165426,ACTIVE,50,1.25,30,2,3,1,0,0
02,120248987297460509,ACTIVE,100,1.24,39,0,3,0,0,0
02,120250832457260100,ACTIVE,87,1.24,30,1,1,0,0,0
02,120251838080450019,ACTIVE,50,1.23,43,1,1,0,0,0
02,120246266385410436,ACTIVE,414,1.19,81,0,2,0,0,0
02,120249447109420642,ACTIVE,240,1.18,29,0,3,0,0,0
02,120249238447210751,ACTIVE,85,1.1600000000000001,19,0,0,0,0,0
02,120246754801740509,ACTIVE,100,1.15,36,0,0,0,0,0
02,120250295700070048,PAUSED,100,1.15,12,0,0,0,0,0
02,120259717187600586,ACTIVE,30,1.1400000000000001,30,1,1,0,0,0
02,120250110334530116,ACTIVE,98,1.14,13,0,2,0,0,0
02,120247887851240707,ACTIVE,145,1.12,21,0,1,1,1,37.370000000000005
02,120248168760260420,ACTIVE,80,1.1099999999999999,32,0,0,0,0,0
02,120253754022930210,ACTIVE,117,1.1,29,0,0,0,0,0
02,120251149624600589,ACTIVE,150,1.1,39,0,0,0,0,0
02,120246276526570788,ACTIVE,50,1.0899999999999999,26,0,1,0,0,0
02,120249118466650708,ACTIVE,100,1.0699999999999998,10,1,1,0,0,0
02,120248947080080509,ACTIVE,80,1.06,49,1,1,0,0,0
02,120250528464240431,ACTIVE,80,1.04,62,1,0,0,0,0
02,120247358957950177,ACTIVE,100,1.04,53,0,1,0,0,0
02,120252137394920729,ACTIVE,50,1.03,23,1,2,0,0,0
02,120259636331450586,ACTIVE,100,0.99,8,0,0,0,0,0
02,120247997930180097,ACTIVE,192,0.98,36,1,2,0,0,0
02,120247614409850674,ACTIVE,150,0.98,12,0,0,0,0,0
02,120251051147810019,ACTIVE,50,0.98,28,1,1,0,0,0
02,120254898526910012,ACTIVE,80,0.95,62,1,1,0,0,0
02,120251465994660577,ACTIVE,150,0.94,28,0,0,0,0,0
02,120246362085040788,ACTIVE,100,0.9200000000000002,36,0,0,0,0,0
02,120247791798810032,ACTIVE,99,0.91,19,1,3,1,0,0
02,120248012098050674,PAUSED,120,0.91,10,1,1,1,0,0
02,120249796872860455,ACTIVE,104,0.91,38,0,0,0,0,0
02,120247917740610241,ACTIVE,100,0.89,40,3,2,0,0,0
02,120247160725690630,ACTIVE,100,0.89,16,0,0,0,0,0
02,120245878022480146,ACTIVE,100,0.88,41,1,4,0,0,0
02,120250572410180732,ACTIVE,80,0.8799999999999999,20,0,0,0,0,0
02,120249771350330425,ACTIVE,80,0.87,22,0,0,0,0,0
02,120252741548160651,ACTIVE,20,0.8600000000000001,14,1,0,0,0,0
02,120250637086040229,ACTIVE,66,0.86,17,1,1,0,0,0
02,120251916273140577,ACTIVE,100,0.8500000000000001,41,1,1,0,0,0
02,120249885841510469,ACTIVE,100,0.85,23,0,0,0,0,0
02,120245346459390436,ACTIVE,178,0.85,33,0,2,0,0,0
02,120249847650660469,ACTIVE,100,0.84,21,0,2,0,0,0
02,120250295821890048,PAUSED,100,0.81,26,0,0,0,0,0
02,120247101390620133,ACTIVE,80,0.8099999999999999,15,0,0,0,0,0
02,120249238447180751,ACTIVE,50,0.8,13,3,3,0,0,0
02,120247347738320650,ACTIVE,101,0.79,7,1,2,1,0,0
02,120246162660770788,ACTIVE,50,0.7500000000000001,17,1,1,0,0,0
02,120252129110040057,ACTIVE,100,0.73,3,0,0,0,0,0
02,120251073567510725,ACTIVE,100,0.72,28,0,0,0,0,0
02,120247530616290752,PAUSED,300,0.72,23,0,0,0,0,0
02,120247035184050025,PAUSED,100,0.71,32,0,0,0,0,0
02,120252650634680368,ACTIVE,60,0.71,28,0,0,0,0,0
02,120252589978050166,ACTIVE,20,0.7,19,0,0,0,0,0
02,120252598297590166,ACTIVE,100,0.7,26,0,0,0,0,0
02,120249616030460561,ACTIVE,224,0.6799999999999999,56,0,1,0,0,0
02,120251073383310725,ACTIVE,100,0.6700000000000002,28,0,0,0,0,0
02,120246753916760686,ACTIVE,125,0.6699999999999999,23,0,2,1,0,0
02,120245468761950436,ACTIVE,433,0.65,29,0,1,1,0,0
02,120248087317500097,ACTIVE,139,0.63,24,0,0,0,0,0
02,120245878023020146,ACTIVE,100,0.62,25,0,1,0,0,0
02,120250172561040389,ACTIVE,116,0.61,19,0,0,0,0,0
02,120251405891810589,ACTIVE,136,0.6000000000000001,9,0,0,0,0,0
02,120247486299210533,ACTIVE,90,0.6,16,0,2,0,0,0
02,120247410623640470,ACTIVE,10,0.5900000000000001,3,0,0,0,0,0
02,120250295699910048,PAUSED,100,0.58,8,0,0,0,0,0
02,120251073350070725,ACTIVE,100,0.5700000000000001,22,0,0,0,0,0
02,120259587945310586,ACTIVE,100,0.56,21,0,0,0,0,0
02,120246731542060686,ACTIVE,80,0.55,14,0,0,0,0,0
02,120247476544590470,ACTIVE,10,0.52,4,0,0,0,0,0
02,120249304487320561,ACTIVE,104,0.52,23,0,1,0,0,0
02,120249729585740544,ACTIVE,81,0.52,6,0,1,0,0,0
02,23858726940290799,ACTIVE,80,0.5,15,0,0,0,0,0
02,120251788791190404,ACTIVE,100,0.48,6,0,1,0,0,0
02,120250295821980048,PAUSED,100,0.47,8,0,0,0,0,0
02,120247763049650707,ACTIVE,170,0.46,8,0,1,0,0,0
02,120245546721500146,ACTIVE,171,0.46,10,1,1,0,0,0
02,120242694742870146,ACTIVE,474,0.46,13,0,0,0,0,0
02,120251916359060577,ACTIVE,100,0.45,22,0,1,0,0,0
02,120250779739870734,ACTIVE,80,0.44,14,0,0,0,0,0
02,120249668731640469,ACTIVE,100,0.43,9,0,0,0,0,0
02,120249118276910708,ACTIVE,100,0.43,3,0,0,0,0,0
02,120251917082830577,ACTIVE,100,0.41000000000000003,17,1,1,0,0,0
02,120249885944530469,ACTIVE,100,0.41,9,0,0,0,0,0
02,120250449834830589,ACTIVE,138,0.4,13,0,2,0,0,0
02,120249912744240152,ACTIVE,84,0.38,21,0,0,0,0,0
02,120248562847560629,ACTIVE,100,0.37,4,0,2,0,0,0
02,120250637038310229,ACTIVE,123,0.34,4,1,2,0,0,0
02,120244480112510436,ACTIVE,123,0.33,19,0,0,0,0,0
02,120254972636650012,ACTIVE,80,0.33,16,0,0,0,0,0
02,120253682244230210,ACTIVE,120,0.32,14,0,0,0,0,0
02,120252819722330404,ACTIVE,100,0.3,5,0,0,0,0,0
02,120248767028760175,ACTIVE,100,0.29000000000000004,10,0,2,0,0,0
02,120248665447960629,ACTIVE,100,0.29,14,1,1,0,0,0
02,120251995809820769,ACTIVE,100,0.27,5,0,0,0,0,0
02,120247840321450032,ACTIVE,100,0.26,4,0,0,0,0,0
02,120249350342530751,ACTIVE,80,0.26,12,1,1,0,0,0
02,120246229939410436,ACTIVE,115,0.26,8,0,0,0,0,0
02,120249889650130561,ACTIVE,91,0.24,7,0,0,0,0,0
02,120252765932190427,ACTIVE,64,0.23,13,0,0,0,0,0
02,120249813131810469,ACTIVE,100,0.22,8,0,1,0,0,0
02,120249754760810019,ACTIVE,50,0.21,4,0,1,0,0,0
02,120248954868450509,ACTIVE,80,0.21,11,0,0,0,0,0
02,120246753999340686,ACTIVE,80,0.2,3,0,0,0,0,0
02,120249325186850389,ACTIVE,143,0.2,11,0,1,0,0,0
02,120247704402520752,ACTIVE,83,0.19,3,0,0,0,0,0
02,120252819655660404,ACTIVE,100,0.19,10,0,0,0,0,0
02,120246023777450751,ACTIVE,300,0.18,9,0,0,0,0,0
02,120251997651590404,ACTIVE,100,0.18,6,0,0,0,0,0
02,120253168906120166,ACTIVE,20,0.17,7,0,0,0,0,0
02,120247612829420172,ACTIVE,100,0.16999999999999998,5,1,1,0,0,0
02,120253132488960166,ACTIVE,30,0.16999999999999998,6,0,0,0,0,0
02,120249717905560469,ACTIVE,100,0.16,6,0,0,0,0,0
02,120245545428730146,ACTIVE,131,0.16,9,0,0,0,0,0
02,120247692380410470,ACTIVE,5,0.15000000000000002,4,0,0,0,0,0
02,120250636935150229,ACTIVE,64,0.15,5,0,0,0,0,0
02,120246293141950436,ACTIVE,246,0.14,6,0,0,0,0,0
02,120250374522140365,ACTIVE,60,0.14,6,0,1,0,0,0
02,120245481989400065,ACTIVE,100,0.13,1,0,0,0,0,0
02,120248623149560090,ACTIVE,196,0.13,8,0,0,0,0,0
02,120247476544900470,ACTIVE,10,0.13,4,0,0,0,0,0
02,120249902226690561,ACTIVE,80,0.13,4,0,1,0,0,0
02,120250637142390229,ACTIVE,80,0.12,2,0,0,0,0,0
02,120248767076380175,ACTIVE,112,0.12,6,0,0,0,0,0
02,120250337858370100,ACTIVE,170,0.12,5,0,1,0,0,0
02,120247486299200533,ACTIVE,90,0.11,6,0,0,0,0,0
02,120245872237040146,ACTIVE,100,0.1,9,0,4,0,0,0
02,120247065555950630,ACTIVE,100,0.09,1,0,0,0,0,0
02,120252819669530404,ACTIVE,100,0.08,1,0,0,0,0,0
02,120249880903670469,ACTIVE,100,0.08,1,0,0,0,0,0
02,120249747361920561,ACTIVE,92,0.07,3,0,0,0,0,0
02,120252819687360404,ACTIVE,100,0.07,3,0,0,0,0,0
02,120246845803590125,ACTIVE,80,0.07,4,0,0,0,0,0
02,120251995892080769,ACTIVE,100,0.07,3,0,0,0,0,0
02,120245878024520146,ACTIVE,100,0.07,2,0,1,0,0,0
02,120250563904960365,ACTIVE,60,0.07,2,0,0,0,0,0
02,120249740598600469,ACTIVE,100,0.06,2,0,0,0,0,0
02,120249669211920469,ACTIVE,100,0.06,3,0,0,0,0,0
02,120250332385240019,ACTIVE,50,0.06,3,0,0,0,0,0
02,120252741548210651,ACTIVE,20,0.06,4,0,0,0,0,0
02,120246355915360788,ACTIVE,30,0.06,7,0,0,0,0,0
02,120251997719170404,ACTIVE,100,0.06,2,0,0,0,0,0
02,120247516592800470,ACTIVE,10,0.05,1,0,0,0,0,0
02,120248052316140674,ACTIVE,80,0.05,1,0,0,0,0,0
02,120248768375880175,ACTIVE,100,0.05,2,0,0,0,0,0
02,120247800928570707,ACTIVE,138,0.05,3,0,0,0,0,0
02,120249660368100389,ACTIVE,241,0.05,3,0,0,0,0,0
02,120247195553610630,ACTIVE,80,0.05,3,0,0,0,0,0
02,120248895819210303,ACTIVE,30,0.05,1,0,0,0,0,0
02,120249447109280642,ACTIVE,136,0.05,4,0,0,0,0,0
02,120247516592890470,ACTIVE,10,0.05,2,0,0,0,0,0
02,120249626724790126,ACTIVE,100,0.04,2,0,0,0,0,0
02,120246610839630125,ACTIVE,116,0.04,4,0,0,0,0,0
02,120253455387470054,ACTIVE,98,0.03,3,0,0,0,0,0
02,120245878022750146,ACTIVE,100,0.03,2,0,0,0,0,0
02,120250637202680229,ACTIVE,64,0.03,4,0,0,0,0,0
02,120251351605010589,ACTIVE,428,0.03,2,0,0,0,0,0
02,120251837964590019,ACTIVE,50,0.03,3,0,0,0,0,0
02,120251256015310577,ACTIVE,100,0.03,3,0,1,0,0,0
02,120253582875740210,ACTIVE,100,0.02,2,0,0,0,0,0
02,120248768375830175,ACTIVE,100,0.02,1,0,0,0,0,0
02,120245380137820707,ACTIVE,100,0.02,4,0,0,0,0,0
02,120246502299380436,ACTIVE,100,0.02,1,0,0,0,0,0
02,120247516592700470,ACTIVE,10,0.01,1,0,0,0,0,0
02,120250422902390695,ACTIVE,80,0.01,2,0,0,0,0,0
02,120247974923210032,ACTIVE,100,0.01,3,0,0,0,0,0
02,120253169727490166,ACTIVE,30,0.01,4,0,0,0,0,0
02,120250156416670100,ACTIVE,100,0.01,4,0,0,0,0,0
02,120251121608510725,ACTIVE,100,0,0,0,0,0,0,0
02,120247232849230630,ACTIVE,100,0,0,0,0,0,0,0
02,120248717535180509,PAUSED,80,0,0,0,1,0,0,0
02,120247767966830752,PAUSED,100,0,0,0,0,0,0,0
02,120253058412510404,ACTIVE,120,0,0,0,0,0,0,0
02,120253058412540404,ACTIVE,120,0,0,0,0,0,0,0
02,120253058412600404,ACTIVE,120,0,0,0,0,0,0,0
02,120248736827310090,PAUSED,100,0,0,0,1,0,0,0
02,120247232849290630,ACTIVE,100,0,0,0,0,0,0,0
02,120253132489050166,ACTIVE,30,0,1,0,0,0,0,0
02,120247232882600630,ACTIVE,100,0,0,0,0,0,0,0
02,120247319362190032,ACTIVE,100,0,0,0,0,0,0,0
02,120253178573060709,ACTIVE,80,0,0,0,0,0,0,0
02,120247476544560470,ACTIVE,10,0,1,0,0,0,0,0
02,120249584002100642,ACTIVE,277,0,2,0,0,0,0,0
02,120247683741070320,PAUSED,407,0,0,0,1,0,0,0
02,120250812253580734,ACTIVE,80,0,0,0,0,0,0,0
02,120250812232820734,ACTIVE,80,0,0,0,0,0,0,0
02,120250102948990152,ACTIVE,100,0,0,0,0,0,0,0
02,120249731092620126,ACTIVE,80,0,0,0,0,0,0,0
02,120249731092590126,ACTIVE,80,0,0,0,0,0,0,0
02,120250812212400734,ACTIVE,80,0,0,0,0,0,0,0
02,120250812135090734,ACTIVE,80,0,0,0,0,0,0,0
02,120249730981330126,ACTIVE,80,0,0,0,0,0,0,0
02,120250102948780152,ACTIVE,100,0,0,0,0,0,0,0
02,120250102832040152,ACTIVE,100,0,0,0,0,0,0,0
02,120250102812370152,ACTIVE,100,0,0,0,0,0,0,0
02,120248884845340214,ACTIVE,100,0,0,0,0,0,0,0
02,120249730981230126,ACTIVE,80,0,0,0,0,0,0,0
02,120249730927900126,ACTIVE,80,0,0,0,0,0,0,0
02,120249977391280544,ACTIVE,80,0,0,0,0,0,0,0
02,120249730927800126,ACTIVE,80,0,0,0,0,0,0,0
02,120250633026420512,ACTIVE,80,0,0,0,0,0,0,0
02,120247555163370650,PAUSED,80,0,0,0,0,0,0,0
02,120250633042850512,ACTIVE,80,0,0,0,0,0,0,0
02,120249557312180642,PAUSED,243,0,0,0,0,0,0,0
02,52514313079030,ACTIVE,50,0,0,0,0,0,0,0
02,120248985452280509,ACTIVE,80,0,0,0,0,0,0,0
02,120251588323280577,ACTIVE,100,0,5,0,0,0,0,0
02,120246876992500125,ACTIVE,80,0,0,0,0,0,0,0
02,120246876986400125,ACTIVE,80,0,0,0,0,0,0,0
02,120246876997380125,ACTIVE,80,0,0,0,0,0,0,0
02,120249510498660642,ACTIVE,122,0,0,0,0,0,0,0
02,120251444423580589,ACTIVE,100,0,0,0,0,0,0,0
02,120250295766640048,PAUSED,100,0,0,0,0,0,0,0
02,120251444423220589,ACTIVE,100,0,0,0,0,0,0,0
02,120251941748890577,ACTIVE,100,0,0,0,0,0,0,0
02,120251941748920577,ACTIVE,100,0,0,0,0,0,0,0
02,120251941983950577,ACTIVE,100,0,0,0,0,0,0,0
02,120251942076840577,ACTIVE,100,0,0,0,0,0,0,0
02,120249785294140564,ACTIVE,80,0,0,0,0,0,0,0
02,120250456622110116,ACTIVE,200,0,0,0,0,0,0,0
02,120249785294120564,ACTIVE,80,0,0,0,0,0,0,0
02,120249787361050564,ACTIVE,80,0,0,0,0,0,0,0
02,120248128353450674,ACTIVE,80,0,0,0,0,0,0,0
02,120249924070970561,ACTIVE,80,0,0,0,0,0,0,0
02,120249924071030561,ACTIVE,80,0,0,0,0,0,0,0
02,120246529518600436,ACTIVE,101,0,0,0,0,0,0,0
02,120246529518570436,ACTIVE,101,0,0,0,0,0,0,0
02,120249946377620469,ACTIVE,80,0,0,0,0,0,0,0
02,120249946425210469,ACTIVE,80,0,0,0,0,0,0,0
02,120249946438520469,ACTIVE,80,0,0,0,0,0,0,0
02,120249946560920469,ACTIVE,80,0,0,0,0,0,0,0
02,120248632978500629,PAUSED,100,0,0,0,0,0,0,0
02,120250483424290695,ACTIVE,80,0,0,0,0,0,0,0
02,120252720813860368,ACTIVE,80,0,0,0,0,0,0,0
02,120252720813890368,ACTIVE,80,0,0,0,0,0,0,0
02,120248665534640629,ACTIVE,100,0,1,0,0,0,0,0
02,120248665771320629,ACTIVE,100,0,0,0,0,0,0,0
02,120250483424420695,ACTIVE,80,0,0,0,0,0,0,0
02,120247783774240707,ACTIVE,112,0,1,0,0,0,0,0
02,120251121616990725,ACTIVE,100,0,0,0,0,0,0,0
02,120252756016590651,ACTIVE,20,0,0,0,0,0,0,0
02,120252756025970651,ACTIVE,20,0,0,0,0,0,0,0
02,120252756026030651,ACTIVE,20,0,0,0,0,0,0,0
02,120252756026080651,ACTIVE,20,0,0,0,0,0,0,0
02,120251121616960725,ACTIVE,100,0,0,0,0,0,0,0
02,120251121608550725,ACTIVE,100,0,0,0,0,0,0,0
03,120248800044910751,ACTIVE,1400,189.53000000000003,5352,72,122,19,8,272.81
03,120250857934900725,ACTIVE,1500,116.27000000000001,3558,91,94,10,5,304.41999999999996
03,120241066464020065,ACTIVE,689,106.00999999999999,4740,63,69,5,2,106.44
03,120249855268710455,ACTIVE,1010,100.76,2677,58,62,4,1,84.37
03,120245837898990436,ACTIVE,924,95.14999999999999,4178,78,75,5,4,335.9
03,120251280416620589,ACTIVE,612,91.53,2444,48,45,3,0,0
03,120245031811820436,ACTIVE,1050,89.22,4176,92,101,6,4,246.65
03,120245942236800686,ACTIVE,582,86.03999999999999,1022,24,25,4,3,216.91
03,120250148796800065,ACTIVE,671,84.19,1476,44,45,5,2,126.42
03,120246729148030125,ACTIVE,1050,83.23,1557,33,33,8,1,97.7
03,120246652396390686,ACTIVE,195,83.05,753,16,23,3,0,0
03,120246345569010686,ACTIVE,318,80.36,1117,29,41,3,2,102.44
03,120248855168720455,ACTIVE,916,80.29,2084,41,41,3,1,60.41
03,120246506094720686,ACTIVE,627,79.16,689,24,28,6,5,306.04
03,120245878022610146,ACTIVE,500,75.2,3157,100,109,4,3,257.15
03,120246180858520686,ACTIVE,541,71.4,1248,29,30,2,1,71.21000000000001
03,120245481989440065,ACTIVE,338,70.31,1980,40,41,3,2,85.19999999999999
03,120245557729330686,ACTIVE,136,65.52,765,19,20,1,0,0
03,120246457583950686,ACTIVE,550,65.47,863,20,25,1,1,51.22
03,120244349823030686,ACTIVE,422,63.42999999999999,1000,34,34,2,2,81.2
03,120247384368960172,ACTIVE,850,61.879999999999995,1254,31,38,3,2,75.88000000000001
03,120245044044870686,ACTIVE,522,61.07,827,20,23,3,3,171.14
03,120249773521790455,ACTIVE,2800,60,934,11,41,2,1,147.28
03,120246715310580686,ACTIVE,370,59.16,642,14,17,3,3,89.94
03,120249796843930455,ACTIVE,701,59.12,2161,51,56,5,2,225.63000000000002
03,120244270293390320,ACTIVE,700,58.15,1587,35,38,2,1,160.5
03,120250447195790100,ACTIVE,890,58.15,1541,28,35,0,0,0
03,120245878024160146,ACTIVE,326,57.5,2347,82,89,3,2,120.59
03,120247205366420177,ACTIVE,475,56.6,915,42,41,4,1,29.98
03,120246457864390686,ACTIVE,353,56.47,630,31,26,5,4,182.39000000000001
03,120242301213170065,ACTIVE,435,55.57,1978,23,21,3,0,0
03,120246505926190686,ACTIVE,188,53.82,653,23,22,2,0,0
03,120245514271740065,ACTIVE,370,53.61,597,28,27,2,2,85.2
03,120249843765220065,ACTIVE,333,53.39,592,22,22,2,1,53.22
03,120246243213280686,ACTIVE,802,52.76,1133,20,25,6,2,81.2
03,120246037977820686,ACTIVE,424,49.97,945,20,15,3,1,71.21
03,120249798276470455,ACTIVE,686,49.5,2159,20,27,1,0,0
03,120246346915640686,ACTIVE,257,49.36,643,14,17,0,0,0
03,120252043483350057,ACTIVE,330,48.269999999999996,288,9,12,1,1,41.98
03,120249737694570455,ACTIVE,588,46.57,890,16,15,1,0,0
03,120245284052330686,ACTIVE,219,46.36,726,13,17,1,1,51.22
03,120246500280680686,ACTIVE,210,46.07,464,17,18,1,0,0
03,120249897412970455,ACTIVE,479,45.63,1018,28,35,4,2,120.82000000000001
03,120248764599250589,ACTIVE,754,45.58,1224,22,26,1,0,0
03,120244813077130146,ACTIVE,501,45.290000000000006,548,20,17,2,1,75.21
03,120249286008100751,ACTIVE,389,43.94,1354,23,35,8,5,213.85
03,120244418309490436,ACTIVE,629,42.480000000000004,1762,49,45,6,4,304.40999999999997
03,120245872066930146,ACTIVE,421,42.38,818,21,25,4,1,75.22
03,120252669244990404,ACTIVE,496,42.32000000000001,527,22,21,2,1,71.72
03,120248503550700175,ACTIVE,465,42.06,1913,39,46,1,0,0
03,120246652396420686,ACTIVE,169,41.58,420,12,17,1,1,51.22
03,120246299672740751,ACTIVE,1300,39.01,713,10,22,1,0,0
03,120246188701000686,ACTIVE,194,38.589999999999996,707,14,17,1,1,51.21
03,120245815157520129,ACTIVE,270,38.28,1262,37,39,4,0,0
03,120248810047820509,ACTIVE,800,37.870000000000005,1140,37,38,1,1,34.980000000000004
03,120246411234470686,ACTIVE,256,37.8,467,6,6,0,0,0
03,120245906371410129,ACTIVE,300,37.13,1179,40,38,5,3,178.43
03,120250210018830100,ACTIVE,500,36.56,920,21,18,2,0,0
03,120250296535810100,ACTIVE,565,36.269999999999996,840,27,24,3,1,52.56
03,120246544819180686,ACTIVE,169,35.82,396,10,10,1,1,107.43
03,120249786479970065,ACTIVE,385,35.24,738,24,31,6,3,117.17999999999999
03,120249819353240455,ACTIVE,1646,35,968,12,32,1,0,0
03,120245890874640129,ACTIVE,270,34.95,1153,22,26,2,1,68.22
03,120248464770270509,ACTIVE,500,34.54,892,22,30,2,1,61.970000000000006
03,120249973654180455,ACTIVE,606,34.36,781,22,17,1,1,34.949999999999996
03,120248387124610175,ACTIVE,470,33.51,1166,22,30,4,0,0
03,120248857694860291,ACTIVE,500,33.339999999999996,612,34,33,0,0,0
03,120248854598290455,ACTIVE,375,33.19,783,16,18,2,1,34.95
03,120249676548660425,ACTIVE,354,33.13,594,11,14,3,1,90.72
03,120247380153090677,ACTIVE,340,32.099999999999994,1215,19,20,2,1,70.02
03,120249511691790642,ACTIVE,161,32.06,460,3,5,0,0,0
03,120248503550720175,ACTIVE,325,32.019999999999996,952,19,21,1,0,0
03,120253587305330054,ACTIVE,199,31.98,472,11,9,1,0,0
03,120250857934870725,ACTIVE,500,31.86,1285,32,39,6,3,207.63
03,120245382821930146,ACTIVE,329,31.68,778,16,24,2,0,0
03,120249709181720425,ACTIVE,379,31.36,591,14,15,1,0,0
03,120249953993750065,ACTIVE,194,31.16,424,13,15,1,1,53.21
03,120246347471430686,ACTIVE,143,30.92,348,12,17,0,0,0
03,120247225333420177,ACTIVE,143,30.679999999999996,465,15,16,2,0,0
03,120245873479890146,PAUSED,359,30.54,1128,33,30,1,0,0
03,120249286008110751,ACTIVE,229,30.169999999999998,859,14,19,3,3,184.87000000000003
03,120249135138850389,ACTIVE,403,29.93,799,21,17,4,3,105.88
03,120249525301790564,ACTIVE,500,29.89,618,13,13,0,0,0
03,120253406029470054,ACTIVE,284,29.61,500,8,11,1,0,0
03,120249999663760100,ACTIVE,560,29.11,1008,22,23,0,0,0
03,120248927739830303,ACTIVE,300,28.909999999999997,514,19,21,3,1,42.97
03,120249506741180642,ACTIVE,221,28.83,502,13,15,1,2,103.9
03,120250036356910725,ACTIVE,500,28.43,644,12,13,1,1,28.98
03,120246717696080686,ACTIVE,145,28.25,286,4,6,1,0,0
03,120245334049540065,ACTIVE,265,27.69,327,10,14,0,0,0
03,120250348875890229,ACTIVE,95,27.659999999999997,1344,35,35,1,0,0
03,120248563890830642,ACTIVE,393,27.6,741,14,20,2,0,0
03,120249998355340389,ACTIVE,242,26.74,442,12,18,1,0,0
03,120246983939560320,ACTIVE,360,26.630000000000003,811,9,15,1,0,0
03,120248648060210175,ACTIVE,157,26.340000000000003,663,30,28,4,2,83.86
03,120246058017990436,ACTIVE,370,26.2,1030,19,18,3,2,110.2
03,120248630524990629,ACTIVE,300,25.5,616,14,16,1,0,0
03,120247215908240172,ACTIVE,400,25.349999999999998,658,22,29,1,1,65.94
03,120254995038120211,ACTIVE,100,25.21,519,8,7,0,0,0
03,120250164409520065,ACTIVE,263,25.2,409,10,12,1,0,0
03,120250250795130229,ACTIVE,56,25.11,459,12,10,2,1,89.95
03,120247580154530650,ACTIVE,90,25.09,173,9,10,2,0,0
03,120247498522010172,ACTIVE,400,25,413,12,15,1,0,0
03,120248795700600477,ACTIVE,88,24.880000000000003,270,8,9,1,0,0
03,120246865117370320,ACTIVE,300,24.75,670,10,11,0,0,0
03,120253717968900054,ACTIVE,562,24.299999999999997,327,10,17,2,2,85.19000000000001
03,120249545398570642,ACTIVE,383,24.020000000000003,680,14,18,2,2,103.9
03,120245656228230146,ACTIVE,289,23.77,305,7,5,0,0,0
03,120250164409580065,ACTIVE,245,23.749999999999996,500,8,13,2,2,85.2
03,120249447109420642,ACTIVE,240,23.34,577,7,8,1,1,117.01
03,120249325186790389,ACTIVE,277,23.31,927,20,22,2,0,0
03,120247826417250320,ACTIVE,498,23.240000000000002,752,9,11,0,0,0
03,120246715310330686,ACTIVE,100,23.22,227,8,11,1,1,29.980000000000004
03,120249998355410389,ACTIVE,200,23.04,759,27,27,3,1,34.86
03,120247607295610752,ACTIVE,343,22.98,599,16,19,2,0,0
03,120246754000300686,ACTIVE,135,22.880000000000003,234,4,4,0,0,0
03,120246791587200455,ACTIVE,363,22.68,208,0,11,1,0,0
03,120250270342280100,ACTIVE,191,22.49,540,21,16,1,0,0
03,120248850201850065,ACTIVE,214,22.230000000000004,338,6,8,0,0,0
03,120251351605010589,ACTIVE,428,22.130000000000003,363,6,7,1,1,67.89
03,120247824573220241,ACTIVE,357,22.1,1201,24,27,1,1,66.47999999999999
03,120248964166500090,ACTIVE,319,22.02,559,9,14,2,0,0
03,120247043007240177,ACTIVE,100,21.799999999999997,367,9,9,2,2,59.959999999999994
03,120246411190320686,ACTIVE,110,21.77,209,4,4,1,1,29.98
03,120246260582710436,ACTIVE,290,21.54,1106,19,26,5,3,236.17000000000002
03,120251463178000247,ACTIVE,100,21.509999999999998,192,4,4,1,0,0
03,120248721133890006,ACTIVE,80,21.48,247,8,9,2,1,29.94
03,120248600846420453,ACTIVE,80,21.45,185,4,4,0,0,0
03,120248602054940453,ACTIVE,80,21.3,174,6,6,0,0,0
03,120250057126690389,ACTIVE,210,21.259999999999998,953,16,27,1,1,47.769999999999996
03,120248678284680175,ACTIVE,268,21.14,618,7,5,0,0,0
03,120246753917490686,ACTIVE,100,21.119999999999997,306,4,10,2,2,141.16
03,120245872237150146,ACTIVE,180,20.969999999999995,968,20,29,3,2,83.96000000000001
03,120248602054980453,ACTIVE,80,20.93,164,3,3,0,0,0
03,120250528241360229,ACTIVE,116,20.71,1428,24,22,0,0,0
03,120249651103010642,ACTIVE,126,20.67,342,6,5,1,0,0
03,120253509292830054,ACTIVE,134,20.590000000000003,307,8,8,0,0,0
03,120246411339050686,ACTIVE,100,20.55,386,13,17,3,3,89.94
03,120245972443720177,ACTIVE,243,20.5,432,11,13,0,0,0
03,120251463274110247,ACTIVE,100,20.46,184,4,3,0,0,0
03,23858591199930790,ACTIVE,80,20.369999999999997,1758,15,15,0,0,0
03,120248541516690291,ACTIVE,500,20.18,317,4,8,1,1,64.17
03,120246253656250788,ACTIVE,200,20.15,357,9,11,1,1,65.77
03,120247583319740586,ACTIVE,100,19.93,391,17,15,3,0,0
03,120249231443520389,ACTIVE,223,19.92,888,10,16,5,2,69.72
03,120250680471950100,ACTIVE,200,19.92,458,6,7,0,0,0
03,120250249763860065,ACTIVE,176,19.919999999999998,346,7,8,1,1,31.98
03,120249651102950642,ACTIVE,126,19.740000000000002,292,10,13,1,0,0
03,120249728773790126,ACTIVE,88,19.72,243,8,6,1,0,0
03,120247139480370564,ACTIVE,300,19.72,574,13,13,1,1,69.72
03,120248124805050097,ACTIVE,188,19.580000000000002,742,10,11,1,1,34.980000000000004
03,120248012782330065,ACTIVE,212,19.54,300,4,5,0,0,0
03,120251463274190247,ACTIVE,100,19.22,172,7,8,1,0,0
03,120250245426520065,ACTIVE,262,19.22,328,9,8,1,0,0
03,120249535727510116,ACTIVE,420,19.14,441,12,13,3,1,69.72
03,120246901356650172,ACTIVE,200,19.11,295,10,14,1,2,103.88
03,120247751879690032,ACTIVE,428,19.08,604,20,24,3,1,42.97
03,120249448254690642,ACTIVE,206,19.06,358,20,21,2,0,0
03,120255025421590211,ACTIVE,135,19.019999999999996,316,10,11,1,1,95.05999999999999
03,120249422827560642,ACTIVE,147,18.950000000000003,324,4,8,1,0,0
03,120247376442080650,ACTIVE,183,18.82,191,4,5,0,0,0
03,120246229820550436,ACTIVE,274,18.64,921,15,18,1,0,0
03,120245640145600146,ACTIVE,1012,18.62,657,16,16,2,1,41.98
03,120247412164970172,ACTIVE,300,18.619999999999997,349,10,14,1,1,117.01
03,120249977413850544,ACTIVE,80,18.51,338,7,7,2,1,65.91
03,120248665770500629,ACTIVE,300,18.48,297,10,7,0,0,0
03,120248526805630175,ACTIVE,225,18.2,413,15,21,1,0,0
03,120252444275150368,ACTIVE,300,18.14,446,6,7,1,0,0
03,120249728773710126,ACTIVE,88,18.07,263,7,7,2,1,29.98
03,120250289561860065,ACTIVE,167,18.05,309,6,11,1,0,0
03,120247955442930320,ACTIVE,261,18.02,1180,14,14,0,0,0
03,120248092609360674,ACTIVE,200,17.71,280,6,10,1,0,0
03,120249921754470561,ACTIVE,90,17.689999999999998,288,9,9,0,0,0
03,120247524529550752,ACTIVE,200,17.68,474,16,18,4,1,42.97
03,120249651027540642,ACTIVE,100,17.65,263,6,6,0,0,0
03,120250195901560065,ACTIVE,151,17.61,436,7,10,1,0,0
03,120249100983530561,ACTIVE,500,17.599999999999998,372,18,20,2,1,24.98
03,120248716547660006,ACTIVE,80,17.54,232,8,5,1,1,29.94
03,120251436424300589,ACTIVE,98,17.4,296,6,9,1,1,49.52
03,120251436424170589,ACTIVE,98,17.37,261,6,8,2,1,29.98
03,120248087329420097,ACTIVE,260,17.26,668,10,9,1,1,111.45
03,120246753835650686,ACTIVE,100,17.24,183,2,6,0,0,0
03,120248377192890629,ACTIVE,100,17.14,1223,0,11,0,0,0
03,120249563403450389,ACTIVE,120,17.1,546,21,21,5,3,176.72
03,120244761352230455,ACTIVE,1050,17.07,576,0,18,2,1,84.37
03,120246779676210686,ACTIVE,100,17.06,259,4,4,0,0,0
03,120246710213410090,ACTIVE,552,17.04,422,16,17,0,0,0
03,120249921754410561,ACTIVE,90,16.97,244,6,6,1,1,24.98
03,120248734649100175,ACTIVE,225,16.96,661,8,10,0,0,0
03,120250466943310577,ACTIVE,102,16.92,278,15,15,1,1,28.979999999999997
03,120249556836150126,ACTIVE,100,16.759999999999998,249,7,7,1,0,0
03,120249133489610303,ACTIVE,200,16.720000000000002,333,16,17,2,1,68.93
03,120246266385410436,ACTIVE,414,16.700000000000003,897,22,28,0,0,0
03,120247680102270175,ACTIVE,225,16.689999999999998,789,14,14,3,3,125.79
03,120250637038290229,ACTIVE,62,16.66,268,4,5,0,0,0
03,120250172561040389,ACTIVE,116,16.560000000000002,440,9,12,2,0,0
03,120259394013460586,ACTIVE,100,16.39,304,7,12,1,1,28.979999999999997
03,120248734649170175,ACTIVE,225,16.36,646,15,19,1,1,57.9
03,120250148796840065,ACTIVE,172,16.310000000000002,332,4,8,0,0,0
03,120249118466570708,ACTIVE,225,16.3,372,6,6,0,0,0
03,120250010438780065,ACTIVE,108,16.29,266,2,2,0,0,0
03,120249977391320544,ACTIVE,80,16.23,284,3,5,0,0,0
03,120246767810560125,ACTIVE,120,16.06,303,2,6,1,0,0
03,120248452492430509,ACTIVE,300,15.94,522,16,16,2,0,0
03,120252664163100722,ACTIVE,150,15.879999999999999,514,13,12,1,0,0
03,120248697528790629,ACTIVE,100,15.870000000000001,229,7,7,0,0,0
03,120248022515170097,ACTIVE,228,15.79,538,5,8,0,0,0
03,120248600846450453,ACTIVE,80,15.77,169,7,7,0,0,0
03,120249712874620564,ACTIVE,150,15.7,423,11,12,0,0,0
03,120248697528700629,ACTIVE,100,15.64,165,6,6,2,1,36.949999999999996
03,120248665448330629,ACTIVE,300,15.629999999999999,332,8,11,0,0,0
03,120251070317250589,ACTIVE,337,15.629999999999999,370,7,8,2,2,99.04
03,120246779794660686,ACTIVE,80,15.489999999999998,231,9,8,1,0,0
03,120248918373480509,ACTIVE,200,15.42,472,6,7,1,0,0
03,120248782039080175,ACTIVE,90,15.32,386,7,7,0,0,0
03,120248716547630006,ACTIVE,80,15.31,202,2,2,0,0,0
03,120249672330000126,ACTIVE,100,15.3,315,6,7,1,1,29.98
03,120249977431380544,ACTIVE,80,15.280000000000001,259,3,3,0,0,0
03,120250251299630389,ACTIVE,74,15.17,287,9,10,0,0,0
03,120247347738320650,ACTIVE,101,15.16,179,4,4,1,0,0
03,120250789469770586,ACTIVE,100,15.16,371,22,21,2,2,59.15
03,120248690643620090,ACTIVE,100,15.15,241,7,5,1,0,0
03,120250006051320455,ACTIVE,135,15.100000000000001,426,12,8,0,0,0
03,120249729585740544,ACTIVE,81,15.049999999999999,190,7,6,0,0,0
03,120248697673860629,ACTIVE,130,14.97,244,4,5,4,3,137.81000000000003
03,120247383199060533,ACTIVE,122,14.96,452,14,17,2,1,27.98
03,120245906396800436,ACTIVE,290,14.959999999999999,622,17,15,1,0,0
03,120246100871360533,ACTIVE,208,14.879999999999997,574,11,13,1,1,24.98
03,120249977413890544,ACTIVE,80,14.87,317,6,5,1,0,0
03,120250251299600389,ACTIVE,74,14.86,338,8,9,2,2,42.38
03,120249977382570544,ACTIVE,80,14.780000000000001,251,9,9,2,2,75.5
03,120250449834830589,ACTIVE,138,14.77,317,5,5,0,0,0
03,120249977431740544,ACTIVE,80,14.74,276,4,3,0,0,0
03,120247945168280241,ACTIVE,100,14.68,509,9,9,0,0,0
03,120249551591610126,ACTIVE,100,14.649999999999999,203,3,3,0,0,0
03,120249842004090544,ACTIVE,150,14.620000000000001,277,11,13,0,0,0
03,120246731542060686,ACTIVE,80,14.57,193,7,8,0,0,0
03,120248782039160175,ACTIVE,90,14.549999999999999,364,10,11,0,0,0
03,120250251254290065,ACTIVE,80,14.45,242,9,11,0,0,0
03,120250251197330065,ACTIVE,154,14.42,200,6,6,1,1,31.98
03,120247974902740032,ACTIVE,100,14.4,302,14,13,2,1,58.96
03,120252601207340368,ACTIVE,206,14.39,438,6,11,1,1,69.57000000000001
03,120250249523140065,ACTIVE,100,14.349999999999998,230,5,6,0,0,0
03,120248875341950509,ACTIVE,300,14.22,658,11,15,0,0,0
03,120249651027570642,ACTIVE,100,14.209999999999999,225,6,7,0,0,0
03,120249135138590389,ACTIVE,208,14.110000000000001,508,13,12,1,0,0
03,120252735765550722,ACTIVE,100,14.08,403,7,7,0,0,0
03,120246779794700686,ACTIVE,80,14.06,186,3,5,1,1,89.95
03,120248926854510090,ACTIVE,243,14.05,377,15,13,1,1,108.81
03,120246733901990065,ACTIVE,119,14.040000000000001,229,8,8,2,0,0
03,120248985452200509,ACTIVE,80,13.98,172,7,8,1,1,29.980000000000004
03,120244794017770320,ACTIVE,120,13.979999999999999,523,13,13,1,1,34.07
03,120248983634950509,ACTIVE,100,13.94,265,6,7,1,1,61.970000000000006
03,120250006050260455,ACTIVE,135,13.94,400,6,6,0,0,0
03,120250195901640065,ACTIVE,100,13.829999999999998,333,5,6,2,2,63.959999999999994
03,120249285560020695,ACTIVE,200,13.8,519,8,8,0,0,0
03,120249232068930561,ACTIVE,300,13.7,422,8,11,2,2,66.95
03,120252735737090722,ACTIVE,100,13.690000000000001,251,2,2,0,0,0
03,120249937881250455,ACTIVE,295,13.63,392,4,4,1,1,34.95
03,120247756760140032,ACTIVE,100,13.450000000000001,348,9,8,2,1,42.97
03,120248697673760629,ACTIVE,130,13.43,247,10,6,1,0,0
03,120245306349070462,ACTIVE,300,13.389999999999999,238,11,11,0,0,0
03,120251190384290589,ACTIVE,146,13.38,187,3,5,1,1,49.519999999999996
03,120246750700300686,ACTIVE,80,13.37,225,8,6,0,0,0
03,120250256919830065,ACTIVE,100,13.3,398,9,9,1,0,0
03,120248714827980006,ACTIVE,80,13.3,394,3,4,0,0,0
03,120244761869100436,ACTIVE,199,13.29,591,10,14,0,0,0
03,120252735765570722,ACTIVE,100,13.27,308,5,4,0,0,0
03,120250761605420365,ACTIVE,80,13.19,136,6,6,0,0,0
03,120248935062690126,ACTIVE,100,13.139999999999999,194,4,7,1,0,0
03,120249497633180126,ACTIVE,205,13.09,215,11,15,1,1,29.98
03,120255007395420012,ACTIVE,80,13.08,179,2,2,0,0,0
03,120247452717980533,ACTIVE,120,13.07,374,18,17,3,3,91.93
03,120248946565540509,ACTIVE,232,13.07,338,12,13,2,0,0
03,120239930892250650,ACTIVE,500,13.05,200,9,13,2,1,86.76
03,120245878023330146,PAUSED,167,13.01,508,20,19,0,0,0
03,120246919904290533,ACTIVE,102,13.01,374,6,10,3,1,64.26
03,120246750699960686,ACTIVE,80,12.96,216,1,3,0,0,0
03,120251827078290368,ACTIVE,109,12.96,232,4,5,0,0,0
03,120247902669740320,ACTIVE,169,12.92,270,4,6,1,0,0
03,120248875341960509,ACTIVE,104,12.89,503,2,4,0,0,0
03,120252522112930368,ACTIVE,420,12.889999999999999,517,15,16,1,0,0
03,120245262034660146,ACTIVE,368,12.850000000000001,566,9,8,0,0,0
03,120248714827930006,PAUSED,80,12.81,141,4,3,0,0,0
03,120247866597170389,ACTIVE,102,12.770000000000001,196,9,11,2,1,21.19
03,120246755572620686,ACTIVE,144,12.77,151,6,6,0,0,0
03,120246471244780065,ACTIVE,100,12.76,286,10,11,0,0,0
03,120251444422860589,ACTIVE,100,12.76,259,10,9,2,2,99.03
03,120250251254500065,ACTIVE,136,12.72,159,3,5,1,1,73.2
03,120250285289280319,ACTIVE,200,12.7,494,7,9,0,0,0
03,120251109241560577,ACTIVE,102,12.65,348,12,12,1,1,48.17
03,120248954869510509,ACTIVE,80,12.579999999999998,206,3,2,1,1,29.98
03,120250456531050116,ACTIVE,140,12.579999999999998,201,6,8,1,0,0
03,120249855268630455,ACTIVE,247,12.540000000000001,263,5,7,1,1,60.41
03,120246356046500788,ACTIVE,200,12.54,430,7,9,1,1,65.77000000000001
03,120250623729250057,ACTIVE,100,12.510000000000002,145,6,7,0,0,0
03,120250877852440057,ACTIVE,330,12.440000000000001,191,8,9,0,0,0
03,120247997930180097,ACTIVE,192,12.43,309,4,4,0,0,0
03,120247757162930032,ACTIVE,100,12.3,255,9,7,1,1,58.959999999999994
03,120248635320580629,ACTIVE,150,12.24,287,5,7,0,0,0
03,120249667450010126,ACTIVE,119,12.219999999999999,240,6,7,1,0,0
03,120249133489750303,ACTIVE,85,12.17,225,13,12,0,0,0
03,120259676866470586,ACTIVE,100,12.09,189,2,2,0,0,0
03,120247423085790533,ACTIVE,125,12,278,8,11,0,0,0
03,120251396286540589,ACTIVE,273,11.98,106,6,6,0,0,0
03,120250106811500168,ACTIVE,200,11.98,278,6,4,2,2,144.79999999999998
03,120248124805170097,ACTIVE,150,11.970000000000002,460,6,7,0,0,0
03,120250299563240725,ACTIVE,100,11.969999999999999,308,7,8,1,1,133.32000000000002
03,120249911570800469,ACTIVE,100,11.969999999999999,264,4,7,1,1,28.98
03,120250078709950152,ACTIVE,200,11.93,424,6,5,1,0,0
03,120250249668660065,ACTIVE,157,11.92,254,9,10,0,0,0
03,120246754801740509,ACTIVE,100,11.91,274,7,5,1,0,0
03,120251628891720577,ACTIVE,102,11.89,421,10,8,2,0,0
03,120248983720490509,ACTIVE,100,11.880000000000003,287,10,12,1,0,0
03,120247210424610177,ACTIVE,101,11.879999999999999,332,11,11,0,0,0
03,120248087317600097,ACTIVE,174,11.84,359,9,11,0,0,0
03,120250050949360065,ACTIVE,100,11.83,161,2,4,0,0,0
03,120248984219080509,ACTIVE,100,11.83,231,8,9,1,0,0
03,120249325186850389,ACTIVE,143,11.82,362,14,16,0,0,0
03,120250172561130389,ACTIVE,108,11.76,402,12,12,1,1,47.769999999999996
03,120251662445930577,ACTIVE,180,11.73,212,15,13,0,0,0
03,120248128369720674,ACTIVE,80,11.71,160,8,9,0,0,0
03,120247097620200630,ACTIVE,200,11.71,309,7,9,1,1,49.97
03,120250456533180116,ACTIVE,250,11.7,202,7,5,0,0,0
03,120247232849230630,ACTIVE,100,11.64,201,5,5,1,0,0
03,120246355899960788,ACTIVE,30,11.64,151,3,4,0,0,0
03,120250249669600065,ACTIVE,80,11.620000000000001,186,4,4,0,0,0
03,120251435859650247,ACTIVE,100,11.56,166,6,8,0,0,0
03,120247225333460177,ACTIVE,284,11.52,218,5,11,0,0,0
03,120247284992210533,ACTIVE,168,11.5,512,15,19,3,0,0
03,120249761430210561,ACTIVE,100,11.4,259,9,9,0,0,0
03,120247420555310752,ACTIVE,100,11.39,221,11,12,0,0,0
03,120246779450410686,ACTIVE,100,11.35,135,2,1,1,0,0
03,120247720693810677,ACTIVE,170,11.339999999999998,294,3,4,0,0,0
03,120250289562550065,ACTIVE,131,11.319999999999999,221,7,8,0,0,0
03,120250796170080100,ACTIVE,500,11.2,247,6,6,1,0,0
03,120250249523830065,ACTIVE,80,11.190000000000001,163,1,1,0,0,0
03,120248983634890509,ACTIVE,100,11.17,241,6,5,0,0,0
03,120252043483420057,ACTIVE,100,11.17,65,6,5,0,0,0
03,120247498633290172,ACTIVE,100,11.15,205,9,10,0,0,0
03,120253753907380210,ACTIVE,100,11.08,419,4,4,0,0,0
03,120245539332330436,ACTIVE,136,11.07,573,10,10,0,0,0
03,120250660044160100,ACTIVE,299,11.06,540,11,12,0,0,0
03,120246753916760686,ACTIVE,125,11.05,156,4,6,1,0,0
03,120245917148250146,ACTIVE,100,11.04,345,2,2,0,0,0
03,120246528253390436,ACTIVE,100,11.02,335,9,5,0,0,0
03,120247877968370470,ACTIVE,30,11.010000000000002,86,3,3,0,0,0
03,120248067590750032,ACTIVE,78,10.93,314,5,5,0,0,0
03,120248361160970477,ACTIVE,200,10.91,209,8,9,1,0,0
03,120246528242100436,ACTIVE,100,10.91,241,9,9,1,0,0
03,120242444643470544,ACTIVE,80,10.899999999999999,211,4,6,2,1,27.98
03,120250908107470725,ACTIVE,100,10.85,451,4,4,0,0,0
03,120246753999340686,ACTIVE,80,10.82,104,8,4,1,1,29.98
03,120245545452250146,ACTIVE,100,10.81,147,2,3,0,0,0
03,120253058412540404,ACTIVE,120,10.79,193,7,6,0,0,0
03,120248827166370214,ACTIVE,170,10.78,180,5,5,1,0,0
03,120253058412600404,ACTIVE,120,10.77,181,4,5,0,0,0
03,120246755573450686,ACTIVE,80,10.75,132,6,6,2,1,29.979999999999997
03,120247065534800133,ACTIVE,180,10.7,169,3,2,0,0,0
03,120245468761950436,ACTIVE,433,10.69,455,10,20,1,0,0
03,120245545523930146,PAUSED,390,10.69,197,3,3,1,1,75.22
03,120247224088350630,ACTIVE,100,10.67,137,5,6,0,0,0
03,120248046254160032,ACTIVE,100,10.65,227,6,6,1,1,24.98
03,120248983933330509,ACTIVE,100,10.649999999999999,236,6,6,0,0,0
03,120251444422810589,ACTIVE,100,10.6,237,2,2,0,0,0
03,120249253674820462,ACTIVE,200,10.6,170,6,7,0,0,0
03,120246230106530436,ACTIVE,140,10.55,322,5,6,0,1,157.44
03,120246356000300788,ACTIVE,50,10.55,147,4,3,1,1,113.75
03,120246299721450751,ACTIVE,195,10.5,163,4,4,2,1,52.97
03,120248983846420509,ACTIVE,100,10.5,263,10,9,3,2,123.94
03,120245689540550436,ACTIVE,141,10.43,367,7,8,0,0,0
03,120247753430830320,ACTIVE,100,10.41,362,4,6,0,0,0
03,120249980937100168,ACTIVE,174,10.41,247,2,3,0,0,0
03,120251951063460769,ACTIVE,80,10.33,185,5,6,0,0,0
03,120247924205270214,ACTIVE,100,10.29,196,8,9,2,2,44.96000000000001
03,120245917148280146,ACTIVE,100,10.27,382,5,5,0,0,0
03,120249747361920561,ACTIVE,92,10.26,237,1,1,0,0,0
03,120249796851720455,ACTIVE,150,10.25,165,0,3,0,0,0
03,120250637203660229,ACTIVE,85,10.24,233,6,5,0,0,0
03,120245205078130630,ACTIVE,200,10.22,346,9,10,2,1,29.98
03,120248999993570090,ACTIVE,178,10.22,181,3,3,0,0,0
03,120259543995950586,ACTIVE,100,10.219999999999999,170,4,5,0,0,0
03,120252570211110651,ACTIVE,100,10.21,324,6,8,0,0,0
03,120248304803400065,ACTIVE,100,10.2,240,6,8,0,0,0
03,120249653554320561,ACTIVE,112,10.16,229,6,5,0,0,0
03,120245642520350129,ACTIVE,100,10.100000000000001,428,10,12,1,1,99.72
03,120250624117300100,ACTIVE,330,10.090000000000002,199,8,5,2,1,78.94
03,120247317325280533,ACTIVE,102,10.07,458,10,11,1,0,0
03,120249265469400303,ACTIVE,135,9.98,195,9,10,5,1,42.97
03,120249885841510469,ACTIVE,100,9.940000000000001,182,2,2,0,0,0
03,120250249763030065,ACTIVE,149,9.94,179,1,2,0,0,0
03,120248615567170175,ACTIVE,100,9.9,278,7,7,2,1,24.96
03,120250796171200100,ACTIVE,433,9.870000000000001,277,7,9,0,0,0
03,120250790045220586,ACTIVE,50,9.83,212,8,8,0,0,0
03,120250016606030152,ACTIVE,200,9.799999999999999,393,3,4,0,0,0
03,120244924434950146,ACTIVE,185,9.78,300,4,5,0,0,0
03,120252735737120722,PAUSED,100,9.74,191,2,1,0,0,0
03,120249937881090455,ACTIVE,137,9.68,388,7,6,0,0,0
03,120249847650660469,ACTIVE,100,9.67,162,2,3,0,0,0
03,120251071213050319,ACTIVE,100,9.610000000000001,257,9,9,1,0,0
03,23858457619370799,ACTIVE,150,9.61,88,2,4,0,0,0
03,120249461012860564,ACTIVE,100,9.59,269,6,7,1,0,0
03,120247524529490752,ACTIVE,242,9.58,200,8,9,1,0,0
03,120246293141950436,ACTIVE,246,9.58,341,2,6,0,0,0
03,120249667449910126,ACTIVE,300,9.58,152,5,6,0,0,0
03,120247945168270241,ACTIVE,100,9.57,352,1,1,0,0,0
03,120247555246170650,ACTIVE,150,9.55,89,10,10,2,1,34.98
03,120247916304580320,ACTIVE,100,9.55,359,8,7,1,0,0
03,120241671273870455,ACTIVE,100,9.54,230,7,5,0,0,0
03,120247224088400630,ACTIVE,100,9.53,167,6,4,0,0,0
03,120247486299210533,ACTIVE,90,9.52,288,12,11,1,1,24.98
03,120249598082060216,ACTIVE,80,9.49,202,2,2,0,0,0
03,120250655587650100,ACTIVE,120,9.48,228,1,4,0,0,0
03,120248046686270032,ACTIVE,100,9.47,200,10,9,1,1,24.98
03,120246665711420125,ACTIVE,131,9.459999999999999,196,1,1,0,0,0
03,120253754022930210,ACTIVE,117,9.44,399,16,17,0,0,0
03,120248484683390090,ACTIVE,302,9.42,264,3,3,1,0,0
03,120248128369760674,ACTIVE,80,9.39,172,4,3,0,0,0
03,120259589623590586,ACTIVE,231,9.38,224,8,10,2,0,0
03,120244771837290544,ACTIVE,130,9.37,221,2,3,1,0,0
03,120247232882600630,ACTIVE,100,9.34,179,1,1,0,0,0
03,120250943649020725,ACTIVE,100,9.31,243,8,9,0,0,0
03,120246526841640436,ACTIVE,120,9.3,356,9,7,1,1,68.22
03,120248954868450509,ACTIVE,80,9.3,120,0,2,0,0,0
03,120250110334530116,ACTIVE,98,9.24,169,10,10,1,1,97.71
03,120248022515110097,ACTIVE,196,9.23,281,9,9,0,0,0
03,120252565997150368,ACTIVE,112,9.23,249,4,4,0,0,0
03,120248646453990006,ACTIVE,80,9.17,540,8,7,1,1,71.1
03,120248937360690084,ACTIVE,50,9.1,124,7,6,1,1,69.57
03,120249484643470425,ACTIVE,146,9.05,166,2,4,0,0,0
03,120248947548510509,ACTIVE,80,9.02,290,3,2,0,0,0
03,120251951128170769,ACTIVE,80,8.97,194,1,2,0,0,0
03,120250761605370365,ACTIVE,80,8.93,106,5,6,0,0,0
03,120248794643770214,ACTIVE,200,8.9,224,5,7,1,1,46.72
03,120247887851240707,ACTIVE,145,8.89,206,3,4,1,1,37.370000000000005
03,120251839629150577,ACTIVE,210,8.89,362,5,6,0,0,0
03,120247035183980025,ACTIVE,100,8.89,142,2,2,0,0,0
03,120248866251460043,ACTIVE,200,8.88,143,8,8,0,0,0
03,120248087317500097,ACTIVE,139,8.879999999999999,307,5,6,0,0,0
03,120247763073680707,ACTIVE,100,8.870000000000001,110,1,2,0,0,0
03,120250474448880695,ACTIVE,80,8.84,242,3,3,0,0,0
03,120249265469470303,ACTIVE,50,8.83,154,2,3,0,0,0
03,120249325405290389,ACTIVE,101,8.8,283,14,12,1,0,0
03,120247932007700707,ACTIVE,260,8.780000000000001,231,4,5,1,0,0
03,120250251218110065,ACTIVE,80,8.75,270,4,4,1,0,0
03,120249642397010425,ACTIVE,168,8.75,157,4,7,0,0,0
03,120247232989740630,ACTIVE,100,8.75,143,5,5,0,0,0
03,120246526841610436,ACTIVE,120,8.68,315,8,9,1,0,0
03,120245937542640129,ACTIVE,100,8.68,207,2,2,1,2,197.66
03,120249889650130561,ACTIVE,91,8.67,210,1,2,0,0,0
03,120249729041270065,ACTIVE,114,8.64,176,6,7,1,1,53.22
03,120243276755660065,ACTIVE,118,8.6,204,1,2,0,0,0
03,120250730281520100,ACTIVE,109,8.57,296,6,6,0,0,0
03,120248338624550629,ACTIVE,100,8.56,318,8,9,0,0,0
03,120248794643800214,ACTIVE,135,8.56,262,10,11,2,1,49.47
03,120249819353180455,ACTIVE,365,8.54,188,0,4,0,0,0
03,120250483424290695,ACTIVE,80,8.530000000000001,189,2,1,1,0,0
03,120249660368100389,ACTIVE,241,8.51,269,17,21,2,0,0
03,120246779450450686,ACTIVE,100,8.469999999999999,133,5,6,2,1,29.979999999999997
03,120246876986400125,ACTIVE,80,8.46,154,4,5,1,0,0
03,120251949511390769,ACTIVE,80,8.45,207,6,7,1,0,0
03,120250251218160065,ACTIVE,104,8.45,229,3,4,1,0,0
03,120245681426220129,ACTIVE,100,8.440000000000001,286,5,8,1,1,68.22999999999999
03,120248984038000509,ACTIVE,100,8.440000000000001,321,8,9,0,0,0
03,120245937542720129,ACTIVE,100,8.44,241,2,3,1,0,0
03,120246266385280436,ACTIVE,173,8.44,402,7,12,1,0,0
03,120250331984600019,ACTIVE,50,8.42,84,2,3,1,1,71.19999999999999
03,120247917740500241,ACTIVE,240,8.38,315,11,9,0,0,0
03,120249510498660642,ACTIVE,122,8.35,192,0,0,0,0,0
03,120251108238110725,ACTIVE,100,8.32,207,2,3,0,0,0
03,120250290123180695,ACTIVE,110,8.32,233,2,2,0,0,0
03,120247857435320590,ACTIVE,300,8.31,169,1,2,1,1,27.98
03,120250251196940065,ACTIVE,80,8.31,162,5,7,1,0,0
03,120248981735990509,ACTIVE,80,8.29,246,2,3,0,0,0
03,120248609231900509,ACTIVE,200,8.28,206,3,3,0,0,0
03,120248530207740214,ACTIVE,140,8.27,203,5,4,0,0,0
03,120248632299250629,ACTIVE,100,8.27,126,4,4,0,0,0
03,120245218353240788,ACTIVE,200,8.25,205,4,4,0,0,0
03,120249650984250642,ACTIVE,100,8.23,139,5,5,1,1,37.95
03,120253058530580404,ACTIVE,120,8.23,128,4,5,0,0,0
03,120259676867480586,ACTIVE,100,8.209999999999999,206,3,4,1,0,0
03,120250569881980734,ACTIVE,80,8.209999999999999,144,2,1,0,0,0
03,120251941983950577,ACTIVE,100,8.17,199,5,7,0,0,0
03,120247035184050025,ACTIVE,100,8.15,191,2,2,1,0,0
03,120251071122160319,ACTIVE,120,8.14,179,6,6,0,0,0
03,120248574839550695,ACTIVE,100,8.14,242,2,4,0,0,0
03,120245516609390788,ACTIVE,200,8.129999999999999,154,7,6,0,0,0
03,120250940063730319,ACTIVE,120,8.129999999999999,266,7,8,0,0,0
03,120251121608550725,ACTIVE,120,8.08,207,5,6,1,0,0
03,120246527837980436,ACTIVE,100,8.059999999999999,241,3,3,0,0,0
03,120252991682490709,ACTIVE,80,8.05,249,7,8,1,1,27.98
03,120247946419560677,ACTIVE,100,8.030000000000001,112,3,1,1,0,0
03,120251256015310577,ACTIVE,100,8.03,189,3,4,1,1,48.17
03,120247946419500677,ACTIVE,100,7.970000000000001,110,2,2,2,0,0
03,120249951604820455,ACTIVE,100,7.97,127,6,5,0,0,0
03,120248692777600175,ACTIVE,121,7.959999999999999,330,13,12,1,1,24.959999999999997
03,120247131790900470,ACTIVE,200,7.92,392,9,13,1,0,0
03,120246729148090125,ACTIVE,274,7.92,233,8,9,0,0,0
03,120249951788570544,ACTIVE,80,7.890000000000001,121,4,4,0,0,0
03,120250572410100732,ACTIVE,100,7.87,124,8,6,0,0,0
03,120247486299200533,ACTIVE,90,7.859999999999999,327,4,6,2,0,0
03,120247916304550320,ACTIVE,100,7.839999999999999,253,8,9,1,1,82.02
03,120252720813890368,ACTIVE,80,7.779999999999999,186,4,4,2,1,69.57
03,120245878022480146,PAUSED,100,7.77,268,11,10,0,0,0
03,120251314406060589,ACTIVE,100,7.76,131,3,4,1,1,49.519999999999996
03,120246528242080436,ACTIVE,100,7.720000000000001,257,5,5,0,0,0
03,120248981757490509,ACTIVE,80,7.69,135,2,4,0,0,0
03,120249769158350469,ACTIVE,80,7.56,283,2,4,0,0,0
03,120250761559110365,ACTIVE,60,7.540000000000001,79,6,6,0,0,0
03,120252137394980729,ACTIVE,50,7.5200000000000005,106,1,1,0,0,0
03,120245866287660146,ACTIVE,175,7.51,244,4,4,1,1,75.21000000000001
03,120247954673320320,ACTIVE,100,7.49,249,8,9,1,1,34.07
03,120250532821700732,ACTIVE,70,7.48,196,8,8,1,1,85.96
03,120250106786950168,ACTIVE,200,7.48,212,3,2,0,0,0
03,120247921951240677,ACTIVE,100,7.43,247,3,4,0,0,0
03,120251035065680725,ACTIVE,100,7.41,162,6,7,1,0,0
03,120248735258120175,ACTIVE,100,7.39,211,10,10,3,2,66.88999999999999
03,120251165323110127,ACTIVE,100,7.38,81,3,4,0,0,0
03,120248697587430629,ACTIVE,100,7.3100000000000005,114,0,0,0,0,0
03,120247852317860677,ACTIVE,102,7.31,192,1,3,0,0,0
03,120246229939410436,ACTIVE,115,7.29,295,8,9,1,1,68.23
03,120250868932230100,ACTIVE,100,7.28,193,3,5,0,0,0
03,120248623149560090,ACTIVE,196,7.27,182,2,4,0,0,0
03,120250528185070431,ACTIVE,80,7.26,249,6,8,0,0,0
03,120247877968350470,ACTIVE,30,7.24,76,2,1,0,0,0
03,23858726941040799,ACTIVE,80,7.239999999999999,103,4,5,1,0,0
03,120248981873920509,ACTIVE,80,7.2,215,0,1,0,0,0
03,120252495546580368,ACTIVE,98,7.1899999999999995,247,3,4,0,0,0
03,120247232849290630,ACTIVE,100,7.17,189,2,3,1,1,29.98
03,120247194987750630,ACTIVE,100,7.12,134,0,1,0,0,0
03,120246485397990125,ACTIVE,300,7.11,187,5,6,0,0,0
03,120253582875810210,ACTIVE,100,7.1,274,1,1,0,0,0
03,120253058412510404,ACTIVE,120,7.09,128,2,2,1,1,97.96
03,120248128353530674,ACTIVE,80,7.08,153,4,4,0,0,0
03,23858750011880799,ACTIVE,80,7.08,89,4,5,1,1,65.91
03,120259754688210586,ACTIVE,30,7.06,166,5,6,0,0,0
03,120250337858370100,ACTIVE,170,7.04,220,3,3,0,0,0
03,120247791798810032,ACTIVE,99,7.04,165,5,6,2,0,0
03,120250989489220725,ACTIVE,100,7.039999999999999,157,2,4,1,1,28.979999999999997
03,120249727768090216,ACTIVE,80,7.03,94,1,1,0,0,0
03,120247921953050677,ACTIVE,100,7.03,262,3,3,0,0,0
03,120249350342560751,ACTIVE,80,7.029999999999999,139,2,2,0,0,0
03,120247319362190032,ACTIVE,100,7,161,2,4,0,0,0
03,120250462132310116,ACTIVE,250,7,130,6,6,0,0,0
03,120250245427110065,ACTIVE,96,6.99,103,2,4,1,0,0
03,120249796859320455,ACTIVE,413,6.96,201,0,13,0,0,0
03,120249847095210561,ACTIVE,405,6.949999999999999,243,1,3,1,1,24.98
03,120247567940750752,ACTIVE,100,6.93,108,4,3,0,1,56.96
03,23858653837560790,ACTIVE,80,6.91,846,3,3,0,0,0
03,120248981718130509,ACTIVE,80,6.89,144,3,4,0,0,0
03,120250636935150229,ACTIVE,64,6.880000000000001,120,4,3,1,1,51.22
03,120251108278320725,ACTIVE,100,6.88,181,5,5,1,1,49.37
03,120248632386890629,ACTIVE,100,6.779999999999999,237,4,4,0,0,0
03,120246178929760752,ACTIVE,100,6.72,158,5,6,3,1,42.97
03,120251664479240174,ACTIVE,100,6.71,185,11,9,0,0,0
03,120251941748890577,ACTIVE,100,6.71,219,6,5,0,0,0
03,120245346459390436,ACTIVE,178,6.69,334,6,8,0,0,0
03,120248937360630084,ACTIVE,50,6.69,99,4,4,1,1,98.46000000000001
03,120249668731640469,ACTIVE,100,6.6899999999999995,61,1,2,0,0,0
03,120247575170500172,ACTIVE,80,6.6899999999999995,122,3,3,0,0,0
03,120246528221970436,ACTIVE,100,6.659999999999999,248,4,5,0,0,0
03,120251941748920577,ACTIVE,100,6.64,167,8,7,1,1,28.98
03,120247194987720630,ACTIVE,100,6.6000000000000005,153,3,5,1,0,0
03,120252765929910427,ACTIVE,64,6.58,146,4,4,1,0,0
03,120251108167730725,ACTIVE,100,6.57,207,0,0,0,0,0
03,120250637142390229,ACTIVE,80,6.57,78,1,1,1,1,29.98
03,120248681187360509,ACTIVE,80,6.57,217,2,2,0,0,0
03,120249793088660168,ACTIVE,200,6.569999999999999,179,5,4,0,0,0
03,120250386246260695,ACTIVE,100,6.550000000000001,197,4,6,0,0,0
03,120247498910200172,ACTIVE,100,6.5200000000000005,78,4,5,1,1,37.94
03,120251108220760725,ACTIVE,100,6.52,200,2,3,0,0,0
03,120249142031310564,ACTIVE,200,6.5,167,1,2,0,0,0
03,120245596108590129,ACTIVE,130,6.5,317,7,9,0,0,0
03,120259636331450586,ACTIVE,100,6.49,121,2,3,0,0,0
03,120251047356610589,ACTIVE,182,6.46,153,4,3,1,0,0
03,120249946377620469,ACTIVE,80,6.45,179,4,4,1,1,28.98
03,120259754895620586,ACTIVE,30,6.4399999999999995,143,5,7,1,0,0
03,120249708537480561,ACTIVE,151,6.43,169,3,3,0,0,0
03,120235701428400210,ACTIVE,180,6.4,169,8,11,1,1,71.72
03,120249951700790455,ACTIVE,100,6.390000000000001,120,7,4,0,0,0
03,120251108209500725,ACTIVE,100,6.39,187,2,3,0,0,0
03,120249006967110708,ACTIVE,115,6.37,115,1,1,0,0,0
03,120249880853160469,ACTIVE,100,6.36,192,5,6,0,0,0
03,120250221243670695,ACTIVE,200,6.35,164,5,4,0,0,0
03,120248981873840509,ACTIVE,80,6.34,136,2,1,0,0,0
03,120249798254440455,ACTIVE,249,6.33,243,3,4,0,0,0
03,120248981839510509,ACTIVE,80,6.33,153,7,6,0,0,0
03,120248722613960509,ACTIVE,101,6.309999999999999,88,1,1,0,0,0
03,120248697587510629,ACTIVE,100,6.3,112,1,1,0,0,0
03,120249447109280642,ACTIVE,136,6.3,176,3,5,0,0,0
03,120249597992420216,ACTIVE,80,6.29,163,2,5,0,0,0
03,120248981839460509,ACTIVE,80,6.28,157,6,8,0,0,0
03,120253169342360166,ACTIVE,30,6.220000000000001,177,4,3,0,0,0
03,120249253674880462,ACTIVE,135,6.21,148,6,5,0,0,0
03,120250083020120152,ACTIVE,170,6.18,109,2,3,0,0,0
03,120249523562880116,ACTIVE,212,6.15,179,6,5,0,0,0
03,120250353178530351,ACTIVE,80,6.15,414,4,3,0,0,0
03,120259752181930586,ACTIVE,30,6.140000000000001,168,1,1,0,0,0
03,120259754688270586,ACTIVE,30,6.140000000000001,158,2,2,0,0,0
03,120251108314950725,ACTIVE,100,6.13,188,2,2,0,0,0
03,120259752181960586,ACTIVE,30,6.11,152,4,4,1,0,0
03,120249545895050561,ACTIVE,200,6.1000000000000005,412,4,2,0,0,0
03,120246527838030436,ACTIVE,100,6.1000000000000005,258,3,3,1,0,0
03,120252301917290368,ACTIVE,350,6.04,171,2,4,0,0,0
03,120239206782380175,ACTIVE,100,6.0200000000000005,202,7,11,2,1,24.96
03,120251035065720725,ACTIVE,100,6.0200000000000005,244,8,9,1,1,86.55
03,120247845600680470,ACTIVE,100,5.98,90,3,3,0,0,0
03,120259754966570586,ACTIVE,30,5.970000000000001,170,3,1,0,0,0
03,120249946560920469,ACTIVE,80,5.96,107,1,1,1,1,49.37
03,120249539339830561,ACTIVE,116,5.93,194,3,3,0,0,0
03,120253178573060709,ACTIVE,80,5.92,95,1,2,0,0,0
03,120250330451160116,ACTIVE,84,5.880000000000001,106,3,3,0,0,0
03,120245872792090146,PAUSED,120,5.88,138,4,4,0,0,0
03,120246755543280686,ACTIVE,80,5.88,81,0,2,0,0,0
03,120248981880250509,ACTIVE,80,5.87,169,2,3,0,0,0
03,120247940392500320,ACTIVE,100,5.859999999999999,404,7,6,0,0,0
03,120247783774240707,ACTIVE,112,5.85,130,2,3,0,0,0
03,120247120232940780,ACTIVE,120,5.8100000000000005,152,3,3,1,0,0
03,120253041846750709,ACTIVE,80,5.79,73,4,4,1,1,27.979999999999997
03,120247358808150177,ACTIVE,100,5.789999999999999,79,0,2,1,1,29.980000000000004
03,120246276526570788,ACTIVE,50,5.77,143,3,2,1,0,0
03,120249650984300642,ACTIVE,100,5.77,99,2,2,0,0,0
03,120247066173290752,ACTIVE,100,5.74,284,2,3,0,0,0
03,120245481989400065,ACTIVE,100,5.73,115,2,2,0,0,0
03,120252565997380368,ACTIVE,224,5.73,219,2,4,0,0,0
03,120248581577290549,ACTIVE,85,5.720000000000001,111,1,1,0,0,0
03,120249748873340564,ACTIVE,80,5.66,147,0,0,0,0,0
03,120246528222040436,ACTIVE,100,5.640000000000001,192,5,4,1,0,0
03,120246939922390780,ACTIVE,150,5.63,211,7,10,0,0,0
03,120248987297460509,ACTIVE,100,5.59,185,6,7,0,0,0
03,120249481659380561,ACTIVE,180,5.59,159,6,7,0,0,0
03,120250483424420695,ACTIVE,80,5.54,135,1,1,0,0,0
03,120248716761170509,ACTIVE,88,5.53,129,3,3,0,0,0
03,120247498522100172,ACTIVE,100,5.5,137,5,7,0,0,0
03,120248632311170629,ACTIVE,100,5.49,132,5,4,0,0,0
03,120251942076840577,ACTIVE,100,5.47,200,5,4,0,0,0
03,120249848308660469,ACTIVE,100,5.45,164,1,1,0,0,0
03,120245545428730146,ACTIVE,100,5.4,154,1,2,0,0,0
03,120250079118560152,ACTIVE,100,5.38,106,2,2,0,0,0
03,120250633042850512,ACTIVE,80,5.37,96,4,5,1,0,0
03,120248765691520175,ACTIVE,112,5.329999999999999,147,1,2,1,1,43.76
03,120245872791370146,PAUSED,120,5.3100000000000005,177,4,5,0,0,0
03,120248755862740175,ACTIVE,239,5.3,297,2,4,0,0,0
03,120253753955930210,ACTIVE,200,5.29,189,6,7,1,1,41.98
03,120251108278430725,ACTIVE,100,5.29,166,1,2,0,0,0
03,120250376646100695,ACTIVE,80,5.26,134,5,3,0,0,0
03,120252137394920729,ACTIVE,50,5.25,84,6,6,0,0,0
03,120252720813860368,ACTIVE,80,5.22,158,2,2,0,0,0
03,120248981746660509,ACTIVE,80,5.22,201,5,5,0,0,0
03,120248981880220509,ACTIVE,80,5.19,153,0,1,0,0,0
03,120251108167700725,ACTIVE,100,5.18,225,4,3,1,1,86.55000000000001
03,120245866286530146,ACTIVE,167,5.17,235,1,2,0,0,0
03,120250633026420512,ACTIVE,80,5.13,119,4,4,0,0,0
03,52514313079030,ACTIVE,50,5.13,70,0,0,0,0,0
03,120249912744240152,ACTIVE,84,5.1000000000000005,210,3,3,0,0,0
03,120248981757580509,ACTIVE,80,5.08,131,3,5,2,2,95.46
03,120247653059200586,ACTIVE,100,5.069999999999999,126,7,5,0,0,0
03,120245873480390146,PAUSED,120,5.0600000000000005,185,9,8,0,0,0
03,120247220117500780,ACTIVE,80,5.05,100,3,4,1,0,0
03,120252642974760368,ACTIVE,160,5.029999999999999,197,3,4,0,0,0
03,120251742686670577,ACTIVE,150,4.99,233,4,7,0,0,0
03,120248632978360629,ACTIVE,100,4.98,142,1,3,1,0,0
03,120248593499490629,ACTIVE,100,4.98,122,2,3,0,0,0
03,120249875325910544,ACTIVE,150,4.9799999999999995,112,7,7,0,0,0
03,120252664163220722,ACTIVE,100,4.93,162,3,3,0,0,0
03,120250209989880389,ACTIVE,72,4.88,96,4,6,0,0,0
03,120249880780960469,ACTIVE,100,4.859999999999999,202,5,5,1,1,28.98
03,120248981746730509,ACTIVE,80,4.81,115,0,0,0,0,0
03,120253585833660210,ACTIVE,120,4.81,157,4,4,0,0,0
03,120248973154230090,ACTIVE,60,4.79,83,4,3,0,0,0
03,120253612810330210,ACTIVE,100,4.77,101,1,3,1,1,71.72
03,120252701670790651,ACTIVE,80,4.7299999999999995,102,2,3,1,0,0
03,120248981727090509,ACTIVE,80,4.72,199,2,3,0,0,0
03,120251108263720725,ACTIVE,100,4.7,168,6,8,0,0,0
03,120251121616990725,ACTIVE,100,4.7,132,1,2,0,0,0
03,120247195829930630,ACTIVE,130,4.7,61,2,2,1,1,29.979999999999997
03,120245546349780146,ACTIVE,100,4.6899999999999995,70,2,2,0,0,0
03,120249379390070462,ACTIVE,100,4.6899999999999995,53,0,0,0,0,0
03,120249350342530751,ACTIVE,80,4.670000000000001,74,3,3,1,0,0
03,120250598502330229,ACTIVE,273,4.67,152,5,5,0,0,0
03,120251108248200725,ACTIVE,100,4.66,133,0,0,0,0,0
03,120249951700850455,ACTIVE,100,4.65,103,1,2,0,0,0
03,120248915319350509,ACTIVE,80,4.6,206,3,3,0,0,0
03,120251403939070589,ACTIVE,229,4.5600000000000005,68,1,4,0,0,0
03,120251121616960725,ACTIVE,100,4.56,147,0,1,0,0,0
03,120250256038220065,ACTIVE,100,4.55,203,5,3,0,0,0
03,120250629224620319,ACTIVE,120,4.53,215,2,4,3,2,101.19
03,120250374522140365,ACTIVE,60,4.52,52,3,3,0,0,0
03,120249242219710126,ACTIVE,100,4.5,58,2,3,0,0,0
03,120247612836940172,ACTIVE,100,4.5,78,1,4,1,0,0
03,120251051147810019,ACTIVE,50,4.48,83,2,2,0,0,0
03,120250868616710100,ACTIVE,100,4.48,85,0,0,0,0,0
03,120249687202530455,ACTIVE,100,4.44,114,0,0,0,0,0
03,120248819229080090,ACTIVE,120,4.43,88,2,3,0,0,0
03,120259754895690586,ACTIVE,30,4.43,117,1,1,0,0,0
03,120250722702450019,ACTIVE,50,4.42,59,4,3,0,0,0
03,120250869284930100,ACTIVE,100,4.38,105,0,2,0,0,0
03,120247704402520752,ACTIVE,83,4.37,94,0,1,1,1,26.98
03,120247065556020630,ACTIVE,120,4.359999999999999,163,4,8,2,0,0
03,120249946425210469,ACTIVE,80,4.35,86,1,1,0,0,0
03,120250690839020725,ACTIVE,100,4.33,139,1,1,0,0,0
03,120248967678300303,ACTIVE,200,4.300000000000001,97,3,3,0,0,0
03,120249946438520469,ACTIVE,80,4.3,143,1,1,0,0,0
03,120246024108390751,ACTIVE,300,4.29,82,2,3,0,0,0
03,120250333032760695,ACTIVE,80,4.28,137,1,1,0,0,0
03,120247614409850674,ACTIVE,150,4.279999999999999,88,0,2,0,0,0
03,120246610839630125,ACTIVE,116,4.26,112,1,1,0,0,0
03,120249474155700642,ACTIVE,100,4.25,123,6,7,0,0,0
03,120251396308690589,ACTIVE,97,4.220000000000001,110,1,1,0,0,0
03,120251222131740319,ACTIVE,100,4.17,168,2,2,0,0,0
03,120247940392330320,ACTIVE,100,4.15,315,1,1,0,0,0
03,120251108247850725,ACTIVE,100,4.15,139,4,4,1,0,0
03,120247065555950630,ACTIVE,100,4.14,119,2,3,1,1,29.979999999999997
03,120251444445210589,ACTIVE,100,4.13,76,4,3,0,0,0
03,120247644108910241,ACTIVE,100,4.13,207,2,1,0,0,0
03,120249563397690389,ACTIVE,105,4.09,115,5,4,0,0,0
03,120245878023020146,PAUSED,100,4.09,148,3,3,0,0,0
03,120250153634770116,ACTIVE,80,4.08,118,6,6,0,0,0
03,120250489914960351,ACTIVE,80,4.08,177,3,3,0,0,0
03,120248981776290509,ACTIVE,80,4.05,214,2,2,1,1,85.47
03,120248598576010303,ACTIVE,100,4.01,106,5,4,0,0,0
03,120251121608510725,ACTIVE,120,3.98,160,1,2,1,1,68.56
03,120251444445250589,ACTIVE,100,3.98,58,2,2,0,0,0
03,120247840321450032,ACTIVE,100,3.97,182,1,1,0,0,0
03,120250303575820065,ACTIVE,100,3.92,119,0,1,0,0,0
03,120249761255540564,ACTIVE,80,3.92,94,0,0,0,0,0
03,120251838080450019,ACTIVE,50,3.84,76,3,3,0,0,0
03,120247495951400752,ACTIVE,80,3.8200000000000003,83,3,4,0,0,0
03,120247219802730780,ACTIVE,80,3.82,112,2,4,0,0,0
03,120246362085040788,ACTIVE,100,3.82,107,1,1,0,0,0
03,120249785294140564,ACTIVE,80,3.81,67,1,2,0,0,0
03,120259754966640586,ACTIVE,30,3.79,139,0,0,0,0,0
03,120245546721500146,ACTIVE,100,3.73,94,1,1,0,0,0
03,120247767966830752,ACTIVE,100,3.72,81,1,3,0,0,0
03,120249885944530469,ACTIVE,100,3.71,56,0,0,0,0,0
03,120249766872140425,ACTIVE,100,3.7,67,3,5,0,0,0
03,120244480112510436,ACTIVE,123,3.6399999999999997,159,5,4,1,1,41.98
03,120248726902710477,ACTIVE,100,3.62,63,0,0,0,0,0
03,120250295766720048,PAUSED,100,3.59,65,0,0,0,0,0
03,120249403468300642,ACTIVE,200,3.56,76,4,4,0,0,0
03,120249238447210751,ACTIVE,85,3.5599999999999996,61,0,0,0,0,0
03,120249272919060455,ACTIVE,161,3.53,35,0,4,0,0,0
03,120248981736040509,ACTIVE,80,3.52,163,2,4,0,0,0
03,120245263261150146,PAUSED,100,3.49,98,9,9,0,0,0
03,120247160725690630,ACTIVE,100,3.46,97,0,0,0,0,0
03,120253682244230210,ACTIVE,120,3.45,174,6,6,0,0,0
03,120249626723800126,ACTIVE,120,3.43,53,0,2,0,0,0
03,120249771350400425,ACTIVE,80,3.43,57,1,1,0,0,0
03,120248539964750462,ACTIVE,100,3.43,68,5,4,0,0,0
03,120250528464240431,ACTIVE,80,3.4299999999999997,192,2,2,0,0,0
03,120251404027600589,ACTIVE,267,3.42,53,0,1,0,0,0
03,120247768029820752,ACTIVE,100,3.42,152,0,1,0,0,0
03,120247634863390564,ACTIVE,500,3.41,120,2,3,0,0,0
03,120248829718500214,ACTIVE,50,3.4,101,3,3,0,0,0
03,120249798237250455,ACTIVE,135,3.3900000000000006,84,1,1,0,0,0
03,120248038953740032,ACTIVE,79,3.37,53,0,1,1,0,0
03,120247120200010780,ACTIVE,120,3.33,95,4,4,0,0,0
03,6998743229226,ACTIVE,50,3.29,56,0,0,0,0,0
03,120250867991480100,ACTIVE,100,3.29,127,3,4,0,0,0
03,120254898526910012,ACTIVE,80,3.28,203,3,4,0,0,0
03,120247376442020650,ACTIVE,84,3.25,35,1,3,0,0,0
03,120246162660770788,ACTIVE,50,3.23,99,2,3,1,1,65.77000000000001
03,120253021796010404,ACTIVE,80,3.23,16,0,3,0,0,0
03,120250812212400734,ACTIVE,80,3.17,49,0,3,1,0,0
03,120248632285220629,ACTIVE,100,3.1599999999999997,84,2,2,1,0,0
03,120253102991860166,ACTIVE,100,3.15,72,4,6,0,0,0
03,120246355915360788,ACTIVE,30,3.1399999999999997,59,0,1,0,0,0
03,120247917740610241,ACTIVE,100,3.1399999999999997,122,5,4,0,0,0
03,120251799189790279,ACTIVE,80,3.1199999999999997,87,3,6,1,1,54.96
03,120247763049650707,ACTIVE,170,3.05,84,3,4,1,0,0
03,120247978989290707,ACTIVE,79,3.05,73,0,0,0,0,0
03,120250649411990351,ACTIVE,80,3.05,185,6,4,0,0,0
03,120247358957950177,ACTIVE,100,3.02,127,2,3,0,0,0
03,120246613655870434,ACTIVE,99,3.0199999999999996,35,5,4,1,1,60.38999999999999
03,120246098209220686,ACTIVE,259,3,52,0,2,0,0,0
03,120249616030460561,ACTIVE,224,2.9899999999999998,189,2,4,0,0,0
03,120249747361980561,ACTIVE,76,2.94,128,7,6,2,1,41.97
03,120246753839440686,ACTIVE,80,2.93,33,2,2,1,0,0
03,120247220001050780,ACTIVE,80,2.92,88,6,6,2,1,41.97
03,120249842842440168,ACTIVE,100,2.86,119,3,5,0,0,0
03,120249880903670469,ACTIVE,100,2.85,28,0,1,0,0,0
03,120248581577260549,ACTIVE,50,2.8499999999999996,56,0,0,0,0,0
03,120250809062630734,ACTIVE,80,2.83,47,0,0,0,0,0
03,120248274271880420,ACTIVE,80,2.83,30,0,1,0,0,0
03,120250528464190431,ACTIVE,80,2.7800000000000002,132,1,1,1,1,64.96
03,120245087420500146,PAUSED,100,2.7199999999999998,49,0,1,0,0,0
03,120249785294120564,ACTIVE,80,2.66,83,0,1,0,0,0
03,120247612829420172,ACTIVE,100,2.64,53,2,2,0,0,0
03,120249847095270561,ACTIVE,225,2.63,74,0,0,0,0,0
03,120249004509960043,ACTIVE,80,2.61,42,1,1,0,0,0
03,120252589978050166,ACTIVE,20,2.5999999999999996,54,0,0,0,0,0
03,120251465994660577,ACTIVE,150,2.59,67,3,6,1,2,131.20000000000002
03,120247800928570707,ACTIVE,138,2.57,45,1,1,0,0,0
03,120248274353100420,ACTIVE,80,2.56,47,0,0,0,0,0
03,120249584002100642,ACTIVE,277,2.55,90,0,0,0,0,0
03,120247763049680707,ACTIVE,100,2.54,42,1,1,0,0,0
03,120250637086490229,ACTIVE,64,2.51,34,0,1,0,0,0
03,120251073383310725,ACTIVE,100,2.48,70,0,0,0,0,0
03,120246739474360179,ACTIVE,269,2.48,142,1,5,1,1,30.169999999999995
03,120251073350070725,ACTIVE,100,2.4699999999999998,75,1,1,0,0,0
03,120246753878390686,ACTIVE,80,2.45,26,0,1,0,0,0
03,120249304487320561,ACTIVE,104,2.43,395,1,2,0,0,0
03,120249700925490126,ACTIVE,87,2.4299999999999997,76,3,3,1,1,49.519999999999996
03,120250812135090734,ACTIVE,80,2.42,46,0,3,0,0,0
03,120252765932190427,ACTIVE,64,2.41,62,1,1,1,0,0
03,120248947080080509,ACTIVE,80,2.35,123,1,1,0,0,0
03,120249796872860455,ACTIVE,104,2.3200000000000003,122,0,0,0,0,0
03,120251108153270725,ACTIVE,100,2.32,35,0,2,0,0,0
03,23858726940290799,ACTIVE,80,2.28,39,3,4,0,0,0
03,120245872237040146,PAUSED,100,2.28,94,4,6,0,0,0
03,120248581577230549,ACTIVE,50,2.27,37,0,0,0,0,0
03,120249220581040455,ACTIVE,155,2.25,32,0,4,0,0,0
03,120248168760260420,ACTIVE,80,2.25,76,2,2,0,0,0
03,6973002165426,ACTIVE,50,2.24,57,3,3,1,0,0
03,120259587945310586,ACTIVE,100,2.18,42,0,0,0,0,0
03,120253455387470054,ACTIVE,98,2.15,45,3,2,1,0,0
03,120249730981230126,ACTIVE,80,2.13,41,0,6,0,0,0
03,120259717310200586,ACTIVE,100,2.1,36,2,3,0,0,0
03,120250809062720734,ACTIVE,80,2.09,44,0,1,0,0,0
03,120247410623640470,ACTIVE,10,2.0700000000000003,6,0,0,0,0,0
03,120240258763950179,ACTIVE,220,2.06,97,2,4,0,0,0
03,120259717187600586,ACTIVE,30,2.01,50,2,1,0,0,0
03,120249118466650708,ACTIVE,100,2,37,1,1,0,0,0
03,120250636933650229,ACTIVE,64,2,34,2,3,1,1,29.979999999999997
03,120252598297590166,ACTIVE,30,1.99,77,0,0,0,0,0
03,120250429106170100,ACTIVE,50,1.97,79,3,5,0,0,0
03,120251588323280577,ACTIVE,100,1.96,39,3,4,0,0,0
03,120252650634680368,ACTIVE,60,1.9,47,0,1,0,0,0
03,120250832457260100,ACTIVE,87,1.8800000000000001,50,1,1,0,0,0
03,120249891958260561,ACTIVE,80,1.88,69,1,1,0,0,0
03,120249238447180751,ACTIVE,50,1.81,36,5,5,0,0,0
03,120246023777450751,ACTIVE,300,1.81,45,0,0,0,0,0
03,120251073567510725,ACTIVE,100,1.79,64,0,0,0,0,0
03,120249626724790126,ACTIVE,100,1.6700000000000002,33,0,0,0,0,0
03,120249525081250564,ACTIVE,500,1.67,72,1,3,0,0,0
03,120249771350330425,ACTIVE,80,1.6400000000000001,49,0,0,0,0,0
03,120253132489050166,ACTIVE,30,1.61,27,0,0,0,0,0
03,120251916359060577,ACTIVE,100,1.58,41,1,1,0,0,0
03,120245596108620129,ACTIVE,100,1.57,75,0,1,0,0,0
03,120249118276910708,ACTIVE,100,1.5599999999999998,19,0,0,0,0,0
03,120247101390620133,ACTIVE,80,1.52,25,1,2,1,1,60.47
03,120249861202960589,ACTIVE,132,1.51,17,2,1,0,0,0
03,120251149624600589,ACTIVE,150,1.5,84,0,0,0,0,0
03,120251916273140577,ACTIVE,100,1.48,58,1,1,0,0,0
03,120248562847560629,ACTIVE,100,1.47,53,1,2,0,0,0
03,120253132488960166,ACTIVE,30,1.46,34,0,1,0,0,0
03,120252741548160651,ACTIVE,20,1.4100000000000001,27,1,0,0,0,0
03,120247974923210032,ACTIVE,100,1.37,50,1,1,0,0,0
03,120245878022310146,PAUSED,100,1.35,62,0,0,0,0,0
03,120253169727490166,ACTIVE,30,1.3399999999999999,24,0,0,0,0,0
03,120248889381040455,ACTIVE,137,1.3,81,0,0,0,0,0
03,120248806206860043,ACTIVE,80,1.28,24,0,2,0,0,0
03,120249813131810469,ACTIVE,100,1.26,49,1,1,0,0,0
03,120246502299380436,ACTIVE,100,1.26,61,4,5,1,0,0
03,120242694742870146,PAUSED,474,1.25,60,1,0,0,0,0
03,120250637086040229,ACTIVE,66,1.2,36,1,1,0,0,0
03,120251108153250725,ACTIVE,100,1.15,36,0,2,0,0,0
03,120250295700070048,PAUSED,100,1.15,12,0,0,0,0,0
03,120250779739870734,ACTIVE,80,1.13,31,2,2,0,0,0
03,120251405891810589,ACTIVE,136,1.12,21,0,2,0,0,0
03,120246731542000686,ACTIVE,80,1.12,24,0,2,0,0,0
03,120252129110040057,ACTIVE,100,1.11,8,1,1,0,0,0
03,120249626330330642,ACTIVE,125,1.09,27,0,0,0,0,0
03,120259717336600586,ACTIVE,30,1.08,15,0,0,0,0,0
03,120248376824430629,ACTIVE,80,1.08,10,0,0,0,0,0
03,120245939880310129,ACTIVE,100,1.07,12,0,2,0,0,0
03,120248767028760175,ACTIVE,100,1.06,41,1,2,0,0,0
03,120250572410180732,ACTIVE,80,1.02,27,0,0,0,0,0
03,120251997651590404,ACTIVE,100,0.99,28,0,0,0,0,0
03,120250456622110116,ACTIVE,200,0.97,20,1,1,0,0,0
03,120249740598600469,ACTIVE,100,0.97,16,0,0,0,0,0
03,120252957281740709,ACTIVE,196,0.95,11,0,0,0,0,0
03,120248665447960629,ACTIVE,100,0.94,29,1,1,0,0,0
03,120253752207140054,ACTIVE,100,0.92,25,0,1,0,0,0
03,120248012098050674,PAUSED,120,0.91,10,1,1,1,0,0
03,120246932997060179,ACTIVE,70,0.91,48,1,1,1,0,0
03,120249177863580455,ACTIVE,380,0.9,38,0,2,0,0,0
03,120245878022750146,PAUSED,100,0.9,29,2,2,0,0,0
03,120249759549420564,ACTIVE,80,0.88,15,0,0,0,0,0
03,120247476544900470,ACTIVE,10,0.86,14,0,0,0,0,0
03,120254972636650012,ACTIVE,80,0.84,39,1,0,0,0,0
03,120249403467920642,ACTIVE,100,0.83,23,3,3,1,0,0
03,120250295821890048,PAUSED,100,0.81,26,0,0,0,0,0
03,120247476544590470,ACTIVE,10,0.78,11,0,0,0,0,0
03,120250456622780116,ACTIVE,100,0.78,23,0,1,0,0,0
03,120251788791190404,ACTIVE,100,0.77,20,1,1,0,0,0
03,120251917082830577,ACTIVE,100,0.7500000000000001,30,1,2,0,0,0
03,120249717905560469,ACTIVE,100,0.75,14,0,0,0,0,0
03,120247530616290752,PAUSED,300,0.72,23,0,0,0,0,0
03,120250637141960229,ACTIVE,64,0.71,14,1,1,0,0,0
03,120249300729750589,ACTIVE,153,0.69,32,1,1,0,0,0
03,120248052316140674,ACTIVE,80,0.66,21,0,2,0,0,0
03,120245854774890129,ACTIVE,100,0.66,22,1,2,1,1,99.72
03,120251837964590019,ACTIVE,50,0.65,20,0,0,0,0,0
03,120250637202680229,ACTIVE,64,0.62,22,0,1,0,0,0
03,120248979765310043,ACTIVE,80,0.6,10,1,1,0,0,0
03,120247851477820707,ACTIVE,100,0.5800000000000001,12,0,0,0,0,0
03,120252819722330404,ACTIVE,100,0.5800000000000001,15,0,0,0,0,0
03,120245523851000129,ACTIVE,100,0.58,27,0,1,0,0,0
03,120250295699910048,PAUSED,100,0.58,8,0,0,0,0,0
03,120249669211920469,ACTIVE,100,0.57,25,0,0,0,0,0
03,120251995809820769,ACTIVE,100,0.5599999999999999,18,0,0,0,0,0
03,120249754760810019,ACTIVE,50,0.54,12,1,1,0,0,0
03,120246932861760179,ACTIVE,70,0.53,17,0,0,0,0,0
03,120248768375880175,ACTIVE,100,0.53,9,0,0,0,0,0
03,120250332385240019,ACTIVE,50,0.51,13,0,0,0,0,0
03,120248767076380175,ACTIVE,112,0.51,20,0,0,0,0,0
03,120247744471800241,ACTIVE,150,0.51,26,0,0,0,0,0
03,120247932007430707,ACTIVE,90,0.49,17,0,0,0,0,0
03,120250295821980048,PAUSED,100,0.47,8,0,0,0,0,0
03,120249902226690561,ACTIVE,80,0.44,17,2,3,0,0,0
03,120250637038310229,ACTIVE,123,0.43,10,1,2,0,0,0
03,120251995892080769,ACTIVE,100,0.42000000000000004,13,0,0,0,0,0
03,120247918746170677,ACTIVE,121,0.42,4,0,0,0,0,0
03,120247692380410470,ACTIVE,5,0.41000000000000003,8,0,0,0,0,0
03,120247516592800470,ACTIVE,10,0.38,7,0,0,0,0,0
03,120250832459920100,ACTIVE,87,0.38,4,0,0,0,0,0
03,120250635175100365,ACTIVE,60,0.37,2,0,0,0,0,0
03,120249525235920564,ACTIVE,80,0.36,7,0,0,0,0,0
03,120253168906120166,ACTIVE,20,0.35,17,0,0,0,0,0
03,120250156416670100,ACTIVE,100,0.34,71,0,0,0,0,0
03,120246845803590125,ACTIVE,80,0.32999999999999996,14,0,0,0,0,0
03,120247694368170677,ACTIVE,140,0.32,16,0,0,0,0,0
03,120247918748920677,ACTIVE,120,0.32,16,0,0,0,0,0
03,120247516592890470,ACTIVE,10,0.29000000000000004,5,0,1,0,0,0
03,120252819655660404,ACTIVE,100,0.26,24,0,0,0,0,0
03,120253323556200054,ACTIVE,80,0.26,4,0,0,0,0,0
03,120247476544560470,ACTIVE,10,0.25,9,0,0,0,0,0
03,120247884451060677,ACTIVE,122,0.25,11,0,0,0,0,0
03,120248755863010175,ACTIVE,167,0.24,21,0,0,0,0,0
03,120248895819210303,ACTIVE,30,0.2,8,0,0,0,0,0
03,120246898860110179,ACTIVE,70,0.2,13,0,1,0,0,0
03,120252741548210651,ACTIVE,20,0.2,9,0,0,0,0,0
03,120247516592700470,ACTIVE,10,0.19,5,0,0,0,0,0
03,120245380137820707,ACTIVE,100,0.16999999999999998,16,0,0,0,0,0
03,120248665535660629,ACTIVE,100,0.16,6,0,0,0,0,0
03,120252819238020404,ACTIVE,100,0.14,7,0,0,0,0,0
03,120248562847610629,ACTIVE,300,0.14,11,0,0,0,0,0
03,120246299672680751,ACTIVE,115,0.14,8,0,0,0,0,0
03,120251997719170404,ACTIVE,100,0.13999999999999999,6,0,0,0,0,0
03,120250563904960365,ACTIVE,60,0.12000000000000001,5,0,0,0,0,0
03,120252819669530404,ACTIVE,100,0.12,6,0,0,0,0,0
03,120252819687360404,ACTIVE,100,0.12,7,0,0,0,0,0
03,120253582875740210,ACTIVE,100,0.11000000000000001,14,0,0,0,0,0
03,120248665534640629,ACTIVE,100,0.11,2,0,0,0,0,0
03,120249889649170561,ACTIVE,91,0.11,4,0,1,0,0,0
03,120247692380260470,ACTIVE,5,0.1,3,0,0,0,0,0
03,120248046782070032,ACTIVE,100,0.09,7,0,0,0,0,0
03,120245878024520146,PAUSED,100,0.09,4,1,1,0,0,0
03,120249626330350642,ACTIVE,125,0.08,6,0,0,0,0,0
03,120246932955800179,ACTIVE,70,0.07,3,0,0,0,0,0
03,120247195553610630,ACTIVE,80,0.06999999999999999,4,0,1,0,0,0
03,120248857694840291,ACTIVE,300,0.06,7,0,0,0,0,0
03,120250779503960734,ACTIVE,80,0.06,2,0,0,0,0,0
03,120250209991300389,ACTIVE,72,0.05,2,0,0,0,0,0
03,120248768375830175,ACTIVE,100,0.04,3,0,0,0,0,0
03,120259717187920586,ACTIVE,30,0.04,9,0,0,0,0,0
03,120245872070690146,PAUSED,100,0.03,2,0,0,0,0,0
03,120248722531060455,ACTIVE,140,0.02,2,0,0,0,0,0
03,120250422902390695,PAUSED,80,0.01,2,0,0,0,0,0
03,120249737694600455,ACTIVE,179,0.01,3,1,1,0,0,0
03,120249730981330126,ACTIVE,80,0,0,0,0,0,0,0
03,120249731092590126,ACTIVE,80,0,0,0,0,0,0,0
03,120249731092620126,ACTIVE,80,0,0,0,0,0,0,0
03,120250879849910392,PAUSED,100,0,0,0,1,0,0,0
03,120250295766640048,PAUSED,100,0,0,0,0,0,0,0
03,120247978988830707,ACTIVE,79,0,2,0,0,0,0,0
03,120249787361050564,ACTIVE,80,0,0,0,0,0,0,0
03,120243117326020544,PAUSED,60,0,0,0,1,0,0,0
03,120247195552660630,ACTIVE,80,0,1,0,0,0,0,0
03,120249792023570425,ACTIVE,80,0,0,0,0,0,0,0
03,120250812253580734,ACTIVE,80,0,0,0,5,0,0,0
03,120250812232820734,ACTIVE,80,0,0,0,4,0,0,0
03,120249792023640425,ACTIVE,80,0,0,0,0,0,0,0
03,120249792146840425,ACTIVE,100,0,0,0,0,0,0,0
03,120249792146930425,ACTIVE,100,0,0,0,0,0,0,0
03,120245939973470129,ACTIVE,100,0,0,0,0,0,0,0
03,120245939960860129,ACTIVE,100,0,0,0,0,0,0,0
03,120245939944540129,ACTIVE,100,0,0,0,0,0,0,0
03,120245939944460129,ACTIVE,100,0,0,0,0,0,0,0
03,120249924070970561,ACTIVE,80,0,0,0,0,0,0,0
03,120249924071030561,ACTIVE,80,0,0,0,0,0,0,0
03,120245939929740129,ACTIVE,100,0,0,0,0,0,0,0
03,120245939929710129,ACTIVE,100,0,0,0,0,0,0,0
03,120245939918760129,ACTIVE,100,0,0,0,0,0,0,0
03,120249977391280544,ACTIVE,80,0,0,0,0,0,0,0
03,120245922862540146,ACTIVE,118,0,0,0,0,0,0,0
03,120247683741070320,PAUSED,407,0,0,0,1,0,0,0
03,120245922842640146,ACTIVE,118,0,0,0,0,0,0,0
03,120247223966660470,ACTIVE,10,0,1,0,0,0,0,0
03,120250102812370152,ACTIVE,100,0,0,0,0,0,0,0
03,120250102832040152,ACTIVE,100,0,0,0,0,0,0,0
03,120250102948780152,ACTIVE,100,0,0,0,0,0,0,0
03,120250102948990152,ACTIVE,100,0,0,0,0,0,0,0
03,120250109955700695,PAUSED,150,0,0,0,2,0,0,0
03,120250333782560065,ACTIVE,100,0,0,0,0,0,0,0
03,120247555163370650,PAUSED,80,0,0,0,0,0,0,0
03,120248736827310090,PAUSED,100,0,0,0,1,0,0,0
03,120248717535180509,PAUSED,80,0,0,0,1,0,0,0
03,120251943619500577,ACTIVE,100,0,0,0,0,0,0,0
03,120248665771320629,ACTIVE,100,0,0,0,0,0,0,0
03,120246876992500125,ACTIVE,80,0,0,0,0,0,0,0
03,120246876997380125,ACTIVE,80,0,0,0,0,0,0,0
03,120251943164910577,ACTIVE,100,0,0,0,8,0,0,0
03,120248884845340214,ACTIVE,100,0,0,0,0,0,0,0
03,120248632978500629,PAUSED,100,0,0,0,0,0,0,0
03,120248884994120214,ACTIVE,60,0,0,0,0,0,0,0
03,120248884994180214,ACTIVE,60,0,0,0,0,0,0,0
03,120248885010160214,ACTIVE,80,0,0,0,0,0,0,0
03,120248885010220214,ACTIVE,80,0,0,0,0,0,0,0
03,120246717694980686,PAUSED,100,0,0,0,0,0,0,0
03,120251444423580589,ACTIVE,100,0,0,0,0,0,0,0
03,120251444423220589,ACTIVE,100,0,0,0,0,0,0,0
03,120248985452280509,ACTIVE,80,0,0,0,0,0,0,0
03,120249004625210043,ACTIVE,80,0,0,0,0,0,0,0
03,120252756016590651,ACTIVE,20,0,0,0,0,0,0,0
03,120252756025970651,ACTIVE,20,0,0,0,0,0,0,0
03,120252756026030651,ACTIVE,20,0,0,0,0,0,0,0
03,120252756026080651,ACTIVE,20,0,0,0,0,0,0,0
03,120246623986130686,PAUSED,424,0,0,0,0,0,0,0
03,120246529648550436,ACTIVE,101,0,2,0,0,0,0,0
03,120251351604750589,PAUSED,114,0,0,0,0,0,0,0
03,120246529518600436,ACTIVE,101,0,0,0,0,0,0,0
03,120246529518570436,ACTIVE,101,0,0,0,1,0,0,0
03,120249557312180642,PAUSED,243,0,0,0,0,0,0,0
03,120248274271830420,ACTIVE,80,0,0,0,0,0,0,0
03,120248128353450674,ACTIVE,80,0,0,0,0,0,0,0
03,120246291786110686,PAUSED,100,0,0,0,0,0,0,0
03,120249730927800126,ACTIVE,80,0,0,0,2,0,0,0
03,120249730927900126,ACTIVE,80,0,0,0,2,0,0,0
04,120248800044910751,ACTIVE,1400,282.42999999999995,8729,98,195,22,11,392.73
04,120249773521790455,ACTIVE,2800,277.07,4494,134,142,17,11,806.79
04,120250857934900725,ACTIVE,1500,226.29000000000002,7889,173,206,22,12,732.7599999999999
04,120246299672740751,ACTIVE,1300,195.46000000000004,4338,78,99,10,6,228.83999999999997
04,120249855268710455,ACTIVE,1010,166.86,4580,102,109,8,4,313.52
04,120249819353240455,ACTIVE,1070,165.4,4614,107,124,7,2,69.9
04,120250148796800065,ACTIVE,470,163.29999999999998,2874,75,84,9,5,286.08
04,120245031811820436,ACTIVE,1050,163.15,7439,164,177,14,7,398.84
04,120241066464020065,ACTIVE,689,160.16,6952,96,99,11,5,223.62
04,120245837898990436,ACTIVE,924,158.56,6775,111,112,6,4,335.9
04,120246729148030125,ACTIVE,735,150.01999999999998,2900,55,55,9,1,97.7
04,120245942236800686,ACTIVE,582,149.25,1721,52,53,8,6,409.30000000000007
04,120244761352230455,ACTIVE,682,145.60999999999999,4727,101,119,6,1,84.37
04,120251280416620589,ACTIVE,612,139.1,3997,68,65,4,0,0
04,120247384368960172,ACTIVE,850,132.76,2628,77,83,8,4,207.76
04,120246506094720686,ACTIVE,627,132.43,1202,43,42,7,6,336.0199999999999
04,120248855168720455,ACTIVE,595,132.09,3693,78,75,6,2,120.82
04,120246345569010686,ACTIVE,318,130.96,1819,53,52,6,3,173.65
04,120246243213280686,ACTIVE,802,121.02000000000001,2705,44,54,10,5,192.37
04,120246180858520686,ACTIVE,379,118.12,2072,52,47,9,3,131.17000000000002
04,120246457583950686,ACTIVE,385,115.47999999999999,1706,55,53,2,2,102.44
04,120245878022610146,ACTIVE,500,111.78,5043,153,169,7,4,332.36
04,120245044044870686,ACTIVE,522,108.2,1491,40,35,5,4,201.11999999999998
04,120245481989440065,ACTIVE,338,108.02000000000001,2977,57,55,3,2,85.19999999999999
04,120244349823030686,ACTIVE,295,107.83,1696,48,55,4,4,162.39999999999998
04,120250447195790100,ACTIVE,350,107,2847,61,62,3,0,0
04,120249796843930455,ACTIVE,701,106.77000000000001,3807,82,99,7,3,286.04
04,120246715310580686,ACTIVE,259,103.21000000000001,1020,34,39,7,6,242.35000000000002
04,120242301213170065,ACTIVE,304,102.1,3818,53,51,5,1,31.98
04,120245514271740065,ACTIVE,259,99.58,1183,58,65,7,2,85.2
04,120246505926190686,PAUSED,132,95.72000000000001,1117,42,40,5,3,152.41
04,120249843765220065,ACTIVE,233,94.86,1106,37,42,5,2,85.2
04,120244270293390320,ACTIVE,700,92.71,2683,64,69,8,3,253.34000000000003
04,120246457864390686,ACTIVE,353,92.23,1182,43,46,8,7,293.56999999999994
04,120247205366420177,ACTIVE,332,90.3,1624,65,62,5,1,29.98
04,120246652396390686,PAUSED,195,90.25,824,24,24,3,0,0
04,120246346915640686,ACTIVE,180,88.38999999999999,1210,20,26,3,1,51.21
04,120248764599250589,ACTIVE,528,87.77,2406,56,50,6,2,117.42
04,120245640145600146,ACTIVE,1012,87.38,2094,36,43,2,2,83.96
04,120249798276470455,ACTIVE,446,86.53,3969,54,57,2,1,84.37
04,120246037977820686,ACTIVE,424,85.78,1730,33,30,4,4,203.62
04,120249897412970455,ACTIVE,479,85.66,1833,50,65,4,2,120.82000000000001
04,120245878024160146,ACTIVE,212,84.65,3720,130,142,3,2,120.59
04,120248810047820509,ACTIVE,800,83.11,2601,65,70,6,3,104.94
04,120252669244990404,ACTIVE,347,81.93,1131,44,44,4,2,192.42
04,120245872066930146,ACTIVE,274,81.74,1531,47,47,4,2,117.2
04,120253717968900054,ACTIVE,562,80.03,1041,29,32,2,2,85.19000000000001
04,120249973654180455,ACTIVE,606,78.34,1693,44,45,3,2,69.89999999999999
04,120249737694570455,ACTIVE,382,77.75999999999999,1601,33,38,3,1,34.95
04,120244813077130146,ACTIVE,501,76.77000000000001,1039,37,27,3,2,181.92
04,120249786479970065,ACTIVE,385,76.15,1487,47,49,8,3,117.18
04,120246500280680686,PAUSED,147,75.74,799,31,29,2,1,71.21
04,120252043483350057,ACTIVE,330,73.83,451,24,24,2,1,41.98
04,120245284052330686,ACTIVE,153,73.7,1160,26,24,2,1,51.22
04,120248387124610175,ACTIVE,329,73.48,2673,50,56,5,0,0
04,120246411234470686,PAUSED,179,73.14999999999999,969,21,20,2,1,51.22
04,120244418309490436,ACTIVE,629,72.28,3102,72,73,9,4,304.40999999999997
04,120251351605010589,ACTIVE,428,71.63,1293,25,29,2,1,67.89
04,120249999663760100,ACTIVE,300,71,2184,56,49,1,0,0
04,120248503550700175,ACTIVE,465,69.66,3664,64,70,1,0,0
04,120245557729330686,PAUSED,136,69.59,828,25,22,1,0,0
04,120249286008100751,ACTIVE,389,69.36,2204,32,57,10,6,255.82000000000002
04,120250296535810100,ACTIVE,396,69.19,1697,53,58,9,3,141.69000000000003
04,120249796859320455,ACTIVE,413,68.86,1742,51,54,2,1,84.37
04,120250210018830100,ACTIVE,300,68.75,1701,41,41,3,0,0
04,120248464770270509,ACTIVE,500,68.75,1778,50,54,5,1,61.970000000000006
04,120246791587200455,ACTIVE,236,68,675,26,27,1,1,84.36999999999999
04,120248857694860291,ACTIVE,300,65.72,1143,51,54,3,1,36.98
04,120246188701000686,ACTIVE,136,64.72,1114,25,26,2,2,81.19
04,120249953993750065,ACTIVE,136,63.8,931,26,31,5,1,53.21
04,120249511691790642,ACTIVE,113,63.56,931,21,24,2,0,0
04,120250036356910725,ACTIVE,500,63.24,1467,29,32,4,2,78.35
04,120250857934870725,ACTIVE,500,62.55,2547,54,69,10,5,285.98
04,120245656228230146,ACTIVE,289,61.91,891,19,16,0,0,0
04,120245382821930146,ACTIVE,329,61.64,1590,37,44,3,1,41.980000000000004
04,120246544819180686,ACTIVE,169,61.62,700,23,26,4,3,208.62
04,120249676548660425,ACTIVE,354,61.269999999999996,1180,24,28,3,1,90.72
04,120247751879690032,ACTIVE,300,60.22,1909,71,69,5,2,85.94
04,120239930892250650,ACTIVE,500,59.900000000000006,832,36,37,2,1,86.76
04,120245334049540065,ACTIVE,186,58.97,742,30,31,1,0,0
04,120249545398570642,ACTIVE,383,58.92,1542,35,40,6,4,179.8
04,120253587305330054,ACTIVE,139,58.010000000000005,826,27,26,6,2,106.42
04,120246652396420686,ACTIVE,118,57.760000000000005,582,24,28,1,2,102.44000000000001
04,120249506741180642,ACTIVE,221,57.76,1039,35,35,6,6,468.17
04,120249709181720425,ACTIVE,379,57.620000000000005,1087,24,27,2,1,90.72
04,120247498522010172,ACTIVE,400,57.339999999999996,1006,35,38,2,0,0
04,120248563890830642,ACTIVE,393,57.07,1629,33,37,3,1,65.94999999999999
04,120246710213410090,ACTIVE,552,56.220000000000006,1314,45,59,2,2,99.33000000000001
04,120248964166500090,ACTIVE,319,55.57,1219,34,34,3,0,0
04,120247607295610752,ACTIVE,240,55.44,1380,32,34,2,0,0
04,120248541516690291,ACTIVE,500,55.019999999999996,876,29,30,2,2,101.14999999999999
04,120249135138850389,ACTIVE,403,54.79,1759,52,42,6,4,127.82
04,120250164409520065,ACTIVE,184,54.71,855,23,28,2,0,0
04,120245815157520129,ACTIVE,270,54.61,1937,53,55,5,0,0
04,120245906371410129,ACTIVE,300,54.50999999999999,1769,53,50,7,5,288.64
04,120249998355340389,ACTIVE,169,54.120000000000005,921,30,41,3,0,0
04,120247215908240172,ACTIVE,400,54.050000000000004,1359,55,60,3,1,65.94
04,120250245426520065,ACTIVE,183,54,944,21,23,2,0,0
04,120248854598290455,ACTIVE,375,53.589999999999996,1338,30,34,3,1,34.95
04,120248927739830303,ACTIVE,300,53.58,954,26,36,7,1,42.97
04,120246347471430686,ACTIVE,143,53.38,621,21,22,0,0,0
04,120251070317250589,ACTIVE,337,52.91,1390,22,24,4,2,99.04
04,120250164409580065,ACTIVE,245,52.129999999999995,1118,27,32,6,5,202.38
04,120247634863390564,ACTIVE,500,51.67,1721,26,32,3,1,39.980000000000004
04,120253406029470054,ACTIVE,199,51.550000000000004,940,18,18,1,0,0
04,120249325186790389,ACTIVE,277,51.01,1999,52,57,5,0,0
04,120248503550720175,ACTIVE,325,50.43,1755,35,41,3,0,0
04,120249447109420642,ACTIVE,240,50.41,1179,17,19,2,1,117.01
04,120245890874640129,ACTIVE,270,50.14,1758,42,40,2,1,68.22
04,120250680471950100,ACTIVE,200,49.260000000000005,1011,14,17,0,0,0
04,120249100983530561,ACTIVE,500,49.14,1089,44,53,6,1,24.98
04,120248678284680175,ACTIVE,268,48.28,1543,18,26,1,0,0
04,120246983939560320,ACTIVE,360,47.959999999999994,1576,32,31,6,4,224.01
04,120250270342280100,ACTIVE,134,47.42999999999999,1128,37,30,4,2,61.93999999999999
04,120247380153090677,ACTIVE,340,47.410000000000004,1848,26,24,3,2,112
04,120246058017990436,ACTIVE,370,47.08,1946,35,37,3,2,110.2
04,120250796170080100,ACTIVE,500,46.97,1094,24,28,3,2,104.32
04,120249591553070126,ACTIVE,80,46.92,808,15,14,0,0,0
04,120245972443720177,ACTIVE,243,46.53,1001,34,43,3,1,29.98
04,120248850201850065,ACTIVE,150,45.04,764,13,20,0,0,0
04,120249998355410389,ACTIVE,140,44.96,1493,50,107,11,1,34.86
04,120249286008110751,ACTIVE,229,44.709999999999994,1428,15,25,4,4,226.84
04,120248630524990629,ACTIVE,300,44.260000000000005,1019,22,24,1,0,0
04,120250057126690389,ACTIVE,210,44.010000000000005,1960,44,52,4,2,82.63
04,120249525301790564,ACTIVE,500,43.519999999999996,939,17,15,1,0,0
04,120247412164970172,ACTIVE,300,43.379999999999995,836,28,36,1,1,117.01
04,120247524529550752,ACTIVE,200,43.14,1127,36,34,7,2,69.95
04,120247225333460177,ACTIVE,284,42.88,705,22,27,3,1,29.98
04,120248648060210175,ACTIVE,157,42.31,1175,47,41,5,2,83.86
04,120250348875890229,ACTIVE,96,42.290000000000006,2105,57,61,3,2,81.2
04,120247824573220241,ACTIVE,357,41.62,2275,42,42,2,1,66.47999999999999
04,120247826417250320,ACTIVE,498,41.43,1435,24,24,0,0,0
04,120246411190320686,ACTIVE,110,41.339999999999996,423,12,8,2,2,59.96
04,120246717696080686,PAUSED,145,41.17,431,11,11,2,1,51.22
04,120249231443520389,ACTIVE,223,40.63,1976,39,47,8,2,69.72
04,120249535727510116,ACTIVE,420,40.230000000000004,937,28,29,3,1,69.72
04,120250796171200100,ACTIVE,433,39.910000000000004,1103,28,32,2,2,45.959999999999994
04,120246865117370320,ACTIVE,300,39.42,1081,18,18,0,0,0
04,120250249763860065,ACTIVE,123,39.19,637,15,15,3,1,31.98
04,120248012782330065,ACTIVE,212,39.010000000000005,754,11,15,5,3,181.94000000000003
04,120248526805630175,ACTIVE,225,38.66,1093,36,43,2,1,41.93
04,120249177863580455,ACTIVE,380,38.379999999999995,1032,25,29,2,1,34.95
04,120249448254690642,ACTIVE,206,37.81,648,27,28,2,0,0
04,120250289561860065,ACTIVE,117,36.97,633,17,16,2,1,31.980000000000004
04,120252444275150368,ACTIVE,300,36.94,863,14,14,1,1,69.57000000000001
04,120245262034660146,ACTIVE,368,36.91,1461,19,18,0,0,0
04,120249272919060455,ACTIVE,161,36.730000000000004,391,13,14,2,1,60.41
04,120249135138590389,ACTIVE,208,36.53,1510,38,30,1,0,0
04,120247139480370564,ACTIVE,300,36.480000000000004,1145,20,27,3,2,165.68
04,120249660368100389,ACTIVE,241,36.44,1045,45,51,3,0,0
04,120254995038120211,ACTIVE,100,36.3,716,14,15,0,0,0
04,120253509292830054,ACTIVE,94,36.2,487,15,16,1,0,0
04,120250250795130229,ACTIVE,84,35.730000000000004,692,19,18,2,1,89.95
04,120248022515170097,ACTIVE,160,35.6,1264,24,24,2,0,0
04,120250195901560065,ACTIVE,151,35.27,890,18,17,2,1,53.22
04,120249819353180455,ACTIVE,365,35.19,722,13,17,0,0,0
04,120249118466570708,ACTIVE,225,35.17,790,10,11,1,0,0
04,120245872237150146,ACTIVE,180,35.03,1624,55,63,6,3,125.94
04,120246266385410436,ACTIVE,414,34.92,1833,41,43,0,0,0
04,120250148796840065,ACTIVE,120,34.73,720,15,17,0,0,0
04,120246411339050686,ACTIVE,100,34.53,600,21,20,3,3,89.94
04,120246260582710436,ACTIVE,290,34.5,1889,32,36,5,5,372.63
04,120248087329420097,ACTIVE,260,34.489999999999995,1338,15,14,1,1,111.45
04,120246901356650172,ACTIVE,200,34.24,574,21,21,2,2,103.88
04,120247043007240177,ACTIVE,100,34.21,601,20,18,3,3,111.17
04,120246754000300686,PAUSED,135,34.19,368,9,10,1,1,51.22
04,120252522112930368,ACTIVE,420,33.84,1183,28,27,2,1,69.57
04,120247347738320650,ACTIVE,71,33.760000000000005,408,9,12,1,0,0
04,120250877852440057,ACTIVE,330,33.51,473,17,20,1,1,41.98
04,120246755572620686,ACTIVE,144,33.370000000000005,388,9,12,1,1,71.2
04,120248092609360674,ACTIVE,200,33.36,568,18,18,2,1,46.23
04,120247225333420177,PAUSED,143,33.1,514,19,18,2,0,0
04,120245306349070462,ACTIVE,300,33.050000000000004,534,24,25,0,0,0
04,120246253656250788,ACTIVE,200,32.760000000000005,546,14,16,1,1,65.77
04,120251396286540589,ACTIVE,273,32.66,433,20,17,1,2,153.04
04,120248795700600477,ACTIVE,88,32.040000000000006,399,11,10,1,0,0
04,120247376442080650,ACTIVE,183,31.96,344,11,12,0,0,0
04,120247955442930320,ACTIVE,261,31.95,2306,29,31,1,1,58.769999999999996
04,120248734649100175,ACTIVE,225,31.9,1320,21,24,2,1,99.82000000000001
04,120250528241360229,ACTIVE,122,31.669999999999998,2155,43,42,1,1,51.22
04,120252957281740709,ACTIVE,196,31.439999999999998,443,7,10,2,1,29.12
04,120249937881250455,ACTIVE,295,31.35,962,10,11,2,2,95.36
04,120249422827560642,ACTIVE,147,31.27,525,16,15,2,0,0
04,120247580154530650,ACTIVE,90,31.239999999999995,263,12,15,2,0,0
04,120252301917290368,ACTIVE,350,31.189999999999998,872,13,20,3,2,108.54999999999998
04,120245873479890146,PAUSED,359,30.83,1139,33,31,1,0,0
04,120249133489610303,ACTIVE,200,30.810000000000002,616,26,36,7,1,68.93
04,120249220581040455,ACTIVE,155,30.75,355,14,20,0,0,0
04,120245468761950436,ACTIVE,433,30.67,1232,31,30,4,1,71.61999999999999
04,120259394013460586,ACTIVE,100,30.65,678,20,19,1,1,28.979999999999997
04,120250449834830589,ACTIVE,138,30.490000000000002,578,11,12,0,0,0
04,120248875341950509,ACTIVE,300,30.46,1514,22,29,0,0,0
04,120249497633180126,ACTIVE,205,30.339999999999996,532,19,25,2,1,29.98
04,120246024108390751,ACTIVE,300,30.329999999999995,459,10,12,1,1,81.95
04,120250660044160100,ACTIVE,299,30.32,1351,24,23,3,2,105.12
04,120246767810560125,ACTIVE,120,30.240000000000002,560,10,11,1,0,0
04,120248926854510090,ACTIVE,243,30.24,752,22,28,3,3,281.51
04,120250010438780065,ACTIVE,108,30.18,505,7,12,1,1,31.979999999999997
04,120247857435320590,ACTIVE,300,30.130000000000003,556,11,13,3,1,27.98
04,120251463178000247,ACTIVE,100,30.020000000000003,267,5,6,2,0,0
04,120248124805050097,ACTIVE,188,29.92,1195,18,16,1,1,34.980000000000004
04,120246753917490686,ACTIVE,100,29.870000000000005,413,11,11,2,2,141.16
04,120251190384290589,ACTIVE,146,29.77,492,5,13,3,1,49.519999999999996
04,120247383199060533,ACTIVE,122,29.630000000000003,862,30,28,3,2,85.94
04,120248452492430509,ACTIVE,300,29.5,1040,28,31,2,0,0
04,120255025421590211,ACTIVE,135,29.479999999999997,503,20,17,2,1,95.05999999999999
04,120246733901990065,ACTIVE,119,29.380000000000003,440,12,14,2,0,0
04,23858591199930790,ACTIVE,80,29.32,2529,27,23,0,0,0
04,120247524529490752,ACTIVE,242,29.32,675,16,18,3,1,42.97
04,120250249669600065,ACTIVE,80,29.2,424,12,12,2,1,31.979999999999997
04,120251463274110247,ACTIVE,100,29.08,259,5,6,1,0,0
04,120250624117300100,ACTIVE,330,29.07,521,15,16,2,1,78.94
04,120249232068930561,ACTIVE,300,29,938,12,14,4,3,124.88999999999999
04,120250251197330065,ACTIVE,154,28.979999999999997,475,12,15,2,2,85.19999999999999
04,120252601207340368,ACTIVE,206,28.95,841,21,25,4,2,108.55
04,120249729585740544,ACTIVE,81,28.86,409,7,8,0,0,0
04,120252664163100722,ACTIVE,150,28.810000000000002,913,17,16,1,0,0
04,120247680102270175,ACTIVE,225,28.729999999999997,1315,27,28,3,3,125.79
04,120249842004090544,ACTIVE,105,28.64,513,16,18,1,0,0
04,120246100871360533,ACTIVE,208,28.520000000000003,1162,26,41,3,1,24.98
04,120248734649170175,ACTIVE,225,28.39,1143,22,26,1,1,57.9
04,120249325186850389,ACTIVE,143,28.380000000000003,830,30,34,2,1,34.86
04,120249642397010425,ACTIVE,168,28.3,385,12,11,0,0,0
04,120251463274190247,ACTIVE,100,28.259999999999998,291,14,13,1,0,0
04,120249855268630455,ACTIVE,247,28.25,565,13,19,2,2,95.36
04,120246293141950436,ACTIVE,246,28.209999999999997,996,17,21,1,0,0
04,120243276755660065,ACTIVE,118,28.2,827,9,12,1,1,53.22
04,120246729148090125,ACTIVE,274,28.2,729,15,21,0,0,0
04,120247583319740586,ACTIVE,100,28.17,534,17,16,4,0,0
04,120250249668660065,ACTIVE,157,27.840000000000003,631,16,17,0,0,0
04,120247423085790533,ACTIVE,125,27.54,828,21,24,1,0,0
04,120251436424170589,ACTIVE,98,27.52,448,11,13,2,2,59.96
04,120246229820550436,ACTIVE,274,27.42,1438,29,31,2,0,0
04,120245906396800436,ACTIVE,290,27.360000000000003,1184,23,24,1,0,0
04,120250251254500065,ACTIVE,136,27.36,435,12,14,3,1,73.2
04,120248918373480509,ACTIVE,200,27.340000000000003,785,12,12,2,0,0
04,120250789469770586,ACTIVE,100,27.15,672,32,31,2,2,59.15
04,120250050949360065,ACTIVE,100,27.130000000000003,436,12,13,0,0,0
04,120248697673860629,ACTIVE,130,27.11,492,8,7,4,3,137.81
04,120246753916760686,ACTIVE,125,27.09,339,11,13,1,0,0
04,120248665770500629,ACTIVE,300,27.07,478,14,12,1,1,89.36999999999999
04,120249551591610126,PAUSED,100,26.96,401,4,5,0,0,0
04,120244761869100436,ACTIVE,199,26.96,1122,17,20,1,1,68.22999999999999
04,120248755862740175,ACTIVE,239,26.929999999999996,1200,18,20,1,0,0
04,120249847095210561,ACTIVE,405,26.9,1086,9,11,4,3,127.52999999999997
04,120246755573450686,ACTIVE,80,26.89,290,13,11,2,1,29.979999999999997
04,120249651102950642,ACTIVE,126,26.819999999999997,467,16,19,1,0,0
04,120249142031310564,ACTIVE,200,26.73,661,12,17,1,1,69.72
04,120246665711420125,ACTIVE,131,26.700000000000003,487,2,2,0,0,0
04,120247097620200630,ACTIVE,200,26.65,720,12,14,2,2,79.95
04,120250730281520100,ACTIVE,109,26.64,813,13,18,2,2,118.71000000000001
04,120248602054940453,ACTIVE,80,26.619999999999997,237,9,8,0,0,0
04,120248600846420453,ACTIVE,80,26.59,257,6,7,0,0,0
04,120249651103010642,ACTIVE,126,26.56,483,11,9,2,0,0
04,120246731542060686,ACTIVE,80,26.5,364,11,11,1,1,29.980000000000004
04,120250289562550065,ACTIVE,131,26.47,514,16,18,0,0,0
04,120249796851720455,ACTIVE,150,26.46,429,15,11,0,0,0
04,120249651027540642,ACTIVE,100,26.419999999999998,414,11,12,0,0,0
04,120246023777450751,ACTIVE,300,26.36,543,7,18,2,0,0
04,120249525081250564,ACTIVE,500,26.34,845,15,19,0,0,0
04,120248377192890629,ACTIVE,100,26.240000000000002,1937,1,20,0,0,0
04,120249728773790126,ACTIVE,88,26.2,361,10,9,1,0,0
04,120251436424300589,ACTIVE,98,26.18,494,13,14,2,1,49.52
04,120250466943310577,ACTIVE,102,26.15,384,23,22,1,1,28.979999999999997
04,120245205078130630,ACTIVE,200,26.13,854,17,22,4,2,79.95
04,120246779794700686,ACTIVE,80,26.13,311,7,7,1,1,89.95
04,120246299721450751,ACTIVE,195,26.11,384,8,8,2,1,52.97
04,120248721133890006,ACTIVE,80,26.04,342,9,12,2,1,29.94
04,120248602054980453,ACTIVE,80,26.03,217,4,4,0,0,0
04,120250195901640065,ACTIVE,100,25.990000000000002,654,11,14,2,2,63.959999999999994
04,120248304803400065,ACTIVE,100,25.909999999999997,542,17,21,3,1,53.22
04,120248697528790629,ACTIVE,100,25.83,348,9,13,1,0,0
04,120246754801740509,ACTIVE,100,25.790000000000003,644,11,11,4,0,0
04,120249285560020695,ACTIVE,200,25.71,846,12,17,0,0,0
04,120246715310330686,PAUSED,100,25.599999999999998,249,13,12,1,1,29.980000000000004
04,120249712874620564,ACTIVE,100,25.490000000000002,734,19,17,0,0,0
04,120249584002100642,ACTIVE,277,25.479999999999997,545,8,14,3,3,243.97
04,120248665448330629,ACTIVE,300,25.47,599,18,18,0,0,0
04,120259589623590586,ACTIVE,231,25.43,578,15,16,2,0,0
04,120246356046500788,ACTIVE,200,25.380000000000003,876,13,13,2,1,65.77000000000001
04,120248875341960509,ACTIVE,104,25.379999999999995,1076,15,12,1,1,110.96000000000001
04,120251047356610589,ACTIVE,182,25.269999999999996,610,18,16,2,1,29.979999999999997
04,120247997930180097,ACTIVE,192,25.18,747,12,17,0,0,0
04,120248946565540509,ACTIVE,232,25.03,661,22,22,2,0,0
04,120245689540550436,ACTIVE,141,25.02,846,21,25,1,0,0
04,120249667449910126,ACTIVE,300,24.910000000000004,366,13,16,0,0,0
04,120248794643770214,ACTIVE,200,24.840000000000003,560,11,11,1,1,46.72
04,120250655587650100,ACTIVE,120,24.78,542,11,12,0,0,0
04,120249265469400303,ACTIVE,200,24.75,484,21,22,7,2,69.95
04,120247614409850674,ACTIVE,150,24.73,519,12,15,1,0,0
04,120248954869510509,ACTIVE,80,24.67,343,6,5,1,1,29.98
04,120249977413850544,ACTIVE,80,24.67,457,9,8,2,1,65.91
04,120248388520260291,ACTIVE,150,24.62,367,12,12,1,0,0
04,120247932007700707,ACTIVE,260,24.6,517,11,16,1,0,0
04,120249556836150126,ACTIVE,100,24.549999999999997,398,11,13,1,0,0
04,120247065534800133,ACTIVE,180,24.310000000000002,304,6,12,1,1,34.98
04,120246779676210686,ACTIVE,100,24.259999999999998,390,11,8,0,1,71.21
04,120249510498660642,ACTIVE,122,24.240000000000002,413,4,6,1,1,65.94999999999999
04,120246750699960686,ACTIVE,80,24.21,368,8,8,0,0,0
04,120250337858370100,ACTIVE,170,24.12,648,10,15,2,0,0
04,120248690643620090,PAUSED,100,24.03,361,11,9,1,0,0
04,120252565997150368,ACTIVE,112,24.02,513,16,15,3,1,69.57000000000001
04,120248716547660006,ACTIVE,80,24,312,9,6,1,1,29.94
04,120247902669740320,ACTIVE,169,23.99,487,5,15,3,2,68.14
04,120249728773710126,ACTIVE,88,23.91,372,12,13,4,2,79.49
04,120248484683390090,ACTIVE,302,23.9,732,12,12,1,0,0
04,120250006051320455,ACTIVE,135,23.86,731,15,13,1,1,60.41
04,120249253674820462,ACTIVE,200,23.85,457,8,14,2,1,57.98
04,120249133489750303,ACTIVE,85,23.810000000000002,429,18,16,0,0,0
04,120250456531050116,ACTIVE,140,23.799999999999997,357,11,14,1,0,0
04,120248697528700629,ACTIVE,100,23.77,285,7,8,3,2,100.85999999999999
04,120250172561130389,ACTIVE,108,23.76,753,17,16,1,1,47.769999999999996
04,120245481989400065,ACTIVE,100,23.669999999999998,511,11,11,1,1,31.979999999999997
04,120250249763030065,ACTIVE,149,23.590000000000003,448,13,13,3,1,31.979999999999997
04,120246779794660686,ACTIVE,80,23.58,325,9,8,1,0,0
04,120244771837290544,PAUSED,130,23.549999999999997,457,9,8,2,0,0
04,120248087317600097,ACTIVE,174,23.4,748,14,15,0,0,0
04,120250172561040389,PAUSED,116,23.380000000000003,596,22,20,3,0,0
04,120250245427110065,ACTIVE,96,23.22,343,12,11,1,0,0
04,120249672330000126,ACTIVE,100,23.21,488,11,11,1,1,29.98
04,120251444422860589,ACTIVE,100,23.14,446,15,16,2,2,99.03
04,120250006050260455,ACTIVE,135,23.09,708,9,8,0,0,0
04,120249668731640469,ACTIVE,100,23.01,376,6,8,1,0,0
04,120246471244780065,ACTIVE,100,23.009999999999998,531,16,20,0,0,0
04,120253752207140054,ACTIVE,100,22.99,254,4,7,1,1,125.67999999999999
04,120247917740500241,ACTIVE,240,22.98,847,18,20,0,0,0
04,120249563397690389,ACTIVE,105,22.84,671,31,27,3,0,0
04,120251314406060589,ACTIVE,100,22.770000000000003,346,10,8,2,1,49.519999999999996
04,120249921754410561,ACTIVE,90,22.75,384,12,9,2,1,24.98
04,120248623149560090,ACTIVE,196,22.729999999999997,509,9,13,1,1,62.38999999999999
04,120246485397990125,PAUSED,300,22.65,464,10,13,0,0,0
04,120249563403450389,ACTIVE,120,22.560000000000002,708,26,24,6,4,212.99999999999997
04,120249921754470561,ACTIVE,90,22.54,401,11,10,0,0,0
04,120249885841510469,PAUSED,100,22.47,376,7,10,0,0,0
04,120250456533180116,ACTIVE,250,22.47,437,13,12,0,0,0
04,120251444422810589,ACTIVE,100,22.4,435,10,8,1,1,29.98
04,23858457619370799,ACTIVE,150,22.38,188,5,6,0,0,0
04,120250299563240725,ACTIVE,100,22.37,632,10,15,1,1,133.32000000000002
04,120248935062690126,ACTIVE,100,22.35,367,11,13,3,2,99.03
04,120248124805170097,ACTIVE,150,22.349999999999998,806,8,9,0,0,0
04,120251839629150577,ACTIVE,210,22.34,896,22,21,2,1,105.73
04,120250623729250057,ACTIVE,100,22.3,238,13,14,0,0,0
04,120247284992210533,ACTIVE,168,22.130000000000003,962,35,38,6,1,43.8
04,120248782039080175,ACTIVE,90,22.12,592,14,13,0,0,0
04,120248361160970477,ACTIVE,200,22.02,406,10,12,1,0,0
04,120249977382570544,ACTIVE,80,22.009999999999998,391,13,12,3,2,75.5
04,120245218353240788,ACTIVE,200,21.919999999999998,486,8,10,0,0,0
04,120245516609390788,ACTIVE,200,21.91,415,11,12,1,1,65.77
04,120247210424610177,ACTIVE,101,21.87,512,19,20,1,0,0
04,120251662445930577,ACTIVE,180,21.840000000000003,486,24,22,0,0,0
04,120250285289280319,ACTIVE,200,21.82,932,15,17,0,0,0
04,120248274271880420,ACTIVE,80,21.73,199,2,3,1,0,0
04,120252043483420057,ACTIVE,100,21.68,126,8,8,1,1,73.42
04,120246753835650686,PAUSED,100,21.64,212,4,7,1,0,0
04,120246750700300686,PAUSED,80,21.630000000000003,392,13,10,0,0,0
04,120247291716580533,ACTIVE,100,21.54,638,0,29,3,1,24.98
04,120249667450010126,ACTIVE,119,21.48,389,14,13,2,1,49.51
04,120249651027570642,ACTIVE,100,21.45,350,9,12,1,0,0
04,120249937881090455,ACTIVE,137,21.4,876,12,9,1,0,0
04,120255007395420012,ACTIVE,80,21.38,292,4,5,0,0,0
04,120249729041270065,ACTIVE,114,21.32,414,10,11,1,1,53.22
04,120249484643470425,ACTIVE,146,21.299999999999997,353,10,12,1,1,39.98
04,120247866597170389,ACTIVE,102,21.28,373,16,12,2,1,21.19
04,120248714827980006,ACTIVE,80,21.26,596,8,9,0,0,0
04,120247232849230630,ACTIVE,100,21.25,418,6,7,1,0,0
04,120249730981330126,ACTIVE,80,21.25,237,11,9,2,1,49.51
04,120247852317860677,ACTIVE,102,21.23,546,7,6,0,0,0
04,120247452717980533,ACTIVE,120,21.21,642,26,24,5,4,119.91
04,120250078709950152,ACTIVE,200,21.17,750,12,12,1,0,0
04,120253753907380210,ACTIVE,100,21.07,746,10,11,0,0,0
04,120247945168280241,ACTIVE,100,21.07,738,10,13,0,0,0
04,120247756760140032,ACTIVE,100,21.049999999999997,516,12,14,2,1,42.97
04,120249737694600455,ACTIVE,179,20.979999999999997,314,10,10,1,0,0
04,120248530207740214,ACTIVE,140,20.96,530,13,16,0,0,0
04,120247974902740032,ACTIVE,100,20.91,449,20,21,3,2,83.94000000000001
04,120250637038290229,ACTIVE,62,20.9,749,11,11,0,0,0
04,120249980937100168,ACTIVE,174,20.87,513,7,8,0,0,0
04,120248697673760629,ACTIVE,130,20.86,481,10,7,1,0,0
04,120245922842640146,ACTIVE,118,20.79,354,7,7,1,1,75.22
04,120248635320580629,ACTIVE,150,20.68,478,10,11,2,1,36.95
04,120249730927800126,ACTIVE,80,20.52,331,7,7,0,0,0
04,120250456622110116,ACTIVE,200,20.509999999999998,336,13,16,1,0,0
04,120246919904290533,ACTIVE,102,20.479999999999997,633,18,21,6,1,64.26
04,120251827078290368,ACTIVE,76,20.46,424,9,11,1,0,0
04,120246876986400125,ACTIVE,80,20.450000000000003,399,7,9,1,0,0
04,120250251254290065,ACTIVE,80,20.4,379,14,13,1,1,91.95
04,120244924434950146,ACTIVE,185,20.390000000000004,651,10,13,0,0,0
04,120248827166370214,ACTIVE,170,20.39,389,9,7,1,0,0
04,120250251299630389,ACTIVE,74,20.35,404,10,11,0,0,0
04,120252735765550722,ACTIVE,100,20.35,571,9,9,1,1,41.97
04,120250251299600389,ACTIVE,74,20.34,499,14,12,2,2,42.38
04,120249470867260126,ACTIVE,80,20.26,251,9,11,1,0,0
04,120250106811500168,ACTIVE,200,20.24,483,10,7,2,2,144.79999999999998
04,120248692777600175,ACTIVE,121,20.23,926,21,17,3,2,66.89
04,120248087317500097,ACTIVE,139,20.21,629,9,9,0,0,0
04,120249875325910544,ACTIVE,150,20.209999999999997,451,14,13,1,0,0
04,120248985452200509,ACTIVE,80,20.12,265,10,10,2,2,79.49000000000001
04,120250812212400734,ACTIVE,80,20.09,344,14,16,1,0,0
04,120248782039160175,ACTIVE,90,20,552,12,13,0,0,0
04,120249447109280642,ACTIVE,136,19.97,544,10,12,2,2,131.90000000000003
04,120248983634950509,ACTIVE,100,19.810000000000002,414,12,10,1,1,61.970000000000006
04,120248600846450453,ACTIVE,80,19.74,225,7,7,0,0,0
04,120248022515110097,ACTIVE,196,19.68,634,12,17,0,0,0
04,120246528242100436,ACTIVE,100,19.67,511,14,12,2,1,68.23
04,120251628891720577,ACTIVE,102,19.67,633,15,12,2,0,0
04,120249672441170126,ACTIVE,80,19.65,243,12,12,5,2,59.96000000000001
04,120250249523140065,PAUSED,100,19.57,357,7,8,0,0,0
04,120247498633290172,ACTIVE,100,19.54,383,13,18,1,0,0
04,120248954868450509,PAUSED,80,19.509999999999998,247,6,4,0,0,0
04,120250637142390229,ACTIVE,64,19.49,245,8,5,1,1,29.98
04,120249598082060216,ACTIVE,80,19.48,390,6,9,0,0,0
04,120249325405290389,ACTIVE,101,19.310000000000002,638,28,26,2,0,0
04,120259543995950586,ACTIVE,100,19.29,445,10,15,1,1,28.98
04,120249523562880116,ACTIVE,212,19.25,402,11,13,0,0,0
04,120259676866470586,ACTIVE,100,19.16,357,7,7,0,0,0
04,120250016606030152,ACTIVE,200,19.16,769,7,9,0,0,0
04,120251109241560577,ACTIVE,102,19.119999999999997,577,16,19,1,1,48.17
04,120247486299210533,ACTIVE,90,19.1,601,25,22,2,2,97.92999999999999
04,120246939922390780,ACTIVE,150,19.1,520,16,17,1,1,57.96
04,120250256919830065,ACTIVE,100,19.02,584,16,16,2,1,32.99
04,120249470979850126,ACTIVE,80,18.96,271,10,13,2,1,49.51
04,120249911570800469,ACTIVE,100,18.95,425,7,8,1,1,28.98
04,120250636935150229,ACTIVE,64,18.87,602,8,9,1,1,51.22
04,120249653554320561,ACTIVE,112,18.82,400,10,10,0,0,0
04,120247420555310752,ACTIVE,100,18.8,381,18,19,0,0,0
04,120252735765570722,ACTIVE,100,18.78,474,11,10,0,0,0
04,120253058412540404,ACTIVE,120,18.72,300,12,10,0,0,0
04,120249006967110708,ACTIVE,115,18.66,353,7,6,1,1,51.14
04,120247720693810677,ACTIVE,170,18.65,523,4,6,0,0,0
04,120248866251460043,ACTIVE,120,18.62,420,11,16,0,0,0
04,120247718478040320,ACTIVE,172,18.59,410,2,4,2,2,92.84
04,120248999993570090,ACTIVE,178,18.57,335,8,8,0,0,0
04,120247887851240707,ACTIVE,145,18.54,370,10,13,1,1,37.370000000000005
04,120250251218110065,ACTIVE,80,18.509999999999998,516,10,8,1,0,0
04,120247194987720630,ACTIVE,100,18.48,365,7,6,1,0,0
04,120248128369720674,ACTIVE,80,18.47,297,11,12,0,0,0
04,120242444643470544,ACTIVE,80,18.47,358,7,10,2,1,27.98
04,120248794643800214,ACTIVE,135,18.46,586,22,22,2,1,49.47
04,120246779450410686,ACTIVE,100,18.439999999999998,258,6,7,1,0,0
04,120249730981230126,ACTIVE,80,18.31,388,15,17,2,1,67.91
04,120248984219080509,ACTIVE,100,18.29,365,10,15,1,0,0
04,120250569881980734,ACTIVE,80,18.16,406,9,9,2,1,27.89
04,120249461012860564,ACTIVE,100,18.12,476,10,11,1,0,0
04,120250249523830065,ACTIVE,80,18.1,288,2,4,0,0,0
04,120250908107470725,ACTIVE,100,18.099999999999998,768,7,10,0,0,0
04,120244794017770320,ACTIVE,120,18.07,704,17,17,1,1,34.07
04,120248274353100420,ACTIVE,80,18.03,198,9,7,0,0,0
04,120249798254440455,ACTIVE,249,18.029999999999998,849,7,10,1,0,0
04,120249626723800126,ACTIVE,120,17.95,211,9,9,0,0,0
04,120247194987750630,ACTIVE,100,17.85,340,6,5,1,1,29.979999999999997
04,120247783774240707,ACTIVE,112,17.83,386,8,11,0,0,0
04,120251435859650247,ACTIVE,100,17.83,240,10,11,1,1,36.940000000000005
04,120249761430210561,ACTIVE,100,17.83,385,15,14,1,0,0
04,120251256015310577,ACTIVE,100,17.68,466,10,10,2,2,113.13
04,120250251196940065,ACTIVE,80,17.56,310,8,9,2,0,0
04,120248609231900509,ACTIVE,200,17.529999999999998,452,18,20,1,0,0
04,120247486299200533,ACTIVE,90,17.51,619,15,15,2,0,0
04,120247924205270214,ACTIVE,100,17.48,380,13,14,2,2,44.96000000000001
04,120249977391320544,PAUSED,80,17.48,302,5,6,0,0,0
04,120248983720490509,ACTIVE,100,17.47,425,15,18,1,0,0
04,120249481659380561,ACTIVE,180,17.46,526,13,17,3,1,72.95
04,120246266385280436,ACTIVE,173,17.46,821,14,19,1,0,0
04,120247763073680707,ACTIVE,100,17.43,218,4,6,0,0,0
04,120247232989740630,ACTIVE,100,17.43,302,10,11,0,0,0
04,120245917148250146,ACTIVE,100,17.41,574,7,11,0,0,0
04,120249889650130561,ACTIVE,91,17.37,403,7,6,0,0,0
04,120251403939070589,ACTIVE,229,17.369999999999997,336,9,11,0,0,0
04,120250462132310116,ACTIVE,250,17.33,331,13,17,0,0,0
04,120248889381040455,ACTIVE,137,17.32,597,7,5,0,0,0
04,120245539332330436,ACTIVE,136,17.31,911,16,16,0,0,0
04,120248046254160032,ACTIVE,100,17.3,395,9,8,1,1,24.98
04,120248983933330509,ACTIVE,100,17.27,361,7,9,0,0,0
04,120249300729750589,ACTIVE,153,17.26,430,13,13,0,0,0
04,120249242219710126,ACTIVE,100,17.19,203,10,8,2,2,79.5
04,120247065556020630,ACTIVE,120,17.189999999999998,475,17,17,4,3,149.91
04,120247317325280533,ACTIVE,102,17.11,736,21,19,1,0,0
04,120248981735990509,ACTIVE,80,17.06,584,9,12,0,0,0
04,120246528253390436,ACTIVE,100,17.02,551,17,11,0,0,0
04,120246230106530436,ACTIVE,140,16.979999999999997,559,12,11,0,1,157.44
04,120248128369760674,PAUSED,80,16.939999999999998,273,4,3,0,0,0
04,120248615567170175,ACTIVE,100,16.939999999999998,516,9,8,2,1,24.96
04,120245545452250146,ACTIVE,100,16.92,243,4,5,0,0,0
04,120247131790900470,ACTIVE,200,16.919999999999998,870,19,23,4,2,79.96
04,120247232882600630,ACTIVE,100,16.87,356,7,8,1,1,29.98
04,120246753839440686,ACTIVE,80,16.85,185,7,6,1,0,0
04,120249847650660469,ACTIVE,100,16.83,251,5,8,1,0,0
04,120250940063730319,ACTIVE,120,16.82,556,12,15,0,0,0
04,120250636933650229,ACTIVE,64,16.75,245,7,6,1,1,29.979999999999997
04,120248983846420509,ACTIVE,100,16.69,441,14,13,3,2,123.94
04,120250761605420365,ACTIVE,80,16.69,221,12,12,0,0,0
04,120249626330330642,ACTIVE,125,16.66,212,1,2,0,0,0
04,120246753999340686,ACTIVE,80,16.63,175,9,5,1,1,29.98
04,120251404027600589,ACTIVE,267,16.57,340,5,9,0,0,0
04,120253754022930210,ACTIVE,117,16.490000000000002,691,26,28,1,1,41.980000000000004
04,120253058412510404,ACTIVE,120,16.48,268,3,5,1,1,97.96
04,120250083020120152,ACTIVE,170,16.46,275,7,10,0,0,0
04,120249747361920561,ACTIVE,92,16.43,409,7,7,1,0,0
04,120252735737090722,PAUSED,100,16.39,308,3,3,0,0,0
04,120248806206860043,ACTIVE,80,16.37,329,15,15,0,0,0
04,120246755543280686,ACTIVE,80,16.349999999999998,215,3,4,0,0,0
04,120248716547630006,PAUSED,80,16.34,239,2,2,0,0,0
04,120248735258120175,ACTIVE,100,16.34,488,15,15,4,3,108.82000000000001
04,120250251218160065,ACTIVE,104,16.29,487,5,6,1,0,0
04,120246779450450686,ACTIVE,100,16.27,231,10,10,3,2,59.96
04,120249730927900126,ACTIVE,80,16.27,284,8,8,0,0,0
04,120245937542640129,ACTIVE,100,16.25,426,8,9,1,2,197.66
04,120251121608550725,ACTIVE,120,16.21,437,8,9,1,0,0
04,120251951063460769,ACTIVE,80,16.200000000000003,313,10,12,1,0,0
04,120249946377620469,ACTIVE,80,16.189999999999998,388,9,9,1,1,28.98
04,120249253674880462,ACTIVE,135,16.14,322,15,13,1,1,39.98
04,120253058530580404,ACTIVE,120,16.130000000000003,246,9,9,0,0,0
04,120250637203660229,ACTIVE,68,16.11,511,12,9,0,0,0
04,120246229939410436,ACTIVE,115,16.07,667,17,14,2,1,68.23
04,120248967678300303,ACTIVE,200,16.02,293,10,12,0,0,0
04,120251108153270725,ACTIVE,100,15.989999999999998,244,5,6,0,0,0
04,120250943649020725,ACTIVE,100,15.97,421,16,15,1,1,28.98
04,120249529674980126,ACTIVE,80,15.93,235,7,7,0,0,0
04,120248983634890509,ACTIVE,100,15.91,370,10,12,0,0,0
04,120235701428400210,ACTIVE,180,15.899999999999999,424,19,21,1,1,71.72
04,120247065555950630,ACTIVE,100,15.879999999999999,420,6,6,1,1,29.979999999999997
04,120248984038000509,ACTIVE,100,15.879999999999999,527,14,14,0,0,0
04,120249977431380544,PAUSED,80,15.81,271,3,3,0,0,0
04,120250483424290695,ACTIVE,80,15.76,365,4,3,2,1,199.54999999999998
04,120259676867480586,ACTIVE,100,15.75,343,4,4,1,0,0
04,120247035183980025,ACTIVE,100,15.75,320,4,4,0,0,0
04,120247753430830320,ACTIVE,100,15.72,615,9,16,2,1,103.82
04,120249556932800126,ACTIVE,80,15.690000000000001,290,9,11,1,1,49.52
04,120239206782380175,ACTIVE,100,15.68,465,12,14,3,1,24.96
04,120250790045220586,ACTIVE,50,15.68,406,11,11,0,0,0
04,120251108238110725,ACTIVE,100,15.67,412,7,6,0,0,0
04,120248981839510509,ACTIVE,80,15.639999999999999,410,12,12,0,0,0
04,120247757162930032,ACTIVE,100,15.610000000000001,402,11,9,1,1,58.959999999999994
04,120246526841640436,ACTIVE,120,15.58,624,12,11,1,1,68.22
04,120251941748890577,ACTIVE,100,15.57,466,12,12,1,0,0
04,120247954673320320,ACTIVE,100,15.559999999999999,512,13,15,1,1,34.07
04,120250528185070431,ACTIVE,80,15.549999999999999,557,15,17,0,0,0
04,120253021796010404,ACTIVE,80,15.540000000000001,160,9,11,0,0,0
04,120251071122160319,ACTIVE,120,15.540000000000001,391,14,15,1,1,64.18
04,120249977431740544,PAUSED,80,15.52,289,4,3,0,0,0
04,120245642520350129,ACTIVE,100,15.51,692,18,17,1,1,99.72
04,120250110334530116,ACTIVE,98,15.46,317,15,18,2,1,97.71
04,120253058412600404,ACTIVE,120,15.440000000000001,289,8,8,0,0,0
04,120249977413890544,PAUSED,80,15.42,331,6,5,1,0,0
04,120250221243670695,ACTIVE,200,15.399999999999999,460,8,9,1,1,66.02000000000001
04,120250812232820734,ACTIVE,80,15.39,358,11,11,0,0,0
04,120248067590750032,ACTIVE,78,15.32,437,8,7,0,0,0
04,120246355899960788,ACTIVE,30,15.32,224,4,5,0,0,0
04,120249650984250642,ACTIVE,100,15.29,260,6,7,1,1,37.95
04,120248274271830420,PAUSED,80,15.24,137,4,4,1,1,65.91
04,120247916304580320,ACTIVE,100,15.239999999999998,585,13,14,1,0,0
04,120247224088350630,ACTIVE,100,15.23,235,7,8,0,0,0
04,120251071213050319,ACTIVE,100,15.21,447,15,13,2,1,37
04,120251949511390769,ACTIVE,80,15.17,398,9,9,2,1,18.939999999999998
04,120247319362190032,ACTIVE,100,15.16,349,5,6,0,0,0
04,120249470979790126,ACTIVE,80,15.16,208,2,3,0,0,0
04,120247555246170650,ACTIVE,150,15.129999999999999,160,13,13,2,1,34.98
04,120250374522140365,ACTIVE,60,15.129999999999999,148,5,5,1,0,0
04,120245917148280146,ACTIVE,100,15.06,613,9,6,0,0,0
04,120247945168270241,ACTIVE,100,15.049999999999999,512,5,7,1,0,0
04,120247978989290707,ACTIVE,79,14.99,286,10,7,0,0,0
04,120249470945610126,ACTIVE,80,14.96,172,2,3,1,0,0
04,120248046686270032,ACTIVE,100,14.91,343,11,11,1,1,24.98
04,120249597992420216,ACTIVE,80,14.9,349,3,5,0,0,0
04,120251742686670577,ACTIVE,150,14.89,729,11,13,0,0,0
04,120247232849290630,ACTIVE,100,14.89,387,4,5,1,1,29.98
04,120251051147810019,ACTIVE,150,14.88,272,8,9,2,0,0
04,120250474448880695,ACTIVE,80,14.87,375,8,8,0,0,0
04,120252565997380368,ACTIVE,224,14.85,527,12,13,1,0,0
04,120248574839550695,ACTIVE,100,14.84,445,6,7,0,0,0
04,120248979765310043,ACTIVE,80,14.84,171,10,11,1,2,90.58
04,120249951788570544,PAUSED,80,14.81,233,4,4,0,0,0
04,120246921246130533,ACTIVE,100,14.81,355,1,23,1,0,0
04,120249769158350469,ACTIVE,80,14.74,493,9,11,0,0,0
04,120250290123180695,ACTIVE,110,14.67,420,4,4,0,0,0
04,120251941748920577,ACTIVE,100,14.64,411,20,16,1,1,28.98
04,120251941983950577,ACTIVE,100,14.64,439,14,16,1,0,0
04,120250812253580734,ACTIVE,80,14.62,319,7,11,0,0,0
04,120249350342530751,ACTIVE,80,14.6,190,4,4,2,0,0
04,120249708537480561,ACTIVE,151,14.580000000000002,393,10,9,0,0,0
04,120248697587430629,ACTIVE,100,14.58,182,2,5,0,0,0
04,120249761062050564,ACTIVE,80,14.58,559,8,20,3,1,39.98
04,120249946560920469,ACTIVE,80,14.55,293,3,7,2,2,117.92999999999999
04,120247035184050025,ACTIVE,100,14.549999999999999,337,5,7,1,0,0
04,120252570211110651,ACTIVE,100,14.54,509,13,13,1,1,123.92999999999999
04,120249004625210043,ACTIVE,80,14.52,210,4,6,2,0,0
04,120249951604820455,ACTIVE,100,14.43,236,9,9,1,1,34.95
04,120252991682490709,ACTIVE,80,14.419999999999998,458,14,17,1,1,27.98
04,120250868932230100,ACTIVE,100,14.39,340,12,10,0,0,0
04,120251108248200725,ACTIVE,100,14.36,389,8,12,2,0,0
04,120251108263720725,ACTIVE,100,14.35,380,14,15,1,0,0
04,120248981873920509,ACTIVE,80,14.330000000000002,419,8,12,1,0,0
04,120246731542000686,ACTIVE,80,14.329999999999998,180,6,5,1,1,51.22
04,120251108314950725,ACTIVE,100,14.309999999999999,467,8,11,1,1,28.98
04,120241671273870455,ACTIVE,100,14.309999999999999,440,14,15,1,0,0
04,120249761255540564,ACTIVE,80,14.3,343,3,5,0,0,0
04,120248338624550629,ACTIVE,100,14.239999999999998,499,13,11,0,0,0
04,120247224088400630,ACTIVE,100,14.22,256,8,6,1,1,67.46
04,120250761605370365,ACTIVE,80,14.16,169,9,9,0,0,0
04,120245922862540146,ACTIVE,118,14.16,263,7,7,2,1,41.980000000000004
04,120245937542720129,ACTIVE,100,14.16,430,9,8,2,1,129.46
04,120246528242080436,ACTIVE,100,14.159999999999998,508,15,13,0,0,0
04,120249731092620126,ACTIVE,80,14.139999999999999,247,3,5,0,0,0
04,120247704402520752,ACTIVE,83,14.120000000000001,277,6,7,2,2,53.96000000000001
04,120249004509960043,PAUSED,80,14.11,214,7,7,0,0,0
04,120248981718130509,ACTIVE,80,14.100000000000001,389,9,9,0,0,0
04,120248632299250629,ACTIVE,100,14.100000000000001,256,6,8,0,0,0
04,120247498910200172,ACTIVE,100,14.09,221,6,7,1,1,37.94
04,120252720813890368,ACTIVE,80,14.06,354,8,8,2,1,69.57
04,120249785294140564,ACTIVE,80,14.059999999999999,266,4,4,0,0,0
04,120247160725690630,ACTIVE,100,14.049999999999999,294,1,1,0,0,0
04,120246526841610436,ACTIVE,120,14.009999999999998,547,11,12,1,0,0
04,120253753955930210,ACTIVE,200,14,521,20,19,2,2,113.69999999999999
04,120249350342560751,ACTIVE,80,13.989999999999998,278,3,3,0,0,0
04,120248981736040509,ACTIVE,80,13.97,496,11,11,0,0,0
04,120250330451160116,ACTIVE,84,13.93,246,6,6,0,0,0
04,120248616085540126,ACTIVE,80,13.88,195,3,7,0,0,0
04,120250106786950168,ACTIVE,200,13.879999999999999,420,7,8,1,0,0
04,120249727768090216,ACTIVE,80,13.830000000000002,236,5,7,1,1,29.98
04,120251108167730725,ACTIVE,100,13.829999999999998,417,1,2,0,0,0
04,120248937360690084,ACTIVE,50,13.81,188,7,8,1,1,69.57
04,120247666675970677,ACTIVE,150,13.8,371,1,5,2,1,96.41000000000001
04,120250386246260695,ACTIVE,100,13.770000000000001,354,9,11,2,1,37.98
04,120247946419500677,ACTIVE,100,13.76,211,4,3,2,0,0
04,120251121616990725,ACTIVE,100,13.75,385,8,9,1,1,103.34
04,120245681426220129,ACTIVE,100,13.73,519,12,18,3,1,68.22999999999999
04,120251108167700725,ACTIVE,100,13.71,496,9,7,2,1,86.55000000000001
04,120245346459390436,ACTIVE,178,13.65,678,9,9,0,1,104.67
04,120248981880250509,ACTIVE,80,13.61,381,7,6,1,0,0
04,120248981757490509,ACTIVE,80,13.6,326,10,10,0,0,0
04,120249946425210469,ACTIVE,80,13.58,277,3,3,0,0,0
04,120251942076840577,ACTIVE,100,13.58,405,9,9,1,1,48.17
04,120251121616960725,ACTIVE,100,13.559999999999999,341,0,1,0,0,0
04,120247916304550320,ACTIVE,100,13.530000000000001,425,13,13,1,1,82.02
04,120249793088660168,ACTIVE,200,13.53,349,9,10,0,0,0
04,120253582875810210,ACTIVE,100,13.510000000000002,498,6,6,2,0,0
04,120246356000300788,ACTIVE,50,13.509999999999998,252,5,5,1,1,113.75
04,120250633042850512,ACTIVE,80,13.46,184,6,7,1,0,0
04,120248716761170509,ACTIVE,88,13.450000000000001,336,10,8,0,0,0
04,120251108247850725,ACTIVE,100,13.41,342,9,8,2,1,90.59
04,120245596108590129,ACTIVE,130,13.34,616,13,20,0,0,0
04,120247791798810032,ACTIVE,99,13.31,325,10,12,5,0,0
04,120251951128170769,ACTIVE,80,13.23,332,3,5,0,0,0
04,120249951700790455,ACTIVE,100,13.21,242,11,7,0,0,0
04,120249848308660469,ACTIVE,100,13.17,380,3,3,0,0,0
04,120251165323110127,ACTIVE,100,13.129999999999999,156,5,7,0,0,0
04,120248981757580509,ACTIVE,80,13.129999999999999,334,10,10,2,2,95.46
04,120248981873840509,ACTIVE,80,13.12,297,6,4,0,0,0
04,120251108209500725,ACTIVE,100,13.100000000000001,403,5,7,0,0,0
04,120245878023330146,PAUSED,167,13.1,512,20,19,0,0,0
04,120247877968370470,PAUSED,30,13.060000000000002,110,6,5,0,0,0
04,120252664163220722,ACTIVE,100,13.05,379,5,8,0,0,0
04,120251108220760725,ACTIVE,100,12.969999999999999,389,7,8,1,0,0
04,120248697587510629,ACTIVE,100,12.95,214,2,2,0,0,0
04,120251108278320725,ACTIVE,100,12.95,356,8,10,1,1,49.37
04,120248981746730509,ACTIVE,80,12.92,305,1,1,0,0,0
04,120247195829930630,ACTIVE,130,12.92,182,4,8,2,2,79.95
04,120251664479240174,ACTIVE,100,12.91,326,12,9,0,0,0
04,120253178573060709,ACTIVE,80,12.899999999999999,198,1,3,0,0,0
04,120248128353530674,ACTIVE,80,12.89,293,6,7,1,0,0
04,120248981839460509,ACTIVE,80,12.86,358,10,10,0,0,0
04,120246528221970436,ACTIVE,100,12.850000000000001,452,12,12,1,1,41.98
04,120248714827930006,PAUSED,80,12.81,141,4,3,0,0,0
04,23858653837560790,ACTIVE,80,12.75,1493,5,6,0,0,0
04,120245866287660146,ACTIVE,175,12.73,443,7,8,1,1,75.21000000000001
04,120250812135090734,ACTIVE,80,12.7,221,7,8,0,0,0
04,120247946419560677,ACTIVE,100,12.67,193,3,1,1,0,0
04,120252495546580368,ACTIVE,98,12.649999999999999,438,5,7,2,1,69.57
04,120248819229080090,ACTIVE,120,12.63,264,4,6,1,0,0
04,120250989489220725,ACTIVE,100,12.61,328,4,7,1,1,28.979999999999997
04,120248646453990006,ACTIVE,80,12.600000000000001,709,9,10,1,1,71.1
04,120245596108620129,ACTIVE,100,12.57,608,14,19,1,0,0
04,120245546349780146,ACTIVE,100,12.57,199,5,6,1,1,41.98
04,120248981776290509,ACTIVE,80,12.530000000000001,518,4,5,1,1,85.47
04,120249760914350564,ACTIVE,80,12.52,332,8,10,1,0,0
04,120249616030460561,ACTIVE,224,12.49,653,6,7,0,0,0
04,120247767966830752,ACTIVE,100,12.48,318,5,7,0,0,0
04,120246739474360179,ACTIVE,269,12.370000000000001,647,13,14,1,1,30.169999999999995
04,120247575170500172,ACTIVE,80,12.299999999999999,225,5,7,1,1,65.94
04,120249687202530455,ACTIVE,100,12.27,274,3,3,0,0,0
04,120252720813860368,ACTIVE,80,12.26,304,4,5,0,0,0
04,120247845600680470,ACTIVE,100,12.16,168,10,9,0,0,0
04,120250572410100732,ACTIVE,100,12.150000000000002,228,15,12,1,1,34.98
04,120250456622780116,ACTIVE,100,12.149999999999999,234,4,9,0,0,0
04,120250868616710100,ACTIVE,100,12.129999999999999,250,6,7,0,0,0
04,120245866286530146,ACTIVE,167,12.129999999999999,537,7,7,0,0,0
04,120246527837980436,ACTIVE,100,12.11,424,6,5,0,0,0
04,120249731092590126,ACTIVE,80,12.09,247,1,1,0,0,0
04,120247358808150177,ACTIVE,100,12.07,199,2,5,1,1,29.980000000000004
04,120245523851000129,ACTIVE,100,12.040000000000001,439,14,15,2,0,0
04,120248981880220509,ACTIVE,80,11.98,370,8,8,0,0,0
04,120247694368170677,ACTIVE,140,11.950000000000001,371,2,2,0,0,0
04,120249880853160469,ACTIVE,100,11.940000000000001,351,6,9,0,0,0
04,120240258763950179,ACTIVE,220,11.93,499,10,9,2,1,28.98
04,120249238447210751,ACTIVE,85,11.879999999999999,196,5,5,1,0,0
04,120247653059200586,ACTIVE,100,11.879999999999999,324,11,9,0,0,0
04,120250690839020725,ACTIVE,100,11.879999999999999,322,3,6,2,0,0
04,120251121608510725,ACTIVE,120,11.879999999999999,400,6,5,2,2,97.53999999999999
04,120247567940750752,ACTIVE,100,11.860000000000001,233,9,7,0,1,56.96
04,120251108278430725,ACTIVE,100,11.86,371,6,9,1,0,0
04,120247840321450032,ACTIVE,100,11.850000000000001,440,8,8,0,0,0
04,120250532821700732,ACTIVE,70,11.85,293,10,9,1,1,85.96
04,120250761559110365,ACTIVE,60,11.84,146,7,7,0,0,0
04,120248765691520175,ACTIVE,112,11.84,330,6,6,1,1,43.76
04,120253585833660210,ACTIVE,120,11.830000000000002,329,9,9,0,0,0
04,120247498522100172,ACTIVE,100,11.83,324,13,13,0,0,0
04,120246362085040788,ACTIVE,100,11.820000000000002,398,5,6,0,0,0
04,120247066173290752,ACTIVE,100,11.770000000000001,538,8,7,0,0,0
04,120248987297460509,ACTIVE,100,11.77,323,11,10,0,0,0
04,120247195552660630,ACTIVE,80,11.74,256,4,3,1,1,49.97
04,120250079118560152,ACTIVE,100,11.73,213,3,3,1,1,49.37
04,120249759549420564,ACTIVE,80,11.729999999999999,273,2,4,0,0,0
04,120247921953050677,ACTIVE,100,11.69,428,5,5,0,0,0
04,120250633026420512,ACTIVE,80,11.68,237,9,8,0,0,0
04,120249813131810469,ACTIVE,100,11.660000000000002,197,3,4,0,0,0
04,120248947548510509,ACTIVE,80,11.629999999999999,487,7,5,1,0,0
04,120251396308690589,ACTIVE,97,11.59,299,3,3,0,0,0
04,120248632386890629,ACTIVE,100,11.57,380,6,6,0,1,63.910000000000004
04,120245545428730146,ACTIVE,100,11.57,304,2,2,0,0,0
04,120246753878390686,ACTIVE,80,11.53,131,1,3,0,0,0
04,120249529674920126,ACTIVE,80,11.5,181,2,8,1,1,29.98
04,120252137394980729,ACTIVE,50,11.49,209,5,5,0,0,0
04,120249951700850455,ACTIVE,100,11.450000000000001,235,7,5,0,0,0
04,120252642974760368,ACTIVE,160,11.39,458,5,7,0,0,0
04,120249760955250564,ACTIVE,80,11.34,286,5,6,0,0,0
04,120250209989880389,ACTIVE,72,11.34,238,8,7,0,0,0
04,120250869284930100,ACTIVE,100,11.31,244,3,4,0,0,0
04,120249265469470303,ACTIVE,50,11.299999999999999,204,4,3,0,0,0
04,23858750011880799,ACTIVE,80,11.239999999999998,180,6,9,1,1,65.91
04,120249885944530469,ACTIVE,100,11.22,246,4,4,1,1,49.37
04,120249946438520469,ACTIVE,80,11.22,323,2,3,0,0,0
04,120248722613960509,ACTIVE,101,11.209999999999999,166,3,4,1,1,29.98
04,120247120232940780,ACTIVE,120,11.149999999999999,341,7,10,2,0,0
04,120251035065680725,ACTIVE,100,11.13,298,10,12,1,0,0
04,120246162660770788,ACTIVE,135,11.129999999999999,317,3,5,2,2,102.75000000000001
04,120248981727090509,ACTIVE,80,11.120000000000001,511,8,9,0,1,36.98
04,120250629224620319,ACTIVE,120,11.12,577,3,4,3,2,101.19
04,120248581577290549,ACTIVE,85,11.11,238,4,3,0,0,0
04,120248937360630084,ACTIVE,50,11.11,171,4,5,1,1,98.46000000000001
04,120247877968350470,ACTIVE,30,11.100000000000001,133,6,5,1,0,0
04,120248681187360509,ACTIVE,80,11.08,391,3,4,0,0,0
04,120249474155700642,ACTIVE,100,11.08,287,9,12,1,1,117.01
04,120246178929760752,ACTIVE,100,11.05,255,10,9,3,1,42.97
04,120250483424420695,ACTIVE,80,11.030000000000001,253,1,3,0,0,0
04,120247120200010780,ACTIVE,120,10.99,274,6,6,0,0,0
04,120247800928570707,ACTIVE,138,10.969999999999999,155,4,4,0,0,0
04,120248598576010303,ACTIVE,100,10.959999999999999,272,10,14,1,0,0
04,120246610839630125,ACTIVE,116,10.93,292,3,3,0,0,0
04,120245545523930146,PAUSED,390,10.92,203,3,3,1,1,75.22
04,120247495951400752,ACTIVE,80,10.889999999999999,254,8,8,0,0,0
04,120248052316140674,ACTIVE,80,10.870000000000001,184,8,11,1,1,29.979999999999997
04,120251588323280577,ACTIVE,100,10.870000000000001,174,10,11,3,2,96.34
04,120250331984600019,ACTIVE,150,10.84,136,5,5,2,1,71.19999999999999
04,120250528464240431,ACTIVE,80,10.8,496,9,7,0,0,0
04,120247768029840752,ACTIVE,100,10.75,228,1,1,0,0,0
04,120247940392500320,ACTIVE,100,10.7,648,8,6,0,0,0
04,120249545895050561,ACTIVE,200,10.64,812,11,7,1,0,0
04,120252137394920729,ACTIVE,50,10.610000000000001,179,12,10,0,0,0
04,120246276526570788,ACTIVE,50,10.61,300,5,3,1,0,0
04,120253102991860166,ACTIVE,100,10.57,258,4,8,0,0,0
04,23858726941040799,ACTIVE,80,10.549999999999999,168,5,7,1,0,0
04,120250809062630734,ACTIVE,80,10.52,195,3,5,0,0,0
04,120247921951240677,ACTIVE,100,10.51,410,6,7,0,0,0
04,120246527838030436,ACTIVE,100,10.51,414,5,5,2,0,0
04,120248981746660509,ACTIVE,80,10.469999999999999,464,11,12,0,0,0
04,120249539339830561,ACTIVE,116,10.46,401,7,7,1,1,57.96
04,120249880903670469,ACTIVE,100,10.45,190,3,6,0,0,0
04,120251035065720725,ACTIVE,100,10.41,440,14,17,2,2,115.53
04,120247763049680707,ACTIVE,100,10.39,142,5,5,0,0,0
04,120246529842910436,ACTIVE,101,10.36,404,7,8,1,1,99.72
04,120247210503560177,ACTIVE,101,10.32,157,0,10,1,0,0
04,120252765929910427,ACTIVE,64,10.299999999999999,231,4,4,1,0,0
04,120250637202680229,ACTIVE,64,10.250000000000002,382,3,6,0,0,0
04,120246528222040436,ACTIVE,100,10.22,343,7,6,1,0,0
04,120247219802730780,ACTIVE,80,10.2,246,4,7,0,0,0
04,120247768029820752,ACTIVE,100,10.17,389,4,4,2,0,0
04,120259636331450586,ACTIVE,100,10.16,236,5,5,0,0,0
04,120247376442020650,ACTIVE,84,10.07,99,8,9,3,0,0
04,120247851477820707,ACTIVE,100,10.06,154,7,9,3,0,0
04,120246402943010533,ACTIVE,101,9.93,225,0,12,1,0,0
04,120251465994660577,ACTIVE,150,9.919999999999998,203,7,8,1,2,131.20000000000002
04,120252735737120722,PAUSED,100,9.899999999999999,194,2,1,0,0,0
04,120250637086040229,ACTIVE,66,9.84,176,3,4,0,0,0
04,120246098209220686,ACTIVE,259,9.82,155,3,6,0,0,0
04,120249761223620564,ACTIVE,80,9.76,235,5,7,0,0,0
04,120253682244230210,ACTIVE,120,9.72,489,18,17,0,0,0
04,120245939880310129,ACTIVE,100,9.7,287,6,7,0,0,0
04,120248632285220629,ACTIVE,100,9.69,237,5,5,1,0,0
04,120246898860110179,ACTIVE,70,9.66,221,5,5,1,0,0
04,120250867991480100,ACTIVE,100,9.64,270,7,8,0,0,0
04,120251108153250725,ACTIVE,100,9.6,260,4,7,0,0,0
04,120245939944540129,ACTIVE,100,9.59,233,3,3,1,0,0
04,120247763049650707,ACTIVE,170,9.580000000000002,212,6,7,1,0,0
04,120249880780960469,ACTIVE,100,9.56,353,9,6,2,1,28.98
04,120251403880600589,ACTIVE,100,9.530000000000001,210,8,7,2,2,79.49
04,120250376646100695,ACTIVE,80,9.5,254,6,4,1,1,66.02000000000001
04,120249912744240152,ACTIVE,84,9.5,380,4,4,0,0,0
04,120247358957950177,ACTIVE,100,9.49,378,8,12,0,0,0
04,120249118276910708,ACTIVE,100,9.48,155,0,5,0,0,0
04,120253612810330210,ACTIVE,100,9.48,238,6,8,1,1,71.72
04,120247220117500780,ACTIVE,80,9.45,215,5,5,1,0,0
04,120253041846750709,ACTIVE,80,9.42,126,7,5,1,1,27.979999999999997
04,120246299672680751,ACTIVE,115,9.360000000000001,203,5,7,0,0,0
04,120247974923210032,ACTIVE,100,9.33,267,8,7,0,0,0
04,120246876997380125,ACTIVE,80,9.29,143,2,2,0,0,0
04,120249650984300642,ACTIVE,100,9.29,153,3,6,0,0,0
04,120248755863010175,ACTIVE,167,9.26,272,6,7,0,0,0
04,120251149624600589,ACTIVE,150,9.25,351,4,7,0,1,49.519999999999996
04,120250809062720734,ACTIVE,80,9.219999999999999,176,1,4,0,0,0
04,120247612829420172,ACTIVE,100,9.21,139,3,3,0,0,0
04,120248857694840291,ACTIVE,300,9.139999999999999,110,3,6,0,0,0
04,120249717905560469,ACTIVE,100,9.11,146,3,7,2,0,0
04,120248632978360629,ACTIVE,100,9.11,227,5,5,1,0,0
04,120248038953740032,ACTIVE,79,9.07,232,4,5,2,0,0
04,120259754966570586,ACTIVE,30,9.05,235,4,2,0,0,0
04,120246355915360788,ACTIVE,30,9.05,139,1,1,0,0,0
04,120247940392330320,ACTIVE,100,9.04,641,1,2,0,0,0
04,120249785294120564,ACTIVE,80,9.04,260,3,3,0,0,0
04,120250102812370152,ACTIVE,100,9.03,125,1,1,0,0,0
04,120250637086490229,ACTIVE,64,9.02,126,3,6,0,0,0
04,120259754688210586,ACTIVE,30,9.01,228,9,10,0,0,0
04,120248726902710477,ACTIVE,100,9,170,3,4,0,0,0
04,120249889649170561,ACTIVE,91,8.89,138,5,5,1,0,0
04,120249847095270561,ACTIVE,225,8.77,213,5,9,1,1,72.93
04,120248593499490629,ACTIVE,100,8.76,242,3,6,0,0,0
04,120250256038220065,ACTIVE,100,8.7,370,6,5,0,0,0
04,120249748873340564,ACTIVE,80,8.7,243,1,1,0,0,0
04,120247768029870752,ACTIVE,100,8.63,183,7,8,1,0,0
04,120250598502330229,ACTIVE,218,8.629999999999999,258,8,8,1,1,29.98
04,120252701670790651,ACTIVE,80,8.620000000000001,195,5,5,1,0,0
04,120244480112510436,ACTIVE,123,8.620000000000001,384,8,10,1,1,41.98
04,120250353178530351,ACTIVE,80,8.62,531,4,3,0,0,0
04,120253752209300054,ACTIVE,100,8.62,96,1,2,0,0,0
04,120251943164910577,PAUSED,100,8.61,977,16,12,1,1,48.17
04,120251073350070725,ACTIVE,100,8.61,199,1,1,0,0,0
04,120247612836940172,ACTIVE,100,8.54,158,6,6,1,0,0
04,120248947080080509,ACTIVE,80,8.52,451,4,4,0,0,0
04,120245939973470129,ACTIVE,100,8.49,240,4,6,1,1,68.22999999999999
04,120245939929740129,ACTIVE,100,8.49,230,2,4,0,1,41.980000000000004
04,120259754895620586,ACTIVE,30,8.47,209,7,8,1,0,0
04,120245939918760129,ACTIVE,100,8.45,282,4,5,0,0,0
04,120248915319350509,ACTIVE,80,8.42,407,4,4,0,0,0
04,120248973154230090,ACTIVE,60,8.42,139,6,6,0,0,0
04,120251847486640577,ACTIVE,100,8.39,153,1,3,2,1,48.17
04,120249379390070462,ACTIVE,100,8.39,108,2,2,0,0,0
04,120259752181960586,ACTIVE,30,8.39,223,4,4,1,0,0
04,120249754760810019,ACTIVE,50,8.36,158,2,2,0,0,0
04,52514313079030,ACTIVE,50,8.309999999999999,122,0,0,0,0,0
04,120246932861760179,ACTIVE,70,8.3,293,6,5,1,1,48.169999999999995
04,120249626724790126,ACTIVE,100,8.27,172,8,7,0,0,0
04,120250489914960351,ACTIVE,80,8.24,358,5,4,0,0,0
04,120246529518600436,ACTIVE,101,8.16,272,5,9,1,0,0
04,120248632311170629,ACTIVE,100,8.15,207,5,6,0,0,0
04,120252650634680368,ACTIVE,60,8.14,161,3,3,1,0,0
04,120250333782560065,ACTIVE,100,8.1,144,6,5,1,0,0
04,120245939944460129,ACTIVE,100,8.09,216,3,2,0,0,0
04,120259754688270586,PAUSED,30,8.08,205,2,2,0,0,0
04,120245939960860129,ACTIVE,100,8.07,253,3,7,1,0,0
04,120259752181930586,ACTIVE,30,8.04,241,1,2,0,0,0
04,120246529648550436,ACTIVE,101,8.01,298,3,2,0,0,0
04,120250102832040152,ACTIVE,100,7.98,156,6,5,3,1,28.98
04,120248884845340214,ACTIVE,100,7.88,149,3,3,1,0,0
04,120245939929710129,ACTIVE,100,7.88,244,6,6,0,0,0
04,120251222131740319,ACTIVE,100,7.859999999999999,349,2,3,0,0,0
04,120249798237250455,ACTIVE,135,7.83,304,2,3,0,0,0
04,120249304487320561,ACTIVE,104,7.819999999999999,1039,8,8,0,0,0
04,120247220001050780,ACTIVE,80,7.799999999999999,189,9,10,2,1,41.97
04,120245878022480146,PAUSED,100,7.79,269,11,10,0,0,0
04,120250303575820065,ACTIVE,100,7.75,259,5,5,0,0,0
04,120246529918050436,ACTIVE,101,7.68,276,3,3,0,0,0
04,120254898526910012,ACTIVE,80,7.64,661,8,7,1,0,0
04,120249118466650708,ACTIVE,100,7.55,156,1,2,0,0,0
04,120249796872860455,ACTIVE,104,7.529999999999999,390,0,1,0,0,0
04,120250153634770116,ACTIVE,80,7.5200000000000005,233,8,9,0,0,0
04,120251073383310725,ACTIVE,100,7.51,183,3,4,0,0,0
04,120245854774890129,ACTIVE,100,7.470000000000001,281,6,8,1,1,99.72
04,120249700925490126,ACTIVE,87,7.41,202,5,7,1,1,49.519999999999996
04,120253455387470054,ACTIVE,98,7.27,165,3,3,1,0,0
04,120245546721500146,ACTIVE,100,7.26,202,1,3,1,1,78.61
04,120246932997060179,ACTIVE,70,7.25,368,9,12,2,1,48.17
04,120246219468190177,ACTIVE,101,7.25,140,0,8,0,0,0
04,120250333032760695,ACTIVE,80,7.220000000000001,227,1,2,0,0,0
04,120251997651590404,ACTIVE,100,7.209999999999999,157,1,9,0,0,0
04,120247643818970590,ACTIVE,100,7.2,100,0,0,0,0,0
04,120249766872140425,ACTIVE,100,7.180000000000001,129,9,10,0,0,0
04,120259587945310586,ACTIVE,100,7.109999999999999,141,5,5,1,1,64.96
04,120253132488960166,ACTIVE,20,7.07,91,1,1,0,0,0
04,120247790939340320,ACTIVE,155,6.95,143,2,8,0,0,0
04,120249759011520564,ACTIVE,80,6.93,219,0,1,0,0,0
04,120248539964750462,ACTIVE,100,6.91,150,6,5,0,0,0
04,120247644108910241,ACTIVE,100,6.829999999999999,391,2,1,0,0,0
04,120251799189790279,ACTIVE,80,6.81,179,5,8,1,1,54.96
04,120246613655870434,ACTIVE,99,6.779999999999999,94,7,6,1,1,60.38999999999999
04,120250528464190431,ACTIVE,80,6.76,305,4,2,1,1,64.96
04,120248881081710126,ACTIVE,80,6.74,142,2,4,0,0,0
04,120248884994180214,ACTIVE,60,6.74,103,6,7,3,1,22.98
04,120253169342360166,ACTIVE,20,6.66,196,4,3,0,0,0
04,120248562847610629,ACTIVE,300,6.569999999999999,171,1,3,0,0,0
04,120249403468300642,ACTIVE,200,6.48,167,4,4,0,0,0
04,120249842842440168,ACTIVE,100,6.4,179,4,6,1,0,0
04,120248320638830175,ACTIVE,100,6.36,137,6,6,1,1,57.879999999999995
04,120248829718500214,ACTIVE,50,6.250000000000001,145,4,4,0,0,0
04,120246529518570436,ACTIVE,101,6.2299999999999995,303,9,9,1,1,68.23
04,120248168760260420,ACTIVE,80,6.15,168,3,4,1,1,27.98
04,120249525235920564,ACTIVE,80,6.140000000000001,114,2,2,0,0,0
04,120259754895690586,PAUSED,30,6.140000000000001,173,4,4,0,0,0
04,120250635175100365,ACTIVE,60,6.07,59,5,5,1,0,0
04,120247918748920677,ACTIVE,120,5.92,156,0,0,0,0,0
04,120249747361980561,ACTIVE,76,5.8999999999999995,277,10,10,3,1,41.97
04,120248767076380175,ACTIVE,112,5.890000000000001,183,3,3,0,0,0
04,120250649411990351,ACTIVE,80,5.890000000000001,295,10,9,0,0,0
04,120245872792090146,PAUSED,120,5.88,138,4,4,0,0,0
04,120248767028760175,ACTIVE,100,5.84,238,1,4,0,0,0
04,120249672651270126,ACTIVE,80,5.81,125,0,2,1,1,49.519999999999996
04,120248884994120214,ACTIVE,60,5.78,97,2,5,1,0,0
04,23858726940290799,ACTIVE,80,5.76,101,6,5,0,0,0
04,120246529545480436,ACTIVE,101,5.720000000000001,265,6,7,0,0,0
04,120245906323560129,ACTIVE,60,5.69,199,5,7,1,1,68.23
04,120250722702450019,ACTIVE,150,5.69,98,6,6,1,0,0
04,120247917740610241,ACTIVE,100,5.6899999999999995,266,7,8,0,0,0
04,120251995809820769,ACTIVE,100,5.65,132,1,1,0,0,0
04,120250637141960229,ACTIVE,64,5.5600000000000005,55,2,2,0,0,0
04,120247101390620133,ACTIVE,80,5.529999999999999,66,3,4,1,1,60.47
04,120250832457260100,ACTIVE,87,5.510000000000001,146,1,2,0,0,0
04,120249771350400425,ACTIVE,80,5.47,108,2,4,1,1,39.98
04,120259754966640586,PAUSED,30,5.42,218,0,0,0,0,0
04,120252589978050166,ACTIVE,20,5.380000000000001,111,2,3,0,0,0
04,120251838080450019,ACTIVE,50,5.34,103,3,3,0,0,0
04,120245872791370146,PAUSED,120,5.32,179,4,5,0,0,0
04,120248581577260549,ACTIVE,50,5.31,129,1,1,0,0,0
04,120245873480390146,PAUSED,120,5.16,189,9,8,0,0,0
04,120259717310200586,ACTIVE,100,5.1,94,3,3,0,0,0
04,120248895819210303,ACTIVE,30,4.9399999999999995,89,3,1,0,0,0
04,6973002165426,ACTIVE,50,4.93,95,3,3,1,0,0
04,120249773521770455,ACTIVE,100,4.92,94,4,6,1,0,0
04,120251405891810589,ACTIVE,136,4.840000000000001,135,2,5,0,0,0
04,120251788791190404,ACTIVE,100,4.84,85,2,1,0,0,0
04,120249771350330425,ACTIVE,80,4.82,110,2,2,0,0,0
04,120251995892080769,ACTIVE,100,4.64,128,1,5,2,2,60.89
04,120250332385240019,ACTIVE,150,4.609999999999999,93,3,4,1,1,29.979999999999997
04,6998743229226,ACTIVE,50,4.51,117,2,2,0,0,0
04,120252819238020404,ACTIVE,100,4.49,66,0,4,0,0,0
04,120250429106170100,ACTIVE,50,4.4799999999999995,157,6,7,0,0,0
04,120247918746170677,ACTIVE,121,4.47,53,2,3,1,1,70.02
04,120243117326020544,ACTIVE,60,4.47,105,2,2,0,0,0
04,120252765932190427,ACTIVE,64,4.39,120,2,2,1,0,0
04,120248376824430629,ACTIVE,80,4.37,61,1,1,0,0,0
04,120247884451060677,ACTIVE,122,4.36,144,1,1,0,0,0
04,120251837964590019,ACTIVE,50,4.33,87,0,0,0,0,0
04,120251917082830577,ACTIVE,100,4.29,142,7,8,0,0,0
04,120251444445250589,ACTIVE,100,4.22,60,2,2,0,0,0
04,120253132489050166,ACTIVE,30,4.21,81,2,3,1,0,0
04,120245878023020146,PAUSED,100,4.15,150,3,3,0,0,0
04,120251444445210589,ACTIVE,100,4.14,77,4,3,0,0,0
04,120253168906120166,ACTIVE,20,4.12,78,3,8,0,0,0
04,120249238447180751,ACTIVE,50,4.09,108,5,6,0,0,0
04,120251073567510725,ACTIVE,100,3.8499999999999996,123,3,5,2,1,49.37
04,120249792146930425,ACTIVE,100,3.83,92,1,3,0,0,0
04,120248581577230549,ACTIVE,50,3.7600000000000002,85,1,1,0,0,0
04,120249891958260561,ACTIVE,80,3.75,133,1,2,0,0,0
04,120250295766720048,PAUSED,100,3.72,67,0,0,0,0,0
04,120246502299380436,ACTIVE,100,3.66,160,6,6,1,0,0
04,120249792146840425,ACTIVE,100,3.56,76,0,4,1,1,69.66999999999999
04,120245263261150146,PAUSED,100,3.5,99,9,9,0,0,0
04,120249626330350642,ACTIVE,125,3.3999999999999995,37,0,0,0,0,0
04,120248765691450175,ACTIVE,112,3.3899999999999997,89,3,1,0,0,0
04,120247195831050630,ACTIVE,100,3.34,47,0,1,0,0,0
04,120248562847560629,ACTIVE,100,3.32,110,2,4,0,0,0
04,120251997719170404,ACTIVE,100,3.31,54,1,4,0,0,0
04,120245380137820707,ACTIVE,100,3.3099999999999996,84,1,1,0,0,0
04,120251916359060577,ACTIVE,100,3.2199999999999998,111,2,2,0,0,0
04,120249700925550126,ACTIVE,87,3.15,56,1,2,0,0,0
04,120253169727490166,ACTIVE,20,3.08,89,5,4,0,0,0
04,120252598297590166,ACTIVE,30,2.96,107,3,2,0,0,0
04,120252819655660404,ACTIVE,100,2.9399999999999995,54,0,0,0,0,0
04,120251916273140577,ACTIVE,100,2.9299999999999997,107,2,2,0,0,0
04,120254972636650012,ACTIVE,80,2.88,78,2,1,0,0,0
04,120249861202960589,ACTIVE,132,2.8600000000000003,55,2,1,0,0,0
04,120259717336600586,ACTIVE,30,2.79,35,2,2,2,0,0
04,120245087420500146,PAUSED,100,2.72,49,0,1,0,0,0
04,120247932007430707,ACTIVE,90,2.63,70,4,3,2,1,22.98
04,120249669211920469,ACTIVE,100,2.6,73,0,0,0,0,0
04,120247410623640470,ACTIVE,10,2.5600000000000005,15,1,2,0,0,0
04,120252756026080651,ACTIVE,20,2.48,48,1,1,0,0,0
04,120247744471800241,ACTIVE,150,2.48,172,4,5,0,0,0
04,120249740598600469,ACTIVE,100,2.4000000000000004,81,0,1,0,0,0
04,120245872237040146,PAUSED,100,2.33,97,4,6,0,0,0
04,120252756026030651,ACTIVE,20,2.32,50,0,1,0,0,0
04,120247943557530320,ACTIVE,166,2.3,63,0,3,0,0,0
04,120250102948990152,ACTIVE,100,2.3,27,0,1,0,0,0
04,120248665447960629,ACTIVE,100,2.2900000000000005,57,2,1,0,0,0
04,120248857748500291,ACTIVE,80,2.24,51,1,4,0,0,0
04,120247978988830707,ACTIVE,79,2.1999999999999997,32,0,2,0,0,0
04,120252819687360404,ACTIVE,100,2.1599999999999997,36,1,1,0,0,0
04,120253323556200054,ACTIVE,80,2.14,46,1,3,0,0,0
04,120259717187600586,ACTIVE,30,2.1399999999999997,54,2,2,0,0,0
04,120248046782070032,ACTIVE,100,2.13,70,0,0,0,0,0
04,120250572410180732,ACTIVE,80,2.12,56,0,1,0,0,0
04,120248722531060455,ACTIVE,140,2.11,38,2,2,0,0,0
04,120253582875740210,ACTIVE,100,2.0500000000000003,51,0,1,0,0,0
04,120252819669530404,ACTIVE,100,2.0300000000000002,33,1,3,0,0,0
04,120248768375880175,ACTIVE,100,2.01,31,0,0,0,0,0
04,120249403467920642,ACTIVE,100,2,57,3,3,1,0,0
04,120250832459920100,ACTIVE,87,1.98,26,0,0,0,0,0
04,120247476544590470,ACTIVE,10,1.9300000000000002,26,0,1,0,0,0
04,120246845803590125,ACTIVE,80,1.92,55,1,2,0,0,0
04,120249902226690561,ACTIVE,80,1.88,61,5,6,0,0,0
04,120252756016590651,ACTIVE,20,1.81,46,0,1,0,0,0
04,120248665535660629,ACTIVE,100,1.78,32,1,1,0,0,0
04,120252756025970651,ACTIVE,20,1.75,43,0,0,0,0,0
04,120250779739870734,ACTIVE,80,1.71,44,2,2,0,0,0
04,120248885010220214,ACTIVE,80,1.65,28,0,2,0,0,0
04,120252741548160651,ACTIVE,20,1.54,32,1,1,0,0,0
04,120247584490940320,ACTIVE,120,1.49,30,1,1,0,0,0
04,120250156416670100,ACTIVE,100,1.38,161,1,2,0,0,0
04,120244643680750544,ACTIVE,80,1.38,23,1,1,0,0,0
04,120245878022310146,PAUSED,100,1.35,62,0,0,0,0,0
04,120252129110040057,ACTIVE,100,1.29,11,1,1,0,0,0
04,120246932955800179,ACTIVE,70,1.29,58,1,1,0,0,0
04,120242694742870146,PAUSED,474,1.25,60,1,1,0,0,0
04,120250295700070048,PAUSED,100,1.15,12,0,0,0,0,0
04,120247476544900470,ACTIVE,10,1.15,23,0,0,0,0,0
04,120250637038310229,ACTIVE,123,1.12,27,2,4,0,0,0
04,120247195553610630,ACTIVE,80,0.95,21,0,1,0,0,0
04,120248012098050674,PAUSED,120,0.91,10,1,1,1,0,0
04,120245878022750146,PAUSED,100,0.9,29,2,2,0,0,0
04,120252819722330404,ACTIVE,100,0.8400000000000001,30,2,3,0,0,0
04,120250295821890048,PAUSED,100,0.81,26,0,0,0,0,0
04,120247114933330177,ACTIVE,101,0.79,15,0,2,0,0,0
04,120247530616290752,PAUSED,300,0.72,23,0,0,0,0,0
04,120247516592700470,ACTIVE,10,0.69,11,0,1,0,0,0
04,120249794046460455,ACTIVE,122,0.64,5,1,2,0,0,0
04,120250102948780152,ACTIVE,100,0.63,29,0,3,0,0,0
04,120259717187920586,ACTIVE,30,0.5900000000000001,19,0,0,0,0,0
04,120250295699910048,PAUSED,100,0.58,8,0,0,0,0,0
04,120247955442920320,ACTIVE,100,0.53,25,0,1,0,0,0
04,120247902667710320,ACTIVE,109,0.51,23,0,1,0,0,0
04,120250563904960365,ACTIVE,60,0.5,13,0,0,0,0,0
04,120249287169520455,ACTIVE,100,0.47,14,0,0,0,0,0
04,120250295821980048,PAUSED,100,0.47,8,0,0,0,0,0
04,120247516592890470,ACTIVE,10,0.45000000000000007,11,2,2,0,0,0
04,120249760887320564,ACTIVE,80,0.44999999999999996,9,0,0,0,0,0
04,120247516592800470,ACTIVE,10,0.43999999999999995,9,0,0,0,0,0
04,120247692380410470,ACTIVE,5,0.41000000000000003,8,0,0,0,0,0
04,120249973658100455,ACTIVE,136,0.38,15,0,0,0,0,0
04,120250779503960734,ACTIVE,80,0.37,12,0,0,0,0,0
04,120249798265350455,ACTIVE,100,0.36,36,0,0,0,0,0
04,120248678856490477,ACTIVE,100,0.36,9,0,1,1,0,0
04,120252741548210651,ACTIVE,20,0.35000000000000003,13,0,0,0,0,0
04,120247476544560470,ACTIVE,10,0.35,11,0,0,0,0,0
04,120248768375830175,ACTIVE,100,0.32999999999999996,9,0,0,0,0,0
04,120248759620160477,ACTIVE,87,0.3,8,0,0,0,0,0
04,120250209991300389,ACTIVE,72,0.22000000000000003,11,0,0,0,0,0
04,120248665534640629,ACTIVE,100,0.12,3,0,0,0,0,0
04,120249141973900564,ACTIVE,100,0.12,4,0,0,0,0,0
04,120247692380260470,ACTIVE,5,0.1,3,0,0,0,0,0
04,120245878024520146,PAUSED,100,0.09,4,1,1,0,0,0
04,120247943556620320,ACTIVE,109,0.07,3,0,0,0,0,0
04,120245872070690146,PAUSED,100,0.03,2,0,0,0,0,0
04,120247200503920320,ACTIVE,1,0.03,1,0,0,0,0,0
04,120249456318670462,ACTIVE,104,0.01,1,0,1,0,0,0
04,120250422902390695,PAUSED,80,0.01,2,0,0,0,0,0
04,120250879849910392,PAUSED,100,0,0,0,1,0,0,0
04,120246623986130686,PAUSED,424,0,0,0,0,0,0,0
04,120247223966660470,ACTIVE,10,0,1,0,0,0,0,0
04,120248665771320629,ACTIVE,100,0,0,0,0,0,0,0
04,120245837521970436,PAUSED,130,0,0,0,1,0,0,0
04,120258937221380586,PAUSED,45,0,0,0,0,0,0,0
04,120250109955700695,PAUSED,150,0,0,0,3,0,0,0
04,120259515149350586,PAUSED,210,0,0,0,0,0,0,0
04,120248717535180509,PAUSED,80,0,0,0,1,0,0,0
04,120248736827310090,PAUSED,100,0,0,0,1,0,0,0
04,120250779583650734,PAUSED,80,0,0,0,0,0,0,0
04,120251444423220589,ACTIVE,100,0,0,0,0,0,0,0
04,120248128353450674,ACTIVE,80,0,0,0,0,0,0,0
04,120249005266180043,ACTIVE,80,0,0,0,0,0,0,0
04,120249787361050564,ACTIVE,80,0,0,0,0,0,0,0
04,120251444423580589,ACTIVE,100,0,0,0,0,0,0,0
04,120249792023570425,ACTIVE,80,0,0,0,0,0,0,0
04,120249792023640425,ACTIVE,80,0,0,0,0,0,0,0
04,120248985452280509,ACTIVE,80,0,0,0,0,0,0,0
04,120247555163370650,PAUSED,80,0,0,0,0,0,0,0
04,120247388841690177,ACTIVE,100,0,0,0,0,0,0,0
04,120248885010160214,ACTIVE,80,0,0,0,0,0,0,0
04,120249924071030561,ACTIVE,80,0,0,0,0,0,0,0
04,120246291786110686,PAUSED,100,0,0,0,0,0,0,0
04,120249977391280544,ACTIVE,80,0,0,0,0,0,0,0
04,120249924070970561,ACTIVE,80,0,0,0,0,0,0,0
04,120247388823150177,ACTIVE,100,0,0,0,0,0,0,0
04,120246312788110126,PAUSED,130,0,0,0,1,0,0,0
04,120249147935530708,ACTIVE,100,0,0,0,0,0,0,0
04,120247388737760177,ACTIVE,100,0,0,0,0,0,0,0
04,120249147935430708,ACTIVE,100,0,0,0,0,0,0,0
04,120251351604750589,PAUSED,114,0,0,0,0,0,0,0
04,120246717694980686,PAUSED,100,0,0,0,0,0,0,0
04,120249071176760090,ACTIVE,60,0,0,0,0,0,0,0
04,120246876992500125,ACTIVE,80,0,0,0,0,0,0,0
04,120251943931290577,PAUSED,100,0,0,0,0,0,0,0
04,120251943891470577,PAUSED,100,0,0,0,0,0,0,0
04,120249005266460043,ACTIVE,80,0,0,0,0,0,0,0
04,120250295766640048,PAUSED,100,0,0,0,0,0,0,0
04,120249557312180642,PAUSED,243,0,0,0,0,0,0,0
04,120247683741070320,PAUSED,407,0,0,0,1,0,0,0
04,120251943619500577,PAUSED,100,0,0,0,0,0,0,0
04,120248632978500629,PAUSED,100,0,0,0,0,0,0,0
